reg_no,name,kind,use_product,registrant,ogrn,reg_date,reg_until,status,n_brands,brands
321-15-9815-1,Cульфонитрат NS 30-7,прочее,ЛС,АО «ОХК» «УРАЛХИМ»,1077761874024,05.03.2026,бессрочно,Действует,1,NS 30-7
113-10-3475-1,NPK Грин,комплексное NPK,ЛС,АО «АГРИМАТКО»,1027700272016,17.01.2022,16.01.2032,Действует,3,"Амко Грин 24-24-18+1,5 MgO | Амко Грин 12-61-0 | Амко Грин 5-0-60"
340-18-907-1,А (Гумат+7 Йод для корневой и некорневой подкормки всех видов культур и для замачивания),гумат,,ООО «АГРОТЕХ ГУМАТ»,,21.12.2015,20.12.2025,Не действует,15,Б1 (Гумэл-Люкс) | Б1 (Супер Гумат) | Б1 (Гумэл Ф-4) | Б1 (Гумэл-Люкс для цветов и плодово-ягодных культур) | Б2 (Гумэл-Люкс жидкий концентрат) | В1 (Гумат 80) | В1 (Гумат Байкал) | В2 (Гуматкалия жидкий концентрат) | В3 (Гумат Байкал Био жидкий концентрат) | Г (Ухажер) | Г (Гумат ГК) | С1 (Здоровый урожай) | С1 (Гумат +7) | С2 (Гумат +7 жидкий концентрат) | А (Гумат+7 Йод для корневой и некорневой подкормки всех видов культур и для замачивания)
371-21-3384-1,АДОБ,микроудобрение,C,Производственно – Консультационное Предприятие «АДОБ»,,31.01.2019,30.01.2029,Действует,9,АДОБ Mn | АДОБ Zn(II)ИДХА | АДОБ В | АДОБ Fe(III) ИДХА | АДОБ Cu(II)ИДХА | АДОБ Mo | АДОБ Микро Зерновые | АДОБ Микро Соя | АДОБ Микро Кукуруза
352-19-989-1,Агрибактер,биоудобрение,C,ООО НПК «Агрибактер»,1153668059841,04.03.2016,03.03.2026,Не действует,2,Агрибактер | Ризофикс
046-10-9965-1,Агрикола - аква универсальное комплексное удобрение Mn,микроудобрение,ЛС,"ООО ""ТЕХНОЭКСПОРТ""",1125042005175,22.05.2026,бессрочно,Действует,23,Успех | Микробаланс | Комплекс+S | Комплекс | 36 | Mn | Fe | Mo | B | Вегета | Форвард | Фантазия | Для декоративно-лиственных растений | Для кактусов и суккулентов | Для комнатных и балконных растений | Для пальм | Для фикусов | Для орхидей | Для цветущих растений | От пожелтения листьев | Для роз | Для комнатных и садовых гортензий | Для хвойных растений
046-10-3205-1,Агрикола универсальное комплексное удобрение,комплексное NPK,Л,АО «ТПК «Техноэкспорт»,1025005325070,21.07.2015,20.07.2025,Не действует,18,"1-для капустных культур | 2-для лука и чеснока | 3-для томата, перца, баклажана | 4-для корнеплодов | 5-для огурца, кабачка, патиссона, дыни | 6- длярассады овощных культур | 7-для комнатных, балконных, садовых цветочных культур | Для декоративно-листных растений | Для кактусов и суккулентов | Для комнатных и садовых роз | Для орхидей | Для пальм | Для фикусов | Для цветущих растений | Для комнатных растений | Для ягодных культур | Для хвойных растений | Для комнатных и садовых гортензий"
046-10-9667-1,"Агрикола универсальное комплексное удобрение для комнатных, балконных, садовых цветочных культур",комплексное NPK,Л,"ООО ""ТЕХНОЭКСПОРТ""",1125042005175,11.11.2025,11.11.2035,Действует,18,"для капустных культур | для лука и чеснока | для томата и перца | для корнеплодов | для огурца, кабачка, патиссона | для рассады овощных культур | для комнатных, балконных, садовых цветочных культур | для декоративно-лиственных растений | для кактусов и суккулентов | для комнатных и садовых роз | для пальм | для фикусов | для цветущих растений | для комнатных растений | для орхидей | для ягодных культур | для хвойных растений | для комнатных и садовых гортензий"
046-10-9756-1,Агрикола-XXI комплексное удобрение-палочки Универсальное цветочное,комплексное NPK,Л,"ООО ""ТЕХНОЭКСПОРТ""",1125042005175,15.01.2026,бессрочно,Действует,3,Универсальное цветочное | Для цветущих растений | Для декоративно-лиственных растений
046-13-2790-1,Агрикола-XXl комплексные удобрения-палочки,комплексное NPK,Л,АО «ТПК «Техноэкспорт»,1025005325070,29.07.2015,28.07.2025,Не действует,3,Универсальное цветочное | Для декоративно-листных | Для цветущих растений
046-11-731-1,Агрикола-аква универсальное комплексное удобрение,микроудобрение,ЛС,АО «ТПК «Техноэкспорт»,1025005325070,29.07.2015,28.07.2025,Не действует,32,Старт | Актив | Универсал | Успех | Элита | Эффект | Микробаланс | Комплекс+S | Комплекс | 36 | Сu | Zn | Mn | Fe | Mo | B | Ca | Mg | Вегета | Форвард | Фантазия | Для декоративно-листных растений | Для кактусов и суккулентов | Для комнатных и балконных растений | Для фикусов | Для пальм | Для орхидей | Для цветущих растений | От пожелтения листьев | Для роз | Для комнатных и садовых гортензий | Для хвойных растений
046-10-9966-1,"Агрикола-аква универсальное комплексное удобрение Zn,Cu",микроудобрение,C,"ООО ""ТЕХНОЭКСПОРТ""",1125042005175,22.05.2026,21.05.2036,Действует,2,Cu | Zn
344-19-933-1,Агринос 1,прочее,C,Агринос Инк.,,25.12.2015,24.12.2025,Не действует,0,
993-19-10022-1,Агринос 1+,прочее,ЛС,"ООО ""БИО+АГРО""",1197746735207,23.06.2026,22.06.2036,Действует,0,
344-19-934-1,Агринос 2,прочее,C,Агринос Инк.,,25.12.2015,24.12.2025,Не действует,0,
993-20-9853-1,Агринос 2+,прочее,ЛС,"ООО ""БИО+АГРО""",1197746735207,20.03.2026,19.03.2036,Действует,0,
496-13-1935-1,Агрифул плюс,прочее,ЛС,"АгриТекно Фертилизантес, С.Л.",,31.05.2018,30.05.2028,Действует,2,Агрифул П | Агрифул М40 П
247-21-4571-1,АгроБор,микроудобрение,ЛС,ООО «АгроМастер»,1102308006877,21.05.2024,20.05.2034,Действует,4,АгроБор 21 | АгроБор P | АгроБор K | АгроБор Ca
247-10-433-1,"АгроБор 21, АгроБор Р, АгроБор К, АгроБор Са",микроудобрение,ЛС,ООО «АгроМастер»,1102308006877,21.10.2014,20.10.2024,Не действует,0,
480-18-1886-1,АгроВерм,биоудобрение,,ООО «БИОЭРА-МОСКВА»,1167746816137,26.04.2018,25.04.2028,Действует,10,Биотоник для декоративно-лиственных растений | Биотоник для орхидей | Биотоник для рассады (антистресс) | Биотоник для цветущих растений | Универсальный биотоник для всех видов растений | АгроВерм | АгроВерм К | АгроВерм МЭ | АгроВерм О | АгроВерм Ц
442-11-1944-1,АгроГлицерр,микроудобрение,C,ООО ТД «Золотой колос»,,07.06.2018,06.06.2028,Действует,6,Натриевый Универсальный | Натриевый Цинк | Натриевый Бор | Калиевый Универсальный | Калиевый Цинк | Калиевый Бор
768-10-3323-1,АгроМаг АктиМакс,прочее,ЛС,ООО «ВЯЗЬМА-БРУСИТ»,1066722007978,29.09.2021,28.09.2031,Действует,0,
768-10-3322-1,АгроМаг гранулированный,прочее,ЛС,ООО «ВЯЗЬМА-БРУСИТ»,1066722007978,29.09.2021,28.09.2031,Действует,0,
768-11-4886-1,АгроМаг гранулированный,микроудобрение,ЛС,ООО «ВЯЗЬМА-БРУСИТ»,1066722007978,16.06.2025,бессрочно,Действует,4,MgO+S 55:10 | MgO+S 49:20 | MgO+S 42:30 | MgO+B 57:1
768-12-3635-1,АгроМаг мелиорант,кальциевое / известкование,ЛС,ООО «ВЯЗЬМА-БРУСИТ»,1066722007978,15.04.2022,14.04.2032,Действует,6,дробленый А | дробленый В | дробленый С | гранулированный А | гранулированный В | гранулированный С
247-11-2769-1,АгроМастер,комплексное NPK,ЛС,ООО «АгроМастер»,1102308006877,08.07.2020,07.07.2030,Действует,13,АгроМастер 18-18-18+3 | АгроМастер 13-40-13 | АгроМастер 3-11-38+4 | АгроМастер 9-0-46 | АгроМастер 17-6-18 | АгроМастер 15-5-30+2 | АгроМастер 10-18-32 | АгроМастер 3-37-37 | АгроМастер 15-11-15 | АгроМастер 19-6-6 | АгроМастер 20-5-10+2 | АгроМастер 20-5-20 | АгроМастер 20-20-20
247-21-4572-1,АгроМикс,прочее,ЛС,ООО «АгроМастер»,1102308006877,22.05.2024,21.05.2034,Действует,0,
247-21-922-1,АгроМикс Т,прочее,C,ООО «АгроМастер»,1102308006877,23.12.2015,22.12.2025,Не действует,0,
247-21-9627-1,АгроМикс Т,прочее,ЛС,ООО «АгроМастер»,1102308006877,10.10.2025,09.10.2035,Действует,0,
992-10-9824-0,АгроПелл,прочее,C,"ООО ""ЗИРАКС""",1023404358053,11.03.2026,10.03.2029,Действует,0,
437-19-1506-1,Агробиовит,биоудобрение,C,"ООО МИП ""КУБАНСКИЕ АГРОТЕХНОЛОГИИ""",1112311005366,22.05.2017,21.05.2027,Действует,0,
348-13-970-1,Агровин,микроудобрение,ЛС,ООО «АГРООПТИМА»,1145018002293,04.02.2016,03.02.2026,Не действует,9,Агровин Fe | Агровин Mn-Cu-Zn | Агровин Zn-Mg | Агровин Mg-Zn-B | Агровин Са | Агровин Микро | Агровин Амино | Агровин Профи | Агровин Универсал
987-13-9699-1,Агровин,микроудобрение,ЛС,"ООО ""АГРООПТИМА ПЛЮС""",1245000042638,01.12.2025,30.11.2035,Действует,2,Агровин Fe-Плюс | Агровин Zn-Mg-Плюс
987-13-9760-1,Агровин Агровин B-Mо,микроудобрение,ЛС,"ООО ""АГРООПТИМА ПЛЮС""",1245000042638,16.01.2026,15.01.2036,Действует,5,Агровин Mn-Cu-Zn-Плюс | Агровин Mg-Zn-B-Плюс | Агровин Са-Плюс | Агровин B-Mо | Агровин Микро-Микс
987-20-9764-1,"Агровин Агровин Амино,Агровин Амино-57",прочее,ЛС,"ООО ""АГРООПТИМА ПЛЮС""",1245000042638,19.01.2026,18.01.2036,Действует,2,Агровин Амино | Агровин Амино-57
987-13-9759-1,"Агровин Агровин Универсал,Агровин Профи",комплексное NPK,ЛС,"ООО ""АГРООПТИМА ПЛЮС""",1245000042638,16.01.2026,15.01.2036,Действует,2,Агровин Профи | Агровин Универсал
1001-13-9961-1,Агрогумисил,прочее,ЛС,"ООО ""ЭКОБИООРГАНИКА""",1222300021570,19.05.2026,18.05.2036,Действует,0,
390-13-3301-1,Агроким,биоудобрение,ЛС,Агропромышленная компания Кимитек С.Л.,,17.09.2021,16.09.2031,Действует,7,Батальон | Био Альгакс | Филл Макс | Фосгроу К | Хумитерре | Катон ХТ | Молиборо Ж
299-11-3614-1,Агролиф Ликвид,прочее,C,Эверрис Интернешнл Б.В.,,11.04.2022,бессрочно,Действует,6,Тотал + | МолиВ | Баланс | Хай N | Хай Р | Хай К
299-10-3805-1,Агролиф Ликвид Микро Цинк,микроудобрение,C,Эверрис Интернешнл Б.В.,,26.09.2022,бессрочно,Действует,0,
299-11-3180-1,Агролиф Пауэр,комплексное NPK,ЛС,Эверрис Интернешнл Б.В.,,10.06.2021,09.06.2031,Действует,6,"Тотал 20-20-20+МЭ | Хай N 31-11-11+МЭ | Хай P 12-52-5+МЭ | Хай К 15-10-31+МЭ | Кальций 11-5-19+9CaO+2,5 MgO+МЭ | Магний 10-5-10+16MgO+3 2SO3+МЭ"
175-10-1905-1,Агролюкс,комплексное NPK,ЛС,ООО «МосАгро»,1057747879342,08.05.2018,07.05.2028,Действует,6,Агролюкс – Рассада | Агролюкс – Огурец | Агролюкс – Томат | Агролюкс – Универсальное | Агролюкс – Газон | Агролюкс – Цветочное
299-11-4558-1,Агролюшн,комплексное NPK,ЛС,Эверрис Интернешнл Б.В.,,07.05.2024,бессрочно,Действует,11,Спешиал 12-6-29+7CaO+ТЕ | Спешиал 13-5-28+2CaO+2.5 MgO+ТЕ | Спешиал 14-7-14+14CaO+Т Е | Спешиал 14-8-22+5CaO+2MgO+ТЕ | Спешиал 23-10-23+ТЕ | Спешиал 7-14-35+3.5MgO+ ТЕ | рНЛоу 10-10-40+ТЕ | рНЛоу 10-50-10+ТЕ | рНЛоу 15-13-25+ТЕ | рНЛоу 15-30-15+ТЕ | рНЛоу 20-20-20+ТЕ
082-11-1254-1,Агроминерал,прочее,ЛС,"ООО ""ИНТЕР ГРУПП""",1084312000420,21.10.2016,20.10.2026,Действует,9,Зерновые | Олеистые | Свекла | Картофель | Кукуруза | Стручковые и бобовые | Цветы | Овощи | Рассада
868-20-4058-1,Агроморе,прочее,C,ООО ИНАРКТИКА СЗ,5077746511893,03.04.2023,02.04.2033,Действует,0,
705-10-3163-1,Агроном,прочее,ЛС,ИП ИСТОМИНА АННА ВЯЧЕСЛАВОВНА,316236000060652,27.05.2021,26.05.2031,Действует,0,
622-13-2724-1,Агроптим Лагун,прочее,C,ООО «ОЛМИКС»,5167746469831,02.07.2020,01.07.2030,Действует,0,
002-11-4079-1,Агростимул,стимулятор / жидкое комплексное,ЛС,"ООО ""АГРУСХИМ""",1057747562509,22.05.2023,бессрочно,Действует,7,Агростимул Зерновые | Агростимул Кукуруза | Агростимул Крестоцветные | Агростимул Свекла | Агростимул Масличные | Агростимул Бобовые | Агростимул Картофель
002-11-4051-1,Агростимул Микро,микроудобрение,C,"ООО ""АГРУСХИМ""",1057747562509,27.03.2023,бессрочно,Действует,3,Агростимул Бор | Агростимул Цинк | Агростимул Молибден
321-21-4123-1,Агроферт S,прочее,C,АО «ОХК» «УРАЛХИМ»,1077761874024,25.07.2018,24.07.2028,Действует,0,
345-14-4218-1,Агрохимикат Грунт питательный ФЕРТИКА,грунт / субстрат,ЛС,АО «Фертика»,1097746681317,18.10.2023,17.10.2033,Действует,22,"Универсальный | Универсальный люкс | Для декоративно-лиственных | Для деревьев и кустарников | Для газона | Для рассады | Для овощей | Для томатов, перцев, баклажанов | Для огурцов, кабачков, тыкв | Цветочный | Для роз и пионов | Для садовых цветов | Для луковичных | Для пальм и фикусов | Для хвойных и вечнозеленых | Для рододендронов, азалий, гортензий | Для садовой голубики и черники | Для цитрусовых | Для кактусов и суккулентов | для орхидей | Для фиалок | Грунт «Черный»"
688-12-3099-1,Агрохимикат для повышения плодородия почвы (дефекат),кальциевое / известкование,ЛС,ЗАО «ГРЯЗИНСКИЙ САХАРНЫЙ ЗАВОД»,1024800522482,09.04.2021,08.04.2031,Действует,0,
371-21-3387-1,Адоб Fe7 ХБЕД,прочее,ЛС,Производственно – Консультационное Предприятие «АДОБ»,,26.11.2020,25.11.2030,Действует,0,
371-11-3385-1,Адоб Фолиар,комплексное NPK,C,Производственно – Консультационное Предприятие «АДОБ»,,30.08.2019,29.08.2029,Действует,4,Адоб Фолиар NPK 6-15-38 + МЕ | Адоб Фолиар NPK 10-40-8 + 1 MgO + МЕ | Адоб Фолиар NPK 19-19-19 + 1 MgO + МЕ | Адоб Фолиар NPK + MgO + S + МЕ
018-19-4241-1,Азафок,прочее,ЛС,"АО ""ЩЕЛКОВО АГРОХИМ""",1025006519427,27.10.2023,26.10.2033,Действует,0,
371-11-3386-1,Азосол,комплексное NPK,C,Производственно – Консультационное Предприятие «АДОБ»,,31.01.2019,30.01.2029,Действует,5,Азосол 34 | Азосол 12-4-6 | Азосол 36 Экстра | Азосол 12-4-6 + S | Азосол 6-12-6
242-19-820-1,Азофикс,прочее,C,ООО «Инвиво»,1082323000495,23.10.2015,22.10.2025,Не действует,0,
397-19-1260-1,Азофит,прочее,ЛС,ООО «ФИТАПРОМ»,1025404725224,03.04.2017,02.04.2027,Действует,0,
321-10-1353-1,Азофоска,комплексное NPK,ЛС,АО «ОХК» «УРАЛХИМ»,1077761874024,26.01.2017,25.01.2027,Действует,1,NPKS 27-6-6-2
321-10-1625-1,Азофоска,комплексное NPK,ЛС,АО «ОХК» «УРАЛХИМ»,1077761874024,21.11.2017,20.11.2027,Действует,9,"NPK 16-0,1-6 | NPK 17-0,1-28 | NPK 17-1-28 | NPK 18-4-18 | NPK 19-4-19 | NPK 20-0,1-20 | NPK 20-1-20 | NPK 21-0,1-21 | NPK 21-1-21"
211-10-1263-1,Азофоска (нитроаммофоска),комплексное NPK,ЛС,ПАО «Акрон»,1025300786610,31.10.2016,30.10.2026,Действует,2,NPK (МОР) 15:15:15 | NPK (МОР) 20:10:10
211-10-1264-1,Азофоска (нитроаммофоска),комплексное NPK,ЛС,ПАО «Акрон»,1025300786610,31.10.2016,30.10.2026,Действует,5,NPKS (МОР) 19:16:8:3 | NPKS (МОР) 18:6:18:2+Mg | NPKS (МОР) 22:20:0:2 | NPKS (МОР) 22:18:0:4 | NPKS (MOP) 22:15:0:7
211-10-1678-1,Азофоска (нитроаммофоска),комплексное NPK,ЛС,ПАО «Акрон»,1025300786610,29.12.2017,28.12.2027,Действует,4,NPK (МОР) 16:16:16 | NPK (МОР) 22:11:11 | NPK (МОР) 23:22:0 | NPK (МОР) 25:9:9
211-10-2317-1,Азофоска (нитроаммофоска),комплексное NPK,ЛС,ПАО «Акрон»,1025300786610,18.07.2019,17.07.2029,Действует,1,NPK (МОР) 20:20:0
211-10-2933-1,Азофоска (нитроаммофоска),комплексное NPK,ЛС,ПАО «Акрон»,1025300786610,17.12.2020,16.12.2030,Действует,1,NPK 19-9-19
211-10-3353-1,Азофоска (нитроаммофоска),комплексное NPK,ЛС,ПАО «Акрон»,1025300786610,25.10.2021,24.10.2031,Действует,1,NPK 17-10-20
211-10-3645-1,Азофоска (нитроаммофоска),комплексное NPK,ЛС,ПАО «Акрон»,1025300786610,20.04.2022,бессрочно,Действует,12,NPK 17-14-14+5SО3 | NPK 18-6-18+4SО3+2MgО | NPK 19-16-8+7SО3 | NPK 20-10-10+7SО3 | NP 22-15+17SО3 | NP 22-18+9SО3 | NP 22-20+4SО3 | NPK 23-10-5+4SО3+3MgО | NPK 23-10-5+7SО3+2MgО+0.3Zn | NPK 18-6-18+5SО3+2MgО | NP 22-20+5SО3 | NPK 23-10-5+5SО3+3MgО
211-10-3678-1,Азофоска (нитроаммофоска),комплексное NPK,ЛС,ПАО «Акрон»,1025300786610,11.05.2022,бессрочно,Действует,14,NPK 15-15-15 | NPK 16-8-16 | NPK 16-13-14 | NPK 16-16-8 | NPK 16-16-16 | NPK 17-10-20 | NPK 18-8-15 | NPK 18-9-20 | NPK 20-10-10 | NP 20-20 | NPK 22-11-11 | NP 23-22 | NPK 25-9-9 | NP 22-20
211-10-3826-1,Азофоска (нитроаммофоска),комплексное NPK,ЛС,ПАО «Акрон»,1025300786610,17.10.2022,бессрочно,Действует,2,NPK 17-17-17 | NP 23-23
211-11-2270-1,Азофоска (нитроаммофоска),комплексное NPK,ЛС,ПАО «Акрон»,1025300786610,10.06.2019,09.06.2029,Действует,1,NPKS (МОР) 23:10:5:2+Mg
211-11-4347-1,Азофоска (нитроаммофоска),комплексное NPK,ЛС,ПАО «Акрон»,1025300786610,27.12.2023,бессрочно,Действует,3,NPK 21-10-5+ 14SO3+1Zn | NP 22-20+5SO3+2CaO +0.2Zn | NPK 23-9-6+7SO3+2Ca O+ 2MgO+0.1B
325-10-2345-1,Азофоска (нитроаммофоска),комплексное NPK,ЛС,ПАО «Дорогобуж»,1026700535773,14.08.2019,13.08.2029,Действует,1,NPK (MOP) 15:15:15
325-10-3695-1,Азофоска (нитроаммофоска),комплексное NPK,ЛС,ПАО «Дорогобуж»,1026700535773,25.05.2022,бессрочно,Действует,3,NPK 19-9-19 | NPK 20-10-10 | NP 20-20
325-10-4286-1,Азофоска (нитроаммофоска),комплексное NPK,ЛС,ПАО «Дорогобуж»,1026700535773,04.12.2023,бессрочно,Действует,12,"NPK 17-14-14+5SO3 | NPK 18-6-18+4SO3+2MgO | NPK 18-6-18+5SO3+2MgO | NPK 19-16-8+7SO3 | NPK 20-10-10+7SO3 | NP 22-15+17SO3 | NP 22-18+9SO3 | NP 22-20+4SO3 | NP 22-20+5SO3 | NPK 23-10-5+4SO3+3MgO | NPK 23-10-5+5SO3+3MgO | NPK 23-10-5 +7SO3+2MgO+0,3 Zn"
325-10-4693-1,Азофоска (нитроаммофоска),комплексное NPK,ЛС,ПАО «Дорогобуж»,1026700535773,14.10.2024,бессрочно,Действует,5,NPK 16-16-16 | NPK 22-11-11 | NP 23-22 | NPК 25-9-9 | NPK 25-9-9
211-10-9737-1,Азофоска (нитроаммофоска) NPK 18-9-18,комплексное NPK,ЛС,ПАО «Акрон»,1025300786610,19.12.2025,бессрочно,Действует,1,NPK 18-9-18
211-10-9987-1,"Азофоска (нитроаммофоска) NPK 20-12-12,NPK 18-6-20",комплексное NPK,ЛС,ПАО «Акрон»,1025300786610,29.05.2026,бессрочно,Действует,2,NPK 18-6-20 | NPK 20-12-12
211-10-3354-1,Азофоска (нитроаммофоска) бесхлорная,комплексное NPK,ЛС,ПАО «Акрон»,1025300786610,25.10.2021,24.10.2031,Действует,3,NPK (SOP) 15-15-15 | NPK (SOP) 17-8-18 | NPK (SOP) 20-10-10
211-10-3355-1,Азофоска (нитроаммофоска) с кальцием,комплексное NPK,ЛС,ПАО «Акрон»,1025300786610,25.10.2021,24.10.2031,Действует,4,NPK 16-16-16+4CaO | NPK 16-16-16+5CaO | NPK 20-10-10+6CaO | NP 20-20+8CaO
325-10-3429-1,Азофоска (нитроаммофоска) с кальцием,комплексное NPK,ЛС,ПАО «Дорогобуж»,1026700535773,13.12.2021,12.12.2031,Действует,4,NPK 16-16-16+4CaO | NPK 16-16-16+5CaO | NPK 20-10-10+6CaO | NP 20-20+8CaO
325-10-769-1,Азофоска (нитроаммофоска)NPK (МОР),комплексное NPK,ЛС,ПАО «Дорогобуж»,1026700535773,07.09.2015,06.09.2025,Не действует,4,16:16:16 | 22:11:11 | 23:22:0 | 25:9:9
211-10-927-1,Азофоска бесхлорная,комплексное NPK,ЛС,ПАО «Акрон»,1025300786610,25.12.2015,24.12.2025,Не действует,1,NPK (SOP) 15:15:15
211-10-4152-1,Азофоска(нитроаммофоска),комплексное NPK,ЛС,ПАО «Акрон»,1025300786610,07.07.2023,бессрочно,Действует,1,NPK 20-8-16
239-13-1041-1,Акадиан Жидкий Концентрат Морских Водорослей,стимулятор / жидкое комплексное,ЛС,АКАДИАН СИПЛАНТС ЛИМИТЕД,,16.03.2016,15.03.2026,Не действует,0,
472-19-1834-1,Аква,прочее,C,Фрагария срл,,14.03.2018,13.03.2028,Действует,0,
522-11-9870-1,Аквалит Бор-Молибден,микроудобрение,C,ООО «ОРГПОЛИМЕРСИНТЕЗ СПб»,1037821071551,26.03.2026,бессрочно,Действует,6,Калий | Кальций | Бор | Бор-Молибден | Сера | Цинк
622-10-2716-1,Акео,прочее,C,ООО «ОЛМИКС»,5167746469831,29.06.2020,28.06.2030,Действует,0,
1016-19-10112-1,Алтасол,прочее,C,"ООО ""АЛТБИОТЕХ""",1152225011586,02.09.2026,01.09.2036,Действует,0,
081-20-10122-1,Альбит-БР,прочее,ЛС,ООО НПФ «Альбит»,1025007774285,18.09.2026,17.09.2036,Действует,0,
940-13-4626-1,Альфа,биоудобрение,ЛС,ООО АГРОБИЗНЕС,1172375022940,02.07.2024,01.07.2034,Действует,8,Старт | Биостим | Биг | Финиш | Аминостарт | Аминобиостим | Аминобиг | Аминофиниш
062-11-814-1,Альфа Гроу,микроудобрение,C,ООО «АЛЬФАХИМГРУПП»,,23.10.2015,22.10.2025,Не действует,9,Кукуруза | Бобовые | Зерновые | Масличные | Цинк | Марганец | Бор | Медь | Молибден
666-20-3005-1,Амалгерол Эссенс,прочее,ЛС,Хехенбихлер ГмбХ,,08.02.2021,07.02.2031,Действует,0,
082-21-4730-1,Амикабор,микроудобрение,C,"ООО ""ИНТЕР ГРУПП""",1084312000420,26.11.2024,25.11.2034,Действует,0,
082-10-9620-1,Амикасера,прочее,C,"ООО ""ИНТЕР ГРУПП""",1084312000420,07.10.2025,07.10.2035,Действует,0,
113-13-3396-1,Амино Плюс,микроудобрение,ЛС,АО «АГРИМАТКО»,1027700272016,06.12.2021,05.12.2031,Действует,3,Амино Zn | Амино Mn | ФолиБуст
634-13-3063-1,АминоКвелант,микроудобрение,ЛС,«АВЕНТРО» Сарл,,18.03.2021,17.03.2031,Действует,11,АминоКвелант – В | АминоКвелант – Са | АминоКвелант – Ca/Mg | АминоКвелант – Cu | АминоКвелант – Fe | АминоКвелант – K низкий рН | АминоКвелант – Mg | АминоКвелант – майнорс | АминоКвелант – Mn | АминоКвелант – Zn | АминоКвелант – Zn/Mn
956-13-4772-1,Аминовит Вигорион,прочее,ЛС,Фертинагро Биотек Интернейшнл СЛЮ,,10.01.2025,09.01.2035,Действует,0,
229-20-4274-1,Аминозол,прочее,ЛС,ООО «Лебозол Восток»,1127746259541,30.11.2023,29.11.2033,Действует,0,
399-13-2805-1,Аминокат,прочее,ЛС,Атлантика Агрикола С.А.,,16.09.2020,15.09.2030,Действует,2,Аминокат 10 | Аминокат 30
390-13-1226-1,Аминоким,микроудобрение,ЛС,Агропромышленная компания Кимитек С.Л.,,07.09.2016,06.09.2026,Не действует,5,Бомбардир | Бомбардир Протеин | Каос ХТ | Разер | Магноцинк Плюс
836-20-3819-1,Аминокислотный комплекс ВитаАмин,прочее,ЛС,ООО «СЕМИРАМИДА»,1187746284307,07.10.2022,06.10.2032,Действует,0,
920-20-4313-1,Аминокислотный комплекс ЦитоАмин,прочее,ЛС,ООО «АГРОТАНДЕМ»,,11.12.2023,10.12.2033,Действует,0,
301-13-699-1,Аминомакс,кальциевое / известкование,ЛС,"Кемикас Меристем, С.Л.",,15.07.2015,14.07.2025,Не действует,5,10 | 30 | Кальций | Органик | Овощной
587-13-2461-1,Аминотал,микроудобрение,C,Франсиско Р.Артал С.Л.,,08.11.2019,07.11.2029,Действует,8,Бор | Семена | Зерновой | К45 | К-плюс | Микс | Цинк | Корневой
247-13-427-1,Аминофол,микроудобрение,ЛС,ООО «АгроМастер»,1102308006877,13.10.2014,12.10.2024,Не действует,8,Аминофол Cu | Аминофол Fe | Аминофол Mg | Аминофол Mn | Аминофол Mo | Аминофол Zn | Аминофол NPK | Аминофол Плюс
247-13-4705-1,Аминофол,микроудобрение,ЛС,ООО «АгроМастер»,1102308006877,05.11.2024,04.11.2034,Действует,1,Аминофол Cu
113-10-4778-1,Амко,комплексное NPK,ЛС,АО «АГРИМАТКО»,1027700272016,20.01.2025,бессрочно,Действует,1,"Универсал, Рост, Урожай"
113-11-4865-1,Амко,прочее,ЛС,АО «АГРИМАТКО»,1027700272016,14.05.2025,бессрочно,Действует,0,
113-11-3476-1,Амко картофель 14-25-13,комплексное NPK,ЛС,АО «АГРИМАТКО»,1027700272016,17.01.2022,16.01.2032,Действует,0,
180-10-735-1,Аммиак безводный сжиженный,прочее,C,АО «Новомосковская акционерная компания «Азот»,1027100507378,30.07.2015,29.07.2025,Не действует,1,Б
180-15-4961-1,Аммиак безводный сжиженный,прочее,C,АО «НАК «Азот»,,29.07.2025,бессрочно,Действует,1,Б
188-15-2035-1,Аммиак безводный сжиженный,прочее,C,ОАО «КуйбышевАзот»,,30.10.2018,29.10.2028,Действует,2,А к | Б
302-15-4970-1,Аммиак безводный сжиженный,прочее,C,"АО ""МИНУДОБРЕНИЯ""",1023601231840,05.08.2025,бессрочно,Действует,2,Б | Ак
321-15-3770-1,Аммиак безводный сжиженный,прочее,C,АО «ОХК» «УРАЛХИМ»,1077761874024,26.07.2022,бессрочно,Действует,2,Ак | Б
325-15-4814-1,Аммиак безводный сжиженный,прочее,C,ПАО «Дорогобуж»,1026700535773,26.02.2025,бессрочно,Действует,2,Ак | Б
362-15-3470-1,Аммиак безводный сжиженный,прочее,C,АО «АММОНИЙ»,1061674035257,13.01.2022,12.01.2032,Действует,2,Ак | Б
413-15-2402-1,Аммиак безводный сжиженный,прочее,C,АО «Щекиноазот»,1027100507015,18.09.2019,17.09.2029,Действует,2,Ак | Б
444-11-1714-1,Аммиак безводный сжиженный,прочее,C,ООО «ГАЗПРОМ НЕФТЕХИМ САЛАВАТ»,1160280116138,01.02.2018,31.01.2028,Действует,1,Б
498-15-4382-1,Аммиак безводный сжиженный,прочее,C,АО «ТОЛЬЯТТИАЗОТ»,1026302004409,15.02.2024,бессрочно,Действует,2,Ак | Б
994-15-9736-1,Аммиак водный 10%,прочее,ЛС,"ООО ""СТК""",1163702065273,19.12.2025,бессрочно,Действует,0,
180-10-736-1,Аммиак водный технический,прочее,C,АО «Новомосковская акционерная компания «Азот»,1027100507378,31.07.2015,30.07.2025,Не действует,1,Б
180-15-4960-1,Аммиак водный технический,прочее,C,АО «НАК «Азот»,,29.07.2025,бессрочно,Действует,1,Б
188-10-4005-1,Аммиак водный технический,прочее,C,ОАО «КуйбышевАзот»,,07.03.2023,бессрочно,Действует,1,Б
302-15-1081-1,Аммиак водный технический,прочее,C,ОАО «МИНУДОБРЕНИЯ»,,17.06.2015,16.06.2025,Не действует,1,Б
335-15-1611-1,Аммиак водный технический,прочее,C,"КАО ""АЗОТ""",1024200705077,21.11.2017,20.11.2027,Действует,1,Б
413-15-1336-1,Аммиак водный технический,прочее,C,АО «Щекиноазот»,1027100507015,20.01.2017,19.01.2027,Действует,1,Б
444-11-1713-1,Аммиак водный технический,прочее,C,ООО «ГАЗПРОМ НЕФТЕХИМ САЛАВАТ»,1160280116138,01.02.2018,31.01.2028,Действует,1,Б
445-10-2768-1,Аммиак водный технический,прочее,C,АО «АПАТИТ»,1025100561012,16.07.2020,15.07.2030,Действует,1,Б
498-15-4381-1,Аммиак водный технический,прочее,C,АО «ТОЛЬЯТТИАЗОТ»,1026302004409,15.02.2024,бессрочно,Действует,1,Б
302-15-4971-1,Аммиак водный технический марка Б,прочее,C,"АО ""МИНУДОБРЕНИЯ""",1023601231840,05.08.2025,бессрочно,Действует,0,
325-10-770-1,Аммиакбезводный сжиженный,прочее,C,ПАО «Дорогобуж»,1026700535773,07.09.2015,06.09.2025,Не действует,2,Ак | Б
335-15-1585-1,Аммиакбезводный сжиженный,прочее,C,"КАО ""АЗОТ""",1024200705077,21.11.2017,20.11.2027,Действует,2,Ак | Б
302-15-1080-1,"Аммиакбезводный сжиженный марки Б, Ак",прочее,C,ОАО «МИНУДОБРЕНИЯ»,,17.06.2015,16.06.2025,Не действует,2,Б | Ак
211-15-2984-1,Аммоний кальций нитрат,кальциевое / известкование,ЛС,ПАО «Акрон»,1025300786610,21.01.2021,20.01.2031,Действует,4,А Премиум | В | С | Д
272-10-439-1,Аммофос,комплексное NPK,ЛС,ОАО «ГИДРОМЕТАЛЛУРГИЧЕСКИ Й ЗАВОД»,,27.10.2014,26.10.2024,Не действует,4,11:42 | 10:39 | 10:36 | 10:33
273-10-448-1,Аммофос,комплексное NPK,ЛС,ООО «ХимВосток»,,31.10.2014,30.10.2024,Не действует,2,52-12 | 46-10
311-10-4964-1,Аммофос,комплексное NPK,ЛС,ООО «ЕвроХим-БМУ»,1062303006930,30.07.2025,бессрочно,Действует,3,12:52 | 11:49 | 10:46
311-10-738-1,Аммофос,комплексное NPK,C,ООО «ЕвроХим-БМУ»,1062303006930,03.08.2015,02.08.2025,Не действует,3,12:52 | 11:49 | 10:46
321-10-4378-1,Аммофос,комплексное NPK,ЛС,АО «ОХК» «УРАЛХИМ»,1077761874024,24.01.2024,бессрочно,Действует,4,10-46 | 10-48 | первый сорт | высший сорт
341-10-4963-1,Аммофос,комплексное NPK,ЛС,ООО «ПГ «Фосфорит»,1024701420127,30.07.2025,бессрочно,Действует,4,А (высший сорт) | А (первый сорт) | Б (высший сорт) | Б (первый сорт)
341-10-915-1,Аммофос,комплексное NPK,ЛС,ООО «ПГ «Фосфорит»,1024701420127,22.12.2015,21.12.2025,Не действует,2,А (высший сорт) | А (первый сорт)
445-10-3150-1,Аммофос,комплексное NPK,ЛС,АО «АПАТИТ»,1025100561012,28.05.2021,27.05.2031,Действует,2,10-48 | 10-46
605-10-2560-1,Аммофос,комплексное NPK,ЛС,ООО АЛМАЗ УДОБРЕНИЯ,1192651003511,05.03.2020,04.03.2030,Действует,5,12:39 | 11:42 | 10:39 | 10:36 | 10:33
812(813)-10-3652-1,Аммофос,комплексное NPK,ЛС,ООО «РУСФОСФАТ»,5187746013307,26.04.2022,бессрочно,Действует,1,"Б, высший сорт"
321-10-4023-1,"Аммофос высший сорт, первый сорт",комплексное NPK,ЛС,АО «ОХК» «УРАЛХИМ»,1077761874024,17.12.2014,16.12.2024,Не действует,0,
445-10-4307-1,"Аммофос экстра, высший и первый сорт",комплексное NPK,ЛС,АО «АПАТИТ»,1025100561012,12.12.2023,бессрочно,Действует,0,
445-10-4232-1,"Аммофос, высший и первый сорт",комплексное NPK,ЛС,АО «АПАТИТ»,1025100561012,24.10.2023,бессрочно,Действует,0,
312-10-1654-1,"Аммофос, экстра, высший и первый сорт",комплексное NPK,ЛС,АО «АПАТИТ»,1025100561012,15.12.2014,14.12.2024,Не действует,0,
445-10-3473-1,АпаСил,прочее,ЛС,АО «АПАТИТ»,1025100561012,18.01.2022,17.01.2032,Действует,0,
201-13-3006-1,Аппетайзер,прочее,C,Ариста ЛайфСайенс С.А.С.,,08.02.2021,07.02.2031,Действует,0,
501-13-1961-1,Арксойл органоминеральное удобрение,биоудобрение,ЛС,ООО «НПО ЭКО ОЙЛ СЕРВИС»,,10.07.2018,09.07.2028,Действует,4,Арксойл ККР | Арксойл КНЭ | Арксойл ТПС | Арксойл БИО СП
399-11-1346-1,Асферт,прочее,ЛС,"АСФЕРТГЛОБАЛ, ЛДА",,25.01.2017,24.01.2027,Действует,11,Асферт Брентакс Са | Асферт Брентакс К Са | Асферт Брентакс Трипл | Асферт Брентакс РВ15 | Асферт Энермакс | АсфертХортасет | Асферт Помасет | Асферт С. Проген Финишер | Асферт С. ПрогенГроус | Асферт С. Проген Сайз | Асферт С. Проген Ферст
008-19-1512-1,Атлант,прочее,ЛС,ООО «Ваше хозяйство»,1025203566728,31.05.2017,30.05.2027,Действует,0,
399-10-4019-1,Атланте,комплексное NPK,ЛС,Атлантика Агрикола С.А.,,14.03.2023,13.03.2033,Действует,2,0-30-20 | Плюс 0-18-16
399-13-1290-1,Атланте-К,прочее,C,Атлантика Агрикола С.А.,,12.12.2016,11.12.2026,Действует,0,
673-19-3044-1,Атува,прочее,C,Ризобактер Аргентина С.А.,,04.03.2021,03.03.2031,Действует,0,
854-13-4209-1,Афоскалин,комплексное NPK,ЛС,ООО Праймагро,1195081032596,26.09.2023,25.09.2033,Действует,8,Афоскалин Базовый | Афоскалин Универсал | Афоскалин Рост | Афоскалин Зерновые | Афоскалин Масличные | Афоскалин Бобовые | Афоскалин Технические | Афоскалин Плодовые
090-19-3219-1,Б-300,прочее,C,Байер Агрикалче БВ,,26.04.2018,25.04.2028,Действует,0,
604-18-2533-1,БЛЭКДЖЕК,прочее,ЛС,СОФБЕЙ С.А.,,19.02.2020,18.02.2030,Действует,0,
201-13-2742-1,БМ-86,прочее,ЛС,Ариста ЛайфСайенс С.А.С.,,08.07.2020,07.07.2030,Действует,0,
016-13-4033-1,БОГАТЫЙ,комплексное NPK,ЛС,ООО «НВП «БашИнком»,1020202557121,16.03.2023,15.03.2033,Действует,3,"5:6:9, 8:3:11 | Овощи,ягоды, газон, цветы | Дом"
241-10-2518-1,БФ-1,прочее,Л,"АО ""РУСИНХИМ""",1027739335580,22.12.2015,21.12.2025,Не действует,0,
241-11-9702-1,БФ-1,прочее,Л,"АО ""РУСИНХИМ""",1027739335580,03.12.2025,бессрочно,Действует,0,
785-19-3452-0,БакСиб (продукция серии ЭМ),прочее,ЛС,ООО ЭМ-Биотех,1025400527580,10.02.2022,09.02.2032,Действует,3,БакСиб Р | БакСиб Ф | БакСиб К
461-19-4639-1,Бактериальное удобрение Азотовит,биоудобрение,ЛС,ООО «ДЕЛЬТАБИО»,1047796448810,18.12.2017,17.12.2027,Действует,0,
585-11-4206-1,БашПОЛИМИК,микроудобрение,C,Кузнецова Мария Вячеславовна,304027214000089,20.09.2023,бессрочно,Действует,6,Микс | Семена | Mo | Cu-Zn | Cu | NSMg
326-12-773-1,Белит,прочее,C,ОАО «Челябинский электрометаллургический комбинат»,1027402319361,11.09.2015,10.09.2025,Не действует,2,Б-1 | Б-2
292-13-4394-1,Бенефит ПЗ,прочее,C,Валагро С.п.А.,,30.01.2024,29.01.2034,Действует,0,
291-18-4948-1,Берес,микроудобрение,ЛС,ООО НПК «Берес»,1135476047552,17.07.2025,16.07.2035,Действует,8,Берес-4 | Берес-8 | Берес-8 Азот | Берес Бор | Берес-8 Бор | Берес-8 Бор Молибден | Берес-8 Сера | Берес-8 Цинк
291-13-615-1,Берес Супер,комплексное NPK,ЛС,ООО НПК «Берес»,1135476047552,30.03.2015,29.03.2025,Не действует,3,Берес Супер экстракт морских водорослей универсальный | Берес Супер экстракт морских водорослей марка В | Берес Супер экстракт морских водорослей марка С
291-13-4946-1,Берес экстракт морских водорослей,прочее,ЛС,ООО НПК «Берес»,1135476047552,07.07.2025,06.07.2035,Действует,0,
700-17-3134-1,Бесхлорный калий гранулированный,калийное,ЛС,ООО ТЕХСЕРВИС,1182901016418,14.05.2021,13.05.2031,Действует,0,
630-13-3894-1,Биго,прочее,C,УАБ Икараи,,01.12.2022,30.11.2032,Действует,5,Биго В | Биго С | Биго Рутс | Инфра Про | Револт
693-21-3988-1,Био Холд,биоудобрение,C,Столлер Европа СЛЮ,,22.02.2023,21.02.2033,Действует,0,
585-19-3467-1,БиоАзФК,биоудобрение,ЛС,Кузнецова Мария Вячеславовна,304027214000089,19.01.2022,18.01.2032,Действует,0,
892-19-4234-1,БиоСинергин,биоудобрение,ЛС,ООО ПКБ КОНСТАНТА+,1057747290215,25.10.2023,24.10.2033,Действует,2,БиоСинергин-П | БиоСинергин-Л
466-19-3154-1,Биовайс,биоудобрение,ЛС,ООО «ПлантаПлюс»,1047000204096,20.05.2021,19.05.2031,Действует,2,жидкий | сухой
940-13-4652-1,Биогель,биоудобрение,ЛС,ООО АГРОБИЗНЕС,1172375022940,09.08.2024,08.08.2034,Действует,8,Старт | Биостим | Форте | Комплекс | Амино | Актив | Универсал | Профи
457-14-1634-1,Биогрунт Универсальный,грунт / субстрат,,ООО ГЕРА,1025003176703,07.12.2017,06.12.2027,Действует,26,"Бигрунт для Декоративно-лиственных | Биогрунт для Декоративно-цветущих | Биогрунт для Кактусов и Суккулентов | Биогрунт для Орхидей | Биогрунт для Пальм и Фикусов | Биогрунт для Роз | Биогрунт для Фиалок | Биогрунт для Цитрусовых | Биогрунт Универсальный | Биогрунт Цветочный | Почвогрунт 3Д для Хвойных деревьев и кустарников | Почвогрунт 3Д Универсальный | Почвогрунт 3Д Цветочный | Почвогрунт Д3 Садовая | Почвогрунт Д3 Универсальная | Почвогрунт Кева для Овощей | Почвогрунт Кева для Рассады | Почвогрунт Кева для Рассады и Овощей | Почвогрунт Кева для Томатов, Перцев и Баклажанов | Почвогрунт Кева Живая Земля | Почвогрунт Кева Живая Почва | Почвогрунт Кева Органик | Почвогрунт Кева Универсальный | Почвогрунт ТН | Почвогрунт ТТ | Почвогрунт НТ"
469-18-1747-1,Биогумат,гумат,ЛС,ООО «КУБАНСКИЙ АГРОБИОКОМПЛЕКС»,1142312005659,05.02.2018,04.02.2028,Действует,5,Экосс-20 | Экосс-универсальный | Экосс для плодово-ягодных | Экосс для цветочно-декоративных | Экосс для овощей
538(539)-18-2160-1,Биогумат,гумат,ЛС,"ООО ""ТЕРРА МАСТЕР""",1155476069616,14.03.2019,13.03.2029,Действует,8,К | КБ | КМ | МК 18 | МК 10 + Супер | МК 5 + Универсал | МК 2 + Цветочный | МК 2 + Овощной
806-18-3628-1,Биогумат на основе конского навоза и растительного сырья,гумат,C,ООО «ЭКОХАРВЕСТ»,1162375048428,13.04.2022,12.04.2032,Действует,5,Биогумат Экохарвест | Хелат Резвый старт | Хелат Энергия роста | Хелат Налив | Хелат Антистресс
288-10-4790-1,Биозуфр,биоудобрение,C,СЕРВАЛЕСА С. Л. У.,,28.01.2025,бессрочно,Действует,0,
288-11-3965-1,Биозуфр,биоудобрение,C,СЕРВАЛЕСА С. Л. У.,,19.02.2015,18.02.2025,Не действует,0,
287-13-589-1,Биоканна,биоудобрение,ЛС,ООО «Хортисол»,,10.03.2015,09.03.2025,Не действует,6,Биоканна Ризотоник | Биоканна Био Флорес | Биоканна Био Вега | Биоканна Био Буст | Биоканна Био Ризотоник | Биоканна Каннакюр
399-13-1958-1,Биокат-Джи,биоудобрение,C,Атлантика Агрикола С.А.,,04.07.2018,03.07.2028,Действует,0,
196-19-4020-1,Биокомплекс-БТУ,биоудобрение,ЛС,ООО «ОРГАНИК ЛАЙН»,1115027001154,14.03.2023,13.03.2033,Действует,8,Граундфикс | Экостерн | Фитоцид | Ризофит | ФитоХелп | МикоХелп | Органик –баланс/Универсальный | Биоазот/Азотохелп
018-19-3126-1,Биокомпозит-Деструкт,биоудобрение,ЛС,"АО ""ЩЕЛКОВО АГРОХИМ""",1025006519427,26.04.2021,25.04.2031,Действует,0,
018-19-955-1,Биокомпозит-коррект,биоудобрение,C,"АО ""ЩЕЛКОВО АГРОХИМ""",1025006519427,25.01.2016,24.01.2026,Не действует,0,
631-20-2755-1,Биокомпост БГК-ВН,биоудобрение,ЛС,ООО «БЕЛГРАНКОРМ – ВЕЛИКИЙ НОВГОРОД»,1075302000564,10.06.2020,09.06.2030,Действует,2,А | Б
845-20-3882-1,Биокомпост-ЭКО,биоудобрение,ЛС,ОАО «ТОКАРЕВСКАЯ ПТИЦЕФАБРИКА»,1136820000570,23.11.2022,22.11.2032,Действует,0,
336-11-832-1,Биолким,гумат,ЛС,Биолким С.п.А.,,29.10.2015,28.10.2025,Не действует,3,Биолким Фульвумин | Биолким Филлотон | Биолким Спринталга
336-13-833-1,Биолким МЭ,биоудобрение,ЛС,Биолким С.п.А.,,29.10.2015,28.10.2025,Не действует,2,Биолким МЭ Боромин Гель | Биолким МЭ Лигоплекс Са
336-13-9849-1,Биолким МЭ Боромин Гель,биоудобрение,ЛС,Биолким С.п.А.,,19.03.2026,18.03.2036,Действует,0,
336-23(12)-9874-1,Биолким МЭ Лигоплекс Са,биоудобрение,ЛС,Биолким С.п.А.,,27.03.2026,бессрочно,Действует,0,
336-13-9909-1,Биолким Спринталга,биоудобрение,ЛС,Биолким С.п.А.,,17.04.2026,16.04.2036,Действует,0,
336-20-9873-1,Биолким Филлотон,биоудобрение,ЛС,Биолким С.п.А.,,27.03.2026,26.03.2036,Действует,0,
336-18-9878-1,Биолким Фульвумин,гумат,ЛС,Биолким С.п.А.,,27.03.2026,26.03.2036,Действует,0,
290-20-705-1,Биологически активное органическое удобрение «БИОТОН»,биоудобрение,ЛС,ОАО «БХЗ»,,15.07.2015,14.07.2025,Не действует,2,А | Б
538-13-9938-1,Биомастер конская сила,биоудобрение,ЛС,"ООО ""ТЕРРА МАСТЕР""",1155476069616,05.05.2026,04.05.2036,Действует,5,конский | птичий | биогумусный | компостный | конская сила
010-19-4599-1,Биомеч А,биоудобрение,ЛС,"ООО ""ЛИСТЕРРА""",1057749556930,07.06.2024,06.06.2034,Действует,0,
186-19-4174-1,Биомикориза,биоудобрение,Л,ООО «ОРТОН»,1025004916573,10.08.2023,09.08.2033,Действует,0,
016-20-930-1,Бионекс-1,биоудобрение,Л,ООО «НВП «БашИнком»,1020202557121,25.12.2015,24.12.2025,Не действует,0,
016-20-9722-1,Бионекс-1,биоудобрение,Л,ООО «НВП «БашИнком»,1020202557121,11.12.2025,10.12.2035,Действует,0,
585-11-4037-1,Бионекс-Кеми Профи,комплексное NPK,C,Кузнецова Мария Вячеславовна,304027214000089,17.03.2023,16.03.2033,Действует,2,"35:1:1,5 | 40:1,5:2"
016-11-4048-1,Бионекс-Кеми Растворимый,комплексное NPK,ЛС,ООО «НВП «БашИнком»,1020202557121,27.03.2023,бессрочно,Действует,6,"15:11:25+1,2 | 9:12:33+1,4 | 18:18:18+1,1 | 2:40:27+1,2 | 14:0:16+1,5+20 (сера) | 40:0:0+0,7"
585-11-3468-1,Бионекс-Кеми жидкий,комплексное NPK,C,Кузнецова Мария Вячеславовна,304027214000089,11.01.2022,10.01.2032,Действует,5,10:10:10 | 0:18:20 | 21:4:4 | 15:7:8 | 10:30:0
637-19-2930-1,Бионова премиум,биоудобрение,C,ООО «АГРОТЕРРА ЭЛЕВАТОРЫ»,1077758953766,17.12.2020,16.12.2030,Действует,0,
363-19-1091-1,Бионур микробиологическое удобрение,биоудобрение,ЛС,ООО «СИНТЕЗ»,1107746421529,21.04.2016,20.04.2026,Не действует,0,
590-13-2462-1,Бионутриент,микроудобрение,C,Десарролло Агрикола и Минеро С.А.,,19.11.2019,18.11.2029,Действует,8,Натурамин-Zn | Натурамин-Са/В | Натурамин-Р/К | Терренова | Райза Микс | Натурамин Плюс | Натурамин-В | Натурамин-Со/Мо
016-21-4774-1,Биополимик,микроудобрение,C,ООО «НВП «БашИнком»,1020202557121,10.01.2025,09.01.2035,Действует,1,"Комплексный, Fe, Mn, Zn"
585-13-4882-1,Биополимик Si,биоудобрение,ЛС,Кузнецова Мария Вячеславовна,304027214000089,02.06.2025,01.06.2035,Действует,0,
018-13-3978-1,Биостим,биоудобрение,ЛС,"АО ""ЩЕЛКОВО АГРОХИМ""",1025006519427,06.02.2023,05.02.2033,Действует,7,Старт | Рост | Универсал | Зерновой | Свекла | Масличный | Кукуруза
539-13-3300-1,Биотех комплексное органо-минеральное удобрение,биоудобрение,ЛС,ООО «БИОТЕХНОЛОГИИ»,1122468023622,17.09.2021,16.09.2031,Действует,5,Биотех – 1 | Биотех – 2 | Биотех – 3 | Биотех – 4 | Биотех – 5
714-19-3343-1,Биоторфин-Б,грунт / субстрат,C,ООО «БИОФАБРИКА»,1025800548223,25.10.2021,24.10.2031,Действует,2,Т | Ж
232-19-4402-1,Биоудобрение Нитрагин КМ,биоудобрение,C,ООО «НТЦ БИО»,,05.02.2024,04.02.2034,Действует,2,Нитрагин КМ-Ж | Нитрагин КМ-С
086-19-4712-1,Биоэлементс,гумат,,"ООО ""МТК ЖИВЫЕ БАКТЕРИИ""",1157746054201,13.11.2024,23.05.2029,Действует,2,"Органик, Двойные корни, Активная органика, Биоэлементс Гидро, Биоэлементс Гумат, Три плюс, Томат, Биоэлементс Сапропель, Агро-Актив | Стерня, Кукуруза, Бахча, Рапс, Подсолнечник, Севооборот, Здоровые корни"
086-19-2239-1,"Биоэлементс, (C,ЛС)",гумат,,"ООО ""МТК ЖИВЫЕ БАКТЕРИИ""",1157746054201,24.05.2019,23.05.2029,Не действует,16,Органик | Двойные корни | Активная органика | Биоэлементс Гидро | Стерня | Биоэлемент Гумат | Три плюс | Кукуруза | Бахча | Томат | Рапс | Подсолнечник | Биоэлементс сапропель | Севооборот | Здоровые корни | Агро-Актив
174-19-1051-1,Бисолби-Плант,прочее,ЛС,ООО «Бисолби-Интер» (Санкт-Петербург),,29.03.2016,28.03.2026,Не действует,0,
664-18-2998-1,Благо,фосфорное,C,ООО СППБ Балконверсия,1077847653080,28.01.2021,27.01.2031,Действует,7,Благо 2 | Благо 3+ | Благо 3 | Благо 3 осеннее | Благо 5+ | Благо 5 | Благо 5 фосфорное
758-19-3690-1,Блу Н,прочее,C,СИМБОРГ БИЗНЕС ДЕВЕЛОПМЕНТ С.Л.,,20.05.2022,19.05.2032,Действует,0,
585-11-2465-1,Богатый микро,микроудобрение,Л,Кузнецова Мария Вячеславовна,304027214000089,12.11.2019,11.11.2029,Действует,4,Комплексный | Fe | Cu | Zn+Cu
241-10-2544-1,Бона Форте Эликсир,прочее,Л,"АО ""РУСИНХИМ""",1027739335580,28.02.2020,27.02.2030,Действует,0,
550-11-2230-1,БорСТАРТ,прочее,C,СОСЕТЬЕ ДЕ ДИСТРИБЬЮТИОН ЭТ ДЕ ПРЕСТАТИОН ДЕ СЕРВИСЕС САС,,21.05.2019,20.05.2029,Действует,0,
050-13-3808-1,Борно-кальциевое органо-минеральноеудобрение с аминокислотами Ерема,микроудобрение,ЛС,АО «ФМРус»,1097746208207,26.09.2022,25.09.2032,Действует,0,
178-21-3366-1,Боро-Н,прочее,C,"ООО ""АГРО ЭКСПЕРТ ГРУП""",1027708006996,16.11.2021,15.11.2031,Действует,0,
016-18-3471-1,Борогум,прочее,C,ООО «НВП «БашИнком»,1020202557121,13.01.2022,12.01.2032,Действует,0,
585-13-3636-1,Борогум Экстра,микроудобрение,C,Кузнецова Мария Вячеславовна,304027214000089,15.04.2022,14.04.2032,Действует,4,Мо | Мо-Мn | Сu-Zn | Комплексный
016-13-4034-1,Борогум-М,прочее,ЛС,ООО «НВП «БашИнком»,1020202557121,16.03.2023,15.03.2033,Действует,0,
247-21-4462-1,Бороплюс,прочее,ЛС,ООО «АгроМастер»,1102308006877,15.03.2024,14.03.2034,Действует,0,
292-21-4497-1,Бороплюс,прочее,C,Валагро С.п.А.,,01.04.2024,31.03.2034,Действует,0,
382-21-2891-1,Боротэм,прочее,ЛС,"ОАО ""БХЗ""",1024401232382,23.11.2020,22.11.2030,Действует,0,
246-10-920-1,Брексил,прочее,ЛС,ООО ТД «АгроМастер»,,23.12.2015,22.12.2025,Не действует,1,Брексил Са
292-21-2352-1,Брексил Нутре,прочее,C,Валагро С.п.А.,,20.08.2019,19.08.2029,Действует,0,
246-21-430-1,"БрексилZn,БрексилFe, Брексил Mg, БрексилMn",прочее,ЛС,ООО ТД «АгроМастер»,,13.10.2014,12.10.2024,Не действует,0,
859-10-3986-1,БриС Фито,прочее,C,ООО ТОВЕРСОРБ,1170280081861,15.02.2023,бессрочно,Действует,3,БриС Фито-А | БриС Фито-В | БриС Фито-С
166-11-4085-1,ВАТР,комплексное NPK,C,ООО «КОРОЛЕВ – АГРОТОРГ»,1175029010881,22.05.2023,бессрочно,Действует,7,"NPK 20-10-22+2MgO+2 S+МЭ | NPK 12-6-36+2MgO+4,5 S+МЭ | NPK 7-14-38 +2MgO+5S+МЭ | NPK 12-10-24+6СаO+М Э | NPK 20-20-20+МЭ | NPK 13-40-13+МЭ | NPK 10-52-10+МЭ"
033-13-1293-1,ВЕРШКИ и КОРЕШКИ комплексное водорастворимое органо-минеральное удобрение с микроэлементами,микроудобрение,Л,ООО «ОРТОН»,1025004916573,12.12.2016,11.12.2026,Действует,13,Рассада универсальное | Томаты и перцы | Огурцы и кабачки | Капуста | Лук и чеснок | Морковь | Клубника весенняя | Клубника осенняя | Многолетники (зимующие) | Розы | Луковичные и клубнелуковичные | Цветы | Газоны
682-13-4411-1,Вега,прочее,,ООО «НПК ХИМИЯ»,1197746012199,08.02.2024,07.02.2034,Действует,9,Вега Старт | ега Симплекс | Вега Риколто | Вега Нитро | Вега Фабум | Вега Олеум | Вега Борум | Вега Ультра | Вега Симплекс
548-11-2204-1,Вени Призма,прочее,C,ООО «КОППЕРТ РУС»,1157746216297,05.07.2019,04.07.2029,Действует,0,
306-20-717-1,Вермисол,прочее,ЛС,ИП Губский Анатолий Иванович,,21.07.2015,20.07.2025,Не действует,0,
691-10-3077-1,Вита Рейс,прочее,Л,Бертелс Б.В.,,12.04.2021,11.04.2031,Действует,0,
945-13-4650-1,Виталад,микроудобрение,ЛС,ИП Самарина Лариса Федоровна,304264536500321,26.07.2024,25.07.2034,Действует,3,Виталад Актив | Виталад Цинк | Виталад Бор
926-13-4520-1,Витанолл ТУК,микроудобрение,C,ООО АГРОМАРКЕТ 24,1157847002994,22.04.2024,21.04.2034,Действует,3,Семена | Универсальный | Микро
101-19-4437-1,Витариз,биоудобрение,C,ООО «БИОМ-ПРО»,1075009002254,28.02.2024,27.02.2034,Действует,7,Витариз Ж | Витариз Экстра Ж | Витариз Сухой | Витариз Агровермикулит БИО А | Витариз Агровермикулит БИО В | Витариз Агровермикулит БИО С | Витариз Агровермикулит БИО Д
694-20-3117-1,Виусид Агро,прочее,ЛС,Каталисис С.Л.,,19.04.2021,18.04.2031,Действует,0,
980-10-4967-1,Водорастворимое NK удобрение Нитрат калия,калийное,C,«Хайфа Негев Технолоджис Лтд.»,,29.07.2025,бессрочно,Действует,2,"Мульти-К: Джи Джи – Тепличный 13,5-0-46,2 | ФАСТ – с низким pH 13,5-0-46,2"
311-11-2343-1,Водорастворимое NPK удобрение,комплексное NPK,,ООО «ЕвроХим-БМУ»,1062303006930,06.08.2019,05.08.2029,Действует,15,"3:8:41+2MgO+МЭ | 3:11:38+3MgO+М Э | 7:12:40+2MgO+М Э | 7:12:40+МЭ | 10:5:40+1,5MgO+ МЭ | 12:6:36+2,5MgO+ МЭ | 19:19:19+МЭ | 10:5:33+2MgO+М Э | 11:40:11+2MgO+М Э | 12:5:30+1MgO+М Э | 15:10:15+2MgO+М Э | 18:18:18+МЭ | 20:5:5+2MgO+МЭ | 22:7:22+3MgO+М Э | 24:8:20+2MgO+М Э"
311-11-4070-1,Водорастворимое NPK удобрение,комплексное NPK,C,ООО «ЕвроХим-БМУ»,1062303006930,21.04.2023,бессрочно,Действует,1,3:11:38+4MgO+М Э
317-11-2354-1,Водорастворимое NPK удобрение с микроэлементами,комплексное NPK,C,«Хайфа Кемикалз Лтд.»,,28.08.2019,27.08.2029,Действует,10,Поли-Фид 23-7-23+МЕ | Поли-Фид 20-20-20+МЕ | Поли-Фид 20-9-20+МЕ | Поли-Фид 15-30-15+МЕ | Поли-Фид 15-15-30+МЕ | Поли-Фид 12-43-12+МЕ | Поли-Фид12-5-40+ МЕ | Поли-Фид 9-10-38+3MgO+М Е | Поли-Фид 6-15-38+3MgO+М Е | Поли-Фид 4-15-37+3MgO+М Е
382-15-4816-1,Водорастворимое комплексное минеральное удобрение Акварин,комплексное NPK,ЛС,"ОАО ""БХЗ""",1024401232382,26.02.2025,бессрочно,Действует,16,1 | 2 | 3 | 4 | 5 | 6 | 7 | 8 | 9 | 10 | 11 | 12 | 13 | 14 | 15 | 16
317-11-755-1,Водорастворимые NKудобрения Нитрат калия,калийное,ЛС,«Хайфа Кемикалз Лтд.»,,20.08.2015,19.08.2025,Не действует,2,"Мульти К: Джи Джи-Тепличный 13,5-0-46,2 | ФАСТ – с низким рН 13,5-0-46,2"
311-10-1765-1,Водорастворимые NPK удобрения,комплексное NPK,ЛС,ООО «ЕвроХим-БМУ»,1062303006930,22.02.2018,21.02.2028,Действует,6,"6:14:35 + 2MgO+МЭ | 12:8:31 + 2MgО+МЭ | 13:40:13 + МЭ | 15:15:30 + 1,5 MgО + МЭ | 18:18:18 + 3 MgО+МЭ | 20:20:20 + МЭ"
317-11-756-1,Водорастворимые NPKудобренияcмикроэлементами,комплексное NPK,ЛС,«Хайфа Кемикалз Лтд.»,,20.08.2015,19.08.2025,Не действует,5,Поли-Фид 11-12-33+2МgO+M E | Поли-Фид 14-10-34+ME | Поли-Фид 19-19-19+1МgO+ ME | Поли-Фид 15-7-30+2МgO+M E | Поли-Фид 21-11-21+2МgO+M E
290-11-690-1,Водорастворимые комплексные минеральные удобрения «Акварин»,комплексное NPK,ЛС,ОАО «БХЗ»,,01.07.2015,30.06.2025,Не действует,20,"1, 2, 3, 4, 5, 6, 7, 8, 9, 10, 11, 12, 13, 14, 15, 16, Цветочный рай для цветущих комнатных и садовых растений» | Цветочный рай универсальный | Цветочный рай для роз, бегоний и хризантем | Цветочный рай для азалии, вереска и рододендрона | Цветочный рай для примул и фиалок | Цветочный рай для орхидеи | Цветочный рай для луковичных растений | Цветочный рай для гортензии | Цветочный рай для декоративно-лиственных комнатных и садовых растений | Цветочный рай для цитрусовых | Цветочный рай для кактусов и суккулентов | Цветочный рай для пальм, фикусов, юкки и драцен | Цветочный рай для декоративных хвойных растений | Волшебная лейка универсальная | Волшебная лейка для клубники, земляники | Волшебная лейка для томатов, перцев, баклажан | Волшебная лейка для ягодных и плодовых культур | Волшебная лейка для огурцов, тыкв, кабачков, патиссонов | Волшебная лейка для рассады овощей | Чудо-спрей"
327-11-849-1,Водорастворимые удобрения,стимулятор / жидкое комплексное,Л,ООО «Гарден Ритейл Сервис»,,30.10.2015,29.10.2025,Не действует,7,А | Б | В | Г | Д | Е | Ж
349-13-1017-1,Вуксал,комплексное NPK,C,ООО «Унифер»,,09.03.2016,08.03.2026,Не действует,10,Вуксал Аминокал | Вуксал Аминоплант | Вуксал Аскофол | Вуксал Комби плюс | Вуксал Микроплант | Вуксал Ойлсид | Вуксал Сера | Вуксал Териос Макс | Вуксал 16-16-12 | Вуксал Топ Р
532-11-2142-1,Вуксал,микроудобрение,C,УниферХ Интернешнл ГмбХ,,04.03.2019,03.03.2029,Действует,10,Вуксал Ф Макс | Вуксал Борон рН | Вуксал Грейн | Вуксал Ойлсид Плюс | Вуксал Кальций | Вуксал Кальций Бор | Вуксал Микроплант+ | Вуксал МакроМикс | Вуксал Универсал | Вуксал Териос Универсал
457-19-1712-1,ГЕРА ФлорГумат,гумат,ЛС,ООО ГЕРА,1025003176703,31.01.2018,30.01.2028,Действует,20,Концентрат Универсальный | Универсальный | Цветочный | для Декоративно-лиственных | для Декоративно-цветущих | для Роз | для Орхидей | для Цитрусовых | для Клубники | для Рассады и Овощей | для Томатов | Перцев и Баклажанов | для Огурцов | Кабачков и Патиссонов | Калийный | Биогум | Цветомин | Цветомин А | Ростомин | Ростомин А
016-18-9721-1,ГУМИ,прочее,ЛС,ООО «НВП «БашИнком»,1020202557121,10.12.2025,09.12.2035,Действует,6,ГУМИ-20 | ГУМИ-20М | ГУМИ-30 | ГУМИ-30М | ГУМИ-90 | ГУМИ-90М
016-13-9717-1,ГУМИ-ОМИ,комплексное NPK,Л,ООО «НВП «БашИнком»,1020202557121,10.12.2025,09.12.2035,Действует,26,"Овощи, ягоды, цветы | Томат, баклажан, перец | Огурец, кабачок, бахчевые | Картофель, морковь, редис, свекла, репа, редька | Лук, чеснок | Земляника, клубника, малина, смородина | Однолетние и двулетние цветы | Многолетние цветы | Луковичные и клубнелуковичные цветы | Бутон-цветы | Цветы садовые универсал | Лианы | Фиалка,герань | Кактус-алоэ | Лимон,мандарин | Фикус,пальма | Газон | Декоративные кустарники | Розы | Хвойные | Азот | Фосфор | Калий | Осенний | Весенний | Плодовые деревья и кустарники-универсал"
458-18-1632-1,Геотон,прочее,ЛС,ООО НПП «АГРОЭКОТЕХ»,1164027068655,07.12.2017,06.12.2027,Действует,0,
771-10-3327-1,ГидроСера,прочее,C,ООО ТК «СЕРАПРОМ»,1160280113036,06.10.2021,05.10.2031,Действует,0,
557-18-2302-1,Гидрогумин универсальный,гумат,,,,05.07.2019,04.07.2029,Действует,7,Гидрогумин универсальный | Гидрогумин для плодовых культур | Гидрогумин для овощных культур | Гидрогумин для декоративных растений | Гидрогумин для хвойных растений | Гидрогумин для комнатных растений | Гидрогумин для газонов
292-21-4393-1,Гидромикс С,прочее,C,Валагро С.п.А.,,30.01.2024,29.01.2034,Действует,0,
442-11-1517-1,Глицерол,микроудобрение,ЛС,ООО ТД «Золотой колос»,,28.06.2017,27.06.2027,Действует,4,Комплекс | Бор | Цинк | Калий
336-11-3128-1,Го Дрип,комплексное NPK,ЛС,Биолким С.п.А.,,28.04.2021,27.04.2031,Действует,2,Го Дрип 10-20-30 | Го Дрип Макс
336-11-3145-1,Го Дрип микро,микроудобрение,ЛС,Биолким С.п.А.,,18.05.2021,17.05.2031,Действует,0,
924-13-4504-1,Голд Стар,гумат,C,ООО ПК ВАГ,1213400002188,29.03.2024,28.03.2034,Действует,3,Экстра Ф | РК 36-24 | Гумат
513-14-2025-1,Готовый грунт,грунт / субстрат,ЛС,ООО «Торговый дом «АСР»,1167847453234,25.10.2018,24.10.2028,Действует,19,"Садовый | Цветочный | Для рассады | Для томатов и перцев | Универсальный | Садовая земля | Для газонов и стадионов | Для хвойных растений | Торф нейтрализованный | Для комнатных и оранжерейных цветов и декоративных растений | Для пальм и фикусов | Для цитрусовых | Для бегоний | Для роз | Для суккулентных растений | Для сенполий | Для гортензий, азалий, рододендронов | Для орхидей | Для декоративно-лиственных растений"
381-10-1699-1,Гранулированная удобрительная смесь Боркалимагнезия аммонизированная,калийное,ЛС,ООО «АИП-ФОСФАТЫ»,1173256005603,21.07.2016,20.07.2026,Не действует,2,А | Б
381-10-4148-1,Гранулированная удобрительная смесь Борофоска,прочее,ЛС,ООО «АИП-ФОСФАТЫ»,1173256005603,03.08.2017,02.08.2027,Действует,0,
788-13-4540-1,Гранулированное органоминеральное удобрение Белогор плюс,прочее,ЛС,АО Приосколье,1033107033882,07.05.2024,06.05.2034,Действует,0,
327-11-1323-1,Гранулированные минеральные удобрения,прочее,Л,ООО «Гарден Ритейл Сервис»,,12.01.2017,11.01.2027,Действует,10,А | Б | В | Г | Д | Е | Ж | З | И | К
203-13-2764-1,Грин,микроудобрение,ЛС,ООО «АГРОБИОКОМ»,1113668009102,29.07.2020,28.07.2030,Действует,1,Грин Борон
046-21-1320-1,Грин Бэлт,микроудобрение,Л,АО «ТПК «Техноэкспорт»,1025005325070,12.01.2017,11.01.2027,Не действует,3,Хелат цинка | Хелат железа | Хелат марганца
046-21-5057-1,Грин Бэлт,микроудобрение,Л,"ООО ""ТЕХНОЭКСПОРТ""",1125042005175,29.08.2025,11.01.2027,Действует,3,Хелат цинка | Хелат железа | Хелат марганца
200-11-4751-1,Грин Лифт,прочее,ЛС,ООО «Грин Лифт»,1115262005264,09.12.2024,бессрочно,Действует,1,"Старт, Для зерновых, Для зернобобовых, Для подсолнечника, Для кукурузы, Для сахарной свеклы, Для рапса, Для льна, Для картофеля, Рост"
203-20-1833-1,Грин Плант,прочее,ЛС,ООО «АГРОБИОКОМ»,1113668009102,14.03.2018,13.03.2028,Действует,0,
203-20-4388-1,Грин Стар,прочее,ЛС,ООО «АГРОБИОКОМ»,1113668009102,26.01.2024,25.01.2034,Действует,0,
"311(460,554)-10-2276-1",Грин Стар Аммофос Био,биоудобрение,ЛС,ООО «ЕвроХим-БМУ»,1062303006930,17.06.2019,16.06.2029,Действует,0,
236-10-2175-1,Грин Стар Нитроаммофоска Био,комплексное NPK,ЛС,ООО «БИОХИМ ТЕХНОЛОГИИ»,5167746223519,29.03.2019,28.03.2029,Действует,5,14:14:23 | 15:24:16 | 16:16:16 | 17:17:17 | 23:13:8
"311(460,554)-10-2265-1",Грин Стар Сульфоаммофос Био,биоудобрение,ЛС,ООО «ЕвроХим-БМУ»,1062303006930,05.06.2019,04.06.2029,Действует,0,
336-11-2973-1,Грин-Го,комплексное NPK,ЛС,Биолким С.п.А.,,11.01.2021,10.01.2031,Действует,4,"6-48-18 | 8-16-40 | 8-16-24+10СаО | 18-18-18+1,3MgO"
479-11-1885-1,Грогрин,комплексное NPK,ЛС,Лима Европа НВ,,26.04.2018,25.04.2028,Действует,7,Грогрин NPK 20-20-20+МЭ | Грогрин NPK13-40-13+МЭ | Грогрин NPK12-12-36+МЭ | Грогрин Гринта Сола | Грогрин Гринта Курби | Грогрин Субтил Сола | Грогрин Субтил Курби
479-11-4431-1,Грогрин,прочее,ЛС,Лима Европа НВ,,06.03.2024,бессрочно,Действует,4,Грогрин Блю-S | Грогрин Гель P-K-S | Грогрин Файв Терра | Грогрин Файв Фруктус
479-11-1882-1,Грогрин Гель,микроудобрение,ЛС,Лима Европа НВ,,26.04.2018,25.04.2028,Действует,11,Грогрин Гель Вегетатив | Грогрин Гель Стартер | Грогрин Гель Фрукт | Грогрин Гель Брассика | Грогрин Гель блэк Мэджик | Грогрин Гель Кальцифос | Грогрин Гель Микро | Грогрин Гель Кальцибор | Грогрин Файв Тотал | Грогрин Файв N | Грогрин Файв К
640-21-2835-1,Грогрин микро,микроудобрение,C,ООО АГСТРИМ,1167746715399,09.10.2020,08.10.2030,Действует,7,Mn E-13 | Zn E-15 | Феррал 6 | Fe Д-11 | Cu E-15 | СЛ | Дрип
279-11-500-1,Гроугрин,кальциевое / известкование,C,ООО Гроугрин,,19.01.2015,18.01.2025,Не действует,4,Гроугрин НПК | Гроугрин Кальций | Гроугрин НС | Гроугрин ПК+Гроугрин Экстенд (прилипатель)
279-13-501-1,Гроугринбио,биоудобрение,C,ООО Гроугрин,,19.01.2015,18.01.2025,Не действует,2,Гроугрин био Келп | Гроугрин био Проферт+Гроугрин Экстенд (прилипатель)
636-14-2872-1,Грунт Биагро,грунт / субстрат,ЛС,ООО «БИОПРОМ»,,03.11.2020,02.11.2030,Действует,7,Грунт для красивоцветущих растений | Грунт для декоративно-лиственных растений | Грунт для вьющихся и ампельных растений | Грунт для суккулентов | Питательный грунт для рассады томатов и перцев | Питательный грунт для рассады огурцов | Питательный грунт для овощей
046-14-2743-1,Грунт для растений,грунт / субстрат,ЛС,АО «ТПК «Техноэкспорт»,1025005325070,05.09.2016,04.09.2026,Не действует,11,Садовая земля | Для рассады овощных и цветочных культур | Для томатов и перца | Для цветочных культур | Для фикусов | Для роз | Для хвойников | Для кактусов и суккулентов | Для орхидей | Для орхидей-эпифитов | Универсальный
046-14-5051-1,Грунт для растений,грунт / субстрат,ЛС,"ООО ""ТЕХНОЭКСПОРТ""",1125042005175,29.08.2025,04.09.2026,Не действует,11,Садовая земля | Для рассады овощных и цветочных культур | Для томатов и перца | Для цветочных культур | Для фикусов | Для роз | Для хвойников | Для кактусов и суккулентов | Для орхидей | Для орхидей-эпифитов | Универсальный
383-14-1184-1,Грунт для растений Биуд-Грунт,грунт / субстрат,ЛС,ООО «ЭКО-АГТИ»,1025002032582,01.08.2016,31.07.2026,Не действует,1,"Пасленовый Биуд-Грунт 1, Тыквенный Биуд-Грунт 2, Хвойный Биуд-Грунт 3, Овощной Биуд-Грунт 4, Цветочный палисад Биуд Грунт 5, Цветочный комнатный Биуд-Грунт 6, Роза Биуд-Грунт 6-1, Фиалка Биуд-Грунт 6-2, Кактус Биуд-Грунт 6-3, Фикус Биуд-Грунт 6-4, Драцена-юкка Биуд – Грунт 6,5. Пальма Биуд-Грунт 6-6, Бегония Биуд-Грунт 6-7, Водоем Биуд-Грунт 6-8, Воздущный Биуд-Грунт 6-9"
285-14-4676-1,Грунт питательный,грунт / субстрат,Л,"ООО ""ПЕРМАГРОБИЗНЕС""",1055902806960,25.09.2024,24.09.2034,Действует,6,Цветочный | Универсальный | Универсальный с Биогумусом | Для Кактусов и суккулентов | Кислый | Для Орхидей
285-14-548-1,Грунт питательный,грунт / субстрат,Л,"ООО ""ПЕРМАГРОБИЗНЕС""",1055902806960,09.02.2015,08.02.2025,Не действует,16,"Универсальный | Для рассады | Для Томатов, перцев, баклажан | Цветочный | Садовая земля | Универсальный с Биогумусом | Для Роз | Для Земляники и клубники | Для Пальм, Фикусов, Драцен | Для цитрусовых | Для Азалий | Для Хвойных | Для Фиалок | Для Бегоний | Для Кактусов и суккулентов | Для Орхидей"
316-14-746-1,Грунт питательный,грунт / субстрат,Л,ИП Сурков Александр Петрович,,12.08.2015,11.08.2025,Не действует,22,"Универсальный | Для рассады | Томат, перец и баклажан | Садовая земля | Посадочная смесь для деревьев и кустарников | Посадочная смесь для хвойников | Посадочная смесь для теплиц | Для газонов | Универсальный цветочный | Универсальный для комнатных растений | Для Азалий | Для орхидей | Для Бегоний | Для Сенполий (фиалок) | Для Пальм | Для Роз | Для Драцен, монстер | Для лЛковичных | Для Цитрусовых | Для хвойных | Для кактусов | Для Суккулентов"
386-14-2144-1,Грунт питательный,грунт / субстрат,Л,ООО «ТПК «НОВ-АГРО»,1145321003850,04.03.2019,03.03.2029,Действует,3,А | Б | В
290-14-707-1,Грунт питательный «Волшебная грядка»,грунт / субстрат,ЛС,ОАО «БХЗ»,,20.07.2015,19.07.2025,Не действует,12,"Универсальная | Цитрусовая | Пальмовая | Кактусовая | Фиалковая | Жасминовая | Вересковая | Хвойная | Томат, перец, баклажан | Огурец | Цветочный универсальный | Микропарник"
230-14-4317-0,Грунт питательный Велторф,грунт / субстрат,ЛС,ООО «ВЕЛТОРФ»,,15.12.2023,14.12.2026,Действует,10,"Универсальный ПРО | Универсальный, Для рассады | Для томатов и перцев | Для комнатных растений | Для цветущих | Для орхидей | Для декоративных хвойных | Для кислотолюбивых культур | Торф нейтрализованный | БИО"
984-14-9625-1,Грунт питательный Для Пальм,грунт / субстрат,Л,Суркова Дарья Александровна,316774600549757,09.10.2025,08.10.2035,Действует,22,"Универсальный | Для рассады | Томат, перец и баклажан | Садовая земля | Посадочная смесь для деревьев и кустарников | Посадочная смесь для хвойников | Посадочная смесь для теплиц | Для Газонов | Универсальный цветочный | Универсальный для комнатных растений | Для Азалий | Для Орхидей | Для Бегоний | Для Сенполий (фиалок) | Для Пальм | Для Роз | Для Драцен, монстер | Для Луковичных | Для Цитрусовых | Для хвойных | Для Кактусов | Для Суккулентов"
382-14-9680-1,"Грунт питательный Для огурцов, тыкв, кабачков, патиссонов",грунт / субстрат,ЛС,"ОАО ""БХЗ""",1024401232382,20.11.2025,19.11.2035,Действует,13,"Универсальный | Для рассады | Для томатов, перцев и баклажанов | Для огурцов, тыкв, кабачков, патиссонов | Для цитрусовых | Для хвойных растений | Для цветов | Для пальм, фикусов, юкки и драцены | Для кактусов и суккулентов | Для примулы и фиалки | Для роз, бегоний, хризантем | Для азалии, вереска, рододендронов | Для герани, пеларгонии"
327-14-3970-1,Грунт питательный с микроэлементами,грунт / субстрат,ЛС,ООО «Гарден Ритейл Сервис»,,30.01.2023,29.01.2033,Действует,10,Рассадный | Цветочный | Хвойный | Кислый | Кактус | Орхидея | Посадочный | Универсальный | Универсал | Элитный
790-14-3518-1,Грунт питательный торфяной,грунт / субстрат,ЛС,ООО «ТОРФЯНАЯ КОМПАНИЯ»,1157746598085,05.03.2022,04.03.2032,Действует,18,Экзо | Томат и Перец | Огурцы | Клубника | Для хвойных | Для Пальм | Для Фикусов | Для Юкки и Драцены | Для Диффенбахии и Монстеры | Для Бегонии и Розы | Для Сенполии и Цикламена | Для Кактусов и Суккулентов | Для Орхидей | Для Рассады | Универсальный | Универсальный Цветочный | Садовая Земля | Эффектон
393-14-1249-1,Грунт питательный торфяной «Питэр Пит»,грунт / субстрат,ЛС,ООО «ПИТЭР ПИТ»,1105027003795,07.10.2016,06.10.2026,Действует,6,01 | 02 | 03 | 04 | 05 | торф верховой нейтрализованный
712-14-3175-1,Грунт почвенный,грунт / субстрат,ЛС,ООО «РУССКАЯ ТОРФЯНАЯ КОМПАНИЯ»,1195081076453,21.06.2021,20.06.2031,Действует,24,"Роза | Фиалка | Орхидея | Кактус | Бегония | Фикус | Герань | Азалия | Цитрус | Пальма | Голубика, черника, клюква | Газон | Хвойники | Торф Нейтрализованный | Вереск, гортензия, рододендроны | Огурцы, кабачки, тыквенные | Томаты, перец | Микропарник, теплица | Рассада | Садовая земля | Цветочный | Универсальный | Биогрунт | ТПС"
315-14-745-1,Грунт торфяной,грунт / субстрат,Л,"ООО ""ЛАМА ТОРФ""",1105004000562,12.08.2015,11.08.2025,Не действует,38,"Садовая земля | Овощная грядка | Зеленая лужайка | Цветочная поляна | Универсальный для комнатных цветов | Хвойный лес | Любимая роза | Для газона | Для цветов | Для рододендронов | Для роз | Для хвойных | Профессионал | Универсал | Универсал с биогумусом | Долина роз | Урожайная грядка | Плодовый сад | Любимые цветы | Изумрудный газон | Хвойная сказка | Для рассады универсальный | Для томатов, перцев, баклажанов | Для плодовых культур | Для плодовых и ягодных культур | Для капусты и зелени | Для огурцов и бахчевых | Для цветов универсальный | Азалия, камелия | Фиалка, бегония | Фикус, пальма | Кактус, алоэ | Профи универсал | Орхидеи | Цветочный | Для рассады | Универсальный | Торф верховой нейтрализованный"
315-14-9775-1,Грунт торфяной Для плодовых культур,грунт / субстрат,Л,"ООО ""ЛАМА ТОРФ""",1105004000562,23.01.2026,22.01.2036,Действует,38,"Садовая земля | Овощная грядка | Зеленая лужайка | Цветочная поляна | Универсальный для комнатных цветов | Хвойный лес | Любимая роза | Для газона | Для цветов | Для рододендронов | Для роз | Для хвойных | Профессионал | Универсал | Универсал с биогумусом | Долина роз | Урожайная грядка | Плодовый сад | Любимые цветы | Изумрудный газон | Хвойная сказка | Для рассады универсальный | Для томатов, перцев, баклажанов | Для плодовых культур | Для цветов универсальный | Азалия, камелия | Фиалка, бегония | Фикус, пальма | Кактус, алоэ | Профи универсал | Орхидеи | Для рассады | Универсальный | Герань | Для голубики и лесных ягод | Цитрус | Торф верховой нейтрализованный | Торфяной субстрат"
830-14-3784-1,Грунт торфяной для овощных и плодово-ягодных культур,грунт / субстрат,ЛС,ООО «НОРД ПАЛП»,1151001010335,12.09.2022,11.09.2032,Действует,7,Грунт №1 | Грунт №2 | Грунт №3 | Грунт №4 | Грунт №5 | Грунт №6 | Грунт №7
830-14-3809-1,Грунт торфяной для цветочных культур,грунт / субстрат,ЛС,ООО «НОРД ПАЛП»,1151001010335,28.09.2022,27.09.2032,Действует,18,Грунт №8 | Грунт №9 | Грунт №10 | Грунт №11 | Грунт №12 | Грунт №13 | Грунт №14 | Грунт №15 | Грунт №16 | Грунт №17 | Грунт №18 | Грунт №19 | Грунт №20 | Грунт №21 | Грунт №22 | Грунт №23 | Грунт №24 | Грунт №25
722-14-1532-1,Грунт торфяной заводского производства для овощных культур торговая марка Народный грунт,грунт / субстрат,ЛС,ООО «Северо-Западная торфяная компания»,5067847066414,26.07.2017,25.07.2027,Действует,8,Для огурца | Для томата и перца | Микропарник-Н | Универсальный | Садовая земля Н | Цветочный | Для рассады | Для хвойников
722-14-4786-1,Грунт торфяной заводского производства для овощных культур торговая марка Народный грунт,грунт / субстрат,ЛС,ООО «Северо-Западная торфяная компания»,5067847066414,24.01.2025,25.07.2027,Действует,1,"Народный грунт марки: Для огурца, Для томата и перца, Микропарник-Н, Универсальный, Садовая земля Н, Цветочный, Для рассады, Для хвойников"
722-14-1531-1,Грунт торфяной заводского производства для цветочных культур торговая,грунт / субстрат,ЛС,ООО «Северо-Западная торфяная компания»,5067847066414,26.07.2017,25.07.2027,Действует,11,Для кактусов | Для фикусов | Для бегоний | Для роз | Для пальм | Для лимона | Для петуний | УниверсалЪ | Для комнатных цветов | Для азалий | Для сенполий
722-14-4785-1,Грунт торфяной заводского производства для цветочных культур торговая,грунт / субстрат,ЛС,ООО «Северо-Западная торфяная компания»,5067847066414,24.01.2025,25.07.2027,Действует,11,Скорая помощь марки: Для кактусов | Для фикусов | Для бегоний | Для роз | Для пальм | Для лимона | Для петуний | УниверсалЪ | Для комнатных цветов | Для азалий | Для сенполий
191-14-1546-1,Грунт торфяной универсальный Агробалт,грунт / субстрат,ЛС,ООО «ПИНДСТРУП»,1166027060825,20.09.2017,19.09.2027,Действует,7,Агробалт-Н | Агробалт-С | Агробалт успех | Агробалт садовый (Садовая земля) | Агробалт покровная почва | Агробалт-В | Агробалт-плодородие
191-14-3723-1,Грунт торфяной универсальный Пиндструп,грунт / субстрат,ЛС,ООО «ПИНДСТРУП»,1166027060825,29.06.2022,28.06.2032,Действует,13,Пиндструп Плюс Оранжевый | Пиндструп Плюс Голубой | Пиндструп Рассадный | Пиндструп Темный | Пиндструп Микс | Пиндструп Светлый | Пиндструп Темный Специальный | Пиндструп Микс Специальный | Пиндструп Светлый Специальный | Пиндструп Плюс Специальный | Пиндструп Субстрат Специальный | Пиндструп Рассадный с Перлитом | Пиндструп Плюс Черный
403-14-1292-1,Грунты торфяные,грунт / субстрат,ЛС,ООО «Соломис Трейд»,,12.12.2016,11.12.2026,Действует,19,"Универсальный грунт для цветов | Грунт для кактусов и бонсай | Грунт для орхидей | Грунт для выращивания зелени | Грунт для тропических растений | Грунт для декоративнолистных растений | Грунт для посева семян и выгонки рассады | Грунт для цветов на могилах и надгробьях | Грунт для розы и обильно-цветущих растений | Грунт для герани и балконных цветов | Грунт для рододендронов, азалии и гортензии | Грунт для декоративных и кустарников и деревьев | Грунт для хвойных растений и туи | Универсальная органическая земля для сада | Грунт для газона | Микропарник для овощных культур и цветов | Профессиональный субстрат 1 | Профессиональный субстрат 2 | Профессиональный субстрат 3"
714-19-3538-1,Гумариз,прочее,C,ООО «БИОФАБРИКА»,1025800548223,18.03.2022,17.03.2032,Действует,2,Гумариз-Т | Гумариз-Ж
291-18-678-1,Гумат,гумат,ЛС,ООО НПК «Берес»,1135476047552,08.06.2015,07.06.2025,Не действует,7,"Берес-4 Супер гумат с микроэлементами универсальный | Берес-4 Супер гумат с микроэлементами для зерновых культур | Берес-4 Супер гумат с микроэлементами для овощных культур | Берес-4 Супер гумат с микроэлементами для технических культур | Берес-4 Супер гумат с микроэлементами для плодово-ягодных культур | Берес-4 Супер гумат с микроэлементами для цветочно-декоративных культур | Берес-8 Супер гумат с фульвокислотами и микроэлементами, концентрат универсальный"
519-18-2171-1,Гумат Калия Биоресурс,гумат,ЛС,ООО «ЧЕБАРКУЛЬСКАЯ ПТИЦА»,1047409500434,28.03.2019,27.03.2029,Действует,0,
404-20-1297-1,Гумат Калия ЭкоОрганика,гумат,ЛС,ООО «ВКУСНАЯ ЖИЗНЬ»,1141218000010,12.12.2016,11.12.2026,Действует,1,Г
556-18-2288-1,Гумат Рост,гумат,ЛС,ООО «РОСТПРОДУКТАГРО»,1156234002495,24.06.2019,23.06.2029,Действует,0,
247-18-1321-1,Гумат Сахалинский,гумат,ЛС,ООО «Сахалинские Гуматы»,1102308006877,12.01.2017,11.01.2027,Действует,9,"Гумат калия Сахалинский Вр 2,5 % | Гумат калия Сахалинский ВР 5% | Гумат калия Сахалинский ВР 10% | Гумат калия Сахалинский 20% | Гумат калия Сахалинская паста 45% | Гумат калия Сахалинский порошок | Гумат калия Сахалинский таблетки | Гумат калия Сахалинский гранулы | Гумат натрия Сахалинский порошок"
247-18-669-1,Гумат Сахалинский,гумат,ЛС,ООО «Сахалинские Гуматы»,1102308006877,25.05.2015,24.05.2025,Не действует,4,"Гумат натрия Сахалинский ВР 2,5% | Гумат натрия Сахалинский ВР 5% | Гумат натрия Сахалинский ВР 10% | Гумат натрия Сахалинский ВР 20%"
937-18-4611-1,Гумат калия Проростим,гумат,ЛС,ООО ТД Экор-М,1175275020865,13.06.2024,12.06.2034,Действует,5,Проростим Фито | Проростим Вита | Проростим Органик Старт | Проростим Органик Стандарт | Проростим Органик Здоровье Земли
018-18-3289-1,Гумат калия Суфлер,гумат,ЛС,"АО ""ЩЕЛКОВО АГРОХИМ""",1025006519427,08.09.2021,07.09.2031,Действует,2,"ВР 2,5 % | ВР 20 %"
367-18-1153-1,Гумат+7,гумат,ЛС,ОАО «ГУМАТ»,1093819001220,12.07.2016,11.07.2026,Не действует,6,Гумат+7А «Для корневой и некорневой подкормки и замачивания семян» | Гумат+7А «Для овощных культур» | Гумат+7А «Для комнатных и садовых цветов» | Гумат+7А «Ягодка» | Гумат+7В | Гумат+7С
450-18-1568-1,Гумат-Органик,гумат,ЛС,ООО «БиоОрганикСинтез»,1144401004923,17.10.2017,16.10.2027,Действует,0,
340-18-1953-1,Гуматизированное удобрение на основе золы,гумат,C,ООО «АГРОТЕХ ГУМАТ»,,26.06.2018,25.06.2028,Действует,4,А – Золушка -комплексное удобрение | Б – Золушка-Фито | В – Бульба для обработки семенного материала картофеля и луковичных/цветочных культур | Г – Раскислитель почвы гуматизированный
016-13-929-1,Гуми-Оми,комплексное NPK,Л,ООО «НВП «БашИнком»,1020202557121,25.12.2015,24.12.2025,Не действует,27,"Овощи, ягоды, цветы | Томат, баклажан, перец | Огурец, кабачок, бахчевые | Картофель, морковь, редис, свекла, репа, редька | Картофель | Лук, чеснок | Земляника, клубника, малина, смородина | Однолетние и двулетние цветы | Многолетние цветы | Луковичные и клубнелуковичные цветы | Бутон-цветы | Цветы садовые универсал | Фиалка-герань | Лимон-мандарин | Лианы | Кактус-алоэ | Фикус-пальма | Газон | Хвойные | Декоративные кустарники | Розы | Азот | Фосфор | Калий | Осенний | Весенний | Плодовые деревья и кустарники-универсал"
258-18-3912-1,Гумимакс универсальный концентрированный,комплексное NPK,ЛС,АО «Уралэкосоил»,1036604401570,21.02.2017,20.02.2027,Действует,8,Гумимакс универсальный концентрированный | Гумимакс – двойная сила | Гумимакс для комнатных растений | Гумимакс для овощей | Гумимакс – салфетка для замачивания и проращивания семян | Гумимакс для весенне-летнего сезона | Гумимакс для осенне-зимнего сезона | Гумимакс – фильтр пакетик для комнатных растений
391-18-1236-1,Гуминатрин с микроэлементами,гумат,ЛС,ООО «НПП «СИБИРСКИЕ ГУМАТЫ»,1027000911596,21.09.2016,20.09.2026,Не действует,2,Паста | Водный концентрат
033-18-9991-1,Гумино-минеральное удобрение Гумат,гумат,Л,ООО «ОРТОН»,1025004916573,02.06.2026,01.06.2036,Действует,0,
735-18-3231-1,Гуминовое удобрение Деметра,гумат,ЛС,ООО «НИЖНЕТАГИЛЬСКАЯ ПТИЦЕФАБРИКА»,1036601251004,16.07.2021,15.07.2031,Действует,2,А – жидкость | Б – гель
949-18-4682-1,Гуминовое удобрение гуматкалия Алтайский,гумат,ЛС,ООО «МИХАЙЛОВСКИЙ ЗАВОД ХИМИЧЕСКИХ РЕАКТИВОВ»,1032202174212,30.09.2024,29.09.2034,Действует,0,
728-18-3208-1,Гуминовое удобрение на основе торфа Ростодар,грунт / субстрат,ЛС,ООО «РОСТОДАР»,1027704006307,12.07.2021,11.07.2031,Действует,2,А – жидкий | Б – гелеобразный
791-13-3528-1,Гуминовый концентрат Терра7,гумат,ЛС,ООО НПО ВЕРДАТЕРРА,1185476103757,15.03.2022,14.03.2032,Действует,0,
271-18-438-1,Гумистим,прочее,ЛС,ООО «ССХП «Женьшень»,,27.10.2014,26.10.2024,Не действует,0,
254-18-4180-1,Гумифул Про,прочее,C,ООО «БИОКЕФАРМ РУС»,1097746641981,14.08.2023,13.08.2033,Действует,1,"Гумифул Про 800, Гумифул Про Вита, Гумифул Про Вива, Гумифул Про Микс, Гумифул Про Амино, Гумифул ПроФи, Гумифул Про Турбо"
891-18-4247-1,Гумостат,гумат,ЛС,ИП Краснощеков Александр Анатольевич,319583500005739,10.11.2023,09.11.2033,Действует,0,
535-11-4811-1,Гуттафол,прочее,C,АО «Группа компаний «ПРОАГРО»,1157746875109,20.03.2025,бессрочно,Действует,5,Гуттафол масличный | Гуттафол свекловичный | Гуттафол кукуруза | Гуттафол зерновой | Гуттафол картофельный
505-20-1997-1,Делфан Плюс,прочее,C,"Трэйд Корпорэйшэн Интэрнэшэнел, С.А. Юниперсонал",,25.09.2018,24.09.2028,Действует,0,
649-12-2888-1,Дефекат известковый,кальциевое / известкование,ЛС,ООО Олымский сахарный завод»,1094608000068,23.11.2020,22.11.2030,Действует,0,
746-12-3249-1,Дефекат известковый,кальциевое / известкование,ЛС,ООО РУСАГРО-ТАМБОВ,1166820058570,05.08.2021,04.08.2031,Действует,0,
747-12-3250-1,Дефекат известковый,кальциевое / известкование,ЛС,ООО РУСАГРО-БЕЛГОРОД,1173123011390,12.08.2021,11.08.2031,Действует,0,
748-12-3251-1,Дефекат известковый,кальциевое / известкование,ЛС,АО КРИВЕЦ-САХАР,1034610000424,18.08.2021,17.08.2031,Действует,0,
749-12-3252-1,Дефекат известковый,кальциевое / известкование,ЛС,АО КШЕНСКИЙ САХАРНЫЙ КОМБИНАТ,1024600838118,18.08.2021,17.08.2031,Действует,0,
752-12-3247-1,Дефекат известковый,кальциевое / известкование,ЛС,АО «Сахарный комбинат «Отрадинский»,1035717001440,05.08.2021,04.08.2031,Не действует,0,
959-12-4788-1,Дефекат известковый,кальциевое / известкование,ЛС,АО «Елань-Коленовский сахарный завод»,"1033690000805, 1034700877694",08.12.2020,27.01.2035,Действует,1,А
453-12-1609-1,Дефекационная известь,кальциевое / известкование,ЛС,ОАО «Заинский сахар»,1021601898394,21.11.2017,20.11.2027,Действует,0,
641-12-3908-1,Дефекационная известь,кальциевое / известкование,ЛС,ОАО «АТМИС– САХАР»,1025800508447,16.12.2022,15.12.2032,Действует,0,
692-12-3112-1,Дефекационная известь,кальциевое / известкование,ЛС,ООО «РОМОДАНОВОСАХАР»,1051310002655,15.04.2021,14.04.2031,Действует,0,
782-12-3435-1,Дефекационная известь,кальциевое / известкование,ЛС,ООО «БЕКОВСКИЙ САХАРНЫЙ КОМБИНАТ»,1165835070059,21.12.2021,20.12.2031,Действует,0,
737-12-3228-1,Дефекационная известь (Дефекат),кальциевое / известкование,ЛС,АО «АГРОКОМПЛЕКС» ИМ. Н.И. ТКАЧЕВА,1022303554635,19.07.2021,18.07.2031,Действует,0,
683-12-3090-1,Дефекационная известь (фильтрационный осадок),кальциевое / известкование,ЛС,ОАО Чишимский сахарный завод,1020201396412,07.04.2021,06.04.2031,Действует,0,
605-10-2601-1,Диаммонийфосфат,прочее,ЛС,ООО АЛМАЗ УДОБРЕНИЯ,1192651003511,17.03.2020,16.03.2030,Действует,0,
312-10-1655-1,Диаммонийфосфат удобрительный,прочее,ЛС,АО «АПАТИТ»,1025100561012,15.12.2014,14.12.2024,Не действует,0,
321-10-4092-1,Диаммонийфосфат удобрительный,прочее,ЛС,АО «ОХК» «УРАЛХИМ»,1077761874024,24.12.2014,23.12.2024,Не действует,0,
321-10-4672-1,Диаммонийфосфат удобрительный,прочее,ЛС,АО «ОХК» «УРАЛХИМ»,1077761874024,23.09.2024,23.09.2034,Действует,3,А | Б | Кристаллический
445-10-4230-1,Диаммонийфосфат удобрительный,прочее,ЛС,АО «АПАТИТ»,1025100561012,23.10.2023,бессрочно,Действует,0,
799-12-3581-1,Доломит сыромолотый мелкозернистый,кальциевое / известкование,ЛС,ООО ИНКО-БАЛТ,1037811023172,01.04.2022,31.03.2032,Действует,0,
364-12-1097-1,Доломитовая мука,кальциевое / известкование,ЛС,ООО «ТД «ДОЛОМИТ»,,27.04.2016,26.04.2026,Не действует,0,
533-12-2148-1,Доломитовая мука,кальциевое / известкование,ЛС,ООО «БалтТрейдХим»,1073906029196,02.04.2019,01.04.2029,Действует,0,
536-12-2155-1,Доломитовая мука,кальциевое / известкование,ЛС,ООО «СЕЛЬХОЗХИМИЯ+»,1103241000170,12.03.2019,11.03.2029,Действует,0,
409-11-1327-1,Древесная зола гранулированная,прочее,ЛС,ООО «Техносервис»,1062903012754,16.01.2017,15.01.2027,Действует,0,
416-19-1351-1,ЕМ•1 микробиологическое удобрение Восток ЭМ-1,биоудобрение,ЛС,ООО «Приморский ЭМ-центр»,1072540004118,26.01.2017,25.01.2027,Действует,0,
033-20-1606-1,ЖИВА,прочее,Л,ООО «ОРТОН»,1025004916573,21.11.2017,20.11.2027,Действует,0,
492-18-1915-1,Жидкая гуминовая подкормка для растений Гумивермбио,гумат,ЛС,ООО «БИОХИМРЕСУРС»,1167746471672,16.05.2018,15.05.2028,Действует,0,
010-11-2411-1,Жидкие комплексные минеральные удобрения Фолирус Х,комплексное NPK,ЛС,"ООО ""ЛИСТЕРРА""",1057749556930,06.06.2016,05.06.2026,Не действует,10,Фолирус Актив | Фолирус Комби | Фолирус Макси | Фолирус Микс | Фолирус Премиум | Фолирус Старт | Фолирус Стимул | Фолирус Супер | Фолирус Форте | Фолирус Экстра
315-11-1633-1,Жидкие комплексные удобрения,комплексное NPK,Л,"ООО ""ЛАМА ТОРФ""",1105004000562,04.12.2017,03.12.2027,Действует,29,Для газона | Для декоративных кустарников | Для садовых цветов | Для плодовых культур | для роз | Для хвойных | Универсальное | Для орхидей | Для гидропоники | Для комнатных растений | Для рододендронов | Для кактусов и суккулентов | Для фиалок | Для цитрусовых | Для фикусов и пальм | Для декоративно-лиственных | Для цветущих растений | Для корнеплодов | Для цветов | Для ягодных культур | Для картофеля | Для лука и чеснока | Для клубники и земляники | Для садовых деревьев | Универсал | Для огурцов | Для рассады универсальное | Для томатов и перцев | Для овощей и цветов
098-11-544-1,Жидкие микроэлементные удобрения «ПОЛИДОН»,микроудобрение,ЛС,ООО «ПОЛИДОН Агро»,1127747201713,05.02.2015,04.02.2025,Не действует,14,ПОЛИДОН ЦИНК | ПОЛИДОН МЕДЬ | ПОЛИДОНМАРГА НЕЦ | ПОЛИДОНЖЕЛЕЗ О | ПОЛИДОН БОР | ПОЛИДОНМОЛИ БДЕН | ПОЛИДОНКАЛИ Й ПЛЮС | ПОЛИДОНМАГН ИЙ | ПОЛИДОН СЕРА | ПОЛИДОН КОМПЛЕКС | ПОЛИФАЙТ | ПОЛИЦИНК | ПОЛИДОН ЙОД | ПОЛИДОН КАЛЬЦИЙ
098-10-553-1,Жидкие минеральные удобрения «ПОЛИДОН»,комплексное NPK,ЛС,ООО «ПОЛИДОН Агро»,1127747201713,12.02.2015,11.02.2025,Не действует,4,ПОЛИДОН N+ | ПОЛИДОНNPK | ПОЛИДОНNP | ПОЛИДОНPK
387(388)-11-1210-1,Жидкие хелатные удобрения ОРГАНОМИКС,микроудобрение,ЛС,ЗАО «ПЕТРОХИМ»,1023101648800,05.09.2016,04.09.2026,Не действует,10,Цинк | Железо | Бор | Универсальное | Для овощных культур | Для плодово-ягодных культур | Для зерновых культур | Для бобовых культур | Для масличных культур | Для декоративных культур
345-11-2990-1,Жидкое Комплексное Удобрение Фертика,комплексное NPK,C,АО «Фертика»,1097746681317,22.01.2021,21.01.2031,Действует,11,"Фертика Кристалон для Гортензий и Азалий | Фертика Кристалон для Клубники и Земляники | Фертика Кристалон для Орхидей | Фертика Кристалон для Пальмовых, Фикусов, Драцен, Юкк | Фертика Кристалон для Роз | Фертика Кристалон для Садовых цветов | Фертика Кристалон для Фиалок | Фертика Кристалон для Хвойных | Фертика Кристалон для Цитрусовых | Фертика Кристалон для Газона | Фертика Люкс для Овощей и Рассады, Фертика Люкс для Комнатных и Балконных растений"
345-11-4387-1,Жидкое Комплексное удобрение Фертика Хвойное для Вечнозеленых,комплексное NPK,Л,АО «Фертика»,1097746681317,26.01.2024,бессрочно,Действует,0,
393-18-2412-1,Жидкое гуминовое удобрение,гумат,ЛС,ООО «ПИТЭР ПИТ»,1105027003795,30.09.2019,29.09.2029,Действует,2,Питэр Пит | Живая сила
,Жидкое комплексное микроудобрение Зеромикс,микроудобрение,ЛС,ООО «Резерв»,1082224012738,29.07.2015,28.07.2025,Не действует,1,"Зеромикс, Зеромикс Гамма, Зеромикс Альфа, Зеромикс Сигма, Зеромикс Омега, Зеромикс Бета"
464-10-1673-1,Жидкое комплексное минеральное удобрение,комплексное NPK,Л,ООО «ПИТЭР ПИТ»,1105027003795,25.12.2017,24.12.2027,Действует,3,А | Б | В
503-11-1973-1,Жидкое комплексное минеральное удобрение Агропроф,комплексное NPK,C,ООО «ФДМПРОМГРУПП»,1145256006708,26.07.2018,25.07.2028,Действует,2,Агропроф Семена – предпосевная обработка | Агропроф – некорневая подкормка
182-11-2899-1,Жидкое комплексное минеральное удобрение Волски Диформы,микроудобрение,ЛС,ООО «Волски Биохим»,1025202846734,27.11.2020,26.11.2030,Действует,8,Диформа Бор-Молибден | Диформа Магний-Цинк | Диформа Магний-Марганец | Диформа Марганец-Бор | Диформа Марганец-Цинк | Диформа Кальций-Азот | Диформа Кремний-Калий | Диформа Кобальт-Селен
444-21-1592-1,Жидкое комплексное минеральное удобрение Волски Микрокомплекс,микроудобрение,ЛС,ООО «Волски Биохим»,1025202846734,07.11.2017,06.11.2027,Действует,2,Микромак | Микроэл
973-10-4875-1,Жидкое комплексное минеральное удобрение Основа,комплексное NPK,C,Залуцкий Марк Олегович,316385000061694,26.05.2025,бессрочно,Действует,0,
182-11-2855-1,Жидкое комплексное минеральное удобрение Страда,комплексное NPK,ЛС,ООО «Волски Биохим»,1025202846734,26.10.2020,25.10.2030,Действует,3,Страда N | Страда Р | Страда К
466-10-1676-1,Жидкое комплексное минеральное удобрение Турмакс,комплексное NPK,,ООО «ПлантаПлюс»,1047000204096,29.12.2017,28.12.2027,Действует,8,Турмакс универсальный – концентрат | Турмакс овощной | Турмакс рассада | Турмакс садовые цветы | Турмакс для хвойных | Турмакс для злаков и газонов | Турмакс универсальный – готовый раствор | Турмакс комнатные растения
382-11-4942-1,Жидкое комплексное удобрение,комплексное NPK,Л,ОАО «БХЗ»,,04.07.2025,бессрочно,Действует,10,Цветочный рай универсальный | Цветочный рай для цветущих растений | Цветочный рай для декоративно-лиственных растений | Цветочный рай для декоративных хвойных растений | Волшебная лейка универсальная | Волшебная лейка для ягодных и плодовых культур | Волшебная лейка для рассады | Чудо-спрей универсальный | Чудо-спрей для цветущих растений | Чудо-спрей для декоративно-лиственных растений
804-11-3615-1,Жидкое комплексное удобрение Полиплата,комплексное NPK,ЛС,ООО «ХЭБАРАГИ»,1167746577217,11.04.2022,бессрочно,Действует,14,Полиплата Наномикс | Полиплата Макс-НК | Полиплата Альфа | Полиплата Сайкурон | Полиплата Л-плант | Полиплата Верде | Полиплата Макс-Бак | Полиплата Унби | Полиплата Макс-Н | Полиплата Аргинтэво | Полиплата Аргетт | Полиплата Зиларра | Полиплата Макс-ПК | Полиплата Ультра
345-11-2989-1,Жидкое комплексное удобрение Фертика Лив Пауэр,комплексное NPK,Л,АО «Фертика»,1097746681317,23.01.2021,22.01.2031,Действует,4,Фертика Лив Пауэр Универсальное | Фертика Лив Пауэр для лиственных | Фертика Лив Пауэр для цветов | Фертика Лив Пауэр для орхидей
182-11-3987-1,Жидкое комплексное удобрение Экомак,комплексное NPK,ЛС,ООО «Волски Биохим»,1025202846734,20.02.2023,бессрочно,Действует,0,
187-11-1976-1,Жидкое комплексное удобрение с микроэлементами Мегавит Н,микроудобрение,C,ООО МИНАГРО,1125252001423,07.08.2018,06.08.2028,Действует,6,Мегавит Н – предпосевная обработка яровые зерновые | Мегавит Н – предпосевная обработка зернобобовые | Мегавит Н – предпосевная обработка масличные | Мегавит Н – предпосевная обработка картофель | Мегавит Н – предпосевная обработка озимые зерновые | Мегавит Н – некорневая подкормка
547-11-2196-1,Жидкое комплексное хелатное удобрение Металлоцен,микроудобрение,ЛС,ООО «НПО «БИОХИМСЕРВИС»,1101690004261,09.04.2019,08.04.2029,Действует,6,Универсал | А | В | С | Д | Е
896-20-4270-1,Жидкое концентрированное гуминовое биоудобрение Биониум,гумат,ЛС,ООО ИНТЕРКРОС ЦЕНТР,1107746079308,17.11.2023,16.11.2033,Действует,0,
098-11-9990-1,Жидкое микроэлементное удобрение ПОЛИДОН КАЛИЙ ПЛЮС,микроудобрение,C,ООО «ПОЛИДОН Агро»,1127747201713,02.06.2026,бессрочно,Действует,0,
098-11-9915-1,Жидкое микроэлементное удобрение ПОЛИДОН ПОЛИДОН МЕДЬ,микроудобрение,ЛС,ООО «ПОЛИДОН Агро»,1127747201713,21.04.2026,бессрочно,Действует,3,ПОЛИДОН МЕДЬ | ПОЛИДОН БОР | ПОЛИДОН МОЛИБДЕН
098-11-9914-1,Жидкое микроэлементное удобрение ПОЛИДОН ПОЛИДОН СЕРА,микроудобрение,ЛС,ООО «ПОЛИДОН Агро»,1127747201713,21.04.2026,бессрочно,Действует,10,ПОЛИДОН ЦИНК | ПОЛИДОН МАРГАНЕЦ | ПОЛИДОН ЖЕЛЕЗО | ПОЛИДОН МАГНИЙ | ПОЛИДОН СЕРА | ПОЛИДОН КОМПЛЕКС | ПОЛИФАЙТ | ПОЛИЦИНК | ПОЛИДОН ЙОД | ПОЛИДОН КАЛЬЦИЙ
772-11-3342-1,Жидкое минеральное полимерное удобрение Зеленит,стимулятор / жидкое комплексное,ЛС,ООО «ПОЛИМЕРОРГСИНТЕЗ»,1077847456455,21.10.2021,20.10.2031,Действует,4,А | Б | В | Г
1003-15-9967-1,Жидкое минеральное удобрение Агроконтакт,стимулятор / жидкое комплексное,C,"ООО ""АГРОКОНТАКТ""",1166820063486,22.05.2026,бессрочно,Действует,0,
562-11-2334-1,Жидкое минеральное удобрение Актив,стимулятор / жидкое комплексное,,ООО «АГРОХИМ ТЕХНОЛОГИЯ»,1165275042646,25.07.2019,24.07.2029,Действует,5,Семена | Рост | Азот | Бобовые | Рапс
562-11-10071-1,Жидкое минеральное удобрение Актив Калий,микроудобрение,ЛС,ООО «АГРОХИМ ТЕХНОЛОГИЯ»,1165275042646,10.08.2026,бессрочно,Действует,6,Бор | Цинк | Калий | Фосфор | Сера | Молибден
434-11-1491-1,Жидкое минеральное удобрение Витанолл,микроудобрение,ЛС,ООО «АГРОМАРКЕТ 24»,,03.05.2017,02.05.2027,Действует,4,N | NP | PK | Микро
182-11-3913-1,Жидкое минеральное удобрение Волски Моноформы,микроудобрение,ЛС,ООО «Волски Биохим»,1025202846734,19.12.2022,бессрочно,Действует,5,Волски Моно-Бор | Волски Моно-Цинк | Волски Моно-Медь | Волски Моно-Железо | Волски Моно-Сера
098-11-9816-1,Жидкое минеральное удобрение ПОЛИДОН ПОЛИДОН NP,комплексное NPK,ЛС,ООО «ПОЛИДОН Агро»,1127747201713,06.03.2026,бессрочно,Действует,4,ПОЛИДОН N+ | ПОЛИДОН NPK | ПОЛИДОН NP | ПОЛИДОН PK
963-11-4813-1,Жидкое минеральное удобрение Эльиксир,микроудобрение,ЛС,"ООО ""ЦЕНТР РЕГИСТРАЦИИ""¶",1227700360568,26.02.2025,бессрочно,Действует,8,Эльиксир Цинк | Эльиксир Медь | Эльиксир Марганец | Эльиксир Железо | Эльиксир Бор | Эльиксир Молибден | Эльиксир Кальций | Эльиксир Магний
535-13-2150-1,Жидкое органо-минеральноеудобрение Про Ферт,микроудобрение,C,АО «Группа компаний «ПРОАГРО»,1157746875109,06.03.2019,05.03.2029,Действует,9,ПроБор 150 | ПроЦинк 130 | Силицин 240 | ПроФерт Нарцисс | АлгаФлекс | Стронг Рут | Амино Ацид | Кальций Амино | Микро Амино
995-13-9905-1,"Жидкое органоминеральное удобрение ""Биотенс"" Биокомплекс",гумат,C,"ООО ""САИН""",1143668025687,15.04.2026,14.04.2036,Действует,14,Активный Рост | Биокомплекс | Антистресс Зерновые | Антистресс Зернобобовые | Антистресс Масличные | Антистресс Сахарная свекла | Антистресс Мегамикс | Экстра Гумат | Экстра Бор | Экстра Цинк | Экстра Молибден | Экстра Фосфор | Экстра Сера | Экстра Комплекс
350-13-975-1,Жидкое органоминеральное удобрение Гелиос,микроудобрение,ЛС,ООО «Челныагрохим»,,17.02.2016,16.02.2026,Не действует,14,Азот | Калий | Супер | Трио | БорМолибден | Цинк | Сера | ФосфорКалий | Марганец | Медь | Молибден | Кремний | Магний | Кальций
764-13-3317-1,Жидкое органоминеральное удобрение Клондайк,микроудобрение,C,ООО «СТАТУС»,1133443020480,24.09.2021,23.09.2031,Действует,5,Х | Прайм | Премиум | Кальций | Бор
987-13-9673-1,Жидкое органоминеральное удобрение ЛАЙФ ФОРС РЕАСИЛ Амино Цинк,гумат,ЛС,"ООО ""ЛАЙФ ФОРС ГРУПП""",1166451074327,14.11.2025,13.11.2035,Действует,20,Ранний Старт | Активное Развитие | Гумаспорин | Амино Бор/Молибден | Качество и Вкус | Семя Старт | Комбо Актив | Гуматкалия/натрия с микроэлементами | Микро Микс | Амино Медь | Амино Цинк | Амино Марганец | Амино Железо | Амино Молибден | Амино Бор | Амино Кальций | Амино Магний | Гумат Антистресс | Амино Сера | Амино Калий/Фосфор
424-13-3613-1,Жидкое органоминеральное удобрение Лобстерр++,стимулятор / жидкое комплексное,ЛС,ООО «ГРАНУМ»,1147746366261,11.04.2022,10.04.2032,Действует,0,
582-13-2443-1,Жидкое органоминеральное удобрение Микро АС,комплексное NPK,,ООО НПП РЕГИОН АГРОПРОДУКТ,1144620000030,30.10.2019,29.10.2029,Действует,15,Универсальный 3-3-3+МЭ | Старт (N-азот) 15-0-0 | Комплекс 5-1-1+МЭ | Железо-9-1-1+Fe | Цинк 5-1-1+Mn | Марганец 5-1-1+Mn | Кремний 5-1-1+Si | Бор 1-0-0+В | Молибден 5-1-1+Мо | Пристимул 1-0-0+МЭ | Пристимул Био 1-0-0 | Зерновой 3-1-2+МЭ | Свекловичный 2-2-4+МЭ | Масличный 1-3-3+МЭ | Пивоваренный ячмень 1-1-5+МЭ
098-13-1591-1,Жидкое органоминеральное удобрение Полидон Амино,микроудобрение,ЛС,ООО «ПОЛИДОН Агро»,1127747201713,07.11.2017,06.11.2027,Действует,15,Полидон Амино Кальций | Полидон Амино Магний | Полидон Амино Цинк | Полидон Амино Железо | Полидон Амино Марганец | Полидон Амино Микс | Полидон Амино Бор-Молибден | Полидон Амино Цинк-Бор | Полидон Амино Кальций-Бор | Полидон Амино Цинк-Марганец | Полидон Амино Плюс | Полидон Амино NPK | Полидон Амино Бигсайз | Полидон Амино Старт | Полидон Амино Финиш
818-13-3682-1,Жидкое органоминеральное удобрение Простор,микроудобрение,ЛС,ИП ПАРФЕНОВА ЕКАТЕРИНА АЛЕКСАНДРОВНА,308165010000023,13.05.2022,12.05.2032,Действует,14,Бор | Цинк | Сера | ФосфорКалий | Марганец | Медь | Молибден | Кремний | Магний | Кальций | Азот | Калий | Старт | Сила
378-13-1155-1,Жидкое органоминеральноеудобрение Агрис,гумат,ЛС,ООО «СОЮЗХИМ КО»,1084312000486,12.07.2016,11.07.2026,Не действует,24,Азот | АзотКалий | Аминовит | Форсаж | Бор | Фосфор | Магний | Цинк | Железо | Медь | Кремний | Молибден | Сера | Кальций | Кальций Лайт | Макс | Бор Плюс | Азот 32 | Азот 32 М | Бор Макс | Аминогумат | Импульс | Лигноамин | Рост
098-10-3956-1,Жидкое удобрение Полидон Тио,калийное,ЛС,ООО «ПОЛИДОН Агро»,1127747201713,18.01.2023,бессрочно,Действует,3,Полидон Тио Кальций | Полидон Тио Магний | Полидон Тио Калий
187-11-4636-1,Жидкое удобрение с микроэлементами Мегавит Моноформы,микроудобрение,C,ООО МИНАГРО,1125252001423,18.07.2024,бессрочно,Действует,8,Мегавит-Бор | Мегавит-Цинк | Мегавит-Сера | Мегавит-Марганец | Мегавит-Фосфор | Мегавит-Железо | Мегавит-Медь | Мегавит-Молибден
476-21-1874-1,Жидкое хелатное микроудобрение Ревитаплант,микроудобрение,ЛС,ООО «Центр Биохимических Технологий»,1114823013348,18.04.2018,17.04.2028,Действует,17,Зерновые (обработка семян) | Зерновые (листовая подкормка) | Кукуруза | Подсолнечник | Крестоцветные | Бобовые | Свекла | Сад-огород | Картофель | Магний | Железо | Медь | Молибден | Марганец | Цинк | Бор | Сера
099-13-1879-1,Жусс,микроудобрение,C,ООО «Урожай XXI»,1057747982874,20.04.2018,19.04.2028,Действует,8,БМ | Активный кремний | Аргентум Агро | Активная кислота | Гумикс | Аква | Комплексный Бор Цинк | Макро
016-14-9730-1,ЗЕМЛЯ-МАТУШКА Фиалка-Герань,комплексное NPK,Л,ООО «НВП «БашИнком»,1020202557121,17.12.2025,16.12.2035,Действует,8,"Универсальная для рассады, зелени и цветов | Фикус-Пальма | Лианы | Кактус-Алоэ | Фиалка-Герань | Лимон-Мандарин | Цветочная-Универсальная | Мульча-Разрыхлитель"
507-18-2006-1,ЗСС (ЗСБ)-У,прочее,ЛС,ИП Дылева Лидия Венедиктовна,304264536500310,14.09.2018,13.09.2028,Действует,0,
033-20-1483-1,Зацветай,прочее,Л,ООО «ОРТОН»,1025004916573,26.04.2017,25.04.2027,Действует,0,
835-18-3814-1,Здоровый урожай,прочее,ЛС,ООО «АГРАРНЫЕ ТЕХНОЛОГИИ»,1043801025982,05.10.2022,04.10.2032,Действует,0,
008-13-3338-1,Здравень Идеальный жидкое комплексное органоминеральное удобрение,комплексное NPK,Л,ООО «Ваше хозяйство»,1025203566728,19.10.2021,18.10.2031,Действует,0,
008-13-2900-1,"Здравень-аква для рассады цветочных, овощных и зеленных культур",стимулятор / жидкое комплексное,,ООО «Ваше хозяйство»,1025203566728,02.12.2020,01.12.2030,Действует,19,"Здравень-аква для комнатных цветов | Здравень-аква для молодых побегов орхидей | Здравень-аква для петуний и астр | Здравень-аква для подкормки орхидей зимой | Здравень-аква для роста корней орхидей | Здравень-аква для стимулирования цветения орхидей | Здравень-аква для внекорневых подкормок картофеля | Здравень-аква для газонов | Здравень-аква для капусты | Здравень-аква для корнеплодов | Здравень-аква для лука и чеснока | Здравень-аква для плодовых деревьев | Здравень-аква для подкормки огурцов, тыквенных, бахчевых культур | Здравень-аква для подкормки томатов и перцев | Здравень-аква для рассады цветочных, овощных и зеленных культур | Здравень-аква для садовых декоративных и хвойных культур | Здравень-аква для садовых цветов | Здравень-аква для ягодников и ягодных культур | Здравень-аква – антистресс регенератор листьев"
126-19-9776-1,Зеленая Анхана,прочее,C,"ООО ""ШАНС""",1093668046812,23.01.2026,22.01.2036,Действует,0,
016-14-932-1,Земля матушка,комплексное NPK,Л,ООО «НВП «БашИнком»,1020202557121,25.12.2015,24.12.2025,Не действует,8,"Универсальный для рассады, зелени и цветов | Фикус-Пальма | Лианы | Кактус-Алоэ | Фиалка-Герань | Лимон-Мандарин | Цветочная-Универсальная | Мульча-Разрыхлитель"
521-11-2109-1,Идрофлорал Плюс,комплексное NPK,ЛС,ЧИФО С.Р.Л.,,06.02.2019,05.02.2029,Действует,5,20-20-20 | 18-18-18 | 15-5-30 | 13-40-13 | 14-11-22+8Сао
041-20-2378-1,Изабион,биоудобрение,ЛС,"ООО ""СИНГЕНТА""",1037739325271,09.09.2019,08.09.2029,Действует,0,
190-10-4370-0,Изагри-К,микроудобрение,ЛС,ООО «ИЗАГРИ»,1227700017742,23.01.2024,22.01.2027,Действует,6,Форс Питание | Азот | Фосфор | Калий | Бор | Калий Плюс
190-11-3856-1,Изагри-Л,микроудобрение,ЛС,ООО «ИЗАГРИ»,1227700017742,03.11.2022,бессрочно,Действует,5,Калий-Кремний | Кальций | Сера | Молибден | Железо
190-13-4059-1,Изагри-М,микроудобрение,ЛС,ООО «ИЗАГРИ»,1227700017742,04.04.2023,03.04.2033,Действует,5,Форст Рост | Вита | Вита Плюс | Цинк | Медь
190-11-3857-1,Изагри-Н,микроудобрение,C,ООО «ИЗАГРИ»,1227700017742,03.11.2022,бессрочно,Действует,4,Марганец | Магний | Марганец-Фосфор | Магний-Цинк
978-12-4954-1,Известковый дефекат,кальциевое / известкование,ЛС,"ООО ""БУИНСКИЙ САХАР""",,24.07.2025,23.07.2035,Действует,0,
849-12-3900-1,Известковый материал (дефекат),кальциевое / известкование,ЛС,АО «СЕРГАЧСКИЙ САХАРНЫЙ ЗАВОД»,1135229000500,13.12.2022,12.12.2032,Действует,0,
645-12-5026-1,Известковый мелиорант для почв-1,кальциевое / известкование,C,САХАРНЫЙ ЗАВОД СВОБОДА АО,1022304972711,13.06.2023,12.06.2033,Действует,0,
623-12-2722-1,"Известняк для раскисленияапочв длительного действия, серии Уральский Дачник",кальциевое / известкование,Л,ООО ГЕТЕРОЗИСНАЯ СЕЛЕКЦИЯ,1167456060925,02.07.2020,01.07.2030,Действует,0,
821-12-3689-1,Известняковая (доломитовая мука),кальциевое / известкование,ЛС,ООО «ИНДОРСТРОЙ»,1142130016489,19.05.2022,18.05.2032,Действует,0,
821-12-5088-1,Известняковая (доломитовая мука),кальциевое / известкование,ЛС,ООО «ИНДОРСТРОЙ»,1142130016489,25.08.2025,18.05.2032,Действует,0,
494-12-1939-1,Известняковая мука,кальциевое / известкование,ЛС,ООО «ВЗП ЗАВОЛЖЬЯ»,1091673001750,31.05.2018,30.05.2028,Действует,0,
680-12-3079-1,Известняковая мука,кальциевое / известкование,ЛС,ООО ФЕНИКС+,1070228000127,31.03.2021,30.03.2031,Действует,0,
704-12-3160-1,Известняковая мука,кальциевое / известкование,ЛС,ООО КАЗАЯКСКИЙ КАРЬЕР,1020203224964,27.05.2021,26.05.2031,Действует,0,
740-12-3236-1,Известняковая мука,кальциевое / известкование,ЛС,ООО «УДМУРТАГРОХИМ»,1101841004957,21.07.2021,20.07.2031,Действует,0,
732-12-3227-1,Известь дефекационная,кальциевое / известкование,ЛС,ПАО «ДОБРИНСКИЙ САХАРНЫЙ ЗАВОД»,1024800567153,16.07.2021,15.07.2031,Действует,0,
832-12-3799-1,Известь дефекационная,кальциевое / известкование,ЛС,ПРОМСАХАР,1024600742341,19.09.2022,18.09.2032,Действует,0,
624-12-2730-1,Известь дефекационная – мелиорант,кальциевое / известкование,C,АО АВРОРА,1024800827699,06.07.2020,05.07.2030,Действует,0,
016-13-931-1,Известь-Гуми,кальциевое / известкование,Л,ООО «НВП «БашИнком»,1020202557121,25.12.2015,24.12.2025,Не действует,0,
016-13-9723-1,Известь-Гуми,кальциевое / известкование,Л,ООО «НВП «БашИнком»,1020202557121,11.12.2025,10.12.2035,Действует,0,
857-12-3977-1,"Известьсодержащий материал для рекультивации земель, известкования и улучшения почвогрунтов",грунт / субстрат,ЛС,АО «УЛЬЯНОВСКИЙ САХАРНЫЙ ЗАВОД»,1027301055770,06.02.2023,05.02.2033,Действует,0,
630-10-3904-1,ИммуноФит,прочее,C,УАБ Икараи,,13.12.2022,бессрочно,Действует,2,ИммуноФит | ИммуноФит Про
693-11-4604-1,Инкриа,прочее,ЛС,Столлер Европа СЛЮ,,13.06.2024,бессрочно,Действует,4,Сэтт | Эквалайзер | Рут Фид | Мультиселл
082-11-4702-1,Инстал,комплексное NPK,ЛС,"ООО ""ИНТЕР ГРУПП""",1084312000420,24.10.2024,бессрочно,Действует,9,"Виктус 13-40-13 | Виктус 19-6-20 | Виктус 15-5-30 | Виктус 12-12-36 | Виктус 7,5-12-36 | Виктус 6-12-36 | Виктус 3-11-38 | Виктус 14-11-31 | Виктус 18-18-18"
630-13-3973-1,Интенс,комплексное NPK,C,УАБ Икараи,,02.02.2023,01.02.2033,Действует,4,"Интенс NPK 0,7-22-29+МЭ | NPK 4-17-22+МЭ | NPK 0,1-42-9 | Менделениум"
359-10-2455-1,Интермаг Огород,прочее,ЛС,ООО «ИНТЕРМАГ сп.з.о.о,,11.12.2019,10.12.2029,Действует,8,"Корнеплодные | Луковичные | Капустные | Огурцы, орхидея, клематис, пеларгонии, декоративно-цветущие | Клубника, малина, помидоры | Примус-Семена | РК 10:18 | Нитромаг-370"
359-13-2247-1,Интермаг Профи,прочее,,ООО «ИНТЕРМАГ сп.з.о.о,,28.05.2019,27.05.2029,Действует,6,Зерновые | Олеистые | Свекла | Стручковые и Бобовые | Картофель | Кукуруза
359-10-2456-1,Интермаг Элемент,микроудобрение,C,ООО «ИНТЕРМАГ сп.з.о.о,,05.11.2019,04.11.2029,Действует,9,Бор | Фосфор | Кальций | Молибден | Титан | Сера-450 | Калий-300 | Микро | Микро-Плюс
499-21-1957-1,Истарка,микроудобрение,C,"Микс,(С) Fe, (С) Mn, (С) Zn, (С) Zn-Mn, (С) Ca, (Л, С) Mg, (C,ЛС) Кемикас Меристем, С.Л.",,04.07.2018,03.07.2028,Действует,7,Микс | Fe | Mn | Zn | Zn-Mn | Ca | Mg
484-19-2004-1,Италполлина микробио,биоудобрение,ЛС,«ИТАЛПОЛЛИНА С.П.А»,,01.10.2018,30.09.2028,Действует,5,Коверон | Коверон Бобовые | Тифи | Клик | Эджис Микрогранулы
292-13-2128-1,Йелд ОН,прочее,C,Валагро С.п.А.,,22.02.2019,21.02.2029,Действует,0,
298-19-1312-1,КЖФ,прочее,,ООО «Петербургские Биотехнологии»,1057810145084,23.12.2016,22.12.2026,Действует,5,КЖФ | РЖФ | ФЖФ | АЖФ | МЖФ
2128-11-202-011-0-0-0-1,Калий азотнокислый (нитрат калия),калийное,C,ООО «САФ-НЕВА»,,01.02.2021,31.01.2031,Действует,0,
382-10-2986-1,Калий азотнокислый (нитрат калия),калийное,ЛС,"ОАО ""БХЗ""",1024401232382,22.01.2021,21.01.2031,Действует,0,
263-17-1994-1,Калий нитрат,калийное,C,АО «Невинномысский Азот»,1022603620885,25.09.2018,24.09.2028,Действует,0,
445-11-2292-1,Калий сернокислый,калийное,C,АО «АПАТИТ»,1025100561012,10.07.2017,09.07.2027,Действует,2,А | Б
919-17-4443-1,Калий сернокислый,калийное,C,АО РУСАЛАчинск,1022401155325,06.03.2024,бессрочно,Действует,3,Водорастворимый | Для внекорневой подкормки | Бесхлорный
382-17-4729-1,Калий сернокислый (сульфат калия),калийное,C,"ОАО ""БХЗ""",1024401232382,26.11.2024,бессрочно,Действует,1,"А, Б, В"
290-11-623-1,Калий сернокислый (сульфат калия) очищенный,калийное,ЛС,ОАО «БХЗ»,,06.04.2015,05.04.2025,Не действует,0,
338-10-876-1,Калий хлористый,калийное,ЛС,ПАО «Уралкалий»,1025901702188,09.12.2015,08.12.2025,Не действует,2,гранулированный | мелкий
423-10-1477-1,Калий хлористый,калийное,C,АО «МИНЕРАЛЬНО-ХИМИЧЕСК АЯ КОМПАНИЯ «ЕВРОХИМ»,1027700002659,24.04.2017,23.04.2027,Действует,2,гранулированный | мелкий
488-17-1913-1,Калий хлористый,калийное,C,ООО «ФосАгро-Орел»,1025702255897,16.05.2018,15.05.2028,Действует,2,гранулированный | мелкий
338-10-1603-1,Калий хлористый (для экспорта),калийное,C,ПАО «Уралкалий»,1025901702188,21.11.2017,20.11.2027,Действует,4,Еврогран | Г | Н | О
338-10-875-1,Калий хлористый 98 %,калийное,ЛС,ПАО «Уралкалий»,1025901702188,09.12.2015,08.12.2025,Не действует,0,
338-17-9638-1,Калий хлористый 98%,калийное,C,ПАО «Уралкалий»,1025901702188,16.10.2025,бессрочно,Действует,0,
338-17-9641-1,"Калий хлористый Гранулированный,Мелкий",калийное,C,ПАО «Уралкалий»,1025901702188,17.10.2025,17.10.2035,Действует,2,Гранулированный | Мелкий
679-17-3089-1,Калий хлористый гранулированный,калийное,C,ООО ИНКО-ТЭК АГРО АЛАБУГА,1171690053732,02.04.2021,01.04.2031,Действует,0,
879-17-4194-1,Калий хлористый гранулированный 60%,калийное,C,ООО ТЕРМИНАЛ-ЛЫСЬВА,1135918000701,05.09.2023,бессрочно,Действует,0,
958-17-4781-1,Калий хлористый марка Мелкий,калийное,C,ООО «ИНК-ЛИТИЙ»,,20.01.2025,бессрочно,Не действует,1,Мелкий
357-10-1047-1,Калий хлористый электролитный,калийное,C,ПАО «КОРПОРАЦИЯ ВСМПО-АВИСМА»,1026600784011,23.03.2016,22.03.2026,Не действует,0,
290-11-703-1,Калимагнезия,калийное,ЛС,ОАО «БХЗ»,,15.07.2015,14.07.2025,Не действует,0,
382-10-4949-1,Калимагнезия,калийное,ЛС,"ОАО ""БХЗ""",1024401232382,22.07.2025,бессрочно,Действует,0,
730-17-3217-1,Калия хлорид,прочее,C,ОАО «СОЛИКАМСКИЙ МАГНИЕВЫЙ ЗАВОД»,1025901972580,14.07.2021,13.07.2031,Действует,2,Г | Д
292-11-4395-1,Кальбит С,прочее,C,Валагро С.п.А.,,30.01.2024,бессрочно,Действует,0,
755-12-9706-1,Кальцигран,кальциевое / известкование,ЛС,АО «УПРАВЛЕНИЕ ТЕХНОЛОГИЯМИ»,1117746243581,04.12.2025,03.12.2035,Действует,0,
211-15-2985-1,Кальциевая селитра,азотное,ЛС,ПАО «Акрон»,1025300786610,21.01.2021,20.01.2031,Действует,0,
912-10-4425-1,Кальций хлористый,кальциевое / известкование,C,ООО ГАЛОПОЛИМЕР КИРОВО-ЧЕПЕЦК,1034313509108,21.02.2024,бессрочно,Действует,2,А | Б
914-17-4426-1,Кальций хлористый гранулированный розовый,кальциевое / известкование,C,ООО ПКФ «БРЯНСКАГРОХИМ»,1153256016638,21.02.2024,бессрочно,Действует,0,
321-11-1352-1,Кальцийазотосульфат,кальциевое / известкование,ЛС,АО «ОХК» «УРАЛХИМ»,1077761874024,26.01.2017,25.01.2027,Действует,0,
287-13-590-1,Канна,прочее,ЛС,ООО «Хортисол»,,10.03.2015,09.03.2025,Не действует,6,Канна Аква Флорес А+Б | Канна Аква Вега А+Б | Канна Терра Флорес | Канна Терра Вега | Канна Коко А+Б | Канна ПК 13/14
287-13-601-1,Канна Гидро,прочее,ЛС,ООО «Хортисол»,,23.03.2015,22.03.2025,Не действует,4,Канна Гидро Флорес А+Б (хард) | Канна Гидро Флорес А+Б (софт) | Канна Гидро Вега А+Б (хард) | Канна Гидро Вега (софт)
287-13-557-1,Канна Плюс,прочее,ЛС,ООО «Хортисол»,,16.02.2015,15.02.2025,Не действует,2,Канна Плюс Канназим | Канна Плюс Каннабуст
180-15-4678-1,Карбамид,азотное,C,АО «Новомосковская акционерная компания «Азот»,1027100507378,27.09.2024,бессрочно,Действует,1,Б
180-15-4679-1,Карбамид,азотное,C,АО «Новомосковская акционерная компания «Азот»,1027100507378,27.09.2024,бессрочно,Действует,0,
188-10-1356-1,Карбамид,азотное,ЛС,ОАО «КуйбышевАзот»,,29.10.2015,28.10.2025,Не действует,1,Б
211-10-925-1,Карбамид,азотное,ЛС,ПАО «Акрон»,1025300786610,25.12.2015,24.12.2025,Не действует,1,Б
263-10-1281-1,Карбамид,азотное,ЛС,АО «Невинномысский Азот»,1022603620885,05.12.2016,04.12.2026,Действует,1,Б
321-10-1582-1,Карбамид,азотное,C,АО «ОХК» «УРАЛХИМ»,1077761874024,12.08.2015,11.08.2025,Не действует,1,Б
321-10-763-1,Карбамид,азотное,ЛС,АО «ОХК» «УРАЛХИМ»,1077761874024,11.09.2015,10.09.2025,Не действует,1,Б
335-10-837-1,Карбамид,азотное,ЛС,"КАО ""АЗОТ""",1024200705077,30.10.2015,29.10.2025,Не действует,1,Б
362-15-1075-1,Карбамид,азотное,C,АО «АММОНИЙ»,1061674035257,18.04.2016,17.04.2026,Не действует,1,Б
413-15-4352-1,Карбамид,азотное,ЛС,АО «Щекиноазот»,1027100507015,10.01.2024,бессрочно,Действует,1,Б
444-10-1521-1,Карбамид,азотное,ЛС,ООО «ГАЗПРОМ НЕФТЕХИМ САЛАВАТ»,1160280116138,10.07.2017,09.07.2027,Действует,1,Б
445-15-3789-1,Карбамид,азотное,ЛС,АО «АПАТИТ»,1025100561012,14.09.2022,бессрочно,Действует,1,Б
455-10-1646-1,Карбамид,азотное,ЛС,ООО «НТЦ «КОРМОФОС»,1147746452347,12.12.2017,11.12.2027,Действует,1,Б
498-10-4380-1,Карбамид,азотное,ЛС,АО «ТОЛЬЯТТИАЗОТ»,1026302004409,04.07.2018,03.07.2028,Действует,1,Б
760-15-3274-1,Карбамид,азотное,ЛС,ООО «ФОСАГРО-ДОН»,1026102898073,26.08.2021,25.08.2031,Действует,1,Б
925-10-4500-1,Карбамид,азотное,ЛС,АО МЕТАФРАКС КЕМИКАЛС,1025901777571,02.04.2024,бессрочно,Действует,1,Б
188-15-9639-1,Карбамид Б,азотное,ЛС,"ПАО ""КУЙБЫШЕВАЗОТ""",1036300992793,16.10.2025,16.10.2035,Действует,1,Б
211-10-5080-1,Карбамид Б,азотное,ЛС,ПАО «Акрон»,1025300786610,25.08.2025,бессрочно,Действует,1,Б
335-15-9656-1,Карбамид Б,азотное,ЛС,"КАО ""АЗОТ""",1024200705077,05.11.2025,бессрочно,Действует,1,Б
362-15-9910-1,Карбамид Б,азотное,ЛС,АО «АММОНИЙ»,1061674035257,17.04.2026,бессрочно,Действует,1,Б
990-15-9724-1,Карбамид Б,азотное,ЛС,ООО «ЕХСЗ-2»,1174704012757,11.12.2025,бессрочно,Действует,1,Б
180-10-1183-1,Карбамид ЮТЕК,азотное,C,АО «Новомосковская акционерная компания «Азот»,1027100507378,01.08.2016,31.07.2026,Не действует,0,
795-15-3544-1,Карбамид гранулированный,азотное,ЛС,ОАО ГродноАзот,,18.03.2022,бессрочно,Действует,0,
321-15-4695-1,Карбамид марка Б,азотное,ЛС,АО «ОХК» «УРАЛХИМ»,1077761874024,17.10.2024,бессрочно,Действует,1,марка Б
795-15-3543-1,Карбамид прилированный,азотное,ЛС,ОАО ГродноАзот,,18.03.2022,бессрочно,Действует,0,
180-10-1972-1,Карбамид с серой,азотное,ЛС,АО «Новомосковская акционерная компания «Азот»,1027100507378,25.07.2018,24.07.2028,Действует,3,"С12 | С7,5 | С4"
188-15-3667-1,Карбамид серосодержащий,азотное,C,ОАО «КуйбышевАзот»,,28.04.2022,бессрочно,Действует,5,КС16 | КС14 | КС12 | КС7 | КС4
321-15-3018-1,Карбамидно-аммиачная смесь жидкая,азотное,C,АО «ОХК» «УРАЛХИМ»,1077761874024,06.07.2021,05.07.2031,Действует,5,КАС-32 | KAС-32+Mg | KAС-32+Ca | KAС-26+S | KAС-28
188-11-9655-1,"Карбамидно-аммиачная смесь жидкая с микроэлементами КАС+S, Сu",азотное,C,"ПАО ""КУЙБЫШЕВАЗОТ""",1036300992793,28.10.2025,бессрочно,Действует,14,"КАС+B | КАС+ Zn | КАС+Сu | КАС+B, Zn | КАС+B, Сu | КАС+Zn, Сu | КАС+В, Zn, Сu | КАС+S, B | КАС+S, Zn | КАС+S, Сu | КАС+S, B, Zn | КАС+S, B, Сu | КАС+S, Zn, Сu | КАС+S, В, Zn, Сu"
321-15-3141-1,Карбамидосульфат,азотное,ЛС,АО «ОХК» «УРАЛХИМ»,1077761874024,18.05.2021,17.05.2031,Действует,2,40:6 | 34:12
413-15-9630-1,Карбамидо–аммиачная смесь (КАС) КАС-32,азотное,ЛС,АО «Щекиноазот»,1027100507015,10.10.2025,бессрочно,Действует,3,КАС-28 | КАС-30 | КАС-32
302-12-1083-1,Карбонат кальция для сельского хозяйства,кальциевое / известкование,C,ОАО «МИНУДОБРЕНИЯ»,,29.07.2015,28.07.2025,Не действует,0,
956-12-9604-1,Карбонат кальция для сельского хозяйства,кальциевое / известкование,C,"АО ""МИНУДОБРЕНИЯ""",1023601231840,26.09.2025,25.09.2035,Действует,0,
211-12-4196-1,Карбонат кальция конверсионный (мелиорант),кальциевое / известкование,ЛС,ПАО «Акрон»,1025300786610,11.09.2023,10.09.2033,Действует,2,А | В
325-12-3823-1,"Карбонат кальция конверсионный сорт 1,2",кальциевое / известкование,C,ПАО «Дорогобуж»,1026700535773,11.10.2022,10.10.2032,Действует,0,
958-12-4780-1,Карбонат кальция осажденный,кальциевое / известкование,C,ООО «ИНК-ЛИТИЙ»,,20.01.2025,19.01.2035,Не действует,0,
958-12-4915-1,Карбонат кальция осажденный,кальциевое / известкование,C,"ООО ""ИХК""",1243800005349,05.08.2025,19.01.2035,Действует,0,
335-15-3039-1,Карбосульфат,прочее,C,"КАО ""АЗОТ""",1024200705077,02.03.2021,01.03.2031,Действует,3,А | Б | В
399-13-2799-1,Катс,прочее,ЛС,Атлантика Агрикола С.А.,,15.09.2020,14.09.2030,Действует,3,Райкат Старт | Райкат Развитие | Райкат Финал
301-13-700-1,Кафом,микроудобрение,ЛС,"Кемикас Меристем, С.Л.",,15.07.2015,14.07.2025,Не действует,5,a | Cu | K | Mg | Zn
041-20-2549-1,Квантис,прочее,C,"ООО ""СИНГЕНТА""",1037739325271,28.02.2020,27.02.2030,Действует,0,
399-11-2934-1,Келик,микроудобрение,ЛС,Атлантика Агрикола С.А.,,17.12.2020,16.12.2030,Действует,7,Микс | Бор | Магний | Кальций | Молибден | Марганец | Цинк
399-11-2949-1,Келик Макс,микроудобрение,C,Атлантика Агрикола С.А.,,21.12.2020,20.12.2030,Действует,2,Калий | Кальций-Бор
399-11-2941-1,Келкат,микроудобрение,ЛС,Атлантика Агрикола С.А.,,17.12.2020,16.12.2030,Действует,5,Микс-Кальций | Бор | Железо | Марганец | Цинк
968-20-4848-1,Келпак,прочее,C,Келп Продактс Интернэшнл (ПиТиУай) Лтд.,,28.04.2025,27.04.2035,Действует,0,
292-13-4390-1,Кендал Рут,прочее,C,Валагро С.п.А.,,30.01.2024,29.01.2034,Действует,0,
401-10-1283-1,КиПаФиТ,прочее,ЛС,"Агропланта ГмбХ, Ко. КГ",,12.12.2016,11.12.2026,Действует,0,
390-13-3718-1,Киминол,прочее,ЛС,Агропромышленная компания Кимитек С.Л.,,22.06.2022,21.06.2032,Действует,3,Амифорт | Инмунекст | Экстендер Роу Ультра
779-13-3447-1,Киплант,прочее,C,"АСФЕРТГЛОБАЛ, ЛДА",,24.12.2021,23.12.2031,Действует,12,Киплант Форалдж Вмо | Киплант Ризоджен | Киплант ВС-04 | Киплант Асприм Р20 | Киплант Асфруйт | Киплант Промвег | Киплант Асборо | Киплант Индусер | Киплант НВ15 | Киплант Молиплант | Киплант Блаш | Киплант Экосил
046-21-1319-1,Кислота борная,микроудобрение,Л,АО «ТПК «Техноэкспорт»,1025005325070,12.01.2017,11.01.2027,Не действует,0,
046-21-5048-1,Кислота борная,микроудобрение,Л,"ООО ""ТЕХНОЭКСПОРТ""",1125042005175,29.08.2025,11.01.2027,Действует,0,
478-18-1884-1,Клеансторм,прочее,C,ООО «БАГРАТИОН»,1125658004867,23.04.2018,22.04.2028,Действует,0,
903-18-4301-1,Комплекс биологически активный органо-минеральный Гумитон,биоудобрение,ЛС,ООО НПП АГРОЭКОТЕХ,1164027068655,11.12.2023,10.12.2033,Действует,0,
555-18-2287-1,Комплекс гуминовых кислот Реликт,гумат,ЛС,ООО НПП «ГЕНЕЗИС»,1165476183674,24.06.2019,23.06.2029,Действует,2,Реликт Р-жидкий | Реликт Р-сухой
679-10-3710-1,Комплексное Удобрение NPK+S,комплексное NPK,C,ООО ИНКО-ТЭК АГРО АЛАБУГА,1171690053732,08.06.2022,бессрочно,Действует,10,"NPK+S № 1 (16-16-16+8) | NPK+S №2 (21-10-10+10) | NPK+S №3 (26-8-8+8) | NPK+S №4 (9-26-26) | NPK+Mg+S №5 (14-18-14 + 1,5+6) | NPK+Mg+S №6 (3-10-37+2,5+2,6) | NPK+Mg+S №7 (11-35-13+0,5+0,4) | NPK+ Mg+S+B №8 (12-15-15+2+13,6+ 0,5) | NPK+Mg+S№9 (5-12-33+2+11,5) | NPK+S №10 (6-20-30+10)"
033-13-1452-1,Комплексное водорастворимое минеральное удобрение с микроэлементами и гуматом Ортон-Подкормка,гумат,Л,ООО «ОРТОН»,1025004916573,13.04.2017,12.04.2027,Действует,1,Кристалон Белый ярлык 15+5+30+3
605-11-4208-1,Комплексное водорастворимое серосодержащее NPK(S) удобрение с микроэлементами,комплексное NPK,ЛС,ООО АЛМАЗ УДОБРЕНИЯ,1192651003511,20.09.2023,бессрочно,Действует,3,0:20:20(5) | 19:19:19(8) | 18:18:18(9)
874-20-4132-1,Комплексное гранулированное биоорганическое удобрение «БЕЛ ОРГАНИКА КМ»,биоудобрение,ЛС,ООО БЕЛ ОРГАНИКА,1203100001720,20.06.2023,19.06.2033,Действует,0,
461-21-4641-1,Комплексное микроудобрение ОраСтарт,микроудобрение,C,ООО «ДЕЛЬТАБИО»,1047796448810,17.03.2022,16.03.2032,Действует,0,
461-11-4640-1,Комплексное микроудобрение Рауактив,микроудобрение,ЛС,ООО «ДЕЛЬТАБИО»,1047796448810,06.07.2020,05.07.2030,Действует,0,
674-13-3004-1,Комплексное микроэлементное удобрение Нагро,микроудобрение,ЛС,ООО ПК ТЕХМАШ,1187746916499,02.03.2021,01.03.2031,Действует,0,
290-11-649-1,Комплексное минеральноеудобрение,комплексное NPK,ЛС,ОАО «БХЗ»,,27.04.2015,26.04.2025,Не действует,19,А | Б | В | Г | Для цветов | Для газонов | Для овощей | Для клубники | Для картофеля | Для плодово-ягодных культур | Для декоративных кустарников | Для лука и чеснока | Для моркови | Для свеклы | Для капусты | Для зеленных культур | Для ландшафтного озеленения | Весна | Осень
327-10-2551-1,Комплексное минеральноеудобрение,комплексное NPK,Л,ООО «Гарден Ритейл Сервис»,,17.03.2020,16.03.2030,Действует,17,Универсальное | Осеннее | Весеннее | Цветочное | Вересковые | Универсал 1 | Универсал 2 | Универсал 3 | Универсал 4 | Универсал 5 | Универсал 6 | Универсал 7 | Универсал 8 | Универсал 9 | Универсал 10 | Универсал 11 | Универсал 12
382-11-4871-1,Комплексное минеральноеудобрение,комплексное NPK,ЛС,"ОАО ""БХЗ""",1024401232382,26.05.2025,бессрочно,Действует,2,А | Б
538-10-3401-1,Комплексное минеральноеудобрение,комплексное NPK,ЛС,"ООО ""ТЕРРА МАСТЕР""",1155476069616,07.12.2021,06.12.2031,Действует,4,17-17-17 | 6-25-12 | 22-12-8 | 12-12-25
950-11-4683-1,Комплексное минеральноеудобрение ЗМУ,грунт / субстрат,ЛС,"ООО ""ЗМУ""",1167746849126,30.09.2024,бессрочно,Действует,12,Для хвойных растений Осеннее 4-10-34 | Универсальное Осеннее 6-12-28 | С повышенным содержанием железа для газонов Осеннее 6-6-22 | Для петуний 7-20-28 | Для хвойных растений 8-9-23 | Для голубики 11-5-13 | Для приготовления грунтов и торфяных субстратов 11-11-21 | Универсальное 13-12-18 | Для роз 15-9-12 | С повышенным содержанием железа для газонов Спорт4 16-5-9 | Плодово-ягодное 18-8-16 | Для спортивных газонов Спорт1 20-5-10
676-11-3054-1,Комплексное минеральноеудобрение гранулированное ФлоВитал,комплексное NPK,ЛС,ООО Гарант,1085260014619,17.03.2021,16.03.2031,Действует,10,Газон Весна | Газон Лето | Газон Осень | Хвойные | Хвойные Осень | Цветы | Ягоды | Универсальный профи | Универсальный Осенний | Корнеплоды и Овощи
285-11-4956-1,Комплексное минеральноеудобрение с микроэлементами,микроудобрение,Л,"ООО ""ПЕРМАГРОБИЗНЕС""",1055902806960,28.07.2025,бессрочно,Действует,16,Капуста | Цветочное | Огурцы-тыква-каб ачки | Томаты-перцы-бак лажаны | Морковь-свекла | Хвойное | Универсальное | Лук-чеснок | Клубника-земляника | Осеннее | Картофельное | Весеннее | Газонное | Плодово-ягодное | Гортензии | Розы
934(935)-13-4591-1,Комплексное органоминеральное удобрение с микроэлементами АлМаг,микроудобрение,C,ООО АЛСИКО-ХИМСЕРВИС,1141690016577,31.05.2024,30.05.2034,Действует,3,АлМаг-Универсал | АлМаг-Бор | АлМаг-Цинк
559-11-2323-1,Комплексное удобрение,комплексное NPK,C,ООО «РФК»,1077758035398,24.07.2019,23.07.2029,Действует,4,КУ-1 | КУ-2 | КУ-3 | ККУ
422-13-4598-1,Комплексное удобрение Амицид,микроудобрение,ЛС,ООО «Элитные Агросистемы»,1055000813515,07.06.2024,06.06.2034,Действует,1,"Амицид Бор, Амицид Зерновой, Амицид Микро, Амицид Овощной, Амицид Сера, Амицид Цинк, Амицид Океаник, Амицид Биофермент"
422-13-9598-1,Комплексное удобрение Амицид,микроудобрение,ЛС,ООО «Элитные Агросистемы»,1055000813515,07.06.2024,06.06.2034,Действует,8,Амицид Бор | Амицид Зерновой | Амицид Микро | Амицид Овощной | Амицид Сера | Амицид Цинк | Амицид Океаник | Амицид Биофермент
344-10-936-1,Комплексное удобрение Биофора,биоудобрение,ЛС,ООО «СТРОЙ АС»,1080273003931,28.12.2015,27.12.2025,Не действует,0,
046-10-3577-1,Комплексное удобрение для внесения в почву,комплексное NPK,ЛС,АО «ТПК «Техноэкспорт»,1025005325070,31.03.2022,бессрочно,Не действует,0,
046-10-5076-1,Комплексное удобрение для внесения в почву,комплексное NPK,ЛС,"ООО ""ТЕХНОЭКСПОРТ""",1125042005175,29.08.2025,бессрочно,Действует,0,
689-12-3104-1,Комплексный известковый мелиорант для повышения урожайности (дефекат),кальциевое / известкование,ЛС,ОАО «ЧЕРЕМНОВСКИЙ САХАРНЫЙ ЗАВОД»,1022202365954,09.04.2021,08.04.2031,Действует,0,
780-14-3454-1,Компо,грунт / субстрат,ЛС,Компо ГмбХ,,28.12.2021,27.12.2031,Действует,10,Кактеа Почвогрунт для кактусов и суккулентов | Сана Почвогрунт для рассады и грядок | Сана Почвогрунт для зеленых растений и пальм | Сана Почвогрунт для орхидей | Сана Почвогрунт для роз | Сана Почвогрунт универсальный | Сана Почвогрунт для бонсай | Сана Почвогрунт для томатов и овощей | Сана Почвогрунт для цитрусовых | Сана Почвогрунт для рододендронов
261-13-594-1,Контролфит,микроудобрение,C,ООО «АГРОЛИГА»,,12.03.2015,11.03.2025,Не действует,3,Контролфит Cu | КонтролфитSi | КонтролфитPK
496-21-10012-1,Контролфит Cu,микроудобрение,C,"АгриТекно Фертилизантес, С.Л.",,15.06.2026,14.06.2036,Действует,0,
496-11-10009-1,Контролфит Si,прочее,C,"АгриТекно Фертилизантес, С.Л.",,10.06.2026,бессрочно,Действует,0,
496-10-10010-1,Контролфит РК,прочее,C,"АгриТекно Фертилизантес, С.Л.",,11.06.2026,бессрочно,Действует,0,
042-18-1486-1,Контур гумат,гумат,C,ООО «ФОРВАРД»,1105476055277,27.04.2017,26.04.2027,Действует,6,Контур гумат | Контур гумат Старт | Контур гумат Рост | Контур гумат Антистресс | Контур гумат профи | Контур гумат Аргент
468-13-1698-1,Концентрированное комплексное жидкое органо-минеральное удобрение,комплексное NPK,ЛС,ООО «Спецхимагро»,1104312000165,31.01.2018,30.01.2028,Действует,2,Чудозём I | Чудозём II
290-21-702-1,Концентрированное микроудобрение Аквамикс,микроудобрение,ЛС,ОАО «БХЗ»,,15.07.2015,14.07.2025,Не действует,3,СТ | Т | ТВ
382-21-4944-1,Концентрированное микроудобрение Аквамикс,микроудобрение,ЛС,"ОАО ""БХЗ""",1024401232382,04.07.2025,03.07.2035,Действует,5,Л | М | Т | ТВ | СТ
410-11-1330-1,Кора,комплексное NPK,ЛС,ООО «Оргполимерсинтез»,1069847503780,17.01.2017,16.01.2027,Действует,5,N | P | PK | NPK 1 | NPK 2
585-19-9828-1,Кормилица Микориза-АС,прочее,ЛС,Кузнецова Мария Вячеславовна,304027214000089,12.03.2026,11.03.2036,Действует,0,
550-16-2804-1,КорнСТАРТ,прочее,C,СОСЕТЬЕ ДЕ ДИСТРИБЬЮТИОН ЭТ ДЕ ПРЕСТАТИОН ДЕ СЕРВИСЕС САС,,16.09.2020,15.09.2030,Действует,0,
642-21-10070-1,Корт Бор,микроудобрение,C,"ООО ""ТЕТРА ХИМ""",1167746491681,10.08.2026,09.08.2036,Действует,0,
437-18-1502-1,Кребсактив,прочее,C,ООО «4ЕСТЕР»,1147748028273,22.05.2017,21.05.2027,Действует,4,N | P | K | Кресактив
299(866)-13-4580-0,Крезамикс,микроудобрение,ЛС,"ООО ""АГРОГАЛАКТИКА СИНТЕЗ""",1167746113413,31.05.2024,30.05.2034,Действует,10,Цинк | Железо | Бор | Универсальное | Для овощных культур | Для плодово-ягодных культур | Для зерновых культур | Для бобовых культур | Для масличных культур | Для декоративных культур
343-19-2294-1,Кренел Соилфит,прочее,C,Агринос Инк.,,01.07.2019,30.06.2029,Действует,0,
344-19-2172-1,Кренел Топвитал,прочее,C,Агринос Инк.,,01.04.2019,31.03.2029,Действует,0,
829-13-3923-1,Криссол,комплексное NPK,ЛС,ЕВРОФЕРТИЛИЗАНТЕС ВАЛЕНСИАНОС С.Л.,,28.12.2022,27.12.2032,Действует,2,Криссол макс 19-19-19 | Криссол макс 13-40-13
186-10-3416-1,Криста МАГ-нитрат магния,магниевое,C,АО «Яра»,,18.01.2016,17.01.2026,Не действует,0,
186-10-3414-1,Криста МКР (монокалийфосфат),калийное,C,АО «Яра»,,06.03.2017,05.03.2027,Действует,0,
186-10-3427-1,Кристалон,прочее,ЛС,АО «Яра»,,06.03.2017,05.03.2027,Действует,6,"Кристалон Белый ярлык 15+5+30+3 | Кристалон Голубой ярлык 19+6+20+3 | Кристалон Красный 12+12+36 | Кристалон Огурец 14+11+31+2,5 | Кристалон Оранжевый 6+12+36+3 | Кристалон Скарлет 7,5+12+36+4,5"
186-13-3428-1,Кристалон,прочее,ЛС,АО «Яра»,,05.10.2015,04.10.2025,Не действует,3,Кристалон Желтый 13+40+13 | Кристалон Коричневый 3+11+38+4 | Кристалон Специальный 18+18+18+3
531-11-2141-1,Крокус,комплексное NPK,C,ООО «ИНБИОТЕХ»,1162375043093,04.03.2019,03.03.2029,Действует,3,Крокус Подсолнечник | Крокус Овощной | Крокус Универсал
400-10-3778-1,Кроп К Плюс,прочее,C,СКМ ЕВРОПА Н.В.,,05.09.2022,бессрочно,Действует,0,
400-11-3779-1,Кроп Комплекс Топ К,прочее,C,СКМ ЕВРОПА Н.В.,,05.09.2022,бессрочно,Действует,0,
482-13-1901-1,Култифорт,кальциевое / известкование,ЛС,"КУЛТИФОРТ, CЛ.",,03.05.2018,02.05.2028,Действует,7,Култифорт Амакол | Култифорт Аминофорт | Култифорт БВЦ 2021 | Култифорт Фолитон | Култифорт АМ | Култифорт Аминоплекс Кальций | Култифорт Култимар
482-13-3144-1,Култифорт Видже,прочее,ЛС,"КУЛТИФОРТ, CЛ.",,11.06.2021,10.06.2031,Действует,4,Спиралис Лонг Лайф | Фасколор | Култисилк | Култисано
482-21-2042-1,Культ,микроудобрение,ЛС,"КУЛТИФОРТ, CЛ.",,02.11.2018,01.11.2028,Действует,2,Культ Фоликино | Культ Микровитал-Л
482-11-3309-1,Культифорт,комплексное NPK,C,"КУЛТИФОРТ, CЛ.",,22.09.2021,21.09.2031,Действует,7,Культифорт 0-36-24+4MgO+TE | Культифорт 20-20-20+1MgO+T E | Культифорт 10-45-10+0.5MgO+ TE | Культифорт 5-5-40+12SO3+TE | Культифорт 16-8-20+2MgO+TE | Культифорт 15-5-30+15SO3 | Культифорт 18-18-18+3MgO+T E
482-17-2046-1,Лайн,прочее,ЛС,"КУЛТИФОРТ, CЛ.",,06.11.2018,05.11.2028,Действует,6,Лайн Култифорт-К | Лайн Култисол | Лайн Фертраз Фруит | Лайн Фитофорт Плюс | Лайн Ферколор | Лайн Оксифорт
475-18-1836-1,Лайф Форс,гумат,ЛС,ООО «ЛАЙФ ФОРС»,1156451004599,22.03.2018,21.03.2028,Действует,6,Соил Кондиционер натуральные гуминовые кислоты | Реасил Соил Кондиционер для органического земледелия | Реасил Соил Кондиционер Супер Газон | Реасил Соил Кондиционер для восстановления плодородия почв | Растворимый Гумат К | Реасил Гумат Калия+10
229-21-4254-1,Лебозол,микроудобрение,C,ООО «Лебозол Восток»,1127746259541,16.11.2023,15.11.2033,Действует,2,Лебозол Бор | Лебозол АкваБор СП
229-13-4303-1,Лебозол Амино,прочее,C,ООО «Лебозол Восток»,1127746259541,11.12.2023,10.12.2033,Действует,2,Авитар | Фитоамин
229-17-4255-1,Лебозол Кальций,кальциевое / известкование,C,ООО «Лебозол Восток»,1127746259541,16.11.2023,бессрочно,Действует,0,
229-11-3862-1,Лебозол Кремний,прочее,C,ООО «Лебозол Восток»,1127746259541,09.11.2022,бессрочно,Действует,0,
229-11-3927-1,Лебозол Микро,микроудобрение,C,ООО «Лебозол Восток»,1127746259541,29.12.2022,бессрочно,Действует,5,Лебозол Рапс Микс СП | Лебозол ТриМакс СП | Лебозол Робустус СП | Лебозол Фрут Микс СП | Лебозол Микс для кукурузы СП
229-10-4276-1,Лебозол Нутриплант,комплексное NPK,ЛС,ООО «Лебозол Восток»,1127746259541,30.11.2023,бессрочно,Действует,7,Лебозол Нутриплант 8-8-6 | Лебозол Нутриплант 6-12-6 | Лебозол Нутриплант 12-4-6 | Лебозол Нутриплант 36 | Лебозол Нутриплант 5-20-5 | Лебозол Микс для зерновых СП | Лебозол Вивир
229-13-4346-1,Лебозол ОМ,микроудобрение,C,ООО «Лебозол Восток»,1127746259541,28.12.2023,27.12.2033,Действует,12,Полный уход | Нутрифос | Нитромикс | Магфос | Заатгут Микс | Марганец 235 | Калий 450 | Мангамино | Кальций Форте СП | Марганец Голд СП | Лебокал Гепта | Аммониум ТС 200
229-11-4325-1,Лебозол Сера 800 СП,прочее,C,ООО «Лебозол Восток»,1127746259541,20.12.2023,бессрочно,Действует,0,
229-21-4261-1,Лебозол Цинк 700 СП,микроудобрение,C,ООО «Лебозол Восток»,1127746259541,17.11.2023,16.11.2033,Действует,0,
641-18-2840-1,Лив Соил А,прочее,,ООО ЭКО ТРЕЙД,1115321000442,15.10.2020,14.10.2030,Действует,3,Лив Соил А | Лив Соил В | Лив Соил С
755-19-3262-1,Лигабакт,прочее,C,АО «УПРАВЛЕНИЕ ТЕХНОЛОГИЯМИ»,1117746243581,16.08.2021,15.08.2031,Действует,2,для гороха | для сои
755-13-3364-1,Лигамин,микроудобрение,ЛС,АО «УПРАВЛЕНИЕ ТЕХНОЛОГИЯМИ»,1117746243581,15.11.2021,14.11.2031,Действует,13,Старт | Фолиар | Макс | Бор | Кальций | Железо | Магний | Марганец | Молибден | Цинк | Медь | Калий | Фосфор-Калий
333-18-1350-1,"Лигнас марки Лигнас А , Лигнас А «Л», Лигнас А «Н», Лигнас А «К», (C,ЛС)",прочее,,ООО «ЛАТИ»,1032600937137,20.01.2017,19.01.2027,Действует,4,Лигнас А | Лигнас А «Л» | Лигнас А «Н» | Лигнас А «К»
264-13-4806-1,Лигно,биоудобрение,ЛС,ООО НПО «РЭТ»,,11.02.2025,10.02.2035,Действует,1,"Алга 15, Алга 30, Амино 15, Амино 30, Н, Н Аква, Ар, Ар Аква, Н Аква Антистресс, Б Супер БИО, БМ Супер БИО"
264-13-905-1,Лигногумат,гумат,ЛС,ООО НПО «РЭТ»,,16.12.2015,15.12.2025,Не действует,13,А | АМ | Б | БМ | В | ВМ | В-Fe | B-NPK | BM-NPK | Д | ДМ | Д-NPK | ДМ-NPK
996-18-9922-1,Лигногумат В-NPK,гумат,ЛС,"ООО НПО ""Реализация экологических технологий""",1047815002510,23.04.2026,22.04.2036,Действует,15,А | АМ | АМ 5% | А-Fe | Б | БМ | В | ВМ | В-Fe | В-NPK | ВМ-NPK | Д | ДМ | Д-NPK | ДМ-NPK
247-21-429-1,Линия «АМ»,прочее,ЛС,ООО «АгроМастер»,1102308006877,13.10.2014,12.10.2024,Не действует,8,АМ EДТАCu 15% | АМ EДТАFe 13% | АМ EДТАMg 6% | АМ EДТАMn 13% | АМ EДТАZn 15% | АМ EДТАCa 10% | АМ ДТРАFe 11% | АМ EДДНАFe 6%
247-21-4684-1,Линия АМ,микроудобрение,ЛС,ООО «АгроМастер»,1102308006877,30.09.2024,29.09.2034,Действует,8,АМ ЕДТА Cu 15% | АМ EДTA Fe 13% | АМ EДTA Mg 6% | АМ EДTA Mn 13% | АМ EДTA Zn 15% | АМ EДTA Ca 10% | АМ ДTРA Fe 11% | АМ EДДHA Fe 6%
629-11-2749-1,Лифдрип,комплексное NPK,ЛС,ФАРИМЕКС,,08.07.2020,07.07.2030,Действует,4,20-20-20+1MgO+ МЭ | 03-11-38+4MgО+М Э | 13-40-13+1MgO+ МЭ | 10-52-10+1MgO+ МЭ
1008-11-10077-1,Лонгитэк Плодовые,прочее,ЛС,"ООО ""ТН-БИОТЕХНОЛОГИЧЕСКИ Й ПАРК""",1221600017385,17.08.2026,бессрочно,Действует,4,Технические | Овощные | Ягодные | Плодовые
292-13-9671-1,МС КРЕМ,прочее,ЛС,Валагро С.п.А.,,14.11.2025,13.11.2035,Действует,0,
292-13-9973-1,МС Сет,прочее,ЛС,Валагро С.п.А.,,25.05.2026,24.05.2036,Действует,0,
824-11-4858-1,Магниевое серосодержащее удобрение с микроэлементами Ультра Си,микроудобрение,ЛС,ООО «УЛЬТРА СИ»,1156683000650,29.04.2025,бессрочно,Действует,0,
290-21-596-1,Магний сернокислый (сульфат магния),магниевое,ЛС,ОАО «БХЗ»,,03.03.2015,12.03.2025,Не действует,2,А | В
382-11-4779-1,Магний сернокислый (сульфат магния),магниевое,ЛС,"ОАО ""БХЗ""",1024401232382,20.01.2025,бессрочно,Действует,1,"А, В, Г, Д"
046-11-1291-1,Магний сернокислый 7-водный,магниевое,Л,АО «ТПК «Техноэкспорт»,1025005325070,12.12.2016,11.12.2026,Не действует,0,
046-11-5050-1,Магний сернокислый 7-водный,магниевое,Л,"ООО ""ТЕХНОЭКСПОРТ""",1125042005175,29.08.2025,11.12.2026,Действует,0,
722-11-1590-1,Магний сернокислый 7-водный (магниевое удобрение),магниевое,ЛС,АО «Химический завод им. Л.Я. Карпова»,,07.11.2017,06.11.2027,Действует,0,
758-19-3269-1,МайкоАп,прочее,C,СИМБОРГ БИЗНЕС ДЕВЕЛОПМЕНТ С.Л.,,23.08.2021,22.08.2031,Действует,0,
288-13-3963-1,Макс Райз,прочее,ЛС,СЕРВАЛЕСА С. Л. У.,,19.02.2015,18.02.2025,Не действует,0,
288-13-9782-1,Макс Райз,прочее,ЛС,СЕРВАЛЕСА С. Л. У.,,29.01.2026,28.01.2036,Действует,0,
637-19-2924-1,Максимайз жидкий для сои,стимулятор / жидкое комплексное,C,ООО «АГРОТЕРРА ЭЛЕВАТОРЫ»,1077758953766,14.12.2020,13.12.2030,Действует,0,
789-11-3520-1,Максимус,комплексное NPK,,ООО НЕСС,1157746715631,09.03.2022,бессрочно,Действует,8,20-20-20 | Экстра N | Экстра P | Экстра Магний | Экстра Сера | Микро Универсальный | ЭкстраK | Экстра PK
247-13-4539-1,Максифол,прочее,ЛС,ООО «АгроМастер»,1102308006877,05.04.2024,04.04.2034,Действует,7,Максифол Динамикс | Максифол Завязь | Максифол Качество | Максифол Мега | Максифол Рутфарм | Максифол Старт | Максифол Экстра
247-13-509-1,Максифол,прочее,ЛС,ООО «АгроМастер»,1102308006877,28.11.2014,27.11.2024,Не действует,7,Максифол Динамикс | Максифол Завязь | Максифол Качество | Максифол Мега | Максифол Рутфарм | Максифол Старт | Максифол Экстра
613-10-2644-1,Манни-Плекс,прочее,,,,08.04.2020,07.04.2030,Действует,3,В-Мо | Кукуруза | Овощной
008-13-749-1,Марафон комплексное гранулированное удобрение,комплексное NPK,ЛС,ООО «Ваше хозяйство»,1025203566728,12.08.2015,11.08.2025,Не действует,10,"Марафон для газона | Марафон для садовых декоративно-лиственных и хвойных культур | Марафон для капусты | Марафон для картофеля | Марафон для томатов и перцев | Марафон для плодовых деревьев | Марафон для огурцов и тыквенных культур | Марафон для садовых цветов | Марафон для земляники, клубники и малины | Марафон для лука и чеснока"
528-13-2295-1,Марвита,прочее,C,СИПКАМ ОКСОН С.П.А.,,01.07.2019,30.06.2029,Действует,8,Марвита Болеро | Марвита Да | Марвита Самба | Марвита Генезис | Сипфол Стар | Сипфол Полис | Нутекс Рок | Нутекс Джаз
404-20-1296-1,Мари Манур,прочее,ЛС,ООО «ВКУСНАЯ ЖИЗНЬ»,1141218000010,12.12.2016,11.12.2026,Действует,2,А | Б
292-11-619-1,Мастер,комплексное NPK,ЛС,Валагро С.п.А.,,01.04.2015,31.03.2025,Не действует,2,18-18-18 | 13-40-13
292-10-9972-1,Мастер 13-40-13,комплексное NPK,ЛС,Валагро С.п.А.,,25.05.2026,бессрочно,Действует,0,
292-10-9970-1,Мастер 18-18-18,комплексное NPK,ЛС,Валагро С.п.А.,,25.05.2026,бессрочно,Действует,0,
292-13-2355-1,Мегафол,прочее,C,Валагро С.п.А.,,28.08.2019,27.08.2029,Действует,0,
292-13-2126-1,Мегафол Протеин,прочее,C,Валагро С.п.А.,,22.02.2019,21.02.2029,Действует,0,
654-21-2912-1,Медьагро,микроудобрение,C,ООО СФК УДОБРЕНИЕ,1146733021819,07.12.2020,06.12.2030,Действует,0,
711-12-3186-1,Мел,кальциевое / известкование,C,ООО «БРЯНСКАЯ МЯСНАЯ КОМПАНИЯ»,1083252000501,18.06.2021,17.06.2031,Действует,0,
776-12-3389-1,Мел,кальциевое / известкование,ЛС,ООО ТПК «КУРСКТОРГГАРАНТ»,1054639035857,30.11.2021,29.11.2031,Действует,0,
829-12-3785-1,Мел молотый для известкованияпочв,кальциевое / известкование,ЛС,АО «ГАРАНТ»,1024600783030,13.09.2022,12.09.2032,Действует,0,
829-12-4159-1,Мел молотый для известкованияпочв,кальциевое / известкование,ЛС,АО «ГАРАНТ»,1024600783030,13.09.2022,12.09.2032,Действует,0,
632-12-2748-1,Мел природный молотый для мелиорации почв,кальциевое / известкование,C,ООО «АПК –ПРОГРЕСС»,1114633001757,17.07.2020,16.07.2030,Действует,0,
743-12-3243-1,Мел природный сыромолотый для химической мелиорациипочв,кальциевое / известкование,C,ООО «ДИВНОГОРЬЕ»,1043600079797,23.07.2021,22.07.2031,Действует,2,А | В
648-12-2887-1,Мел сыромолотый,кальциевое / известкование,ЛС,ООО «ЧЕРКИЗОВО-РАСТЕНИЕВОД СТВО»,1063667300080,24.11.2020,23.11.2030,Действует,0,
926-11-9669-0,"Мелиомин CaMgS Прессованный,Гранулированный",прочее,ЛС,"ООО ""СТОУНФЕРТ""",5177746057495,12.11.2025,11.11.2028,Действует,2,Прессованный | Гранулированный
926-12-9648-0,Мелиомин CaS Мелиомин CaS,прочее,ЛС,"ООО ""СТОУНФЕРТ""",5177746057495,23.10.2025,22.10.2028,Действует,2,Мелиомин CaS марки: прессованный | Мелиомин CaS марки: гранулированный
926-12-4516-1,Мелиомин Са,прочее,ЛС,"ООО ""СТОУНФЕРТ""",5177746057495,22.04.2024,21.04.2034,Действует,2,прессованный | гранулированный
993-12-9741-1,Мелиорант гипсовый - Кальций сернокислый (сульфат кальция) двуводный,кальциевое / известкование,ЛС,"АО ""СГК""",1026301697311,19.12.2025,18.12.2035,Действует,0,
986-12-9646-1,Мелиорант дефекат известковый,кальциевое / известкование,ЛС,"ООО ""БСК""",1036404001369,21.10.2025,20.10.2035,Действует,0,
750-12-3253-1,Мелиорант для известкования кислых почв (дефекат),кальциевое / известкование,ЛС,ОАО ЛЕБЕДЯНСКИЙ САХАРНЫЙ ЗАВОД,1024800671741,12.08.2021,11.08.2031,Действует,0,
798-12-3576-1,Мелиорант для повышения плодородия почвы (дефекат),кальциевое / известкование,ЛС,ООО «АГРОСНАБСАХАР»,1064823022846,30.03.2022,29.03.2032,Действует,0,
709-12-3185-1,Мелиорант для раскисления почв (фильтрационный осадок из ПКФ),кальциевое / известкование,C,ОАО «САХАРНЫЙ ЗАВОД «ЛЕНИНГРАДСКИЙ»,1022304292581,18.06.2021,17.06.2031,Действует,0,
833-12-3807-1,Мелиорант для раскисления почв Дефекат,кальциевое / известкование,ЛС,ООО «ТОРГСИТИ»,1122536009210,26.09.2022,25.09.2032,Действует,0,
993-12-9742-1,Мелиорант доломитовый (Карбонат кальция и Карбонат магния),кальциевое / известкование,ЛС,"АО ""СГК""",1026301697311,19.12.2025,18.12.2035,Действует,0,
635-12-2814-1,Мелиорант известковый (мука известняковая),кальциевое / известкование,ЛС,"ООО ""КОМБИНАТ СТРОИТЕЛЬНЫХ МАТЕРИАЛОВ""",1060272008170,22.09.2020,21.09.2030,Действует,0,
687-12-3098-1,Мелиорант известковый Кальцевид,кальциевое / известкование,ЛС,АО «ОЛЬХОВАТСКИЙ САХАРНЫЙ КОМБИНАТ»,1023601232401,09.04.2021,08.04.2031,Действует,0,
931-12-4565-1,Мелиорант известковый для сельского хозяйства,кальциевое / известкование,ЛС,ООО Регис-Уфа,1140280048138,14.05.2024,13.05.2034,Действует,0,
652-12-2901-1,Мелиорант известковый местный,кальциевое / известкование,ЛС,ООО АГРОХИМСЕРВИС,1041300000620,02.12.2020,01.12.2030,Действует,3,Мел | Мука доломитовая | Мука доломитовая сыромолотая
1010-12-10072-1,Мелиорант известковый молотый (природный мел),кальциевое / известкование,ЛС,"ООО ""СИЛИКАТ""",1037300600600,10.08.2026,09.08.2036,Действует,0,
823-12-3715-1,Мелиорант-дефекат известковый,кальциевое / известкование,ЛС,ООО «САДОВСКИЙ САХАРНЫЙ ЗАВОД»,1033668501030,17.06.2022,16.06.2032,Действует,0,
301-11-807-1,Меристем,прочее,ЛС,"Кемикас Меристем, С.Л.",,19.10.2015,18.10.2025,Не действует,5,В-Мо | В | Са-В | Са | К
382-17-2143-1,Метаборат калия (калий метаборат),калийное,C,"ОАО ""БХЗ""",1024401232382,04.03.2019,03.03.2029,Действует,0,
032-19-2505-1,МикоАпплай,прочее,C,Сумитомо Кемикал Агро Юроп С.А.С.,,13.12.2019,12.12.2029,Действует,0,
298-19-679-1,Микобакт,прочее,ЛС,ООО «Петербургские Биотехнологии»,1057810145084,08.06.2015,07.06.2025,Не действует,2,КФ | РФ
390-19-1238-1,Микогель,прочее,ЛС,Агропромышленная компания Кимитек С.Л.,,21.09.2016,20.09.2026,Не действует,0,
018-19-1988-1,Микорайз,прочее,ЛС,"АО ""ЩЕЛКОВО АГРОХИМ""",1025006519427,14.09.2018,13.09.2028,Действует,0,
196-19-3143-1,Микофренд,прочее,ЛС,ООО «ОРГАНИК ЛАЙН»,1115027001154,18.05.2021,17.05.2031,Действует,2,П | Д
345-21-4767-1,МикроКоут,микроудобрение,ЛС,АО «Фертика»,1097746681317,20.01.2025,19.01.2035,Действует,1,"МикроКоут БМЦ, МикроКоут БММЦ, МикроКоут Цинк, МикроКоут Бор"
021-11-1831-1,МикроМикс,микроудобрение,Л,ВЗСП,1025006038958,30.12.2015,29.12.2025,Не действует,13,Газонное | Картофельное | Овощное | Рассада | Плодовое | Универсальное | Хвойное | Цветочное | Ягодное | Корнепитатель-Август | Корнепитатель-Овощи | Корнепитатель-Цветы | Корнепитатель-Ягода
436-13-1494-1,МикроФид,микроудобрение,ЛС,ООО «БИОФУД»,1164632051715,04.05.2017,03.05.2027,Действует,5,Цинк | Бор | Комплекс | Азот | Профи
436-13-4955-1,МикроФид Амино,микроудобрение,ЛС,ООО «БИОФУД»,1164632051715,23.07.2025,22.07.2035,Действует,5,ФЛАУЕР | СТИМ | Цинк-Марганец | Комплекс | Бор-Молибден
436-10-2744-1,МикроФид Экстра,микроудобрение,ЛС,ООО «БИОФУД»,1164632051715,08.07.2020,07.07.2030,Действует,6,Фосфор | Сера | Кальций | Профи Плюс | Цинк | Старт
585-19-4927-1,Микробиологические удобрения Экстра Ps,биоудобрение,ЛС,Кузнецова Мария Вячеславовна,304027214000089,25.06.2025,24.06.2035,Действует,0,
253-19-10011-1,Микробиологическое удобрение БиоБеСтА,биоудобрение,C,АО «Аметис»,,15.06.2026,14.06.2036,Действует,0,
591(526)-19-2501-1,Микробиологическое удобрение Биоагро-Гум-В,биоудобрение,ЛС,ФГБУ «Россельхозцентр»,1077762014110,12.12.2019,11.12.2029,Действует,0,
591(526)-19-2503-1,Микробиологическое удобрение Биоагро-Гум-Р,биоудобрение,ЛС,ООО НПО «БИОАГРО»,1151322000037,12.12.2019,11.12.2029,Действует,0,
589-19-2472-1,Микробиологическое удобрение Биовел-Рост,биоудобрение,C,ООО ВЕЛЕС,1107746275207,05.12.2019,04.12.2029,Действует,2,Биовел-Рост А | Биовел-Рост Б
232-19-754-1,Микробиологическое удобрение Биогор серии КМ,биоудобрение,ЛС,ООО «НТЦ БИО»,,17.08.2015,16.08.2025,Не действует,2,Биогор-Ж серии КМ | Биогор-С серии КМ
1015-19-10116-1,"Микробиологическое удобрение Биогор серии КМ Биогор-C,Биогор-Ж",биоудобрение,ЛС,"ООО ""НТЦ БИО""",1023101338215,09.09.2026,08.09.2036,Действует,2,Биогор-Ж | Биогор-C
430-19-1469-1,Микробиологическое удобрение Бска-3,биоудобрение,ЛС,ООО «ПАРАДИГМА»,1132311008004,19.04.2017,18.04.2027,Действует,0,
204-19-4348-1,Микробиологическое удобрение Геостим,биоудобрение,ЛС,ООО «Биотехагро»,1042306451384,27.12.2023,26.12.2033,Действует,0,
205-19-10044-1,Микробиологическое удобрение Геостим СП,биоудобрение,ЛС,ООО «Биотехагро»,1042306451384,13.07.2026,12.07.2036,Действует,0,
204-19-2750-1,Микробиологическое удобрение Геостим Фит,биоудобрение,,ООО «Биотехагро»,1042306451384,20.10.2020,19.10.2030,Действует,7,А | Б | В | Г | Д | Е | Ж
829-19-3773-1,Микробиологическое удобрение Марвел Органикс,биоудобрение,C,ООО «Ир-Органик»,1171513000416,24.08.2022,23.08.2032,Действует,0,
643-19-3980-1,Микробиологическое удобрение Натурост,биоудобрение,ЛС,ООО «БИОТРОФ»,,08.02.2023,07.02.2033,Действует,0,
548-19-2205-1,Микробиологическое удобрение Панорамикс,биоудобрение,C,ООО «КОППЕРТ РУС»,1157746216297,24.06.2019,23.06.2029,Действует,2,Панорамикс Пшеница | Панорамикс Кукуруза
870-19-4308-1,Микробиологическое удобрение СояЛайф,биоудобрение,C,ООО Зеленая миля,1207700084613,12.12.2023,11.12.2033,Действует,0,
670-19-3021-1,Микробиологическое удобрение Экорик,биоудобрение,ЛС,"ООО ""ЭКОЛАЙН""",1154827014099,16.02.2021,15.02.2031,Действует,0,
592-19-2517-1,Микробиологическое удобрение Эмикс,биоудобрение,ЛС,ООО НПО АРГО ЭМ-1,1020300982130,10.02.2019,09.02.2029,Действует,2,Эмикс-У | Эмикс Концентрат
174-19-1434-1,Микробиологическое удобрение на основе ризосферных бактерий BacillussubtilisЧ-13,грунт / субстрат,ЛС,ООО «Бисолби-Интер» (Санкт-Петербург),,30.03.2017,29.03.2027,Действует,3,жидкая форма «Экстрасол» | торфяная форма «Бисолби» | сухая форма «БисолбиФит»
422-21-3382-1,Микровит Стандарт,микроудобрение,,ООО «Элитные Агросистемы»,1055000813515,06.03.2017,05.03.2027,Действует,8,Микровит Стандарт | Микровит К | Микровит К-1 (хелат железа 3%) | Микровит К-1 (хелат железа 2%) | Микровит-2 (хелат Mn) | Микровит-3 (хелат Zn) | Микровит -4 (хелат Cu) | Микровит-6 (Кремний)
311-11-1245-1,Микрогранулированный аммофос,комплексное NPK,ЛС,ООО «ЕвроХим-БМУ»,1062303006930,05.10.2016,04.10.2026,Действует,2,"11-49-0 (1+Zn) | 11-46-0 (+ 0,6 Fe+0,1 Mn+1Zn)"
299-13-2831-1,Микромакс Премиум,микроудобрение,C,Эверрис Интернешнл Б.В.,,08.10.2020,07.10.2030,Действует,0,
126-13-4633-1,Микрополидок Моно,микроудобрение,C,"ООО ""ШАНС""",1093668046812,09.07.2024,08.07.2034,Действует,7,Микрополидок Моно Сера | Микрополидок Моно Медь | Микрополидок Моно Железо | Микрополидок Моно Марганец | Микрополидок Моно Магний | Микрополидок Моно Молибден | Микрополидок Моно Кальций
289-11-2983-1,Микростар,микроудобрение,ЛС,«Агронутрисион»,,21.01.2021,20.01.2031,Действует,2,ФМХ | ФЦ
600(601)-10-2531-1,Микроудобрение АгроНАН,биоудобрение,ЛС,ТД АРГЕНТУМ ГРУПП,1197746612469,13.02.2020,12.02.2030,Действует,3,АгроНАН Органик | АгроНАН Био | АгроНАН Актив
371-21-1126-1,Микроудобрение Адоб,комплексное NPK,ЛС,Производственно – Консультационное Предприятие «АДОБ»,,30.05.2016,29.05.2026,Не действует,7,Адоб Cu 15 ЭДТА | Адоб Mn 13 ЭДТА | Адоб Zn15 ЭДТА | Адоб Fe9 XБЕД | Адоб Fe 11ДТПА | Адоб Универсал микрокомплекс | Адоб Гидропоник микрокомплекс
990-11-9803-1,Микроудобрение КомплеМет,микроудобрение,C,Общество с ограниченной ответственностью «НТП-Синтез»,,04.03.2026,бессрочно,Действует,2,Медь Профи | Марганец Профи
783-21-9862-1,Микроудобрение КомплеМет марка Кремний Кремний,микроудобрение,ЛС,Общество с ограниченной ответственностью «НТП-Синтез»,,25.03.2026,24.03.2036,Действует,1,Кремний
990-11-9788-1,Микроудобрение КомплеМет марка Цинк профи Цинк Профи,микроудобрение,C,Общество с ограниченной ответственностью «НТП-Синтез»,,03.02.2026,бессрочно,Действует,1,Цинк Профи
608-21-2687-1,Микроудобрение Л-экспресс-Микро,микроудобрение,C,"ООО ""ЛЕБОЗОЛ ВОСТОК""",1127746259541,29.05.2020,28.05.2030,Не действует,5,Л-экспресс-микро Сера 900 | Л-экспресс-Зерномикс | Л-экспресс-Виталосол Голд | Л-экспресс-Магсофт | Л-экспресс-Квадро Макс С
608-21-4819-1,Микроудобрение Л-экспресс-Микро,микроудобрение,C,"ООО ""ЛЕБОЗОЛ ВОСТОК""",1127746259541,12.05.2025,28.05.2030,Действует,5,Л-экспресс-микро Сера 900 | Л-экспресс-Зерномикс | Л-экспресс-Виталосол Голд | Л-экспресс-Магсофт | Л-экспресс-Квадро Макс С
126-11-3138-1,Микроудобрение Микрополидок,микроудобрение,C,"ООО ""ШАНС""",1093668046812,18.05.2021,17.05.2031,Действует,3,Микрополидок Бор | Микрополидок Цинк | Микрополидок Плюс
289-21-2898-1,Микроудобрение Олигомакс,микроудобрение,C,«Агронутрисион»,,26.11.2020,25.11.2030,Действует,2,БМ | БЦ
289-21-3064-1,Микроудобрение Олигомакс Железо,микроудобрение,ЛС,«Агронутрисион»,,18.03.2021,17.03.2031,Действует,0,
033-21-1392-1,Микроудобрение Ортон-микро,микроудобрение,Л,ООО «ОРТОН»,1025004916573,06.03.2017,05.03.2027,Действует,1,Ортон-микро-Fe
422-21-3381-1,Микроудобрение Питательный раствор Микровит-7 Бор,микроудобрение,ЛС,ООО «Элитные Агросистемы»,1055000813515,02.03.2018,01.03.2028,Действует,0,
976-21-9634-1,Микроудобрение Раслин марка В150,микроудобрение,ЛС,"ООО ""Агрофертком"" (Республика Беларусь)",,13.10.2025,12.10.2035,Действует,0,
693-21-3325-1,Микроудобрение Столлер,микроудобрение,C,Столлер Европа СЛЮ,,05.10.2021,04.10.2031,Действует,2,Столлер Сид | НБХ Зерновой
693-21-3436-1,Микроудобрение Столлер хелат,микроудобрение,C,Столлер Европа СЛЮ,,21.12.2021,20.12.2031,Действует,2,Холд Плюс | КоМо Платинум
382-21-1181-1,Микроудобрение Хелатэм,микроудобрение,ЛС,"ОАО ""БХЗ""",1024401232382,26.07.2016,25.07.2026,Не действует,9,ЭДТА Са | ЭДТА Сu | ЭДТА Zn | ЭДТА Mn | ЭДТА Fe | ДТПА Fe | ЭДДГА Fe | ЭДТА Mg | ЭДТА Со
333-21-813-1,Микроудобрение жидкое,микроудобрение,C,ООО «ЛАТИ»,1032600937137,20.10.2015,19.10.2025,Не действует,2,Лаварин Л | ЦМС-1
333-11-10074-1,"Микроудобрение жидкое Лаварин Л,ЦМС-1",микроудобрение,C,ООО «ЛАТИ»,1032600937137,14.08.2026,бессрочно,Действует,2,Лаварин Л | ЦМС-1
233-11-2473-1,Микроудобрение жидкое Силиплант,микроудобрение,ЛС,ННПП «НЭСТ М»,1027739149580,18.11.2019,17.11.2029,Действует,1,Универсальный
510-21-2010-1,Микроудобрение с аминокислотами КОДАМИН,комплексное NPK,ЛС,ООО «АТК «СЕВЗАПАГРО»,1157847089982,10.10.2018,09.10.2028,Действует,5,Кодамин 150 | Кодамин В-Мо | Кодавит | Кодафол максимус 8-11-3 | Далгин актив
324-21-768-1,Микроудобрительный состав Ормисс универсал,микроудобрение,C,"ООО ""ОРМИСС""",1131690079960,07.09.2015,06.09.2025,Не действует,1,А+Б
324-21-9857-1,Микроудобрительный состав Ормисс универсал марка А+Б,микроудобрение,C,"ООО ""ОРМИСС""",1131690079960,24.03.2026,23.03.2036,Действует,0,
359-12-1505-1,Микрохелат,микроудобрение,C,ООО «ИНТЕРМАГ сп.з.о.о,,22.05.2017,21.05.2027,Действует,5,u-15 | Fe-11 | Fe-13 | Mn-13 | Zn-15
301-21-2346-1,Микс,микроудобрение,,,,14.08.2019,13.08.2029,Действует,9,"Микс | Fe (13) | Fe (6-4) | Fe (6-4,8) | Zn (14) | Mn (13) | Mg (10) | B-Mo | B (21)"
634-13-2792-1,Миллерплекс,прочее,C,«АВЕНТРО» Сарл,,23.09.2020,22.09.2030,Действует,0,
268-21-414-1,Минерал 22,прочее,C,СЕН-ЕН САНГИО ИНК.,,22.09.2014,21.09.2024,Не действует,0,
443-15-1605-1,Минеральное азотное удобрение СелиКа,азотное,C,ООО «Кубань-Агро-Гуматы»,1162369050403,21.11.2017,20.11.2027,Действует,0,
525-11-3863-1,Минеральное водорастворимое удобрение Компо Эксперт,комплексное NPK,ЛС,Компо Эксперт ГмбХ,,09.11.2022,бессрочно,Действует,20,Хакафос Кальцидик Плюс Н | Хакафос Кальцидик Плюс П | Хакафос Кальцидик Плюс К | Хакафос Кальцидик НПК | Хакафос 20-20-20 | Хакафос 13-40-13 | Хакафос 3-15-36 | Басфолиар СП 20-19-19 | Басфолиар СП 15-30-15 | Басфолиар СП 7-12-40 | Басфолиар СП Гербиплюс | Базаплант 20-20-20 | Базаплант 12-32-14 | Базаплант 8-12-24 | Новатэк Солуб 16-30-0 | Новатэк Солуб 13-33-13 | Новатэк Солуб 18-18-18 | Новатэк Солуб 20-19-19 | Новатэк Солуб 14-8-30 | Новатэк Солуб НК-Ка 22-0-10
702-11-3155-1,Минеральное водорастворимое удобрение с микроэлементами Церберо,микроудобрение,C,ООО НОВАМИН,1192375015711,21.05.2021,20.05.2031,Действует,11,Церберо 13.11.38 + МЭ | Церберо 15.05.30 + 2MgO + МЭ | Церберо 13.40.13 + МЭ | Церберо 15.12.15 + 3MgO + МЭ | Церберо 18.18.18 + 3MgO + МЭ | Церберо 20.05.20 + 1MgO + МЭ | Церберо 21.21.21 + МЭ | Церберо 20.20.20 + 1MgO + МЭ | Церберо 09.12.35 + 1MgO + МЭ | Церберо 10.52.10 + 0.5MgO + МЭ | Церберо 11.22.30 + 2MgO + МЭ
246-11-432-1,Минеральное удобрение «Компо»,комплексное NPK,ЛС,ООО ТД «АгроМастер»,,21.10.2014,20.10.2024,Не действует,17,Басфолиар 17-17-17 СЦ | Басфолиар 14-10-29 СЦ | Басфолиар 13-21-13 СЦ | Басфолиар Келп СЛ | Басфолиар Келп П-Макс СЛ | Басфолиар ZnФло | Басфолиар ВZn Фло | Басфолиар Mg Фло | Басфолиар Mn Фло | Басфолиар CuФло | Басфолиар Ca Фло | Басфолиар Экселент Фло | Басфолиар Ферро Топ СЛ | Басфолиар 10-4-7 СЛ | Витаника ПЗ | Витаника МС | Витаника СИ
770-11-3331-1,Минеральное удобрение Агрилайф,прочее,C,ООО «АГРИВЕТ ИНВЕСТ ГРУПП»,1183256008760,07.10.2021,06.10.2031,Действует,8,Агрилайф Павер | Агрилайф Грейн | Агрилайф Оил | Агрилайф Вег | Агрилайф Фрут | Агрилайф Старт | Агрилайф Баланс | Агрилайф Гроу
299-11-3328-1,Минеральное удобрение АйСиэЛ,комплексное NPK,ЛС,Эверрис Интернешнл Б.В.,,06.10.2021,05.10.2031,Действует,10,"Сиерраформ ГТ Анти-стресс 15-0-26+Fe | Сиерраформ ГТ Моментум 22-5-11+2MgO+Te | СиеррабленПлюс Стресс Контроль 15-0-28+2MgO | СиеррабленПлюс Актив 18-5-18+2MgO | Спортмастер СРФ Мини Стресс Контроль 10-5-21+4СаО+2MgO | Спортмастер Базовый NK 12-0-9+5СаО+2Mg O | Гринмастер Про-Лайт Осень 6-5-11+3MgO+Fe | Лендскейпер Про Предзимний 14-5-21+2MgO | Лендскейпер Про Шейд Спейшл 11-5-5+8Fe | ПроТурф 21-5-6+2,5СаО+2,5 MgO"
745-10-3246-1,Минеральное удобрение Бионутрия,микроудобрение,C,ООО «БИОУДОБРЕНИЯ»,1187746927939,05.08.2021,04.08.2031,Действует,6,Бионутрия БиоМанган 170 NS Cu | Бионутрия БиоБор | Бионутрия БиоКроп Опти ХЛ | Бионутрия БиоЦинк | Бионутрия БиоМолибден | Бионутрия NPS
920-11-4432-1,Минеральное удобрение Грин,прочее,ЛС,ООО ДР.Грин Польша,,27.02.2024,бессрочно,Действует,6,Зерновые | Масличные | Кукуруза | Свекла | Картофель | Прайм
920-11-4433-1,Минеральное удобрение Грин,прочее,ЛС,ООО ДР.Грин Польша,,27.02.2024,бессрочно,Действует,3,Старт | Энергия | Качество
419-11-3750-1,Минеральное удобрение Дженерал Хидропоникс,прочее,ЛС,ТЕРРА АКВАТИКА САС,,10.02.2017,09.02.2027,Действует,6,Флора Нова Гроу | Флора Нова Блум | Флора Мато | Райпен | Флора Дуо Блум | Флора Дуо Гроу
344-10-937-1,Минеральное удобрение Донор,прочее,ЛС,ООО «СТРОЙ АС»,1080273003931,28.12.2015,27.12.2025,Не действует,0,
537-11-2156-1,Минеральное удобрение Икар,прочее,C,"«Икараи», ЗАО",,14.03.2019,13.03.2029,Действует,6,Икар Элаис | Икар Калисто | Икар Мо300 | Икар НБ 7-17+Мо | Икар Зинто | Икар НБ 7-17
525-11-2070-1,Минеральное удобрение Компо,комплексное NPK,,,,14.05.2019,13.05.2029,Действует,50,Агрозил ЛР | Базакот Плюс 16-8-12 | Базакот Стартер | Базакот Табс | Базатоп Спорт | Базатоп Стартер | Базатоп Фэирвейс | Базатоп Эспейсиз | Базафер Плюс | Базафилм Твин Газон | Басфолиар Борон СП | ДюраТэк Стартер | Изигрин Мини 15 | Изигрин Мини 18 | Новатэк Солуб 14-48 | Новатэк Солуб 21 | Нутрибор | Нутримикс | Спортика К | Супер Флоранид Твин Газон БС | Триабон | Ферро Топ | Фертилис Спид | Фетрилон Комби 2 | Флоранид Н31 | Флоранид Твин Игл Мастер | Флоранид Твин Игл НК | Флоранид Твин НК | Флоранид Твин Перманент | Флоранид Твин Терф | Флоранид Эко 10 | Флоранид Эко 15 | Флоранид Эко 20 | Цитрилон 15 | Энфорс Баланс | Энфорс Бейсик | Энфорс НК | Энфорс Хай-К | Энфорс Хай-Н | Энфорс Эко 8 | Энфорс Эко Баланс | Энфорс Эко Хай-К | Энфорс Эко Хай-Н | Базаплант 15-5-30 | Изи Старт Микрофаст | Изи Старт МЭ-Макс БС | Изи Старт Плюс | Новатэк Солуб 9-0-43 | Новатэк Солуб К-Макс 10-5-30 | Флоранид Твин Игл К
525-11-2297-1,Минеральное удобрение Компо,комплексное NPK,,,,01.07.2019,30.06.2029,Действует,16,Басфолиар 12-4-6 СЛ | Басфолиар 34 СЛ | Басфолиар 36 Экстра СЛ | Басфолиар 6-12-6 СЛ | Басфолиар CaB СЛ | Басфолиар Б Фло | Басфолиар Боро СЛ | Басфолиар Комби Стипп СЛ | Басфолиар Мульти Фло | Басфолиар Сан Протект | Басфолиар Фрост Протект | Басфолиар Актив СЛ | Басфолиар КоМол | Басфолиар Топ Н СЛ | Басфолиар Фрутс СЛ | Нутрисид
525-11-3861-1,"Минеральное удобрение Компо Эксперт марки Дюратэк Топ 14, Дюратэк Топ 21, Дюратэк Топ 24, Изигрин Мини 12, Изигрин Мини 21, Фертилис Свинг НК, Ф",грунт / субстрат,ЛС,Компо Эксперт ГмбХ,,09.11.2022,бессрочно,Действует,18,Дюратэк Топ 14 | Дюратэк Топ 21 | Дюратэк Топ 24 | Изигрин Мини 12 | Изигрин Мини 21 | Фертилис Свинг НК | Флоранид Твин Клаб | Флоранид Твин Игл Старт | Кали Газон | Базатоп Фэир | Базатоп Спорт Мини | Топ Субстра | Субстратдюнгер | Изи Старт МЭ-Макс | Базакот П-Макс | Базакот Н-Макс | Базакот Хай-К | Базакот Мини
711(830)-10-3776-1,Минеральное удобрение Кремнемаг,прочее,ЛС,АО «ЮЖНО – УРАЛЬСКИЙ ЗАВОД МАГНИЕВЫХ СОЕДИНЕНИЙ»,1145658016657,05.09.2022,бессрочно,Действует,2,Суперсульфат | Суперсульфат плюс
608-11-2688-1,Минеральное удобрение Л-экспресс-Микс,микроудобрение,C,"ООО ""ЛЕБОЗОЛ ВОСТОК""",1127746259541,29.05.2020,28.05.2030,Не действует,7,Л-экспресс-Мо-Н | Л-экспресс-Бор-Н | Л-экспресс-Брассика | Л-экспресс-Калий Плюс | Л-экспресс-Марганец 500 С | Л-экспресс-ПК Макс | Л-экспресс Цинк 850
608-11-4820-1,Минеральное удобрение Л-экспресс-Микс,микроудобрение,C,"ООО ""ЛЕБОЗОЛ ВОСТОК""",1127746259541,12.05.2025,28.05.2030,Действует,7,Л-экспресс-Мо-Н | Л-экспресс-Бор-Н | Л-экспресс-Брассика | Л-экспресс-Калий Плюс | Л-экспресс-Марганец 500 С | Л-экспресс-ПК Макс | Л-экспресс Цинк 850
337-11-3222-1,Минеральное удобрение Мегамикс,микроудобрение,ЛС,ООО «НПФ МЕГАМИКС»,,14.07.2021,13.07.2031,Действует,3,Мегамикс – Фосфор | Мегамикс – Сера | Мегамикс – Магний-цинк
337-13-865-1,Минеральное удобрение Мегамикс,микроудобрение,ЛС,ООО «НПФ МЕГАМИКС»,,16.11.2015,15.11.2025,Не действует,6,Мегамикс –Семена | Мегамикс – Профи | Мегамикс –Азот | Мегамикс –Калий | Мегамикс – Бор | Мегамикс – Цинк
337-11-9858-1,Минеральное удобрение Мегамикс Мегамикс-Калий,микроудобрение,ЛС,ООО «НПФ МЕГАМИКС»,,24.03.2026,бессрочно,Действует,5,Мегамикс-Семена | Мегамикс-Профи | Мегамикс-Азот | Мегамикс-Калий | Мегамикс-Бор
337-11-9847-1,Минеральное удобрение Мегамикс Мегамикс-Профи,микроудобрение,ЛС,ООО «НПФ МЕГАМИКС»,,19.03.2025,18.03.2035,Не действует,5,Мегамикс-Семена | Мегамикс-Профи | Мегамикс-Азот | Мегамикс-Калий | Мегамикс-Бор
289-11-3124-1,Минеральное удобрение Олигомакс,прочее,ЛС,«Агронутрисион»,,26.04.2021,25.04.2031,Действует,3,Альфа | Бета | Гамма
939-10-4624-1,Минеральное удобрение Плантарин,прочее,C,ООО АГРОХИМСИНТЕЗ,1195081087739,24.06.2024,бессрочно,Действует,2,Плантарин | Плантарин Премиум
269-10-423-1,Минеральное удобрение Серпомаг,прочее,C,ЗАО «Литосфера»,,02.10.2014,01.10.2024,Не действует,0,
420-11-1370-1,Минеральное удобрение Силактив,прочее,ЛС,ООО «СИЛАКТИВ»,1157746162540,16.02.2017,15.02.2027,Действует,0,
299-11-681-1,Минеральное удобрение Эверрис,комплексное NPK,ЛС,Эверрис Интернешнл Б.В.,,15.06.2015,14.06.2025,Не действует,15,Сиерраформ «Весенний старт» 16-0-16+Fe+Mn | Сиерраформ «Калий плюс» 6-0-27+MgO+MЭ | Сиерраформ «Весь сезон» 18-6-18+2MgO+M Э | ПроТурф 15-5-15+2CaO+2MgO | ПроТурф 20-0-7+3CaO+3Mg O | ПроТурф 12-5-20+2CaO+2MgO | Лендскейпер Про «Новый газон» 20-20-8 | Лендскейпер Про «Круглыйгод» 24-5-8+2MgO | Лендскейпер Про «Поддержка газона» 25-5-12 | Лендскейпер Про «Стресс контроль» 16-5-22 | Лендскейпер Про «Флора» 15-9-11+3MgO | Лендскейпер Про «Весь сезон» 27-5-5+2MgO | Спортмастер «Высокий азот» 26-5-11+2MgO+М Э | Спортмастермини «Высокий азот» 24-5-11 | Спортмастермини «Высокий калий» 13-5-20+2MgO+Fe
668-11-3014-1,Минеральное удобрение с микроэлементами Агнишн,микроудобрение,C,Ронар Б.В.,,10.02.2021,09.02.2031,Действует,4,Дженерейт | Комменс для пшеницы | Комменс для сои | Комменс для кукурузы
757-11-3260-1,Минеральное удобрение с микроэлементами Бион,микроудобрение,C,ИП ПОРЕЧНЫЙ АНДРЕЙ ИВАНОВИЧ,319237500016251,12.08.2021,11.08.2031,Действует,4,Бион Интеллект | Бион Вмо | Бион Кукуруза | Бион Бор
447-15-1538-1,Минеральное удобрение сульфат аммония гранулированный,азотное,ЛС,ООО «МИХАЙЛОВСКИЙ ЗАВОД ХИМИЧЕСКИХ РЕАКТИВОВ»,1032202174212,10.08.2017,09.08.2027,Действует,1,В
246-21-459-1,Минеральное удобрение “Валагро»,биоудобрение,ЛС,ООО ТД «АгроМастер»,,28.11.2014,27.11.2024,Не действует,2,Молибион | Кальбит С
010-11-2410-1,Минеральные удобрения Фолирус О,микроудобрение,ЛС,"ООО ""ЛИСТЕРРА""",1057749556930,06.06.2016,05.06.2026,Не действует,7,Фолирус Бор | Фолирус Кальций-Магний | Фолирус Комплекс | Фолирус Марганец | Фолирус Медь | Фолирус Сера | Фолирус Цинк
510-11-2009-1,Минеральные удобрения с микроэлементами Кода,комплексное NPK,ЛС,ООО «АТК «СЕВЗАПАГРО»,1157847089982,31.01.2019,30.01.2029,Действует,3,Кодафол 14-6-5 | Кодафол 7-21-7 | Кодафол К 35
911-11-4407-0,Многофункциональное жидкое минеральное удобрение с микроэлементами Ясна,микроудобрение,ЛС,ООО Содружество,1177847009526,06.02.2024,05.02.2027,Действует,6,Ясна | Ясна Азот | Ясна Фосфор | Ясна Цинк | Ясна Молибден | Ясна Бор
565-10-2369-1,Моноаммонийфосфат,прочее,C,ООО «АЛЬП»,1162651077159,30.08.2019,29.08.2029,Действует,2,Т | Ж
605-10-2562-1,Моноаммонийфосфат,прочее,ЛС,ООО АЛМАЗ УДОБРЕНИЯ,1192651003511,05.03.2020,04.03.2030,Действует,0,
460-10-1715-1,Моноаммонийфосфат водорастворимый кристаллический,стимулятор / жидкое комплексное,ЛС,"ООО ""ЕВРОХИМ ТРЕЙДИНГ РУС""",1157746926480,01.02.2018,31.01.2028,Действует,2,А | Б
445-10-3788-1,"Моноаммонийфосфат водорастворимый, высший и первый сорт",стимулятор / жидкое комплексное,ЛС,АО «АПАТИТ»,1025100561012,14.09.2022,бессрочно,Действует,0,
321-10-4028-1,Моноаммонийфосфат специальный водорастворимый,стимулятор / жидкое комплексное,ЛС,АО «ОХК» «УРАЛХИМ»,1077761874024,14.03.2023,бессрочно,Действует,2,А | Б
247-10-2971-1,Монокалийфосфат,калийное,C,ООО «АгроМастер»,1102308006877,11.01.2021,10.01.2031,Действует,0,
290-10-1118-1,Монокалийфосфат,калийное,ЛС,ОАО «БХЗ»,,19.05.2016,18.05.2026,Не действует,0,
332-10-811-1,Монокалийфосфат,калийное,C,Прайон С.А.,,20.10.2015,19.10.2025,Не действует,0,
565-10-2368-1,Монокалийфосфат,калийное,C,ООО «АЛЬП»,1162651077159,30.08.2019,29.08.2029,Действует,2,Т | Ж
605-10-2602-1,Монокалийфосфат,калийное,ЛС,ООО АЛМАЗ УДОБРЕНИЯ,1192651003511,17.03.2020,16.03.2030,Действует,0,
321-10-4093-1,Монокалийфосфат (фосфорно-калийное удобрение),фосфорное,ЛС,АО «ОХК» «УРАЛХИМ»,1077761874024,13.09.2019,12.09.2029,Действует,0,
377-10-1154-1,Монофосфат калия,прочее,ЛС,Ротем Амферт Негев Лтд.,,11.07.2016,10.07.2026,Не действует,0,
634-12-2772-1,Мука доломитовая,кальциевое / известкование,ЛС,ОАО Щелковское рудоуправление,1025006524586,13.08.2020,12.08.2030,Действует,0,
578-12-2432-1,Мука извесестняковая (доломитовая),кальциевое / известкование,ЛС,ЗАО «ИЗВЕСТНЯК» ДЖЕГОНАССКИЙ КАРЬЕР,1020900731741,21.10.2019,20.10.2029,Действует,1,С
405-12-1298-1,Мука известняковая,кальциевое / известкование,ЛС,ООО «Дробильно-сортировочный завод»,1024000565632,12.12.2016,11.12.2026,Действует,1,А
509-12-2012-1,Мука известняковая,кальциевое / известкование,ЛС,АО «СПАССКЦЕМЕНТ»,1022500821441,10.10.2018,09.10.2028,Действует,1,А
638-12-2803-1,Мука известняковая,кальциевое / известкование,ЛС,ОАО Ямачуринская сельхозхимия,1092132000278,16.09.2020,15.09.2030,Действует,0,
650-12-9812-1,Мука известняковая,кальциевое / известкование,ЛС,"ООО ""АГРОХИМСЕРВИС""",1182130005408,05.03.2026,04.03.2036,Действует,0,
685-12-4647-1,Мука известняковая,кальциевое / известкование,ЛС,ООО ВЕКТОР-СХ,1192536027826,25.07.2024,24.07.2034,Действует,1,"А: порошок, гранулы"
715-12-3190-1,Мука известняковая,кальциевое / известкование,ЛС,"АО ""СПАССКЦЕМЕНТ""",1022500821441,23.06.2021,22.06.2031,Не действует,1,А
715-12-4991-1,Мука известняковая,кальциевое / известкование,ЛС,АО «СПАССКЦЕМЕНТ»,1022500821441,23.06.2021,22.06.2031,Действует,1,А
858-12-3985-1,Мука известняковая,кальциевое / известкование,C,ООО «ИССИНСКИЙ КОМБИНАТ СТРОИТЕЛЬНЫХ МАТЕРИАЛОВ»,1025800858566,15.02.2023,14.02.2033,Действует,0,
871-12-4182-1,Мука известняковая,кальциевое / известкование,ЛС,ООО «Уральское карьероуправление»,,14.08.2023,13.08.2033,Действует,0,
895-12-4258-1,Мука известняковая,кальциевое / известкование,ЛС,АО Клинцовский силикатный завод,1023201337158,14.11.2023,13.11.2033,Действует,0,
907-12-4342-1,Мука известняковая,кальциевое / известкование,ЛС,ООО Тузинский карьер,1162130060542,28.12.2023,27.12.2033,Действует,0,
294-12-625-1,Мука известняковая (доломитовая),кальциевое / известкование,ЛС,ООО «М1 Логистика»,,06.04.2015,05.04.2025,Не действует,0,
415-12-1349-1,Мука известняковая (доломитовая),кальциевое / известкование,ЛС,ОАО «Солигаличский известковый комбинат»,1024401435673,26.01.2017,25.01.2027,Действует,0,
529-12-2132-1,Мука известняковая (доломитовая),кальциевое / известкование,C,АО «НОВОИЗБОРСКИЙ КНМ»,1026002544116,27.02.2019,26.02.2029,Действует,1,А
581-12-2435-1,Мука известняковая (доломитовая),кальциевое / известкование,ЛС,ООО «СИБИРСКИЙ РЕГИОН»,1103820000052,18.10.2019,17.10.2029,Действует,1,А
584-12-2466-1,Мука известняковая (доломитовая),кальциевое / известкование,ЛС,ОАО Старорусская сельхозхимия,1025301190408,18.12.2019,17.12.2029,Действует,1,А
588-12-2476-1,Мука известняковая (доломитовая),кальциевое / известкование,ЛС,ООО ПМК БУТУРЛИНСКАЯ,1025201019051,20.11.2019,19.11.2029,Действует,1,С
593-12-2515-1,Мука известняковая (доломитовая),кальциевое / известкование,ЛС,ООО ВАЧСКОЕ ДРСУ,1025202121889,30.12.2019,29.12.2029,Действует,1,С
619-12-2704-1,Мука известняковая (доломитовая),кальциевое / известкование,ЛС,ООО «Амурский цементный завод»,1092801000600,18.06.2020,17.06.2030,Действует,2,А | С
690-12-3094-1,Мука известняковая (доломитовая),кальциевое / известкование,ЛС,АО «ДОЛОМИТ»,1024800548520,12.04.2021,11.04.2031,Действует,2,А | С
695-12-3118-1,Мука известняковая (доломитовая),кальциевое / известкование,ЛС,АО «КОВРОВСКОЕ КАРЬЕРОУПРАВЛЕНИЕ»,1033302200546,21.04.2021,20.04.2031,Действует,1,С
696-12-3119-1,Мука известняковая (доломитовая),кальциевое / известкование,ЛС,АО «КАСИМОВНЕРУД»,1026200860520,21.04.2021,20.04.2031,Действует,1,С
701-12-3136-1,Мука известняковая (доломитовая),кальциевое / известкование,ЛС,ООО «УТЕС»,1022500578143,18.05.2021,17.05.2031,Действует,0,
703-12-3159-1,Мука известняковая (доломитовая),кальциевое / известкование,ЛС,ООО ГУРОВО-БЕТОН,1027103671033,27.05.2021,26.05.2031,Действует,1,А
706-12-3167-1,Мука известняковая (доломитовая),кальциевое / известкование,ЛС,АО «ЩЕБЕНОЧНЫЙ ЗАВОД «ТУРДЕЙСКИЙ»,,28.05.2021,27.05.2031,Действует,2,А | С
707-12-3173-1,Мука известняковая (доломитовая),кальциевое / известкование,ЛС,ООО ТТК СИБИРСКИЙ АЛЬЯНС,1134205001732,03.06.2021,02.06.2031,Действует,3,А | В | С
708-12-3174-1,Мука известняковая (доломитовая),кальциевое / известкование,ЛС,ООО «НОВО-ОЛХИНСКИЙ ИЗВЕСТКОВЫЙ ЗАВОД»,1033802254298,03.06.2021,02.06.2031,Действует,2,А | С
716-12-3191-1,Мука известняковая (доломитовая),кальциевое / известкование,ЛС,АО «САСОВСКИЙ КАРЬЕР»,1176234006101,23.06.2021,22.06.2031,Действует,1,С
717-12-3192-1,Мука известняковая (доломитовая),кальциевое / известкование,ЛС,ЗАО «СТРОЙСЕРВИС»,1026200699535,23.06.2021,22.06.2031,Действует,3,А | В | С
729-12-3215-1,Мука известняковая (доломитовая),кальциевое / известкование,ЛС,ООО «РОНГИНСКИЙ КАРЬЕР»,1051201800099,13.07.2021,12.07.2031,Действует,1,"С, 1 класс"
751-12-3254-1,Мука известняковая (доломитовая),кальциевое / известкование,ЛС,ООО МАДАЕВСКОЕ,1175275035704,10.09.2021,09.09.2031,Действует,1,С
759-12-3271-1,Мука известняковая (доломитовая),кальциевое / известкование,ЛС,АО «ГОРНЯК»,1023302751317,25.08.2021,24.08.2031,Действует,2,А класс 1 | С класс 2
766-12-3310-1,Мука известняковая (доломитовая),кальциевое / известкование,ЛС,АО «СОКСКОЕ КАРЬЕРОУПРАВЛЕНИЕ»,1036300220365,23.09.2021,22.09.2031,Действует,1,С
772-12-3334-1,Мука известняковая (доломитовая),кальциевое / известкование,ЛС,ООО «ЗАВОД ИЗВЕСТНЯКОВОЙ МУКИ»,,18.10.2021,17.10.2031,Действует,2,А | С
815-12-3679-1,Мука известняковая (доломитовая),кальциевое / известкование,ЛС,ООО «ЭНЕРГИЯ»,1154345008322,12.05.2022,11.05.2032,Действует,1,"С, 2 класс"
838-12-3838-1,Мука известняковая (доломитовая),кальциевое / известкование,ЛС,ООО «БАРСУКОВСКОЕ РУДОУПРАВЛЕНИЕ»,1047102960541,25.10.2022,24.10.2032,Действует,3,А | В | С
839-12-3847-1,Мука известняковая (доломитовая),кальциевое / известкование,ЛС,ООО «ИНЕРТНЫЕ МАТЕРИАЛЫ МК»,1136219000796,31.10.2022,30.10.2032,Действует,3,А | В | С
840-12-3848-1,Мука известняковая (доломитовая),кальциевое / известкование,ЛС,ООО «Мелпром»,1193256004149,31.10.2022,30.10.2032,Действует,1,С
860-12-3991-1,Мука известняковая (доломитовая),кальциевое / известкование,ЛС,АО «ПЕСКОВСКИЙ КОМБИНАТ СТРОИТЕЛЬНЫХ МАТЕРИАЛОВ»,1025007331249,01.03.2023,28.02.2033,Действует,1,А
861-12-3996-1,Мука известняковая (доломитовая),кальциевое / известкование,ЛС,ООО «ГОРНАЯ КОМПАНИЯ»,1050302710457,02.03.2023,01.03.2033,Действует,2,А | С
882-12-4204-1,Мука известняковая (доломитовая),кальциевое / известкование,ЛС,Погореловский карьер,1126234009912,19.09.2023,18.09.2033,Действует,1,С
898-12-4309-1,Мука известняковая (доломитовая),кальциевое / известкование,ЛС,ООО АГРОМЕЛИОРАНТ,1212500019896,12.12.2023,11.12.2033,Действует,1,С
901-12-4302-1,Мука известняковая (доломитовая),кальциевое / известкование,ЛС,ООО Доломит Беларусь,,11.12.2023,10.12.2033,Действует,2,А (4 класс) | С (2 класс)
908-12-4355-1,Мука известняковая (доломитовая),кальциевое / известкование,ЛС,"ООО ""МИНЕРАЛ""",1195958029167,11.01.2024,10.01.2034,Действует,2,А | С
974-12-4876-1,Мука известняковая (доломитовая),кальциевое / известкование,ЛС,"ООО ""Достояние""",1114807000395,01.06.2025,01.06.2035,Действует,2,А | С
686-12-3097-1,Мука известняковая (доломитовая) 2 класс,кальциевое / известкование,ЛС,АО «ЧИМБУЛАТСКИЙ КАРЬЕР»,1064330005365,08.04.2021,07.04.2031,Действует,1,С
767-12-3311-1,Мука известняковая (доломитовая) 2 класс,кальциевое / известкование,ЛС,ООО «ГОРНОЗАВОДСКЦЕМЕНТ»,1205900032106,23.09.2021,22.09.2031,Действует,1,А
996-12-9773-1,Мука известняковая (доломитовая) В,кальциевое / известкование,ЛС,"АО ""ОЛЬШАНСКИЙ КАРЬЕР""",1024800792301,22.01.2026,21.01.2036,Действует,3,А | В | С
815-12-10036-1,"Мука известняковая (доломитовая) Марка А, Класс 1 (группа 1)",кальциевое / известкование,ЛС,ООО «ЭНЕРГИЯ»,1154345008322,07.07.2026,06.07.2036,Действует,0,
1006-12-10013-1,Мука известняковая (доломитовая) С,кальциевое / известкование,ЛС,"ООО ""ВК ХАРВЕСТЕРС""",1247800104243,15.06.2026,15.06.2036,Действует,1,С
005-12-2081-1,Мука известняковая (доломитовая) класс 2,кальциевое / известкование,C,ГОСУДАРСТВЕННОЕ УНИТАРНОЕ ПРЕДПРИЯТИЕ ВЛАДИМИРСКОЙ ОБЛАСТИ «ВЛАДИМИРСКОЕ КАРЬЕРОУПРАВЛЕНИЕ»,1033302206190,31.01.2019,30.01.2029,Действует,1,С Мелехово-Федотовское месторождение Владимирской обл.
671(672)-12-3022-1,Мука известняковая (доломитовая) марка С,кальциевое / известкование,ЛС,ООО «РЯЗАНСКАЯ НЕРУДНАЯ КОМПАНИЯ»,1206200005824,17.02.2021,16.02.2031,Действует,1,С
787-12-3519-1,Мука известняковая (доломитовая) марка С,кальциевое / известкование,ЛС,АО «АГРОХИМСЕРВИС»,1041800081850,10.03.2022,09.03.2032,Действует,1,С
381-16-4147-1,Мука фосфоритная,фосфорное,ЛС,ООО «АИП-ФОСФАТЫ»,1173256005603,21.07.2016,20.07.2026,Не действует,2,А | Б
744-16-3244-1,"Мука фосфоритная концентрированная сорт 1, 2, 3",фосфорное,ЛС,ООО «СТГ ЛОГИСТИК»,1095027004236,23.07.2021,22.07.2031,Действует,0,
573-13-2415-1,Мультимолиг,прочее,ЛС,ООО «МУЛЬТИМОЛИГ»,1167847203919,02.10.2019,01.10.2029,Действует,3,М | С | А
164-11-680-1,Мультифлор Аква,прочее,Л,ООО «Евро-Семена»,,15.06.2015,14.06.2025,Не действует,6,Овощные | Плодовые | Ягодники | Декоративные | Комнатные | Газонные травы
517-11-2052-1,Натурал Грин,прочее,ЛС,ООО «Натурал Грин»,1167746821956,12.11.2018,11.11.2028,Действует,0,
590-13-3630-1,Натурамин,прочее,C,Десарролло Агрикола и Минеро С.А.,,14.04.2022,13.04.2032,Действует,0,
622-13-2725-1,Неосол,прочее,C,ООО «ОЛМИКС»,5167746469831,03.07.2020,02.07.2030,Действует,0,
085-11-2080-1,Нертус Азомикс 36,прочее,C,"ООО ""ЯРИЛО""",1083123001500,30.01.2019,29.01.2029,Действует,0,
085-21-1438-1,Нертус Микро,микроудобрение,C,"ООО ""ЯРИЛО""",1083123001500,06.04.2017,05.04.2027,Действует,2,Нертус Бор | Нертус Цинк
085-11-1439-1,Нертус Микс,прочее,C,"ООО ""ЯРИЛО""",1083123001500,06.04.2017,05.04.2027,Действует,2,Нертус Старт | Нертус Фотосинтез
085-21-3330-1,Нертус Молибден,микроудобрение,C,"ООО ""ЯРИЛО""",1083123001500,07.10.2021,06.10.2031,Действует,2,Молибден | БорМолибден
302-15-4992-1,Нитрат аммония технический,прочее,C,"АО ""МИНУДОБРЕНИЯ""",1023601231840,26.08.2025,бессрочно,Действует,0,
400-17-1267-1,Нитрат калия,калийное,C,СКМ ЕВРОПА Н.В.,,02.11.2016,01.11.2026,Действует,0,
816-10-3676-1,Нитрат калия,калийное,C,ООО «ВИАЛХИМ»,1097746640287,11.05.2022,бессрочно,Действует,2,А | Б
889-10-9616-1,"Нитрат калия А,Б",калийное,C,Общество с ограниченной ответственностью «Компания УМКА»,,03.10.2025,бессрочно,Действует,2,А | Б
247-10-2923-1,Нитрат кальция,кальциевое / известкование,C,ООО «АгроМастер»,1102308006877,14.12.2020,13.12.2030,Действует,0,
267-10-810-1,Нитрат кальция,кальциевое / известкование,C,ООО «Солюгрин»,,20.10.2015,19.10.2025,Не действует,1,для теплиц
290-11-622-1,Нитрат кальция (кальциевая селитра),азотное,ЛС,ОАО «БХЗ»,,06.04.2015,05.04.2025,Не действует,5,А | Б | В | Г | Д
371-10-1282-1,Нитрат кальция (кальциевая селитра),азотное,ЛС,Производственно – Консультационное Предприятие «АДОБ»,,12.12.2016,11.12.2026,Действует,0,
382-15-4784-1,Нитрат кальция (селитра кальциевая),азотное,ЛС,"ОАО ""БХЗ""",1024401232382,23.01.2025,бессрочно,Действует,1,"А, Б, Г"
211-15-3321-1,Нитрат кальция жидкий,кальциевое / известкование,C,ПАО «Акрон»,1025300786610,27.09.2021,26.09.2031,Действует,2,НК-9 | НК-8
321-10-4285-1,Нитрат кальция концентрированный,кальциевое / известкование,ЛС,АО «ОХК» «УРАЛХИМ»,1077761874024,04.12.2023,бессрочно,Действует,0,
321-11-4285-1,Нитрат кальция концентрированный,кальциевое / известкование,ЛС,АО «ОХК» «УРАЛХИМ»,1077761874024,04.12.2024,бессрочно,Действует,0,
726-15-3202-1,Нитрат кальция-Дуканит,кальциевое / известкование,C,ООО «АГРОМАСТЕР ТРЕЙД»,1082308012192,08.07.2021,07.07.2031,Действует,0,
247-10-2920-1,Нитрат магния,магниевое,C,ООО «АгроМастер»,1102308006877,10.12.2020,09.12.2030,Действует,0,
321-10-1628-1,Нитрат магния,магниевое,ЛС,АО «ОХК» «УРАЛХИМ»,1077761874024,28.11.2017,27.11.2027,Действует,3,Премиум двухводный | Премиум шестиводный | Специальный шестиводный
290-11-1593-1,Нитрат магния (магниевая селитра),азотное,ЛС,ОАО «БХЗ»,,07.11.2017,06.11.2027,Действует,0,
283-19-747-1,НитроЗлак,прочее,C,ООО СХП «НИВА»,1149102116426,12.08.2015,11.08.2025,Не действует,0,
283-19-1286-1,НитроМаис,прочее,C,ООО СХП «НИВА»,1149102116426,12.12.2016,11.12.2026,Действует,0,
283-19-1847-1,НитроФорс,прочее,C,ООО СХП «НИВА»,1149102116426,30.03.2018,29.03.2028,Действует,0,
211-10-1262-1,Нитроаммофос,комплексное NPK,ЛС,ПАО «Акрон»,1025300786610,31.10.2016,30.10.2026,Действует,3,NP 32:5 | NP 32:6 | NP 33:3
321-10-4087-1,Нитроаммофоска,комплексное NPK,ЛС,АО «ОХК» «УРАЛХИМ»,1077761874024,23.05.2023,бессрочно,Действует,7,NPK 15-15-15 | NPK 22-20-0 | NPK 15-10-12 | NPK 16-8-16 | NPK 19-9-19 | NPK 20-4-20 | NPK 16-15-15
321-10-4511-1,Нитроаммофоска,комплексное NPK,ЛС,АО «ОХК» «УРАЛХИМ»,1077761874024,10.04.2024,бессрочно,Действует,18,NPK 15-9-20 | NPK 15-15-15+MgО | NPK 16-6-20 | NPK 16-16-8 | NPK 17-6-18+MgО | NPK 17-6-18 | NPK 17-7-17 | NPK 18-8-15 | NPK 19-7-19 | NPK 20-5-15 | NPK 20-5-20 | NPK 20-8-16 | NPK 21-4-18 | NPK 21-7-14 | NPK 21-17-3 | NPK 22-4-12 | NPK 22-11-11 | NPK 23-10-5+S+MgО+Zn
321-11-1242-1,Нитроаммофоска,комплексное NPK,ЛС,АО «ОХК» «УРАЛХИМ»,1077761874024,30.09.2016,29.09.2026,Действует,4,NPKS 22-7-12-2 | NPKS 21-10-10-2 | NPK 16-16-16 | NPK 24-6-12
302-10-1077-1,Нитроаммофоска (азофоска),комплексное NPK,ЛС,ОАО «МИНУДОБРЕНИЯ»,,02.07.2015,01.07.2025,Не действует,25,NPK 16-16-16 | 22-11-11 | 23-22-0 | 26-13-0 | 18-9-18 | 17-9-19 | 21-4-10 | 20-10-10 | 21-8-11 | 25-5-5 | 24-6-12 | 27-5-5+S | 27-6-6+S | 15-15-15 | 21-20-0+S | 20-20-0 | 21-6-11+S | 20-10-10+S | 22-22-0 | 20-10-5 | 20-20-0+S | 23-10-5+S | 26-5-5 | 15-15-20 | 13-13-24
302-10-1345-1,Нитроаммофоска (азофоска),комплексное NPK,ЛС,ОАО «МИНУДОБРЕНИЯ»,,25.01.2017,24.01.2027,Действует,2,NPK: 16-16-13 | 16-16-8
302-10-2259-1,Нитроаммофоска (азофоска),комплексное NPK,ЛС,ОАО «МИНУДОБРЕНИЯ»,,18.06.2019,17.06.2029,Действует,2,NPK 25-5-10 | 17-17-17
302-10-2921-1,Нитроаммофоска (азофоска),комплексное NPK,ЛС,ОАО «МИНУДОБРЕНИЯ»,,10.12.2020,09.12.2030,Действует,1,NPK 19-9-19
302-10-4987-1,Нитроаммофоска (азофоска) марки NPK,комплексное NPK,ЛС,"АО ""МИНУДОБРЕНИЯ""",1023601231840,08.08.2025,бессрочно,Действует,25,16-16-16 | 22-11-11 | 23-22-0 | 26-13-0 | 18-9-18 | 17-9-19 | 21-4-10 | 20-10-10 | 21-8-11 | 25-5-5 | 24-6-12 | 27-5-5+S | 27-6-6+S | 15-15-15 | 21-20-0+S | 20-20-0 | 21-6-11+S | 20-10-10+S | 22-22-0 | 20-10-5 | 20-20-0+S | 23-10-5+S | 26-5-5 | 15-15-20 | 13-13-24
321-10-10121-1,Нитроаммофоска NPK 16-16-16,комплексное NPK,ЛС,АО «ОХК» «УРАЛХИМ»,1077761874024,17.09.2026,бессрочно,Действует,4,NPKS 22-7-12-2 | NPKS 21-10-10-2 | NPK 16-16-16 | NPK 24-6-12
263-10-1132-1,Нитроаммофоска ИНТЕК,комплексное NPK,ЛС,АО «Невинномысский Азот»,1022603620885,06.06.2016,05.06.2026,Не действует,23,"10:26:26 | 15:15:15 | 17:17:17 | 17:1:28 | 19:4:19 | 20:4:20 | 20:10:10 | 21:1:21 | 22:5:12 | 25:5:5 | 27:6:6 | 14:14:23 | 19:19:10 | 19:22:9 | 20:10:18 | 21:16:8 | 23:13:8 | 16:16:16 | 8:24:24 | 17:0,1:28 | 21:0,1:21 | 21:0:21 | 17:0:28"
302-10-1949-1,Нитроаммофоска с бором,комплексное NPK,ЛС,ОАО «МИНУДОБРЕНИЯ»,,07.06.2018,06.06.2028,Действует,0,
302-10-3405-1,Нитроаммофоска с бором,комплексное NPK,ЛС,ОАО «МИНУДОБРЕНИЯ»,,02.03.2022,бессрочно,Действует,1,16-16-16+В
302-10-3390-1,Нитроаммофоска с микроэлементами,комплексное NPK,ЛС,ОАО «МИНУДОБРЕНИЯ»,,01.12.2021,30.11.2031,Действует,1,NPK 17-6-18
302-11-2325-1,Нитроаммофоска с микроэлементами,комплексное NPK,ЛС,ОАО «МИНУДОБРЕНИЯ»,,24.07.2019,23.07.2029,Действует,4,NPK 16-9-20 | 14-8-22 | 14-8-24 | 15-9-20
263-10-1274-1,Нитроаммофоска улучшенногогранулометрического состава,комплексное NPK,ЛС,АО «Невинномысский Азот»,1022603620885,16.11.2016,15.11.2026,Действует,5,"16:16:16 | 8:24:24 | 17:0,1:28 | 21:0,1:21 | 15:24:16"
390-19-3903-1,Нитрокод РБ+,прочее,ЛС,Агропромышленная компания Кимитек С.Л.,,13.12.2022,12.12.2032,Действует,3,Нут | Соя | Горох
289-11-575-1,Нитротоп,прочее,C,«Агронутрисион»,,02.03.2015,01.03.2025,Не действует,0,
283-19-3140-1,Нитрофикс П,прочее,C,ООО СХП «НИВА»,1149102116426,18.05.2021,17.05.2031,Действует,0,
283-19-3139-1,"Нитрофикс, Ж",прочее,C,ООО СХП «НИВА»,1149102116426,18.05.2021,17.05.2031,Действует,0,
293-10-2761-1,Новалон,комплексное NPK,C,ДОКТОР ТАРСА ТАРИМ САНАЙИ ВЕ ТИКАРЕТ А.С.,,21.08.2020,20.08.2030,Действует,3,Новалон 03-07-37+2MgO+ МЭ | Новалон 13-40-13+МЭ | Новалон 19-19-19+2MgO+ МЭ
293-11-4324-1,Новалон Фолиар,комплексное NPK,ЛС,ДОКТОР ТАРСА ТАРИМ САНАЙИ ВЕ ТИКАРЕТ А.С.,,20.12.2023,бессрочно,Действует,4,"Новалон Фолиар 20-20-20+0,5MgO+ МЭ | Новалон Фолиар 10-45-15+0,5MgO+ МЭ | Новалон Фолиар 09-12-40+0,5MgO+ МЭ | Новалон Фолиар 29-11-11+0,5MgO+ МЭ"
515-19-2044-1,Нодикс,прочее,,ООО «МИКРОБОКС»,1164704065668,02.11.2018,01.11.2028,Действует,3,Премиум | С | Ж
261-19-595-1,Ноктин А для люпина,прочее,C,ООО «АГРОЛИГА»,,12.03.2015,11.03.2025,Не действует,0,
401-10-2104-1,Нутри-Файт РК,прочее,ЛС,"Агропланта ГмбХ, Ко. КГ",,18.02.2019,17.02.2029,Действует,0,
261-11-609-1,Нутривант,комплексное NPK,ЛС,Эверрис Интернешнл Б.В.,,26.03.2015,25.03.2025,Не действует,3,18-18-18+2МgO | 18-18-18+3МgO | 18-18-18+4МgO
425-11-1435-1,Нутривант Дрип,комплексное NPK,,,,31.03.2017,30.03.2027,Действует,9,10-50-10 | 30-6-6 | 24-8-8 | 25-3-25 | 27-9-18 | 28-13-13 | 16-32-16 | 18-0-36 | 17-3-35
425-11-1430-1,Нутривант Плюс,прочее,,,,30.03.2017,29.03.2027,Действует,0,
528-13-2296-1,Нутрилене,микроудобрение,C,СИПКАМ ОКСОН С.П.А.,,01.07.2019,30.06.2029,Действует,5,Нутрилене Пеарл | Нутрилене Голд | Нутрилене Брик | Маркита Кальций | Марвита B-Mg
572-18-2407-1,О-РАЙЗ,микроудобрение,C,ООО «ИПК «О-РАЙЗ»,1172651020453,20.09.2019,19.09.2029,Действует,21,О-РАЙЗ Органик | О-РАЙЗ Плюс | О-РАЙЗ Зеленый город | О-РАЙЗ Гольф | О-РАЙЗ Тропик | О-РАЙЗ Все включено | О-РАЙЗ Ультра все включено | О-РАЙЗ В | О-РАЙЗ Cu | О-РАЙЗ Fe | О-РАЙЗ S | О-РАЙЗ Zn | О-РАЙЗ Zn+Cu | О-РАЙЗ S+Cu | О-РАЙЗ В+Zn | О-РАЙЗ В+Mn | О-РАЙЗ В+Мо | О-РАЙЗ Cu+Мо | О-РАЙЗ Cu+В | О-РАЙЗ Zn+S | О-РАЙЗ В+Fe
545-12-2193-1,ОМИА,кальциевое / известкование,C,ООО «ОМИА УРАЛ»,1037739950434,09.04.2019,08.04.2029,Действует,2,Кальциприлл 110-ЛФ | Магприлл 80-ЛФ
830-13-3772-1,ОМЭК Универсал,комплексное NPK,ЛС,АО «Биоамид»,,24.08.2022,23.08.2032,Действует,0,
289-10-2437-1,ОйлСтарт,прочее,C,«Агронутрисион»,,21.10.2019,20.10.2029,Действует,0,
289-11-1046-1,Олигомакс Аква,комплексное NPK,ЛС,«Агронутрисион»,,23.03.2016,22.03.2026,Не действует,6,"25-10-10 | 16-8-24 | 5-5-40,5 | 13-40-13 | 19-19-19 | 0,5-2,5-0,5"
194-10-879-1,Омекс,биоудобрение,C,ООО «АгроАльянс»,,10.12.2015,09.12.2025,Не действует,6,Био Цинк | Кингфол Сера | Кингфол Цинк | МаисМакс | Сульфомекс | Фолиар Суприм
194-13-323-1,Омекс,биоудобрение,C,ООО «АгроАльянс»,,15.04.2014,14.04.2024,Не действует,2,Омекс Био 20 | Омекс КальМакс Голд
194-10-481-1,Омекс ДР98,прочее,C,ООО «АгроАльянс»,,18.12.2014,17.12.2024,Не действует,0,
545-11-4885-1,ОмиаПро Соил,прочее,ЛС,ООО «ОМИА УРАЛ»,1037739950434,10.06.2025,бессрочно,Действует,0,
292-11-4392-1,Опифол Вегетатив,прочее,C,Валагро С.п.А.,,30.01.2024,бессрочно,Действует,0,
292-11-4391-1,Опифол Репродуктив,прочее,C,Валагро С.п.А.,,30.01.2024,бессрочно,Действует,0,
292-11-3712-1,Опифол Эквилибриум,прочее,C,Валагро С.п.А.,,09.06.2022,бессрочно,Действует,0,
296-13-641-1,Оптим-МИКС,прочее,ЛС,ОАО «Тихорецкая семеноводческая станция»,,20.04.2015,19.04.2025,Не действует,0,
090-21-3220-1,Оптимайз 400,прочее,C,Байер Агрикалче БВ,,13.09.2016,12.09.2026,Не действует,0,
998-11-9939-1,Оптимайзер,прочее,C,Лаборатуар Гоемар С.А.С.,,06.05.2026,05.05.2036,Действует,0,
247-10-4507-1,Оптимум,прочее,C,ООО «АгроМастер»,1102308006877,03.04.2014,бессрочно,Действует,0,
359-11-2036-1,Оптисил,прочее,C,ООО «ИНТЕРМАГ сп.з.о.о,,12.11.2018,11.11.2028,Действует,0,
320-11-753-1,Оракул,микроудобрение,ЛС,МЧ НИП «Долина»,,17.08.2015,16.08.2025,Не действует,12,Оракул мультикомплекс | Оракул биокомплекс | Оракул коламин бор | Оракул биоцинк | Оракул семена | Оракул биожелезо | Оракул биомарганец | Оракул хелат меди | Оракул сера актив | Оракул хелат магния | Оракул биокобальт | Оракул биомолибден
713-20-3188-1,Органик Микс,комплексное NPK,ЛС,ООО «ОРГАНИК МИКС»,1187325001775,22.06.2021,21.06.2031,Действует,11,Органик Микс NPK 4-5-1 | Органик Микс NPK 4-6-1 | Органик Микс NPK 3-5-1 | Органик Микс NPK 7-7-5 | Органик Микс NPK 7-6-6 | Органик Микс NPK 4-2-1 | Органик Микс NPK 7-3-10 | Органик Микс NPK 10-0-0 | Органик Микс NPK 3-13 | Органик Микс NPK 5-2 | Органик Микс NPK 3-5-12
991-20-9732-1,Органик Пауэр Для зерновых и зернобобовых культур,прочее,ЛС,"ООО ""ШАХКОАЛ""",1197154008336,18.12.2025,17.12.2035,Действует,6,Для садовых цветов | Для овощных культур и зелени | Для плодово-ягодных культур | Для хвойных | Для зерновых и зернобобовых культур | Для комнатных цветов
222-19-1419-1,Органит Н,прочее,ЛС,ООО «ОРГАНИК ПАРК»,1127746020918,17.03.2017,16.03.2027,Действует,0,
173-19-1300-1,Органит П,прочее,ЛС,ООО «ОРГАНИК ПАРК»,1127746020918,12.12.2016,11.12.2026,Действует,0,
173-19-4195-1,Органит Ризо,прочее,C,ООО «ОРГАНИК ПАРК»,1127746020918,11.09.2023,10.09.2033,Действует,0,
222-19-1420-1,Органит Стерн,прочее,C,ООО «ОРГАНИК ПАРК»,1127746020918,17.03.2017,16.03.2027,Действует,0,
173-19-4031-1,Органит Стерн-М,прочее,ЛС,ООО «ОРГАНИК ПАРК»,1127746020918,15.03.2023,14.03.2033,Действует,0,
862-18-4001-1,Органический комплекс Рефитон,органическое,ЛС,ООО «ПРОМСТИЛЬ»,1166234075875,06.03.2023,05.03.2033,Действует,0,
361-20-1074-1,Органическое удобрение «АГРОПИК-ЭКО»,органическое,ЛС,ООО «Терра»,,12.04.2016,11.04.2026,Не действует,3,А | Б | В
877-20-4177-1,Органическое удобрение АГРОКОМПОСТ АКГ,органическое,ЛС,ООО АГРОКУЛЬТУРА ГРУПП,1145019001050,14.08.2023,13.08.2033,Действует,0,
855-20-3955-1,Органическое удобрение Агробел,органическое,C,ООО «ГК АГРО-БЕЛОГОРЬЕ»,1073123019970,16.01.2023,15.01.2033,Действует,0,
485(486)-20-1896-1,Органическое удобрение Агроплюс,органическое,C,ООО «ВСГЦ»,1156027006145,27.04.2018,26.04.2028,Действует,0,
691-20-3106-1,Органическое удобрение Алга,органическое,Л,Бертелс Б.В.,,12.04.2021,11.04.2031,Действует,2,Алга Гроу | Алга Блум
608-20-2594-1,Органическое удобрение Аминоэкспресс,органическое,ЛС,"ООО ""ЛЕБОЗОЛ ВОСТОК""",1127746259541,16.03.2020,15.03.2030,Не действует,0,
608-20-4818-1,Органическое удобрение Аминоэкспресс,органическое,ЛС,ООО «Лебозол Восток»,1127746259541,12.05.2025,15.03.2030,Действует,0,
542-20-2169-1,Органическое удобрение Барда мелассная,органическое,ЛС,АО «БИОХИМ»,1026801115274,09.04.2019,08.04.2029,Действует,0,
837-20-3822-1,Органическое удобрение Белагро,органическое,C,ООО «МПЗ АГРО-БЕЛОГОРЬЕ»,1083123013258,17.10.2022,16.10.2032,Действует,0,
788-20-3521-1,Органическое удобрение Белогор,органическое,ЛС,АО Приосколье,1033107033882,10.03.2022,09.03.2032,Действует,0,
352-20-1036-1,Органическое удобрение Био-Марэ,биоудобрение,ЛС,ООО «Биотехнология»,,15.03.2016,14.03.2026,Не действует,4,Био-Фиш | Био-Альго | Био-Микс | Био-Флора
421-20-1404-1,Органическое удобрение БиоКомпост «Тверской»,биоудобрение,C,ООО «Тверь Водоканал»,1056900217989,06.03.2017,05.03.2027,Действует,0,
564-20-2363-1,Органическое удобрение Биогумус Гермеция,биоудобрение,ЛС,ООО «Экобелок»,5177746032855,30.08.2019,29.08.2029,Действует,3,Гермеция | Гермеция-палочки | Гермеция-гранулы
596-20-2506-1,Органическое удобрение Биоком,биоудобрение,ЛС,ООО АГРО-ТЕХНОЛОГИИ,1146440000541,27.12.2019,26.12.2029,Действует,2,Сыпучий | Гранулы
897-20-4290-1,Органическое удобрение Биокомпост Белгородский,биоудобрение,ЛС,ООО Белгородский бройлер,1213100010188,04.12.2023,03.12.2033,Действует,0,
762-20-3282-1,Органическое удобрение Биокомпост В,биоудобрение,C,МУП «ВЛАДИМИРВОДОКАНАЛ»,1023301463239,03.09.2021,02.09.2031,Действует,0,
793-20-3530-1,Органическое удобрение Биокомпост Индивита,биоудобрение,ЛС,ООО «ПЕНЗАМОЛИНВЕСТ»,1075827000831,17.03.2022,16.03.2032,Действует,3,Универсальный | Гранулированный | Органик
020-20-2446-1,Органическое удобрение Биокомпост Сибирский,биоудобрение,ЛС,ООО КУЗБАССКИЙ БРОЙЛЕР,1084238001099,01.11.2019,31.10.2029,Действует,3,Сыпучий | Гранулы | Жидкий
431-20-1471-1,Органическое удобрение Биокомпост Ярославский бройлер,биоудобрение,ЛС,АО «Ярославский бройлер»,1027601109524,19.04.2017,18.04.2027,Действует,2,Сыпучий | Гранулы
992-20-9752-1,Органическое удобрение Биополе-3,биоудобрение,C,"АО ""ПРОТЕИНСИБ""",1217200013568,12.01.2026,11.01.2036,Действует,0,
642-20-3697-1,Органическое удобрение Биофорс,биоудобрение,C,"ООО ""ТЕТРА ХИМ""",1167746491681,31.05.2022,30.05.2032,Действует,2,Биофорс | Биофорс Плюс
756-20-3258-1,Органическое удобрение Боровково,органическое,C,ООО «БОРОВКОВО»,1064238000210,10.08.2021,09.08.2031,Действует,2,Сухое | Жидкое
948-20-4666-1,Органическое удобрение ГМК,органическое,Л,ООО «Грайворонская молочная компания»,1073116000352,16.09.2024,15.09.2034,Действует,2,Жидкое | Сухое
863(864)-20-4000-1,Органическое удобрение Грандэм,органическое,ЛС,ООО «РАВИС – ПТИЦЕФАБРИКА» СОСНОВСКАЯ»,1027401864258,03.03.2023,02.03.2033,Действует,2,ПС | П
514-20-2040-1,Органическое удобрение Гринекс,органическое,ЛС,ООО «Птицефабрика Акашевская»,1051201011245,02.11.2018,01.11.2028,Действует,2,Сыпучий | Гранулы
644-20-2853-1,Органическое удобрение Деревня Недюревка,органическое,ЛС,ЗАО «ПТИЦЕФАБРИКА АЛЕКСАНДРОВСКАЯ»,1023303153631,26.10.2020,25.10.2030,Действует,0,
500-20-1960-1,Органическое удобрение Заока,органическое,ЛС,ООО «Заокское»,1157154021408,07.07.2018,06.07.2028,Действует,2,Сыпучий | Гранулы
731-20-3226-1,Органическое удобрение Инское,органическое,ЛС,ООО «ПТИЦЕФАБРИКА ИНСКАЯ»,"1024200552628, 1025005324354",10.08.2021,14.07.2031,Действует,2,А | Б
599-20-2527-1,Органическое удобрение Компост Эко-Био,биоудобрение,C,ООО АГРОКОМПОСТ,1167746579065,03.02.2020,02.02.2030,Действует,0,
807-20-3633-1,Органическое удобрение Кузбасский компост,органическое,ЛС,АО «КУЗБАССКАЯ ПТИЦЕФАБРИКА»,1064238008416,14.04.2022,13.04.2032,Действует,0,
938-20-4619-1,Органическое удобрение Мышкинская птицефабрика,органическое,ЛС,ООО Возрождение,1057602368350,24.06.2024,23.06.2034,Действует,0,
890-20-4246-0,Органическое удобрение ОМУ,органическое,C,ООО Агрокомплекс Горноуральский,1036603485467,10.11.2023,09.11.2026,Действует,2,Ж | Т
663-20-3052-1,Органическое удобрение ОУК АРЕАЛ,органическое,ЛС,ООО НПП АРЕАЛ,1160280113245,15.03.2021,14.03.2031,Действует,0,
754-20-4097-1,Органическое удобрение Органика,органическое,ЛС,ООО «ПТИЦЕФАБРИКА ИНСКАЯ»,1024200552628,01.07.2023,30.06.2033,Действует,0,
552-20-2236-1,Органическое удобрение ПК,органическое,C,ООО «КОРАЛЛ»,1106906000101,23.05.2019,22.05.2029,Действует,3,А | В | С
667-20-3015-1,Органическое удобрение Подпрессовый Бульон,органическое,C,ООО ЭКОЛОГИЧЕСКИЙ РЕЗЕРВ,1024101035441,10.02.2021,09.02.2031,Действует,0,
727-20-3204-1,Органическое удобрение Полиорганика,органическое,ЛС,ООО «НАУЧНО-ПРОИЗВОДСТВЕН НОЕ ОБЪЕДИНЕНИЕ «КВАНТОВЫЕ ТЕХНОЛОГИИ»,1185007005809,08.07.2021,07.07.2031,Действует,3,КРС | Свиной | Птичий
918-20-4438-1,Органическое удобрение Росторганик,органическое,C,"ООО ""ЧЕРКИЗОВО-СВИНОВОДСТ ВО",1144827007885,29.02.2024,28.02.2034,Действует,0,
918-20-9726-1,Органическое удобрение Росторганик-Т Жидкий,органическое,C,"ООО ""ЧЕРКИЗОВО-СВИНОВОДСТ ВО",1144827007885,15.12.2025,14.12.2035,Действует,3,Жидкий | Сыпучий | Микс
491-18-1922-1,Органическое удобрение Санамикс,органическое,ЛС,ИП Машошин Илья Михайлович,315910200038921,23.05.2018,22.05.2028,Действует,1,"жидкий, пастообразный"
763-20-3287-1,Органическое удобрение Сила роста,органическое,C,ЗАО «ЗАВОД ПРЕМИКСОВ № 1»,1043104002391,07.09.2021,06.09.2031,Действует,0,
733-20-3224-1,Органическое удобрение Снежинское,органическое,ЛС,ООО «ПЛЕМЕННАЯ ПТИЦЕФАБРИКА «СНЕЖИНСКАЯ»,1024200547986,15.07.2021,14.07.2031,Действует,0,
982-20-9608-0,Органическое удобрение Стимикс Стандарт Стимикс Стандарт Овощи,органическое,ЛС,"ООО НПО БИОЦЕНТР ""ДОН""",1116193004047,01.10.2025,01.10.2028,Действует,8,Стимикс Стандарт Зерно | Стимикс Стандарт Универсал | Стимикс Стандарт Ультра | Стимикс Стандарт Подсолнечник | Стимикс Стандарт Кукуруза | Стимикс Стандарт Овощи | Стимикс Стандарт Профи | Стимикс Стандарт Картофель
595-20-4563-1,Органическое удобрение Удачный сезон,органическое,ЛС,АО «КУРИНОЕ ЦАРСТВО»,,04.02.2020,03.02.2030,Действует,2,Сыпучий | Гранулы
594-20-3388-1,Органическое удобрение Удачный сезон-Т,органическое,ЛС,АО «КУРИНОЕ ЦАРСТВО»,,27.12.2019,26.12.2029,Действует,1,Сыпучий
691-20-3107-1,Органическое удобрение Шуга Роял,органическое,Л,Бертелс Б.В.,,12.04.2021,11.04.2031,Действует,0,
611-20-3821-0,Органическое удобрение ЭкоТерра,органическое,ЛС,ИП Ханов Ришат Мидхатович,306027621300031,17.10.2022,16.10.2032,Действует,2,ЭкоТерра-Т | ЭкоТерра-Ж
448-20-1541-1,Органическое удобрение Экокомпост,органическое,ЛС,ООО «Птицефабрика «Вараксино»,1111841002932,28.08.2017,27.08.2027,Действует,1,Сыпучий
487-20-1912-1,Органическое удобрение Экостайл с микроорганизмами,органическое,ЛС,ООО «НеоТорг»,5087746110040,14.05.2018,13.05.2028,Действует,10,Газон-Азет | Сиртаюн-Азет | Розен-Азет | РодоАзалия-Азет | Хаген –Азет | Кониферен-Азет | Гортензия-Азет | Аардбаен-Азет | Зомерблуйерс-Азет | Терра Фертиел
579-20-2426-1,Органическое удобрение Экочар Гранулированный,органическое,ЛС,ЗАО Краснобор,1027101730314,15.10.2019,14.10.2029,Действует,0,
883-20-4203-1,Органическое удобрение из куриного помета,биоудобрение,ЛС,Птицефабрика Уссурийская,1032500528895,12.10.2023,11.10.2033,Действует,3,Гигантин | Гигантин Эко | Гигантин Био
976-20-4841-1,Органическое удобрение из побочных продуктов животноводства свиного навоза Кудряшовское,органическое,C,"АО ""КУДРЯШОВСКОЕ""",1025404349750,03.04.2025,02.04.2035,Действует,2,Твердая | Жидкая
614-20-2588-1,Органическое удобрение компост Окский Чистый,органическое,ЛС,АО «ОКСКОЕ»,1026200703275,02.04.2020,01.04.2030,Действует,2,Сыпучий | Гранулы
894-20-4266-1,Органическое удобрение на основе бесподстилочного навоза свиного Уральский,органическое,C,АО «Свинокомплекс «Уральский»,1069658083560,23.11.2023,22.11.2033,Действует,0,
765-20-3299-1,Органическое удобрение на основе навоза свиней Фитовит,органическое,C,ООО «ТАМБОВСКИЙ БЕКОН»,1106821000252,17.09.2021,16.09.2031,Действует,3,Фитовит 1 | Фитовит 2 | Фитовит 3
302-20-689-1,Органическое удобрение на основе осадков сточных вод «Супер Флора»,органическое,C,ООО «Оренбург Водоканал»,,23.06.2015,22.06.2025,Не действует,0,
663-20-2988-1,Органическое удобрение на основе осадков сточных вод Ареал,органическое,C,ООО НПП АРЕАЛ,1160280113245,22.01.2021,21.01.2031,Действует,0,
727-20-3341-1,Органическое удобрение на основе осадков сточных вод ЭПА,органическое,C,ООО «НАУЧНО-ПРОИЗВОДСТВЕН НОЕ ОБЪЕДИНЕНИЕ «КВАНТОВЫЕ ТЕХНОЛОГИИ»,1185007005809,21.10.2021,20.10.2031,Действует,0,
888-20-4244-1,Органическое удобрение на основе помета индейки Тамбовской экокомпост,органическое,ЛС,ООО Тамбовская индейка,1116829006910,31.10.2023,30.10.2033,Действует,0,
519-20-2065-1,Органическое удобрение на основе помета птицы Биоресурс,биоудобрение,ЛС,ООО «ЧЕБАРКУЛЬСКАЯ ПТИЦА»,1047409500434,24.01.2019,23.01.2029,Действует,0,
728-20-3209-1,Органическое удобрение на основе птичьего помета Фертилаг,органическое,ЛС,ООО «РОСТОДАР»,1027704006307,12.07.2021,11.07.2031,Действует,2,А – рассыпчатый | Б – гранулированный
802-20-3596-1,Органическое удобрение натуральное зоокомпост Биогенезис,биоудобрение,ЛС,ООО «БИОГЕНЕЗИС»,1157746956069,07.04.2022,06.04.2032,Действует,0,
008(101)-20-3373-1,Органическое удобрение с аминокислотами Вит Амин,органическое,ЛС,ООО «БИОМ-ПРО»,1075009002254,17.11.2021,16.11.2031,Действует,0,
828-20-3767-1,Органическое удобрение удобрение Мерси Плюс,органическое,C,ООО «МЕРСИ ТРЕЙД»,1082538008101,20.06.2022,19.06.2032,Действует,2,Сухое | Жидкое
826-20-3766-1,Органическое удобрение удобрение Прим Плюс,органическое,C,ООО «ПРИМОРСКИЙ БЕКОН»,1122510000623,20.07.2022,19.07.2032,Действует,2,Сухое | Жидкое
254-13-4585-1,Органо-минеральнео удобрение Мастер Рэд,микроудобрение,ЛС,ООО «БИОКЕФАРМ РУС»,1097746641981,23.05.2024,22.05.2034,Действует,15,Мастер Рэд ПроФи | Мастер Рэд Ca | Мастер РэдCa+S | Мастер Рэд Mn+Cu+S | Мастер Рэд Ca+S+B | Мастер Рэд Mn+Mo | Мастер Рэд K+P Супер | Мастер Рэд Ca+Mg | Мастер Рэд Zn Супер | Мастер Рэд Вива | Мастер Рэд Ca+B | Мастер Рэд S Плюс | Мастер Рэд K Супер | Мастер Рэд K Плюс | Мастер Рэд K Супер K
233-13-4252-1,Органо-минеральное жидкое удобрение Эпин Плюс,стимулятор / жидкое комплексное,ЛС,ННПП «НЭСТ М»,1027739149580,13.11.2023,12.11.2033,Действует,0,
233-13-4508-1,Органо-минеральное жидкое удобрение “ЭкоФус”,стимулятор / жидкое комплексное,ЛС,АНО «НЭСТ М»,,04.04.2024,03.04.2034,Действует,0,
830-13-4982-1,Органо-минеральное удобрение (ОМУ) гранулированной фракции,прочее,Л,ООО «НОРД ПАЛП»,1151001010335,05.08.2025,04.08.2035,Действует,9,Марка №1 | Марка №2 | Марка №3 | Марка №4 | Марка №5 | Марка №6 | Марка №7 | Марка №8 | Марка №9
830-13-4981-1,Органо-минеральное удобрение (ОМУ) жидкой фракции,стимулятор / жидкое комплексное,Л,ООО «НОРД ПАЛП»,1151001010335,05.08.2025,04.08.2035,Действует,14,Марка №1 | Марка №2 | Марка №3 | Марка №4 | Марка №5 | Марка №6 | Марка №7 | Марка №8 | Марка №9 | Марка №10 | Марка №11 | Марка №12 | Марка №13 | Марка №14
951-13-4691-1,Органо-минеральное удобрение Айдамин,микроудобрение,C,ООО «АЙДАМИН-АМУР»,,09.10.2024,08.10.2034,Действует,1,"Айдамин Омния, Айдамин-Комплексный, Айдамин-Бор-Молибден, Айдамин-Молибден, Айдамин-Бор, Айдамин-Цинк, Айдамин-Железо, Айдамин-Медь, Айдамин-Амино"
254-13-1457-1,Органо-минеральное удобрение Алга 1000,прочее,ЛС,ООО «БИОКЕФАРМ РУС»,1097746641981,12.04.2017,11.04.2027,Действует,0,
203-13-4316-1,Органо-минеральное удобрение Алга Супер,прочее,ЛС,ООО «АГРОБИОКОМ»,1113668009102,15.12.2023,14.12.2033,Действует,0,
664-13-3565-1,Органо-минеральное удобрение Благо,фосфорное,C,ООО СППБ Балконверсия,1077847653080,22.03.2022,21.03.2032,Действует,7,Благо2 | Благо 3 | Благо 3+ | Благо 3 осеннее | Благо 5 | Благо 5+ | Благо 5 фосфорное
927-13-4537-1,Органо-минеральное удобрение Благо,микроудобрение,C,ООО «СППБ «Балтконверсия»,,03.05.2024,02.05.2034,Действует,4,Благо Молибден | Благо Марганец | Благо Бор | Благо Цинк
713-13-3634-1,Органо-минеральное удобрение Виано,комплексное NPK,ЛС,ООО «ОРГАНИК МИКС»,1187325001775,15.04.2022,14.04.2032,Действует,15,Био Юнивёрсал Фертилайзер | Роуз Фуд | Террасе Плант Фуд | Рекавери | Потэйто Фертилайзер | Легума | Томато энд Грин-Хаус ПлантФуд | Гринкомфорт Мо Нутритион | Лаун-Бустер | Микспроф Фос рс НПК 5-25-0 | Микспроф 5 | Микспроф 6 | Ви Эв-Рибоди Хепи 52 Икс | Ви Хэпи Индор Грин Плантс 52 Икс | Виназа
186-18-4180-1,Органо-минеральное удобрение Гумифул Про,прочее,C,АО «Яра»,,14.08.2023,бессрочно,Действует,7,Гумифул Про 800 | Гумифул Про Вита | Гумифул Про Вива | Гумифул Про Микс | Гумифул Про Амино | Гумифул ПроФи | Гумифул Про Турбо
203-13-4459-1,Органо-минеральное удобрение Игида,прочее,ЛС,ООО «АГРОБИОКОМ»,1113668009102,14.03.2024,13.03.2034,Действует,0,
537-13-2157-1,Органо-минеральное удобрение Икар,прочее,C,"«Икараи», ЗАО",,14.03.2019,13.03.2029,Действует,2,Икар Энзо | Икар Фосто
484-13-1911-1,Органо-минеральное удобрение Италполлина,комплексное NPK,ЛС,«ИТАЛПОЛЛИНА С.П.А»,,14.05.2018,13.05.2028,Действует,12,Мир Кальций-Бор | Мир Цинк | Мир Бор | Мир Хлороз | Мир Микро | Клик-Линк | Тренер | Скудо | 5 АП | Фосфит-1 | Нутримир 10-6-4 | Нутримир 4-4-10
525-13-2286-1,Органо-минеральное удобрение Компо,комплексное NPK,ЛС,Компо Эксперт ГмбХ,,28.08.2019,27.08.2029,Действует,8,Басфолиар Авант Натур СЛ | Басфолиар Авант Натур 8-4-6 СЛ | Басфолиар Амино Премиум СЛ | Басфолиар Алгае СЛ | Басфолиар Келп Премиум СЛ | Басфолиар Келп Олиго-Макс СЛ | Витаника РЦ | Басфолиар Терф Комплит СЛ
424-13-2084-1,Органо-минеральное удобрение Лейли 2000 (Сбалансированная смесь микроэлементов на основе экстракта морских водорослей),микроудобрение,ЛС,ООО «ГРАНУМ»,1147746366261,31.01.2019,30.01.2029,Действует,0,
126-13-1099-1,Органо-минеральное удобрение Макрошанс (Морские водоросли с микроэлементами в хелатной форме),микроудобрение,ЛС,"ООО ""ШАНС""",1093668046812,27.04.2016,26.04.2026,Не действует,0,
854-13-3954-1,Органо-минеральное удобрение Минавит,микроудобрение,ЛС,ООО Праймагро,1195081032596,12.01.2023,11.01.2033,Действует,8,Минавит Эконом | Минавит Премиум | Минавит Старт | Минавит Кущение | Минавит Турбо | Минавит Антистресс | Минавит Блок | Минавит Бор
424-13-2085-1,Органо-минеральное удобрение РутМост (Экстракт морских водорослей с аминокислотами),прочее,ЛС,ООО «ГРАНУМ»,1147746366261,31.01.2019,30.01.2029,Действует,0,
424-13-2106-1,"Органо-минеральное удобрение Сиамино (Экстракт морских водорослей с аминокислотами, макро- и микроэлемнтами)",микроудобрение,ЛС,ООО «ГРАНУМ»,1147746366261,04.02.2019,03.02.2029,Действует,0,
834-18-3817-1,Органо-минеральное удобрение Торфопродукт,грунт / субстрат,C,ООО «Торфопродукт»,1177031069423,05.10.2022,04.10.2032,Действует,16,Торфопродукт Экстра | Торфопродукт Экстра NK | Торфопродукт Экстра Mo | Торфопродукт по листу | Торфопродукт под корень | Торфопродукт Бор | Торфопродукт Азот Бор | Торфопродукт Азот | Торфопродукт Молибден Бор | Торфопродукт Молибден | Торфопродукт Плюс | Торфопродукт Плюс Бор | Торфопродукт Плюс Азот Бор | Торфопродукт Плюс Азот | Торфопродукт Плюс Молибден | Торфопродукт Плюс Молибден Бор
046-18-4427-1,Органо-минеральное удобрение Энерген-аква,прочее,ЛС,АО «ТПК «Техноэкспорт»,1025005325070,26.02.2024,25.02.2034,Не действует,4,А | Б | В | 20
046-18-5078-1,Органо-минеральное удобрение Энерген-аква,прочее,ЛС,"ООО ""ТЕХНОЭКСПОРТ""",1125042005175,29.08.2025,25.02.2034,Действует,4,А | Б | В | 20
126-13-1094-1,Органо-минеральное удобрение Энергошанс (экстракт морских водорослей с аминокислотами),прочее,ЛС,"ООО ""ШАНС""",1093668046812,27.04.2016,26.04.2026,Не действует,0,
779-13-3406-1,Органо-минеральное удобрение Эфика,микроудобрение,ЛС,ООО «ГЛАВАГРОПРОЕКТ»,1202200016590,09.12.2021,08.12.2031,Действует,6,Эфика Азот | Эфика Цинк | Эфика Бор | Эфика Магний | Эфика Микро | Эфика РК
126-13-1095-1,Органо-минеральное удобрение на основе аминокислот из морских водорослей Шанс Универсал,комплексное NPK,ЛС,"ООО ""ШАНС""",1093668046812,27.04.2016,26.04.2026,Не действует,0,
270-13-2595-1,Органо-минеральное удобрение на основе гуминовых и фульвовых кислот Фульвигрейн,гумат,,,,16.03.2020,15.03.2030,Действует,12,Фульвигрейн Классик | Фульвигрейн Антистресс Про | Фульвигрейн Стимул | Фульвигрейн Антистресс | Фульвигрейн Стимул Про | Фульвигрейн Сид | Фульвигрейн Старт | Фульвигрейн Топ | Фульвигрейн Термо | Фульвигрейн Бест | Фульвигрейн Бор | Фульвигрейн Цинк
290-13-675-1,Органо-минеральное удобрение “Универсальное”,комплексное NPK,ЛС,ОАО «БХЗ»,,02.06.2015,01.06.2025,Не действует,14,1 | 2 | 3 | 4 | 5 | 6 | 7 | 8 | 9 | 10 | 11 | 12 | 13 | 14
254-13-3674-1,Органо-минеральноеудобрениеСофтГард Микс,прочее,ЛС,ООО «БИОКЕФАРМ РУС»,1097746641981,11.05.2022,10.05.2032,Действует,0,
865-21-4035-1,Органобор,микроудобрение,ЛС,ООО АГРОЛИДЕР,1095005000078,16.03.2023,15.03.2033,Действует,6,Меланж | Директ | Молибден-Кобальт АГ | Кальций АГ | Цинк АГ | Сера АГ
484-13-4612-1,Органоминеральное водорастворимое удобрение с микроэлементами,микроудобрение,ЛС,«ИТАЛПОЛЛИНА С.П.А»,,13.06.2024,12.06.2034,Действует,7,Аквамин | Кейлан Макс | Кейлан Комби | Кейлан Железо | Кейлан Марганец | Кейлан Цинк | Кейлан Кальций
254-13-1458-1,Органоминеральное комплексное гранулированное удобрение Дабл Вин,комплексное NPK,ЛС,ООО «БИОКЕФАРМ РУС»,1097746641981,12.04.2017,11.04.2027,Действует,0,
327-13-2552-1,Органоминеральное удобрение,прочее,Л,ООО «Гарден Ритейл Сервис»,,17.03.2020,16.03.2030,Действует,7,Оптима 1 | Оптима 2 | Оптима 3 | Профи 1 | Профи 2 | Профи 3 | Интенсив
382-13-4908-1,Органоминеральное удобрение,прочее,ЛС,"ОАО ""БХЗ""",1024401232382,23.06.2025,22.06.2035,Действует,14,1 | 2 | 3 | 4 | 5 | 6 | 7 | 8 | 9 | 10 | 11 | 12 | 13 | 14
246-13-431-1,Органоминеральное удобрение «Валагро»,прочее,ЛС,ООО ТД «АгроМастер»,,21.10.2014,20.10.2024,Не действует,4,Вива | Мегафол | Радифарм | Свит
246-13-921-1,Органоминеральное удобрение «Валагро»,прочее,ЛС,ООО ТД «АгроМастер»,,23.12.2015,22.12.2025,Не действует,3,Кендал | Бенефит ПЗ | Активейв
527-13-2122-1,Органоминеральное удобрение Алтайорганик,прочее,C,ООО «БАРНАУЛЬСКИЙ ВОДОКАНАЛ»,1042201872800,22.02.2019,21.02.2029,Действует,0,
291-13-2225-1,Органоминеральное удобрение Берес,прочее,ЛС,ООО НПК «Берес»,1135476047552,13.05.2019,12.05.2029,Действует,4,Берес АминоПлант | Берес АминоМакс | Берес АминоКомплекс | Берес АминоФорте
126-13-667-1,Органоминеральное удобрение Борошанс,прочее,ЛС,"ООО ""ШАНС""",1093668046812,22.05.2015,21.05.2025,Не действует,0,
200-13-9913-1,Органоминеральное удобрение ГРИН ЛИФТ Фосфор,микроудобрение,ЛС,ООО «Грин Лифт»,1115262005264,21.04.2026,20.04.2036,Действует,12,Азот | Железо | Калий | Магний | Медь | Молибден | Сера | Цинк | Фосфор | Кальций | Бор | Марганец
200-13-2331-1,Органоминеральное удобрение Грин Лифт Бор,микроудобрение,C,ООО «Грин Лифт»,1115262005264,24.07.2019,23.07.2029,Действует,0,
646-18-2864-1,Органоминеральное удобрение Гумат калия плюс,гумат,C,ИП Шоба Владимир Николаевич,319547600009151,02.11.2020,01.11.2030,Действует,2,А | Б
988-13-9679-1,Органоминеральное удобрение Доброцвет,прочее,Л,"ООО ""ТАН ИНДУСТРИЯ""",1207700010198,20.11.2025,19.11.2035,Действует,0,
608-13-3245-1,Органоминеральное удобрение Л-экспресс,прочее,C,"ООО ""ЛЕБОЗОЛ ВОСТОК""",1127746259541,23.07.2021,22.07.2031,Не действует,2,Л-экспресс ОптиКэр | Л-экспресс ТоталКэр Гель
608-13-4822-1,Органоминеральное удобрение Л-экспресс,прочее,C,"ООО ""ЛЕБОЗОЛ ВОСТОК""",1127746259541,12.05.2025,22.07.2031,Действует,2,Л-экспресс ОптиКэр | Л-экспресс ТоталКэр Гель
608-13-2798-1,"Органоминеральное удобрение Л-экспресс-Питание, (ЛС,C)",комплексное NPK,,"ООО ""ЛЕБОЗОЛ ВОСТОК""",1127746259541,14.09.2020,13.09.2030,Не действует,6,Л-экспресс-Питание 6-12-6 | Л-экспресс-Питание 12-4-6 | Л-экспресс-Питание 36 | Л-экспресс-Питание 8-8-6 | Л-экспресс-Гепта Железо | Л-экспресс-Магний 400
608-13-4821-1,"Органоминеральное удобрение Л-экспресс-Питание, (ЛС,C)",комплексное NPK,,"ООО ""ЛЕБОЗОЛ ВОСТОК""",1127746259541,12.05.2025,13.09.2030,Действует,6,Л-экспресс-Питание 6-12-6 | Л-экспресс-Питание 12-4-6 | Л-экспресс-Питание 36 | Л-экспресс-Питание 8-8-6 | Л-экспресс-Гепта Железо | Л-экспресс-Магний 400
254-13-2159-1,Органоминеральное удобрение Мастер Грин,микроудобрение,ЛС,ООО «БИОКЕФАРМ РУС»,1097746641981,14.03.2019,13.03.2029,Действует,11,Мастер Грин Са | Мастер Грин Zn | Мастер Грин Fe | Мастер Грин Mn | Мастер Грин Cu | Мастер Грин Mg | Мастер Грин K | Мастер Грин Mo | Мастер Грин Si | Мастер Грин Co | Мастер Грин Микс
761-13-3280-1,Органоминеральное удобрение ПРК Черный Жемчуг Гумус,прочее,ЛС,ООО «ГРУППА КОМПАНИЙ АГРОПЛЮС»,1082310014665,01.09.2021,31.08.2031,Действует,0,
691-13-3105-1,Органоминеральное удобрение Пауэр Рутс,прочее,Л,Бертелс Б.В.,,12.04.2021,11.04.2031,Действует,0,
906-13-4334-1,Органоминеральное удобрение Приомин,прочее,ЛС,ООО Техгранд Агро,1217700370656,28.12.2023,27.12.2033,Действует,0,
620-13-4708-1,Органоминеральное удобрение ПрофиФлекс-РГК,прочее,C,ООО Рошальский Гуминовый комбинат,1065049006703,06.11.2024,05.11.2034,Действует,0,
620-18-2715-1,Органоминеральное удобрение ПрофиФлекс-РГК,гумат,ЛС,ООО Рошальский Гуминовый комбинат,1065049006703,29.06.2020,28.06.2030,Действует,5,Гумат Плюс | Семилла | Фермер | Профи | Премиум
254-13-10076-1,Органоминеральное удобрение Рутер Рутер Био,биоудобрение,ЛС,ООО «БИОКЕФАРМ РУС»,1097746641981,17.08.2026,16.08.2036,Действует,5,Рутер Био | Рутер Форте | Рутер Макс | Рутер Энерджи | Рутер Сидс
693-13-3113-1,Органоминеральное удобрение Столлер,прочее,C,Столлер Европа СЛЮ,,15.04.2021,14.04.2031,Действует,3,Столлер Энерджи | Столлер Экселенс | Столлер Гроус
693-13-4606-1,Органоминеральное удобрение Столлер,прочее,ЛС,Столлер Европа СЛЮ,,13.07.2024,12.07.2034,Действует,3,Столлер Флауэр | ЦитоФарм | ГроуФордж
540(541)-13-2163-1,Органоминеральное удобрение Элемент,микроудобрение,C,ООО «Агропродэко»,1155022002200,25.03.2019,24.03.2029,Действует,4,Элемент Бор | Элемент Био | Элемент Микро | Элемент Универсальный
710-13-3181-1,Органоминеральное удобрение с микроэлементами Фитактив,микроудобрение,ЛС,ООО «НПО «БИНАМ»,1143128000685,16.06.2021,15.06.2031,Действует,5,Старт | Рост | Урожай | Лайт | Флора
553-13-2240-1,Органоминеральное удобрение серии БиоАктивСоил,комплексное NPK,ЛС,ООО «АГРАТЕК БИО»,1177746203788,24.05.2019,23.05.2029,Действует,3,Иммун систем | Блюм Гроу | Гидропоник
303-13-2152-1,ОрхиВит,прочее,Л,Хеси Плантенвойдинг Б.В. (Нидерланды),,07.03.2019,06.03.2029,Действует,0,
697-12-3131-1,Осадок известковый,кальциевое / известкование,C,ООО «ГИРЕЙ-САХАР»,1132364002836,30.04.2021,29.04.2031,Действует,0,
720-12-3171-1,Осадок фильтрационный,прочее,C,ООО «ДИНСК-САХАР»,1142373001088,01.06.2021,31.05.2031,Действует,0,
662-12-2963-1,Осадок фильтрационный (дефекат),кальциевое / известкование,C,ООО «ЛИВНЫ САХАР»,1115743000460,30.12.2020,29.12.2030,Действует,1,Б
773-12-3339-1,Осадок фильтрационный (дефекат),кальциевое / известкование,C,ООО «Сахарный комбинат «Колпнянский»,1185749008862,20.10.2021,19.10.2031,Действует,0,
775-12-3377-1,Осадок фильтрационный (дефекат),кальциевое / известкование,C,ООО «ЗАЛЕГОЩЕНСКИЙ САХАРНЫЙ ЗАВОД»,1105745000129,18.11.2021,17.11.2031,Действует,0,
299-13-780-1,Осмокот,комплексное NPK,ЛС,Эверрис Интернешнл Б.В.,,11.09.2015,10.09.2025,Не действует,9,Блюм 12-7-18+МЭ (2-3М) | Про 17-11-10+2МgO+М Э(3-4М) | Про 17-11-10+2МgO+М Э(5-6М) | Экзакт Стандарт Хай К 11-11-18+МЭ (3-4М) | Экзакт Стандарт Хай К 11-11-18+МЭ (5-6М) | Экзакт Стандарт Хай К 11-11-18+МЭ (8-9М) | Экзакт Стандарт 16-9-12+2МgO+М Э(3-4М) | Экзакт Стандарт 15-9-12+2МgO+М Э (5-6М) | Экзакт Хай-Энд 15-9-12+2МgO+М Э (5-6М)
299-11-4609-1,Осмокот5,комплексное NPK,ЛС,Эверрис Интернешнл Б.В.,,13.06.2024,бессрочно,Действует,4,16-8-12+2.2MgO+ TE (3-4M) | 16-8-12+2.2MgO+ TE (5-6M) | 16-8-12+2.2MgO+ TE (8-9M) | 16-8-12+2.2MgO+ TE (12-14M)
634-11-4004-1,ПРЕМИАНТ,прочее,C,«АВЕНТРО» Сарл,,07.03.2023,бессрочно,Действует,2,Премиант Дельта-Са | Премиант Омега
761-11-3569-1,ПРК Белый Жемчуг,микроудобрение,,ООО «ГРУППА КОМПАНИЙ АГРОПЛЮС»,1082310014665,25.03.2022,бессрочно,Действует,7,Универсальный | ЭкоЗемляника | Виноград + Mg хелат | Дрип Ca + Mg | Подсолнечник + Бор активированный | Кукуруза + Zn хелат | Соя
293-13-624-1,Паверфол,микроудобрение,C,ДОКТОР ТАРСА ТАРИМ САНАЙИ ВЕ ТИКАРЕТ А.С.,,06.04.2015,05.04.2025,Не действует,8,Паверфол Бор ВРП | Паверфол Борон ВР | Паверфол Кукурузный РК | Паверфол Зерновой РК | Паверфол Масличный РК | ПаверфолЦинкат КС | Паверфол Фосфоцинк | Паверфол Кальций КС
293-13-2232-1,Паверфол Амино,прочее,C,ДОКТОР ТАРСА ТАРИМ САНАЙИ ВЕ ТИКАРЕТ А.С.,,21.05.2019,20.05.2029,Действует,7,Паверфол Амино Старт КС | Паверфол Амино Вегетативный КС | Паверфол Амино Цветение и Плодоношение КС | Паверфол Амино Кальмаг ВР | Паверфол Амино Марин ВР | Паверфол Амино Сид ВР | Паверфол Амино Аско КС
989-21-9693-1,Паверфол Бор ВРП,микроудобрение,C,Плантакот Тарым Санайи ве Тиджарет А.Ш.,,26.11.2025,25.11.2035,Действует,0,
293-21-4931-1,Паверфол Борон ВР,микроудобрение,C,ДОКТОР ТАРСА ТАРИМ САНАЙИ ВЕ ТИКАРЕТ А.С.,,27.06.2025,26.06.2035,Действует,0,
293-11-9738-1,Паверфол Паверфол Зерновой РК,прочее,C,ДОКТОР ТАРСА ТАРИМ САНАЙИ ВЕ ТИКАРЕТ А.С.,,19.12.2025,бессрочно,Действует,3,Паверфол Кукурузный РК | Паверфол Зерновой РК | Паверфол Масличный РК
293-11-9674-1,Паверфол Фосфоцинк,микроудобрение,C,ДОКТОР ТАРСА ТАРИМ САНАЙИ ВЕ ТИКАРЕТ А.С.,,17.11.2025,17.11.2035,Действует,0,
178-20-2753-1,Панч,прочее,C,"ООО ""АГРО ЭКСПЕРТ ГРУП""",1027708006996,10.07.2020,09.07.2030,Действует,0,
377-10-2304-1,Пекацид,прочее,C,Ротем Амферт Негев Лтд.,,05.07.2019,04.07.2029,Действует,0,
,Пенергетик Р-К,прочее,ЛС,ООО «ГРУППА КОМПАНИЙ АГРОПЛЮС»,1082310014665,21.11.2017,20.11.2027,Действует,0,
186-10-3420-1,Пи-Джи Микс,прочее,C,АО «Яра»,,06.03.2017,05.03.2027,Действует,2,14+16+18 | 12+14+24+2
345-11-4925-1,ПиДжи Микс,комплексное NPK,ЛС,АО «Фертика»,1097746681317,08.07.2025,бессрочно,Действует,2,ПиДжи Микс 12-14-24+2MgO+микро | ПиДжи Микс 14-16-18+микро
876-14-4169-1,Питательный грунт Грунт Эко,грунт / субстрат,ЛС,ООО ГРУНТ ЭКО,1175024012019,31.07.2023,30.07.2033,Действует,4,Универсальный | Хвойный | Цветочный | Газонный
233-11-1773-1,Питательный раствор,стимулятор / жидкое комплексное,ЛС,ННПП «НЭСТ М»,1027739149580,05.02.2016,04.02.2026,Не действует,2,Цитовит | Феровит
299-11-9923-1,Питерс Профессионал Винтер Гроу Спешл 20-10-20+TE,комплексное NPK,ЛС,Эверрис Интернейшнл Б.В.,,23.04.2026,бессрочно,Действует,7,Олраундер 20-20-20+TE | Плант Стартер 10‐52‐10+TE | Блоссом Бустер 10-30-20+2MgO+Т Е | Фолиар Фид 27-15-12+TE | Комби Сол 6-18-36+3MgO+TE | Винтер Гроу Спешл 20-10-20+TE | Плант Финишер 9-10-38+3MgO+TE
691-11-3261-1,Плагрон,прочее,Л,Бертелс Б.В.,,16.08.2021,15.08.2031,Действует,8,Кокос А | Кокос Б | Грин Сенсейшен | Гидро А | Гидро Б | РК 13-14 | Терра Гроу | Терра Блум
034-19-9831-1,Планталюкс СТЕРНЯ,прочее,C,ООО ПО «Сиббиофарм»,1035404721780,13.03.2026,12.03.2036,Действует,0,
247-11-2747-1,Плантафид,комплексное NPK,ЛС,ООО «АгроМастер»,1102308006877,08.07.2020,07.07.2030,Действует,5,Плантафид 20-20-20 | Плантафид 30-10-10 | Плантафид 5-15-45 | Плантафид 0-25-50 | Плантафид 10-54-10
292-11-620-1,Плантафол,прочее,ЛС,Валагро С.п.А.,,01.04.2015,31.03.2025,Не действует,0,
101-19-3895-1,Планфаг,прочее,C,ООО «БИОМ-ПРО»,1075009002254,01.12.2022,30.11.2032,Действует,0,
929-13-4559-1,ПолеВита,микроудобрение,ЛС,ООО «ПЛАТОН»,1193668033492,14.05.2024,13.05.2034,Действует,6,Комплекс | Азот | Бор | Цинк | Бор-Молибден | Медь
637-11-2785-1,Полиамикс,микроудобрение,,,,27.08.2020,26.08.2030,Действует,8,Комплекс Старт | Комплекс Универсал | Комплекс Вегетация | Кремний Защита | Комплекс Бор | Комплекс Цинк | Комплекс Семена | Комплекс Медь
070-11-3263-1,Полигро,комплексное NPK,C,"ООО ""АГРОМИР""",1187746148424,16.08.2021,15.08.2031,Действует,6,Полигро Универсал 19-19-19+ 1MgO+ME | Полигро Сириалс 21-11-21+2MgO+M E | Полигро Грин 11-12-34+2MgO+M E | Полигро Томато 4-12-39+3MgO+M E | Полигро Энерджи 13-40-13+ 1MgO+ME | Полигро Битс 15-9-30+2MgO+M E
1135-10-3804-1,Полисульфат,прочее,ЛС,АэйСиЭлЮроп кооператив Ю.А.,,26.09.2022,бессрочно,Действует,6,Стандарт | Гранулы | Гранулы Л | Мини Гранулы | Порошок | ПоташплюС 37
946(947)-11-4655-1,Полиферт,комплексное NPK,ЛС,ООО ПОЛИФЕРТ,1224800003768,26.08.2024,бессрочно,Действует,10,Полиферт 4-15-37 | Полиферт 6-15-38 | Полиферт 11-12-33 | Полиферт 12-5-40 | Полиферт 13-9-32 | Полиферт 14-10-34 | Полиферт 15-7-30 | Полиферт 15-15-30 | Полиферт 19-19-19 | Полиферт 21-11-21
126-13-1096-1,"Полишанс (сбалансированная смесь микроэлементов на основе экстракта морских водорослей), (C,ЛС)",микроудобрение,,"ООО ""ШАНС""",1093668046812,27.04.2016,26.04.2026,Не действует,0,
965-20-4824-1,Помет куриный перепревший ЭКО+,органическое,C,"ООО ""СТАВРОПОЛЬСКИЙ БРОЙЛЕР""",,18.03.2025,17.03.2035,Действует,16,"Зерновые культуры (озимые) | Зерновые культуры (яровые) | Зернобобовые культуры | Картофель | Свекла сахарная | Свекла сахарная (на корм скоту) | Кукуруза (на зеленый корм и на силос) | Кукуруза (на зерно) | Озимые промежуточные культуры (рожь озимая, вика озимая, рапс озимый, сурепица озимая, пшеница озимая) | Многолетние злаковые и злаково-бобовые травы (на сено и на зеленый корм) | Естественные сенокосы и пастбища | Однолетние травы | Овощные культуры | Цветочные и декоративные культуры | Травы газонные | Плодово-ягодные культуры"
385-14-1220-1,Почвенные грунты на основе биогумуса,грунт / субстрат,Л,ООО «НПП «АЛЬЯНС»,1026604969489,05.09.2016,04.09.2026,Не действует,9,"Урожай Универсальный | Урожай Томаты, Перцы | Урожай Цветочный | Урожай Пальма | Урожай Роза | Урожай Фиалка | Урожай Бегония | Урожай Кактус | Урожай Цитрусовый"
747-14-4825-1,Почвенные грунты с торфом Грунт питательный,грунт / субстрат,C,ООО «РУСАГРО-БЕЛГОРОД»,,19.03.2025,18.03.2035,Действует,1,Сила Черноземья
394-14-1250-1,Почвогрунт,грунт / субстрат,Л,ООО «ФАБРИКА ГРУНТОВ»,1156658070590,13.10.2016,12.10.2026,Действует,31,"Универсальный | Универсальный цветочный | Питательный универсальный | Питательный универсальный цветочный | Микропарник | Томаты, перцы | Кактус | Хвойные | Пальма | Роза | Фикус | Цитрус | Фиалка, сенполия | Бегония | Герань | Орхидея | Для бромелиевых | Для папоротниковых | Азалия | Для драцен | Для газонов | Для декоративно-лиственных | Садовый | Универсальный с гуматом | Универсальный с биогумусом | Универсальный цветочный с биогумусом | С добавлением куриногокомпоста | С добавлением конского компоста | С добавлением компоста КРС | Для цветущих, Субстрат универсальный | Субстрат универсальный цветочный"
538-14-3764-1,Почвогрунт,грунт / субстрат,ЛС,"ООО ""ТЕРРА МАСТЕР""",1155476069616,15.07.2022,14.07.2032,Действует,10,Универсальный | Рассадный | Цветочный | Для кактусов | Кислый | Для орхидей | Почвобрикет универсальный | Почвобрикет рассадный | Почвобрикет цветочный | Торфяная таблетка
985-14-9636-1,"Почвогрунт Для голубики, гортензии, вереска, бонсай, клюквы, азалии, рододендрона, хвойных растений, декоративных хвойных",грунт / субстрат,ЛС,ООО «Садпромторг»,1226600039885,16.10.2025,15.10.2035,Действует,18,"Универсальный питательный для рассады и цветов | Универсальный для цветов, розы, бегонии, фиалки, сенполии, юкки, драцены, кактуса, фикуса, герани | Универсальный для комнатных растений и декоративно-лиственных, красивоцветущих, горшечных культур | Для голубики, гортензии, вереска, бонсай, клюквы, азалии, рододендрона, хвойных растений, декоративных хвойных | Для фикусов, пальм, декоративно -лиственных растений, драцен, герани | Торф нейтрализованный низинный | Торф нейтрализованный верховой | Для рассады томатов, перцев, огурцов, кабачков, тыквенных, баклажанов | Садовая земля для плодовых растений, ягодных культур, клубники, земляники, деревьев и кустарников, сада, огорода, газона, ландшафтного строительства | Торфяной питательный универсальный субстрат для рассады, овощей, садовых растений, салатов, зелени, микрозелени | Универсальный цветочный субстрат для сенполии, замиокулькаса, кактусов, суккулентов, каланхое, цитрусовых, роз, клематисов, бегоний, комнатных растений | Субстрат универсальный овощной для теплиц | Универсальный торфяной субстрат с агроперлитом для рассады овощей, салатов, цветущих | Субстрат питательный универсальный для хвойных, голубики, гортензии, клюквы, азалии, рододендрона, декоративных хвойных | Покровная почва для выращивания грибов | Орхидея | Для фаленопсиса смесь для приготовления субстрата | Покровная почва для вы-ращивания грибов"
558-14-3179-1,Почвогрунт Зеленый город,грунт / субстрат,C,ООО «ЭКО-ИЗЫСКАНИЯ»,1126234000221,10.06.2021,09.06.2031,Действует,0,
1009-14-10051-1,Почвогрунт Субстрат для рассады,грунт / субстрат,ЛС,"ООО ""ГАРДЕН ТРЕЙД""",1235700000876,29.07.2026,28.07.2036,Действует,24,"Универсальный для цветочной и овощной рассады | Универсальный цветочный для петуний, сенполии, юкки, драцены, астры, георгин, розы, пиона, гладиолуса, бегонии, комнатных растений, декоративно-лиственных, красивоцветущих | Для голубики, клюквы, брусники, гортензии, вереска, бонсай, азалии, рододендрона, хвойных | Торф нейтрализованный низинный | Торф нейтрализованный верховой | Для рассады огурцов, кабачков, патиссонов, тыквы | Для рассады томатов, перцев, баклажанов | Садовая земля | Субстрат для рассады | Субстрат универсальный цветочный | Субстрат универсальный для теплиц и парников | Субстрат универсальный торфяной с агроперлитом для рассады | Субстрат питательный универсальный для хвойных, голубики, гортензии, клюквы, азалии, рододендрона | Покровная почва для грибов | Грунт с биогумусом универсальный рассадный | Грунт с биогумусом универсальный | Грунт с биогумусом универсальный цветочный | Почвогрунт с добавлением сапропеля универсальный | Почвогрунт с добавлением сапропеля садовый для плодовых и ягодных культур | Почвогрунт с добавлением сапропеля тепличный | Орхидея | Для суккулентов | Почвогрунт с добавлением сапропеля цветочный для красивоцветущих и декоративно-лиственных растений | Почвогрунт с добавлением сапропеля для суккулентов"
304-20-1640-1,Почвогрунт Ульянинский: марки А,грунт / субстрат,C,ООО Агрофирма «Ульянино»,1135040000985,07.12.2017,06.12.2027,Действует,0,
960-14-4794-1,Почвогрунт на основе биогумуса,грунт / субстрат,ЛС,ООО «БИОТЕК»,,29.01.2025,28.01.2035,Действует,0,
566-14-2362-1,Почвогрунты торфяные Добрый помощник,грунт / субстрат,ЛС,ООО Пельгорское-М,1024701894800,30.08.2019,29.08.2029,Действует,8,"Универсальный | Для рассады, теплиц и грядок | Для плодовых деревьев и ягодных кустарников | Для выращивания овощных культур | Для садовых цветов и газонныхтрав | Для цветов | ТПС | Торф нейтрализованный"
566-14-2361-1,Почвогрунты торфяные Моррис Гриин,грунт / субстрат,ЛС,ООО Пельгорское-М,1024701894800,30.08.2019,29.08.2029,Действует,14,"Для выращивания рассады | Садовая земля (микропарник) | Универсальный | Для цветущих горшечных культур | Для декоративно-лиственных горшечых культур | Для кактусов и суккулентов | Для орхидей | Для декоративных хвойных культур | Для газонов и ландшафтного строительства | Для фиалок | Для выращивания томатов | Для выращивания огурцов, кабачков, патиссонов | Для выращивания овощных культур | Биогрунт универсальный"
831-20-3774-1,Природное органическое удобрение Микроторф,грунт / субстрат,ЛС,ООО «МИКРОТОРФ»,1187746986184,26.08.2022,25.08.2032,Действует,0,
684-12-3091-1,Продукт для раскисления почвы (дефекат),кальциевое / известкование,ЛС,ЗАО Уваровский сахарный завод,1026800808594,07.04.2021,06.04.2031,Действует,0,
725-12-3203-1,Продукт переработки для раскисления почвы (Фильтрационный осадок при дефекации свекловичного сока (дефекат),кальциевое / известкование,C,ОАО «ВИКОР»,1022304418696,08.07.2021,07.07.2031,Действует,0,
345-21-3248-1,Прокоут,микроудобрение,ЛС,АО «Фертика»,1097746681317,05.08.2021,04.08.2031,Действует,4,Прокоут БМЦ | Прокоут БММЦ | Прокоут Цинк | Прокоут Бор
926-13-9643-0,Просид,прочее,ЛС,"ООО ""СТОУНФЕРТ""",5177746057495,20.10.2025,19.10.2028,Действует,0,
829-20-3777-1,Протиум,прочее,ЛС,ЕВРОФЕРТИЛИЗАНТЕС ВАЛЕНСИАНОС С.Л.,,05.09.2022,04.09.2032,Действует,2,Протиум 30 | Протиум 12
801-18-3600-1,Профарм,биоудобрение,ЛС,ООО ПРО ФАРМ РУС,1197847254296,07.04.2022,06.04.2032,Действует,8,УБП 110 сухой | УБП 110 жидкий | Люмибио Вальта сухой | Люмибио Вальта жидкий | Энси сухой | Энси жидкий | Люмидапт Кельта | Сплендикс
399-17-1359-1,Профи-Ин,прочее,ЛС,Атлантика Агрикола С.А.,,30.01.2017,29.01.2027,Действует,0,
399-21-1275-1,Профи-Фан,прочее,ЛС,Атлантика Агрикола С.А.,,16.11.2016,15.11.2026,Действует,0,
799-12-3662-1,Пылевидная доломитовая мука,кальциевое / известкование,ЛС,ООО ИНКО-БАЛТ,1037811023172,28.04.2022,27.04.2032,Действует,0,
645-19-2871-1,РИЗО-С,прочее,ЛС,ООО Ризо-С,1171326008886,02.11.2020,01.11.2030,Действует,0,
904-10-4304-1,РКплюС,прочее,C,АэйСиЭлЮроп кооператив Ю.А.,,11.12.2023,бессрочно,Действует,5,12-24+2MgО | 15-30+2MgО | 20-20+2MgО | 29-05+2MgО | 10-25+2MgО
292-21-2351-1,Радифарм,прочее,C,Валагро С.п.А.,,20.08.2019,19.08.2029,Действует,0,
399-13-4176-1,Разормин,прочее,ЛС,Атлантика Агрикола С.А.,,14.08.2023,13.08.2033,Действует,0,
399-13-1289-1,Райкат СоМо,прочее,C,Атлантика Агрикола С.А.,,12.12.2016,11.12.2026,Действует,0,
719-18-3196-1,Регулятор плодородия почв гуминовый торфяной Гумогель,грунт / субстрат,ЛС,ООО «ОРГАНИЧЕСКИЕ УДОБРЕНИЯ»,1175074014576,29.06.2021,28.06.2031,Действует,0,
186-13-3426-1,Рексолин,микроудобрение,C,АО «Яра»,,05.10.2015,04.10.2025,Не действует,6,Рексолин Д 12 | Рексолин Са 10 | Рексолин Cu 15 | Рексолин Мп 13 | Рексолин Кью 40 | Рексолин Zn 15
555-11-4587-1,Реликт М,микроудобрение,ЛС,ООО НПП «ГЕНЕЗИС»,1165476183674,24.06.2024,бессрочно,Действует,2,Реликт М Бор | Реликт М Молибден
555-10-4573-1,Реликт М Кремний,прочее,ЛС,ООО НПП «ГЕНЕЗИС»,1165476183674,23.05.2024,бессрочно,Действует,0,
555-11-4603-1,Реликт М Сера,прочее,ЛС,ООО НПП «ГЕНЕЗИС»,1165476183674,07.06.2024,бессрочно,Действует,0,
555-13-4573-1,Реликт М Цинк,микроудобрение,ЛС,ООО НПП «ГЕНЕЗИС»,1165476183674,22.05.2024,21.05.2034,Действует,0,
292-13-1234-1,Релисид,прочее,C,Валагро С.п.А.,,21.09.2016,20.09.2026,Не действует,0,
612-13-2645-1,Реновация,прочее,,,,08.04.2020,07.04.2030,Действует,8,Комплекс | Эффект | Финал | Развитие | Семена | Корневая | Протект | Масличные
758-19-3268-1,Ресид,прочее,C,СИМБОРГ БИЗНЕС ДЕВЕЛОПМЕНТ С.Л.,,23.08.2021,22.08.2031,Действует,0,
758-19-3661-1,Ресид МГ,прочее,C,СИМБОРГ БИЗНЕС ДЕВЕЛОПМЕНТ С.Л.,,27.04.2022,26.04.2032,Действует,0,
585-19-3466-1,РизоБаш,прочее,C,Кузнецова Мария Вячеславовна,304027214000089,11.01.2022,10.01.2032,Действует,0,
714-19-3189-1,Ризоагрин-Б,прочее,C,ООО «БИОФАБРИКА»,1025800548223,22.06.2021,21.06.2031,Действует,2,Ж | Т
852-19-3921-1,Ризовирт,прочее,C,"ООО ""НПИ ""Биопрепараты""",1081690038561,27.12.2022,26.12.2032,Действует,2,А | Б
196-19-1225-1,Ризолайн,прочее,C,ООО «ОРГАНИК ЛАЙН»,1115027001154,07.09.2016,06.09.2026,Не действует,0,
673-19-3025-1,Ризолик Лонг Лайф,прочее,C,Ризобактер Аргентина С.А.,,20.02.2021,19.02.2031,Действует,0,
289-19-1252-1,Ризолик Топ,прочее,C,«Агронутрисион»,,19.10.2016,18.10.2026,Действует,0,
893-19-4249-1,Ризолик Ультра Хай Концентрейшен,прочее,C,"РИЗОБАКТЕР ФРАНС САС, Франция",,13.11.2023,12.11.2033,Действует,0,
283-19-2055-1,Ризомакс,прочее,C,ООО СХП «НИВА»,1149102116426,15.11.2018,14.11.2028,Действует,0,
018-21-1380-1,Ризоформ Горох,прочее,C,"АО ""ЩЕЛКОВО АГРОХИМ""",1025006519427,27.02.2017,26.02.2027,Действует,0,
018-19-3629-1,Ризоформ Соя,прочее,C,"АО ""ЩЕЛКОВО АГРОХИМ""",1025006519427,14.04.2022,13.04.2032,Действует,0,
567-20-2372-1,Ростмомент,прочее,ЛС,ОАО «Дрожжевой комбинат»,,02.09.2019,01.09.2029,Действует,0,
330-18-806-1,Росток,прочее,ЛС,ООО «НПЦ «ЭВРИКА»,,15.10.2015,14.10.2025,Не действует,2,"А (0,1%) | Б (1%)"
995-18-9758-1,Росток Б (1%),прочее,ЛС,"ООО ""НПЦ ""ЭВРИКА""",1147232055816,15.01.2026,14.01.2036,Действует,2,"А (0,1%) | Б (1%)"
274-18-451-1,СИЛА ЖИЗНИ»,гумат,ЛС,ООО НПО «Сила жизни»,,21.11.2014,20.11.2024,Не действует,16,Ранний Старт | Активное Развитие | Дружная Завязь | Качество и Вкус | Пересадка и Корнеобразование | КомбоАктив | Гуматкалия/натрия с микроэлементами | Микро Гидро Микс | МикроГидро Cu | МикроГидроZn | МикроГидроMn | МикроГидроFe | МикроГидроMo | МикроГидроB | МикроГидроCa | МикроГидроMg
018-13-4360-1,СК2020,прочее,ЛС,"АО ""ЩЕЛКОВО АГРОХИМ""",1025006519427,15.01.2024,14.01.2034,Действует,0,
738-19-3237-1,СПА-ЗР1,прочее,C,ООО «КВС РУС»,1027739012047,21.07.2021,20.07.2031,Действует,0,
283-11-1303-1,Санни Микс,прочее,C,ООО СХП «НИВА»,1149102116426,13.12.2016,12.12.2026,Действует,6,Санни Микс Зерновые колосовые | Санни Микс Сахарная свекла | Санни Микс Бобовые | Санни Микс Подсолнечник | Санни Микс Кукуруза | Санни Микс Виноград
126-19-9762-1,Сарабанда,прочее,C,"ООО ""ШАНС""",1093668046812,19.01.2026,18.01.2036,Действует,0,
041-11-841-1,Секвестрен Турбо,прочее,ЛС,"ООО ""СИНГЕНТА""",1037739325271,30.10.2015,29.10.2025,Не действует,0,
165-10-4912-1,Селитра аммиачная,азотное,C,АО «МЕЛЕУЗОВСКИЕ МИНЕРАЛЬНЫЕ УДОБРЕНИЯ»,1030203011992,25.06.2025,бессрочно,Действует,1,Б
165-10-959-1,Селитра аммиачная,азотное,C,АО «МЕЛЕУЗОВСКИЕ МИНЕРАЛЬНЫЕ УДОБРЕНИЯ»,1030203011992,27.01.2015,26.01.2025,Не действует,1,Б
180-15-4680-1,Селитра аммиачная,азотное,C,АО «Новомосковская акционерная компания «Азот»,1027100507378,27.09.2024,бессрочно,Действует,1,Б
180-15-4681-1,Селитра аммиачная,азотное,C,АО «Новомосковская акционерная компания «Азот»,1027100507378,27.09.2024,бессрочно,Действует,0,
188-10-1361-1,Селитра аммиачная,азотное,C,ОАО «КуйбышевАзот»,,29.10.2015,28.10.2025,Не действует,1,Б
211-10-926-1,Селитра аммиачная,азотное,C,ПАО «Акрон»,1025300786610,25.12.2015,24.12.2025,Не действует,1,Б
263-10-1280-1,Селитра аммиачная,азотное,C,АО «Невинномысский Азот»,1022603620885,05.12.2016,04.12.2026,Действует,1,Б
273-10-440-1,Селитра аммиачная,азотное,C,ООО «ХимВосток»,,27.10.2014,26.10.2024,Не действует,1,Б
302-15-1078-1,Селитра аммиачная,азотное,C,ОАО «МИНУДОБРЕНИЯ»,,14.10.2015,13.10.2025,Не действует,1,Б
302-15-1079-1,Селитра аммиачная,азотное,C,ОАО «МИНУДОБРЕНИЯ»,,02.07.2015,01.07.2025,Не действует,1,Б (по ТУ)
312-10-1659-1,Селитра аммиачная,азотное,C,АО «АПАТИТ»,1025100561012,15.12.2014,14.12.2024,Не действует,1,"Б (высший, первый и второй сорт)"
321-10-775-1,Селитра аммиачная,азотное,C,АО «ОХК» «УРАЛХИМ»,1077761874024,11.09.2015,10.09.2025,Не действует,1,Б
325-10-771-1,Селитра аммиачная,азотное,C,ПАО «Дорогобуж»,1026700535773,07.09.2015,06.09.2025,Не действует,1,Б
335-10-835-1,Селитра аммиачная,азотное,C,"КАО ""АЗОТ""",1024200705077,30.10.2015,29.10.2025,Не действует,1,Б
362-15-1194-1,Селитра аммиачная,азотное,C,АО «АММОНИЙ»,1061674035257,15.08.2016,14.08.2026,Не действует,1,Б
445-10-4231-1,Селитра аммиачная,азотное,C,АО «АПАТИТ»,1025100561012,24.10.2023,бессрочно,Действует,1,Б
455-10-1613-1,Селитра аммиачная,азотное,C,ООО «НТЦ «КОРМОФОС»,1147746452347,21.11.2017,20.11.2027,Действует,1,Б
625-10-2732-1,Селитра аммиачная,азотное,C,ООО Ангарский азотно-туковый завод,1043800527594,06.07.2020,05.07.2030,Действует,1,Б
188-15-9652-1,Селитра аммиачная Б,азотное,C,"ПАО ""КУЙБЫШЕВАЗОТ""",1036300992793,27.10.2025,бессрочно,Действует,1,Б
211-10-5081-1,Селитра аммиачная Б,азотное,C,ПАО «Акрон»,1025300786610,25.08.2025,бессрочно,Действует,1,Б
302-15-4993-1,Селитра аммиачная Б,азотное,C,"АО ""МИНУДОБРЕНИЯ""",1023601231840,26.08.2025,бессрочно,Действует,1,Б
335-15-9659-1,Селитра аммиачная Б,азотное,C,"КАО ""АЗОТ""",1024200705077,05.11.2025,бессрочно,Действует,1,Б
362-15-9911-1,Селитра аммиачная Б,азотное,C,АО «АММОНИЙ»,1061674035257,17.04.2026,бессрочно,Действует,1,Б
165-10-4713-1,Селитра аммиачная марка Б,азотное,C,АО «МЕЛЕУЗОВСКИЕ МИНЕРАЛЬНЫЕ УДОБРЕНИЯ»,1030203011992,13.11.2024,26.01.2026,Не действует,0,
321-15-4696-1,Селитра аммиачная марка Б,азотное,C,АО «ОХК» «УРАЛХИМ»,1077761874024,17.10.2024,бессрочно,Действует,0,
413-15-3297-1,"Селитра аммиачная, сорта: первый, второй, третий",азотное,C,АО «Щекиноазот»,1027100507015,17.09.2021,16.09.2031,Действует,0,
188-15-3775-1,Селитра известково-аммиачная,азотное,C,ОАО «КуйбышевАзот»,,31.08.2022,бессрочно,Действует,0,
321-10-3608-1,Селитра известково-аммиачная,азотное,ЛС,АО «ОХК» «УРАЛХИМ»,1077761874024,08.04.2022,бессрочно,Действует,1,Ак
413-15-3874-1,"Селитра известково-аммиачная (CAN), сорта: первый, второй",азотное,C,АО «Щекиноазот»,1027100507015,14.11.2022,бессрочно,Действует,0,
321-15-1354-1,Селитра известково-аммиачная гранулированная,азотное,ЛС,АО «ОХК» «УРАЛХИМ»,1077761874024,26.01.2017,25.01.2027,Действует,0,
565-10-2370-1,Селитра калиевая (нитрат калия),калийное,C,ООО «АЛЬП»,1162651077159,30.08.2019,29.08.2029,Действует,2,Т | Ж
321-10-2434-1,Селитра калиевая техническая,азотное,ЛС,АО «ОХК» «УРАЛХИМ»,1077761874024,18.10.2019,17.10.2029,Действует,2,СХ | СХ гран
610-12-2623-1,Сельскохозяйственный известняк Факсе,кальциевое / известкование,C,ООО Трейд Плюс,1063914018431,24.03.2020,23.03.2030,Действует,0,
289-11-576-1,Сереастарт,прочее,C,«Агронутрисион»,,02.03.2015,01.03.2025,Не действует,0,
955-10-4764-1,СероВит,прочее,C,ООО «ТД «КУБАНЬАГРОХИМ»,,23.12.2024,бессрочно,Действует,0,
565-12-2390-1,Серпенитово-фосфогипсовая композиция Серпофос,прочее,C,ООО «АЛЬП»,1162651077159,11.09.2019,10.09.2029,Действует,2,А | Б
140-20-1778-1,Сиаптон,прочее,C,Изагро С.П.А.,,27.02.2018,26.02.2028,Действует,0,
622-13-2723-1,Сидап 22,прочее,C,ООО «ОЛМИКС»,5167746469831,02.07.2020,01.07.2030,Действует,0,
562-20-10068-1,Силамин,прочее,ЛС,ООО «АГРОХИМ ТЕХНОЛОГИЯ»,1165275042646,07.08.2026,06.08.2036,Действует,0,
924-13-4505-1,Сильвер Стар,микроудобрение,C,ООО ПК ВАГ,1213400002188,02.04.2024,01.04.2034,Действует,4,Борн | Zn | Mo | Mg
924-13-4506-1,Сильвер Стар,микроудобрение,C,ООО ПК ВАГ,1213400002188,02.04.2024,01.04.2034,Действует,2,S800 | Cu
924-13-4881-1,Сильвер Стар Экстра Ф,прочее,C,ООО ПК ВАГ,1213400002188,02.06.2025,01.06.2035,Действует,0,
033-13-1567-1,Скороспел,прочее,Л,ООО «ОРТОН»,1025004916573,10.10.2017,09.10.2027,Действует,0,
481-19-1880-1,Славол,прочее,ЛС,АГРОУНИК Д.О.О,,20.04.2018,19.04.2028,Действует,0,
336-13-3187-1,Следующее поколение Биолким,биоудобрение,ЛС,Биолким С.п.А.,,22.06.2021,21.06.2031,Действует,5,Локер | Сивег | Крисс | Фолицист | Санред
795-15-3643-1,Смесь карбамидо-аммиачная КАС,азотное,ЛС,ОАО ГродноАзот,,18.04.2022,бессрочно,Действует,2,КАС 32 | КАС 30
299-10-1856-1,Солинур,комплексное NPK,ЛС,Эверрис Интернешнл Б.В.,,09.04.2018,08.04.2028,Действует,11,"ГТ 10-5-39+2МgO | ГТ 11-35-11+2МgO | ГТ 12-5-35+2МgO | ГТ 14-6-23+2МgO | ГТ 15-15-15 | ГТ 18-11-11+2МgO | ГТ 20-20-20 | ГТ 23-10-10+5,6МgO | ГТ 7-19-38+2МgO | ГТ 20-7-20+2МgO | ГТ 17-8-27+3СаO"
399-11-1265-1,Солюкат,комплексное NPK,C,Атлантика Агрикола С.А.,,02.11.2016,01.11.2026,Действует,11,Плюс 18-18-18 | Плюс 19-19-19 | Плюс 0-16-34 | Плюс 0-19-37 | Плюс 0-40-28 | Плюс 8-8-33 | Дрип 11-9-34 | Дрип 19-19-19 | Дрип 7-50-7 | Дрип 12-6-28 | Дрип 3-10-37
324-21-1900-1,Состав микроудобрительный Ормисс МЭ,микроудобрение,,"ООО ""ОРМИСС""",1131690079960,03.05.2018,02.05.2028,Действует,0,
1013-10-10092-1,Состав удобрительный Полифус РК,прочее,C,ЗАКИРОВ ЭМИЛЬ ШАКИРОВИЧ,317169000018749,21.08.2026,бессрочно,Действует,0,
400-11-2053-1,Спидфол,комплексное NPK,,,,12.11.2018,11.11.2028,Действует,4,"Спидфол Кальций Плюс 15-5-23+10СаО+М Э | Спидфол Виноградный 13-5-36+2,3 МgО+MЭ | Спидфол Масличный 10-14-40+MЭ | Спидфол Зерновой 13-6-39+0,6МgО+ MЭ"
922-11-4476-1,Спрайтек,микроудобрение,C,Фертилизантес Фултек С.Р.Л.,,19.03.2024,бессрочно,Действует,4,Абсортек Медь | Топ Цинк | Кубо | Топ Сид
299-10-1967-1,Старт энд Гроу,комплексное NPK,ЛС,Эверрис Интернешнл Б.В.,,23.07.2018,22.07.2028,Действует,2,12-14-24 | 14-16-18
126-19-9842-1,Стернеед,прочее,C,"ООО ""ШАНС""",1093668046812,18.03.2026,17.03.2036,Действует,0,
016-20-1956-1,Стерня-12,прочее,C,ООО «НВП «БашИнком»,1020202557121,04.07.2018,03.07.2028,Действует,0,
301-13-682-1,Стимакс,комплексное NPK,ЛС,"Кемикас Меристем, С.Л.",,15.06.2015,14.06.2025,Не действует,6,Для семян | Старт | Рост | Урожай | Плюс | Универсал
872-20-4084-1,Стимувал,прочее,ЛС,ЕВРОФЕРТИЛИЗАНТЕС ВАЛЕНСИАНОС С.Л,,22.05.2023,21.05.2033,Действует,3,Стимувал Гроувал | Стимувал Стартвал | Стимувал Грайнмакс
012-13-3567-1,Стимул,стимулятор / жидкое комплексное,Л,ООО Фирма «Зеленая Аптека Садовода»,1037700040564,23.03.2022,22.03.2032,Действует,0,
824-10-3717-1,Сульфат Магния 7-водный,магниевое,C,ООО «УЛЬТРА СИ»,1156683000650,17.06.2022,бессрочно,Действует,0,
1018-15-10115-1,Сульфат аммония,азотное,ЛС,"ООО ""БЗМУ""",1203100010321,07.09.2026,бессрочно,Действует,0,
183-15-4083-1,Сульфат аммония,азотное,C,ОАО «ЕВРАЗ Нижнетагильский металлургический комбинат»,,22.05.2023,бессрочно,Действует,0,
188-10-1360-1,Сульфат аммония,азотное,ЛС,ОАО «КуйбышевАзот»,,29.10.2015,28.10.2025,Не действует,2,кристаллический | гранулированный
276-11-1966-1,Сульфат аммония,азотное,ЛС,"АО ""ВОСКРЕСЕНСКИЕ МИНЕРАЛЬНЫЕ УДОБРЕНИЯ""",1025000924728,17.07.2018,16.07.2028,Действует,6,Стандарт | Кристаллический | Гранулированный | Улучшенный N 22 | Улучшенный N 24 | Улучшенный N 30
312-10-1657-1,Сульфат аммония,азотное,ЛС,АО «АПАТИТ»,1025100561012,16.05.2017,15.05.2027,Действует,0,
321-10-4025-1,Сульфат аммония,азотное,ЛС,АО «ОХК» «УРАЛХИМ»,1077761874024,12.09.2019,11.09.2029,Действует,6,Стандарт | Кристаллический | Гранулированный | Улучшенный N 22 | Улучшенный N 24 | Улучшенный N30
331-10-809-1,Сульфат аммония,азотное,ЛС,ООО «АРВИ НПК»,,20.10.2015,19.10.2025,Не действует,0,
335-10-1987-1,Сульфат аммония,азотное,C,"КАО ""АЗОТ""",1024200705077,14.09.2018,13.09.2028,Действует,2,кристаллический | гранулированный
335-15-836-1,Сульфат аммония,азотное,C,"КАО ""АЗОТ""",1024200705077,30.10.2015,29.10.2025,Не действует,0,
335-15-9658-1,Сульфат аммония,азотное,C,"КАО ""АЗОТ""",1024200705077,05.11.2025,бессрочно,Действует,0,
413-10-1388-1,Сульфат аммония,азотное,C,АО «Щекиноазот»,1027100507015,06.03.2017,05.03.2027,Действует,2,кристаллический | компактированный
445-15-3149-1,Сульфат аммония,азотное,ЛС,АО «АПАТИТ»,1025100561012,20.05.2021,19.05.2031,Действует,1,"гранулированный, кристаллический"
463-15-4685-1,Сульфат аммония,азотное,ЛС,ООО «Титановые Инвестиции»,1147746689265,30.09.2024,бессрочно,Действует,0,
554-10-2183-1,Сульфат аммония,азотное,ЛС,ООО Кубань Трэйдинг,1122308007370,05.04.2019,04.04.2029,Действует,0,
795-15-4369-1,Сульфат аммония,азотное,ЛС,ОАО ГродноАзот,,23.01.2024,бессрочно,Действует,0,
994-15-9899-1,Сульфат аммония,азотное,ЛС,Открытое акционерное общество «Нафтан» (Республика Беларусь),,13.04.2026,бессрочно,Действует,0,
969-15-4830-1,Сульфат аммония - побочный продукт,азотное,C,"ОБЩЕСТВО С ОГРАНИЧЕННОЙ ОТВЕТСТВЕННОСТЬЮ ""ЧЕЛЯБИНСКИЙ ЗАВОД ПО ПРОИЗВОДСТВУ КОКСОХИМИЧЕСКОЙ ПРОДУКЦИИ""",1067450023156,25.04.2025,бессрочно,Действует,0,
1011-15-10114-1,Сульфат аммония - побочный продукт В,азотное,C,"ПАО ""ММК""",1027402166835,03.09.2026,бессрочно,Действует,1,В
981-15-5085-1,"Сульфат аммония Б,А",азотное,C,"ООО ""НИЖНЕКАМСКАЯ ТЭЦ""",1091651001969,28.08.2025,бессрочно,Действует,2,А | Б
188-15-9651-1,"Сульфат аммония Кристаллический,Гранулированный",азотное,ЛС,"ПАО ""КУЙБЫШЕВАЗОТ""",1036300992793,24.10.2025,бессрочно,Действует,2,Кристаллический | Гранулированный
014-10-3037-1,Сульфат аммония Турбо,азотное,C,«БАСФ СЕ»,,02.03.2021,01.03.2031,Действует,0,
465-15-1674-1,Сульфат аммония гранулированный,азотное,ЛС,ООО ПКФ «БрянскАгроХим»,1153256016638,27.12.2017,26.12.2027,Действует,0,
679-15-3088-1,Сульфат аммония гранулированный,азотное,ЛС,ООО ИНКО-ТЭК АГРО АЛАБУГА,1171690053732,02.04.2021,01.04.2031,Действует,0,
800-15-3654-1,Сульфат аммония гранулированный,азотное,ЛС,ООО «ДЖИЭСЭМ КЕМИКЭЛ»,1197746373440,27.04.2022,бессрочно,Действует,0,
879-15-4257-1,Сульфат аммония гранулированный,азотное,ЛС,ООО ТЕРМИНАЛ-ЛЫСЬВА,1135918000701,17.11.2023,бессрочно,Действует,0,
916-10-4428-1,Сульфат аммония гранулированный,азотное,C,ООО АГРОСНАБ,1194827012269,26.02.2024,бессрочно,Действует,0,
979-10-4968-1,Сульфат аммония гранулированный,азотное,ЛС,"ООО ""АГРОПРОМТРЕЙД""",1177746574719,01.07.2025,бессрочно,Действует,0,
953-15-4723-1,Сульфат аммония кристаллический,азотное,C,ОАО «Северсталь» (Череповец),1023501236901,12.11.2024,бессрочно,Действует,0,
413-10-1335-1,Сульфат аммония маточный раствор,азотное,C,АО «Щекиноазот»,1027100507015,20.01.2017,19.01.2027,Действует,0,
844-15-3876-1,Сульфат аммония – побочный продукт,азотное,C,ПАО «НОВОЛИПЕЦКИЙ МЕТАЛЛУРГИЧЕСКИЙ КОМБИНАТ»,1024800823123,14.11.2022,бессрочно,Действует,1,В
851-15-3924-1,Сульфат аммония – побочный продукт,азотное,C,АО Алтай-Кокс,1022200704712,28.12.2022,бессрочно,Действует,1,В
426-10-1436-1,Сульфат аммония-побочный продукт,азотное,C,АО «ЕВРАЗ Объединенный Западно-Сибирский металлургический комбинат»,1024201670020,03.04.2017,02.04.2027,Действует,1,В
272-10-640-1,Сульфат калия,калийное,ЛС,ОАО «ГИДРОМЕТАЛЛУРГИЧЕСКИ Й ЗАВОД»,,16.04.2015,15.04.2025,Не действует,0,
346-10-1986-1,Сульфат калия,калийное,C,Тессендерло Груп (Бельгия),,17.09.2018,03.02.2026,Не действует,0,
400-17-1266-1,Сульфат калия,калийное,C,СКМ ЕВРОПА Н.В.,,02.11.2016,01.11.2026,Действует,0,
565-17-2366-1,Сульфат калия,калийное,C,ООО «АЛЬП»,1162651077159,30.08.2019,29.08.2029,Действует,2,Т | Ж
605-10-2558-1,Сульфат калия,калийное,C,ООО АЛМАЗ УДОБРЕНИЯ,1192651003511,05.03.2020,04.03.2030,Действует,0,
946-17-10058-1,Сульфат калия,калийное,ЛС,"ООО ""Полиферт""",1164827053380,05.08.2026,04.08.2036,Действует,0,
651-17-9769-0,"Сульфат калия Стрейтс,ГринСвитч",калийное,C,"ООО ""ГРОУТЭК""",5167746307450,21.01.2026,20.01.2029,Действует,2,Стрейтс | ГринСвитч
321-17-4094-1,Сульфат калия водорастворимый,калийное,ЛС,АО «ОХК» «УРАЛХИМ»,1077761874024,13.09.2019,12.09.2029,Действует,0,
247-10-2931-1,Сульфат магния,магниевое,ЛС,ООО «АгроМастер»,1102308006877,17.12.2020,16.12.2030,Действует,0,
438-10-1503-1,Сульфат магния,магниевое,ЛС,АО «ЮЖНО – УРАЛЬСКИЙ ЗАВОД МАГНИЕВЫХ СОЕДИНЕНИЙ»,1145658016657,24.05.2017,23.05.2027,Действует,4,Эпсомит мелкокристаллический | Эпсомит гранулированный | Кизерит мелкокристаллический | Кизерит гранулированный
565-10-2367-1,Сульфат магния,магниевое,C,ООО «АЛЬП»,1162651077159,30.08.2019,29.08.2029,Действует,2,Т | Ж
621-10-2711-1,Сульфат магния (семиводный),магниевое,C,ООО «АГРИCТРИМ»,1167746715399,29.06.2020,28.06.2030,Действует,0,
999-11-9947-1,Сульфат магния 7-водный,магниевое,ЛС,"АО ""КМЗ""",1245600001965,13.05.2026,бессрочно,Действует,0,
321-10-3011-1,Сульфат магния водорастворимый,магниевое,ЛС,АО «ОХК» «УРАЛХИМ»,1077761874024,15.02.2023,бессрочно,Действует,3,А | Б | В
820-10-3691-1,Сульфитек-Агро,прочее,C,ООО ИННОВАЦИОННОЕ ПРЕДПРИЯТИЕ «СУЛЬФИТЕК»,1160280069289,20.05.2022,бессрочно,Действует,0,
272-10-708-1,Сульфоаммофос,комплексное NPK,ЛС,ОАО «ГИДРОМЕТАЛЛУРГИЧЕСКИ Й ЗАВОД»,,20.07.2015,19.07.2025,Не действует,0,
321-10-4091-1,Сульфоаммофос,комплексное NPK,ЛС,АО «ОХК» «УРАЛХИМ»,1077761874024,30.08.2019,29.08.2029,Действует,2,А | Б
605-10-2559-1,Сульфоаммофос,комплексное NPK,ЛС,ООО АЛМАЗ УДОБРЕНИЯ,1192651003511,05.03.2020,04.03.2030,Действует,2,16:20:12 | 14:27:10
311-10-9612-1,Сульфоаммофос (NPS-удобрение) 20:20,комплексное NPK,ЛС,ООО «ЕвроХим-БМУ»,1062303006930,02.10.2025,бессрочно,Действует,3,20:20 | 16:20 | 14:34
463-11-4687-1,Сульфоаммофос 16-20+12S,грунт / субстрат,ЛС,ООО «Титановые Инвестиции»,1147746689265,03.10.2024,бессрочно,Действует,4,"Все культуры | Плодово-ягодные культуры | Овощные культуры, земляника, цветочно-декоративные культуры | Овощные, земляника, цветочно-декоративные культуры (защищенный грунт)"
321-10-10095-1,Сульфоаммофос NP(S)-4,комплексное NPK,ЛС,АО «ОХК» «УРАЛХИМ»,1077761874024,25.08.2026,бессрочно,Действует,11,NP(S)-1 | NP(S)-2 | NP(S)-3 | NP(S)-4 | NP(S)-5 | NP(S)-6 | NP(S)-7 | NP(S)-8 | NP(S)-9 | NP(S)-10 | NP(S)-11
341-10-4962-1,Сульфоаммофос NPS,комплексное NPK,ЛС,ООО «ПГ «Фосфорит»,1024701420127,30.07.2025,бессрочно,Действует,2,16-20+14S | 14-34+8S
311-10-1193-1,СульфоаммофосИНТЕК,комплексное NPK,ЛС,ООО «ЕвроХим-БМУ»,1062303006930,11.08.2016,10.08.2026,Не действует,4,NP(S) 14-34(8) | NP(S) 16-20(14) | NP(S) 20-20(14) | NP(S) 15-25(12)
321-11-1020-1,Сульфонитрат,прочее,ЛС,АО «ОХК» «УРАЛХИМ»,1077761874024,09.03.2016,08.03.2026,Не действует,1,"NS 30-7,"
418-11-1366-1,Супер Старт микрогранулы,комплексное NPK,,,,10.02.2017,09.02.2027,Действует,6,"Супер Старт NP 10:35+2%MgO+5% S+2%Zn | Супер Старт Гарден – для газонов NPК 11:6:16+2%MgO+1 3%S+0,2В+0,05Fe+ 0,05%Zn | Супер Старт Гарден – старт для газонов NPК 15:20:5+2%MgO+9 %S+0,2В+0,05%Zn | Супер Старт Гарден – для цветов NPК 14:10:14+2%MgO+ 12%S+0,3В+0,05% Zn | Супер Старт Гарден – для овощей NPК 14:7:14+2%MgO+1 4%S+0,3В+0,05%Zn | Супер Старт Гарден – для фруктов NPК 6:18:24+2%MgO+4 %S+0,2В+0,05%Zn"
521-18-2269-1,Супернат 93,прочее,ЛС,ЧИФО С.Р.Л.,,10.06.2019,09.06.2029,Действует,0,
618-19-2683-1,Суперсоя,прочее,C,Вердешн Лайф Сайенсис Юроп Лтд.,,25.05.2020,24.05.2030,Действует,3,Пресайд КЛ | Примо КЛ | Н-Тэйк
327-16-781-1,Суперфосфат аммонизированный,фосфорное,Л,ООО «Гарден Ритейл Сервис»,,11.09.2015,10.09.2025,Не действует,1,9:30
386-10-1222-1,Суперфосфат аммонизированный,фосфорное,Л,ООО «ТПК «НОВ-АГРО»,1145321003850,29.08.2016,28.08.2026,Не действует,1,9:30
794-10-4597-1,Суперфосфат аммонизированный,комплексное NPK,ЛС,ОАО Гомельский химический завод,,07.06.2024,бессрочно,Действует,7,9-30-9(S)-13(CaО) | 10-35-7(S)-9(CaO) | 12-24-12(S)-9(CaO) | 8-28-9(S)-15(CaO) | 16-20-15(S)-3(CaO) | 12-35-7(S)-4(CaO) | 9-25-11(S)-14(CaO)
380-16-1178-1,"Суперфосфат обогащенный 1 сорт, 2 сорт, 3 сорт",фосфорное,ЛС,АО «ДАГФОС»,1020502231166,21.07.2016,20.07.2026,Не действует,0,
327-20-3969-1,Сухое органическое удобрение,органическое,C,ООО «Гарден Ритейл Сервис»,,30.01.2023,29.01.2033,Действует,6,Фермер А | Фермер Б | Фермер В | Фермер Г | Фермер Д | Фермер Е
518-18-2061-1,Сухое торфо-гуминовое удобрение Алиайская Флора,грунт / субстрат,ЛС,ООО «БИО-БАН»,1022200563428,16.11.2018,15.11.2028,Действует,0,
518-18-2062-1,Сухое торфо-гуминовое удобрение Алтайский Фитоп Флора-С,грунт / субстрат,ЛС,ООО «БИО-БАН»,1022200563428,16.11.2018,15.11.2028,Действует,0,
952-13-4698-1,ТОР-Органик,прочее,ЛС,"ООО ""Станция-А""",1195476053453,18.10.2024,17.10.2034,Действует,0,
867-19-4053-1,Татфармат,прочее,C,"ООО ""НПИ ""БИОПРЕПАРАТЫ""",1081690038561,30.03.2023,29.03.2033,Действует,2,А | Б
693-10-4607-1,ТекСвит,прочее,ЛС,Столлер Европа СЛЮ,,13.06.2024,бессрочно,Действует,5,Килэйт Кей | ФастСвит | МилСвит | Фитогэйн | ДулСвит
496-13-1938-1,Текамин плюс,прочее,,,,31.05.2018,30.05.2028,Действует,5,Макс П | Вигор П | Флауер П | Брикс П | Раис П
496-13-4452-1,ТекноГель,комплексное NPK,C,"АгриТекно Фертилизантес, С.Л.",,12.03.2024,11.03.2034,Действует,5,Амино 25-8-10 | Амино 15-15-15 | Амино 10-25-10 | Амино 10-50-10 | Амино 8-4-28
496-13-1936-1,Текнокель плюс,микроудобрение,C,"АгриТекно Фертилизантес, С.Л.",,31.05.2018,30.05.2028,Действует,10,Амино В | Амино Вмо | Амино Са | Амино Fe | Амино Mg | Амино Mn | Амино Mo | Амино Zn | Амино Микс | Амино К
186-21-3422-1,ТенсоКоктейль,прочее,C,АО «Яра»,,05.10.2015,04.10.2025,Не действует,0,
771-13-4567-1,Терра-Сорб,прочее,ЛС,"БИОИБЕРИКА, С.А.У.",,14.05.2024,13.05.2034,Действует,4,Терра-Сорб Фолиар | Терра-Сорб 48 | Терра-Сорб Гранум | Терра-Сорб Аминоалексин
368-13-1122-1,Терра-Сорб Комплекс,прочее,ЛС,«АВЕНТРО» Сарл,,23.05.2016,22.05.2026,Не действует,0,
875-13-4167-1,Терравис,прочее,ЛС,ООО ПРОРОСТ,1217700007800,31.07.2023,30.07.2033,Действует,2,АминоАльфа 10 | АминоАльфа Плюс
362-15-1087-1,Террафлекс,комплексное NPK,ЛС,Эверрис Интернешнл Б.В.,,18.04.2016,17.04.2026,Не действует,5,17-17-17 | Старт 11-40-11 | Финал 4-8-36 | Универсал 5-12-39 | ГФ 10-11-32
585-10-4926-1,ТиоБаш,прочее,ЛС,Кузнецова Мария Вячеславовна,304027214000089,25.06.2025,бессрочно,Действует,0,
630-15-2751-1,Тиосульфат аммония,азотное,C,Тессендерло Груп (Бельгия),,13.08.2020,12.08.2030,Действует,0,
630-17-2752-1,Тиосульфат калия,калийное,C,Тессендерло Груп (Бельгия),,14.08.2020,13.08.2030,Действует,0,
239-13-4047-1,Тогл Плюс,прочее,C,АКАДИАН СИПЛАНТС ЛИМИТЕД,,26.04.2023,25.04.2033,Действует,0,
239-13-4074-1,Тогл Плюс,прочее,C,АКАДИАН СИПЛАНТС ЛИМИТЕД,,26.04.2023,25.04.2033,Действует,0,
819-20-3681-1,Торфо – сапропелевая смесь,грунт / субстрат,ЛС,ООО «ЭКОВИТ»,1117608000740,13.05.2022,12.05.2032,Действует,0,
585-19-4183-1,Триходермикс,биоудобрение,ЛС,Кузнецова Мария Вячеславовна,304027214000089,15.08.2023,14.08.2033,Действует,0,
511-21-2007-1,Трэйдкорп Эй Зэт Бентли,прочее,C,"Трэйд Корпорэйшэн Интернэшэнэл, С.А. Юниперсонал",,10.10.2018,09.10.2028,Действует,0,
511-10-2008-1,Трэйдфос,микроудобрение,C,"Трэйд Корпорэйшэн Интернэшэнэл, С.А. Юниперсонал",,10.10.2018,09.10.2028,Действует,3,Трэйдфос В-Мо | Трэйдфос Синерджи | Трэйдфос Мg-Mn
889-11-9929-1,Тукосмеси азотно-фосфорно-калийные с добавками УМКА NPK (13:40:13+ME),комплексное NPK,ЛС,Общество с ограниченной ответственностью «Компания УМКА»,,29.04.2026,бессрочно,Действует,6,УМКА NPK (13:40:13+ME) | УМКА NPK (6:12:36+ME) | УМКА NPK (3:11:38+ME) | УМКА NPK (15:15:30+ME) | УМКА NPK (12:12:36+ME) | УМКА NPK (12:32:16+ME)
889-11-4245-1,"Тукосмеси азотно-фосфорно-калийные, с добавками",комплексное NPK,ЛС,"ООО КОМПАНИЯ УМКА, Республики Беларусь",,09.11.2023,бессрочно,Действует,4,УМКА NPK (20:20:20+МЕ) | УМКА NPK (20:9:22+МЕ) | УМКА NPK (29:6:20+МЕ) | УМКА NPK (15:9:12+МЕ)
090-19-3221-1,ТэгТимЛХО,прочее,C,Байер Агрикалче БВ,,16.11.2018,15.11.2028,Действует,0,
814-18-3666-1,Тюменский,прочее,ЛС,ООО «Эврика Агро»,1197232004496,28.04.2022,27.04.2032,Действует,3,А | Б | В
016-21-561-1,Удобрение «БИОПОЛИМИК»,микроудобрение,C,ООО «НВП «БашИнком»,1020202557121,16.02.2015,15.02.2025,Не действует,5,«Комплексный» | «Fe» | «Mn» | «Cu» | «Zn»
834-11-4489-1,Удобрение Аминатор,микроудобрение,C,ООО «Торфопродукт»,1177031069423,29.03.2024,бессрочно,Действует,10,Аминатор Люкс | Аминатор Альфа | Аминатор Базис | Аминатор Оптимум | Аминатор 28А | Аминатор 30Б | Аминатор хелат медь | Аминатор хелат железо | Аметор хелат цинк | Аминатор хелат марганец
463-10-1670-1,Удобрение Аммофос,комплексное NPK,ЛС,ООО «Титановые Инвестиции»,1147746689265,25.12.2017,24.12.2027,Действует,0,
796-20-3555-1,Удобрение Бионик,биоудобрение,ЛС,ООО БИОКРАФТ,1196658025233,21.03.2022,20.03.2032,Действует,3,Террабионик | Микробионик | Нутрибионик
912-21-4403-1,Удобрение Борная кислота,микроудобрение,Л,ООО «Современные Технологии Качества»,,06.02.2024,05.02.2034,Действует,0,
457-13-1990-1,Удобрение Гера,гумат,Л,ООО ГЕРА,1025003176703,25.09.2018,24.09.2028,Действует,31,"Универсальное | Калийфос-N | Весеннее | Картофельное | для Лука, Чеснока и Луковичных цветов | Овощная грядка | Фруктовый сад | Газонное | для Хвойных деревьев и кустарников | Осеннее | ГОМУ | для Томатов, Перцев и Баклажанов | для Томатов, Перцев и Баклажанов с гуматом | для Огурцов, Кабачков и Патиссонов | для Огурцов, Кабачков и Патиссонов с гуматом | для Клубники и Земляники | для Клубники и Земляники с гуматом | для Роз | для Роз с гуматом | для Всех декоративно-цветущих и лиственных | для Всех декоративно-цветущих и лиственных с гуматом | Боро-фосфорно-калийное | Комплексное | Комплексное с гуматом | Фосфорно-калийное | Азотное | Азотное с гуматом | Фосфорное | Фосфорное с гуматом | Калийное А | Калийное Б"
323-18-767-1,Удобрение Гумилайф,стимулятор / жидкое комплексное,ЛС,ООО «АКТИВНЫЕ ТЕХНОЛОГИИ»,,01.09.2015,31.08.2025,Не действует,3,Гумилайф жидкий (ОСН-2004) | Гумилайф жидкий (ОСН-2002) | Гумилайф твердый (ОСН-2012)
044-11-1569-1,Удобрение Маг-Бор,микроудобрение,ЛС,ЗАО ООО «НПО «Гигиена-Био»,1115001007428,20.10.2017,19.10.2027,Действует,0,
321-11-4510-1,Удобрение МикроСолар,микроудобрение,C,АО «ОХК» «УРАЛХИМ»,1077761874024,05.04.2024,бессрочно,Действует,6,Жидкий Бор | Жидкий Цинк | Жидкий Марганец | Жидкий Молибден | Жидкое Железо | Жидкая Медь
321-21-4125-1,Удобрение МикроСолар,микроудобрение,C,АО «ОХК» «УРАЛХИМ»,1077761874024,28.02.2020,27.02.2030,Действует,13,Бор | Цинк 9 | Цинк 14 | Железо 6 | Железо 13 | Марганец 7 | Марганец 13 | Медь 10 | Медь 15 | Медь+сера | Цинк+сера | Марганец+сера | Аммоний+молибден
881-13-4200-1,Удобрение Рико Профит,прочее,ЛС,ООО БАЛАНС ПЛЮС,1164632055147,15.09.2023,14.09.2033,Действует,0,
523-21-2102-1,Удобрение Салют Бор,микроудобрение,ЛС,ООО «БЕЛФЕРТИЛАЙЗ»,,08.02.2019,07.02.2029,Действует,0,
808-17-2192-1,Удобрение Сульфат калия,калийное,C,"ООО ""К-ПОТАШ СЕРВИС""",1133926034615,14.04.2022,бессрочно,Действует,2,гранулированный | мелкозернистый
018-11-1379-1,Удобрение Ультрамаг,микроудобрение,,"АО ""ЩЕЛКОВО АГРОХИМ""",1025006519427,27.02.2017,26.02.2027,Действует,3,Кальций | Калий | Молибден
018-11-1092-1,Удобрение Ультрамаг Комби,прочее,,"АО ""ЩЕЛКОВО АГРОХИМ""",1025006519427,26.04.2016,25.04.2026,Не действует,6,Для картофеля | Для зерновых | Для кукурузы | Для свеклы | Для масличных | Для бобовых
018-11-9772-1,Удобрение Ультрамаг Комби Для масличных,прочее,ЛС,"АО ""ЩЕЛКОВО АГРОХИМ""",1025006519427,22.01.2026,бессрочно,Действует,6,Для кукурузы | Для бобовых | Для зерновых | Для масличных | Для свеклы | Для картофеля
432(433)-13-1476-1,Удобрение Унифлор,микроудобрение,Л,ИП Семенова Надежда Васильевна,306784710200012,24.04.2017,23.04.2027,Действует,7,Унифлор-рост | Унифлор-зеленый лист | Унифлор-бутон | Унифлор-цветок | Унифлор-пестрый лист | Унифлор-кактус | Унифлор-микро
180-10-733-1,Удобрение азотно-известняковое,кальциевое / известкование,ЛС,АО «Новомосковская акционерная компания «Азот»,1027100507378,31.07.2015,30.07.2025,Не действует,0,
180-15-4958-1,Удобрение азотно-известняковое,кальциевое / известкование,ЛС,АО «НАК «Азот»,,29.07.2025,бессрочно,Действует,0,
263-10-2282-1,Удобрение азотно-калийное,азотное,C,АО «Невинномысский Азот»,1022603620885,18.06.2019,17.06.2029,Действует,1,"24:2,5"
263-10-2290-1,Удобрение азотно-калийное,азотное,C,АО «Невинномысский Азот»,1022603620885,25.06.2019,24.06.2029,Действует,2,21:21 | 17:28
335-11-834-1,Удобрение азотно-магниевое,азотное,ЛС,"КАО ""АЗОТ""",1024200705077,30.10.2015,29.10.2025,Не действует,0,
335-15-9657-1,Удобрение азотно-магниевое,азотное,C,"КАО ""АЗОТ""",1024200705077,05.11.2025,бессрочно,Действует,0,
180-15-2168-1,Удобрение азотно-сульфатное,азотное,ЛС,АО «Новомосковская акционерная компания «Азот»,1027100507378,28.03.2019,27.03.2029,Действует,3,А | Б | В
312-10-1889-1,Удобрение азотно-фосфорно-калийное,комплексное NPK,C,АО «АПАТИТ»,1025100561012,16.05.2017,15.05.2027,Действует,3,"15-15-15+0,3В | 14-23-14 | 14-23-14+0,3В"
312-10-1890-1,Удобрение азотно-фосфорно-калийное,комплексное NPK,C,АО «АПАТИТ»,1025100561012,16.04.2015,15.04.2025,Не действует,5,10-20-10 | 12-20-18 | 16-16-16 | 13-13-21 | 7-30-20
312-10-1892-1,Удобрение азотно-фосфорно-калийное,комплексное NPK,ЛС,АО «АПАТИТ»,1025100561012,15.12.2014,14.12.2024,Не действует,4,13-19-19 | NPKплюс 9-20-20 | диаммофоска 9-25-25 | диаммофоска 10-26-26
321-10-2330-1,Удобрение азотно-фосфорно-калийное,азотное,ЛС,АО «ОХК» «УРАЛХИМ»,1077761874024,24.07.2019,23.07.2029,Действует,2,А | Б
321-10-4062-1,Удобрение азотно-фосфорно-калийное,комплексное NPK,ЛС,АО «ОХК» «УРАЛХИМ»,1077761874024,30.03.2023,бессрочно,Действует,18,NPK 5-15-36 | NPK 6-20-30 | NPK (S) 13-13-21 (S) | NPK (S) 14-14-20 (S) | NPK (S) 15-8-20 (S) | NPK (S) 8-19-29 (S) | NPK (S) 9-22-18 (S) | NPK (S) 10-20-10 (S) | NPK (S) 10-30-20 (S) | NPK (S) 12-24-12 (S) | NPK (S) 14-23-14 (S) | NPK (S) 15-21-0 (S) | NPK (S) 15-15-15 (S) | NPK (S) 16-16-16 (S) | NPK (S) 16-20-0 (S) | NPK (S) 14-18-18 (S)+B | NPK (S) 15-15-15 (S)+B | NPK (S) 15-20-15 (S)+B+Zn
321-11-4026-1,Удобрение азотно-фосфорно-калийное,комплексное NPK,ЛС,АО «ОХК» «УРАЛХИМ»,1077761874024,08.05.2018,07.05.2028,Действует,9,NPKS-1 | NPKS-2 | NPKS-3 | NPKS-4 | NPKS-5 | NPKS-6 | NPKS-7 | NPKS-8 | NPK-1 (диаммофоска)
263-10-3441-1,Удобрение азотно-фосфорно-калийное (NPK-удобрение),комплексное NPK,ЛС,АО «Невинномысский Азот»,1022603620885,23.12.2021,22.12.2031,Действует,5,6:20:30 | 7:17:31 | 8:20:30 | 17:4:17 | 19:1:19
263-10-3442-1,Удобрение азотно-фосфорно-калийное (NPK-удобрение),комплексное NPK,ЛС,АО «Невинномысский Азот»,1022603620885,23.12.2021,22.12.2031,Действует,17,10:26:26 | 14:14:23 | 15:15:15 | 17:17:17 | 17:1:28 | 19:4:19 | 19:19:10 | 19:22:9 | 20:4:20 | 20:10:10 | 20:10:18 | 21:16:8 | 21:1:21 | 22:5:12 | 23:13:8 | 25:5:5 | 27:6:6
794-10-3545-1,Удобрение азотно-фосфорно-калийное комплексное,комплексное NPK,ЛС,ОАО Гомельский химический завод,,18.03.2022,бессрочно,Действует,5,9-14-27-7(S) | 5-17-36-2(S) | 7-16-32-3(S) | 16-16-16-6(S) | 8-19-29-3(S)
794-10-3546-1,Удобрение азотно-фосфорно-калийное комплексное,комплексное NPK,ЛС,ОАО Гомельский химический завод,,18.03.2022,бессрочно,Действует,4,8-20-30-3(S) | 8-15-30-6(S) | 10-20-20-6(S) | 8-24-24-3(S)
816-10-4420-1,Удобрение азотно-фосфорно-калийное комплексное,комплексное NPK,ЛС,ООО «ВИАЛХИМ»,1097746640287,15.02.2024,бессрочно,Действует,7,"5-15-36+1S | 6-18-34+1S | 7-12-32+3,5S | 7-20-30+1,5S | 9-25-25-2S | 13-13-21+8S | 15-15-15+9S"
263-11-2884-1,Удобрение азотно-фосфорно-калийное с микроэлементами,комплексное NPK,ЛС,АО «Невинномысский Азот»,1022603620885,18.11.2020,17.11.2030,Действует,11,8:24:24 | 10:26:26 | 15:15:15 | 15:24:16 | 16:16:16 | 17:17:17 | 17:6:18 | 19:4:19 | 20:4:20 | 20:10:10 | 23:13:8
312-11-2211-1,Удобрение азотно-фосфорно-калийное серосодержащее,комплексное NPK,C,АО «АПАТИТ»,1025100561012,26.04.2019,25.04.2029,Действует,3,"NPK(S) 8-20-30(2) | NPK(S) 14-18-18(6) | NPK(S) 14-18-18(6) + 0,3В"
445-10-2757-1,Удобрение азотно-фосфорно-калийное серосодержащее,комплексное NPK,C,АО «АПАТИТ»,1025100561012,10.07.2020,09.07.2030,Действует,5,"NPK(S) 12-20-18(5) | NPK(S) 12-20-18(5)+0,3B | NPK(S) 12-30-12(1) | NPK(S) 12-32-12(1) | NPK(S) 12-32-16(1)"
445-10-4229-1,Удобрение азотно-фосфорно-калийное серосодержащее,комплексное NPK,ЛС,АО «АПАТИТ»,1025100561012,08.11.2023,бессрочно,Действует,2,NPK(S) 13-19-19 (6) | NPK(S) 10-20-20(3)
445-10-4336-1,Удобрение азотно-фосфорно-калийное серосодержащее,комплексное NPK,ЛС,АО «АПАТИТ»,1025100561012,26.12.2023,бессрочно,Действует,5,NPK(S) 12-15-21(8) | NPK(S) 16-16-8(11) | NPK(S) 8-24-24(3) | диаммофоска NPK(S) 10-26-26(1) | диаммофоска NPK(S) 9-25-25(1)
445-10-4741-1,Удобрение азотно-фосфорно-калийное серосодержащее,комплексное NPK,C,АО «АПАТИТ»,1025100561012,28.11.2024,бессрочно,Действует,1,"NPK(S) 13-13-21(9), NPK(S) 10-20-10(3), NPK(S) 16-16-16(8)"
445-11-2758-1,Удобрение азотно-фосфорно-калийное серосодержащее,комплексное NPK,ЛС,АО «АПАТИТ»,1025100561012,10.07.2020,09.07.2030,Действует,3,"NPK(S) 13-17-17(6) | NPK(S) 13-17-17(6)+0,15B +0,6Zn | NPK(S) 15-15-15(10)"
445-10-9606-1,Удобрение азотно-фосфорно-калийное серосодержащее NPK(S) 14-23-14(6),комплексное NPK,C,АО «АПАТИТ»,1025100561012,30.09.2025,бессрочно,Действует,3,"NPK(S) 15-15-15(10)+0,3В | NPK(S) 14-23-14(6) | NPK(S) 14-23-14(6)+0,3В"
445-10-4872-1,Удобрение азотно-фосфорно-калийное серосодержащее марка NPK(S) 9-22-29(2),комплексное NPK,C,АО «АПАТИТ»,1025100561012,26.05.2025,бессрочно,Действует,0,
341-10-1870-1,Удобрение азотно-фосфорное комплексное Аммофос (моноаммонийфосфат – МАР),комплексное NPK,ЛС,ООО «ПГ «Фосфорит»,1024701420127,12.04.2018,11.04.2028,Действует,3,А | Б | В
341-10-2254-1,Удобрение азотно-фосфорное комплексное Диаммонийфосфат,комплексное NPK,ЛС,ООО «ПГ «Фосфорит»,1024701420127,30.05.2019,29.05.2029,Действует,2,А | Б
312-10-474-1,Удобрение азотно-фосфорное серосодержащее,азотное,C,АО «АПАТИТ»,1025100561012,17.12.2014,16.12.2024,Не действует,2,NP+S = 20:20+14 | NP+S =16:20+12
312-11-1660-1,Удобрение азотно-фосфорное серосодержащее,азотное,C,АО «АПАТИТ»,1025100561012,16.05.2017,15.05.2027,Действует,2,NP+S=19:38+7 | NP+S=14:34+8
312-11-1984-1,Удобрение азотно-фосфорное серосодержащее,азотное,C,АО «АПАТИТ»,1025100561012,17.09.2018,16.09.2028,Действует,2,"NP+S = 16:34+6 | NP+S =16:34+6+0,4Zn"
445-10-2756-1,Удобрение азотно-фосфорное серосодержащее,азотное,C,АО «АПАТИТ»,1025100561012,10.07.2020,09.07.2030,Действует,2,"NP+S=20:20+14 | NP+S=20:20+14+0, 4Zn"
445-10-3148-1,Удобрение азотно-фосфорное серосодержащее,азотное,C,АО «АПАТИТ»,1025100561012,20.05.2021,19.05.2031,Действует,2,NP+S=14:40+7 | NP+S=14:40+7+1Zn
445-11-4046-1,Удобрение азотно-фосфорное серосодержащее,азотное,C,АО «АПАТИТ»,1025100561012,22.03.2023,бессрочно,Действует,2,NP+S = 16:20+12 | NP+S =16:20+14
445-11-4248-1,Удобрение азотно-фосфорное серосодержащее,азотное,C,АО «АПАТИТ»,1025100561012,10.11.2023,бессрочно,Действует,1,NP+S=20:16+16
341-10-914-1,Удобрение азотно-фосфорное серосодержащее (NP (S)) Сульфоаммофос,комплексное NPK,ЛС,ООО «ПГ «Фосфорит»,1024701420127,22.12.2015,21.12.2025,Не действует,2,А | Б
445-10-9749-1,"Удобрение азотно-фосфорное серосодержащее NP+S=12:40+7,NP+S=12:40+7+ 1Zn",азотное,C,АО «АПАТИТ»,1025100561012,23.12.2025,бессрочно,Действует,2,NP+S=12:40+7 | NP+S=12:40+7+1Zn
445-10-9733-1,"Удобрение азотно-фосфорное серосодержащее NP+S=14:34+8,NP+S=19:38+7",азотное,C,АО «АПАТИТ»,1025100561012,18.12.2025,бессрочно,Действует,2,NP+S=19:38+7 | NP+S=14:34+8
341-10-3726-1,"Удобрение азотно-фосфорное, обогащенное элементарной серой",азотное,ЛС,ООО «ПГ «Фосфорит»,1024701420127,21.07.2022,бессрочно,Действует,2,А | Б
180-10-734-1,Удобрение азотное жидкое,азотное,C,АО «Новомосковская акционерная компания «Азот»,1027100507378,31.07.2015,30.07.2025,Не действует,1,КАС-32
180-15-4959-1,Удобрение азотное жидкое,азотное,C,АО «НАК «Азот»,,29.07.2025,бессрочно,Действует,3,КАС-28 | КАС-30 | КАС-32
263-10-1279-1,Удобрение азотное жидкое,азотное,C,АО «Невинномысский Азот»,1022603620885,05.12.2016,04.12.2026,Действует,1,КАС-32
188-15-2374-1,Удобрение азотное жидкое (N:S),азотное,C,ОАО «КуйбышевАзот»,,09.09.2019,08.09.2029,Действует,3,23:3 | 26:2 | 29:1
321-15-4122-1,Удобрение азотное серосодержащее,азотное,ЛС,АО «ОХК» «УРАЛХИМ»,1077761874024,16.12.2020,15.12.2030,Действует,2,NS 26:13 | NS 26:14
188-15-2034-1,Удобрение азотное серосодержащее N:S (26:13),азотное,C,ОАО «КуйбышевАзот»,,30.10.2018,29.10.2028,Действует,0,
321-15-3142-1,Удобрение азотное стабилизированное Нео-N46,азотное,ЛС,АО «ОХК» «УРАЛХИМ»,1077761874024,18.05.2021,17.05.2031,Действует,0,
180-15-3881-1,Удобрение аммиачно-нитратное,прочее,C,АО «Новомосковская акционерная компания «Азот»,1027100507378,23.11.2022,бессрочно,Действует,0,
372-10-1127-1,Удобрение брикетированное Ракета,прочее,Л,ООО НАУЧНО-ПРОИЗВОДСТВЕНН АЯ КОМПАНИЯ «МИНЕРАЛПРОМ»,1136685010252,31.05.2016,30.05.2026,Не действует,0,
321-11-2272-1,Удобрение водорастворимое,микроудобрение,ЛС,АО «ОХК» «УРАЛХИМ»,1077761874024,17.06.2019,16.06.2029,Действует,2,Солар Ca-B | Солар Ca-Mg
425-11-3939-1,Удобрение водорастворимое Нутривант,комплексное NPK,C,Фертилайзерс энд Кемикалс Лтд. (Израиль),,10.01.2023,бессрочно,Действует,8,"Универсал | Дрип 11-8-35+3СаО+В | Дрип 19-19-19+3СаО+В | Дрип 12-6-28+7,4СаО+В +ТЕ | Дрип 19-19-19+3МgО+В +ТЕ | Дрип 18-18-18+4MgO+В | Дрип 16-8-25+4MgO+B+ ТЕ | Дрип 3-10-37+4MgО+В+ ТЕ"
800-10-3593-1,Удобрение водорастворимое Нью Тон,стимулятор / жидкое комплексное,C,ООО «ДЖИЭСЭМ КЕМИКЭЛ»,1197746373440,07.04.2022,бессрочно,Действует,1,"NK13,7:47"
800-10-3594-1,Удобрение водорастворимое Нью Тон,стимулятор / жидкое комплексное,ЛС,ООО «ДЖИЭСЭМ КЕМИКЭЛ»,1197746373440,07.04.2022,бессрочно,Действует,4,"MgS 16:13 | MgS 29:23 | MgS 32:26 | MgS32,3:26"
800-10-3611-1,Удобрение водорастворимое Нью Тон,стимулятор / жидкое комплексное,C,ООО «ДЖИЭСЭМ КЕМИКЭЛ»,1197746373440,11.04.2022,бессрочно,Действует,1,KS 52:18
800-10-4706-1,Удобрение водорастворимое Нью Тон,стимулятор / жидкое комплексное,C,ООО «ДЖИЭСЭМ КЕМИКЭЛ»,1197746373440,05.11.2024,бессрочно,Действует,0,
675-11-3053-1,Удобрение гранулированное Ваша грядка,гумат,ЛС,ООО «АГРОСИНТЕЗ»,1144205030881,16.03.2021,15.03.2031,Действует,7,NPK Аннушка 18-6-26+гумат | NPK Великан 20-9-9+гумат | NPK Андрианыч 12-12-11+гумат | NPK 16-16-16+гумат | NPK 13-23-23+гумат | NPK Универсальное 19-13-24+гумат | NP 20-19+гумат
675-13-3108-1,Удобрение гранулированное ОМУ,комплексное NPK,ЛС,ООО «АГРОСИНТЕЗ»,1144205030881,14.04.2021,13.04.2031,Действует,24,"ОМУ Фосфорно-калийное 15-40 | ОМУ Андрианыч 12-12-11 | ОМУ Азотно-магниевое 34-5 | ОМУ Азотно-фосфорно-кальциевое 27-9-9 | ОМУ Азотно-калийное 18-28 | ОМУ Азотно-сульфатное 30-35 | ОМУ Азотно-фосфорное 18-38 | ОМУ Азотное 43 | ОМУ Азотно-калийное 4-56 | ОМУ Азотно-фосфорное 17-45 | ОМУ серии Сибирский великан Помидор 14-24-16 | ОМУ серии Сибирский великан Огурец 12-15-19 | ОМУ серии Сибирский великан Перец, баклажан 16-16-16 | ОМУ серии Сибирский великан Капуста 15-15-18 | ОМУ серии Сибирский великан Лук, чеснок 13-19-19 | ОМУ серии Сибирский великан Ягодка 17-18-23 | ОМУ серии Сибирский великан Картофель 12-12-24 | ОМУ серии Сибирский великан Корнеплод 13-17-17 | ОМУ серии Сибирский великан Для фруктовых деревьев и ягодных кустарников 16-21-16 | ОМУ серии Сибирский великан Для бахчевых и вьющихся кустарников 13-18-23 | ОМУ серии Сибирский великан Газон 18-18-18 | ОМУ серии Сибирский великан Хвойное 17-8-23 | ОМУ серии Сибирский великан Осеннее 15-19-19 | ОМУ серии Сибирский великан Универсальное 12-1"
355-18-1038-1,Удобрение гуминовое,гумат,ЛС,ООО «Красалта»,,14.03.2016,13.03.2026,Не действует,2,Талисман | Панацея
384-18-1204-1,Удобрение гуминовое Эдагум СМ,гумат,ЛС,ООО «ЭДАГУМ СМ РУС»,1027700031237,22.08.2016,21.08.2026,Не действует,0,
440-18-1509-1,Удобрение гуминовое комплексное жидкое,гумат,ЛС,ООО «НПП «Теллура-бис»,1022201945050,25.05.2017,24.05.2027,Действует,3,Теллура-М | Теллура-Био | Феникс
580-18-2425-1,Удобрение гуминовое с микроэлементами МикроСтим,гумат,ЛС,ООО «БеловежХимПром»,,14.10.2019,13.10.2029,Действует,5,МикроСтим-Бор | МикроСтим-Медь | МикроСтим-Марганец | МикроСтим-Цинк | МикроСтим-Цинк-Бор
290-11-704-1,Удобрение для теплиц и открытого грунта «Растворин»,грунт / субстрат,ЛС,ОАО «БХЗ»,,15.07.2015,14.07.2025,Не действует,7,А | А1 | Б | Б1 | В | Д | Е
800-10-3590-1,Удобрение жидкое ЛиквиФорс,комплексное NPK,C,ООО «ДЖИЭСЭМ КЕМИКЭЛ»,1197746373440,07.04.2022,бессрочно,Действует,2,NPK 6:27:15 | NPK 7:23:7
800-10-3592-1,Удобрение жидкое ЛиквиФорс,стимулятор / жидкое комплексное,C,ООО «ДЖИЭСЭМ КЕМИКЭЛ»,1197746373440,07.04.2022,бессрочно,Действует,1,NP 8:28
800-10-3595-1,Удобрение жидкое ЛиквиФорс,комплексное NPK,C,ООО «ДЖИЭСЭМ КЕМИКЭЛ»,1197746373440,07.04.2022,бессрочно,Действует,2,NPKS 4:4:4:4 | NPKS 4:21:21:5
800-10-3656-1,Удобрение жидкое ЛиквиФорс,стимулятор / жидкое комплексное,C,ООО «ДЖИЭСЭМ КЕМИКЭЛ»,1197746373440,27.04.2022,бессрочно,Действует,1,PK 26:17
800-15-3589-1,Удобрение жидкое ЛиквиФорс,стимулятор / жидкое комплексное,C,ООО «ДЖИЭСЭМ КЕМИКЭЛ»,1197746373440,07.04.2022,бессрочно,Действует,1,NS 8:9
800-15-3591-1,Удобрение жидкое ЛиквиФорс,стимулятор / жидкое комплексное,C,ООО «ДЖИЭСЭМ КЕМИКЭЛ»,1197746373440,07.04.2022,бессрочно,Действует,1,N 32
800-15-4690-1,Удобрение жидкое ЛиквиФорс,стимулятор / жидкое комплексное,C,ООО «ДЖИЭСЭМ КЕМИКЭЛ»,1197746373440,08.10.2024,бессрочно,Действует,0,
321-10-3849-1,Удобрение жидкое азотно-фосфорное,азотное,C,АО «ОХК» «УРАЛХИМ»,1077761874024,01.11.2022,бессрочно,Действует,3,NP-1 | NP-2 | NP-3
188-15-9650-1,Удобрение жидкое азотное (КАС) КАС-30,азотное,C,"ПАО ""КУЙБЫШЕВАЗОТ""",1036300992793,24.10.2025,24.10.2035,Действует,3,КАС-28 | КАС-30 | КАС-32
539-10-10065-1,Удобрение жидкое азотное КАС + PKS,азотное,ЛС,ООО «БИОТЕХНОЛОГИИ»,1122468023622,06.08.2026,бессрочно,Действует,3,КАС + MgS | КАС + КS | КАС + PKS
460-15-1651-1,Удобрение жидкое азотное серосодержащее (КАС+S),азотное,ЛС,"ООО ""ЕВРОХИМ ТРЕЙДИНГ РУС""",1157746926480,12.12.2017,11.12.2027,Действует,0,
354-18-1037-1,Удобрение жидкое гуминовое «Экорост»,гумат,ЛС,ООО «ЭКОРОСТ»,,14.03.2016,13.03.2026,Не действует,0,
899-18-4300-1,Удобрение жидкое гуминовое Плантэк,гумат,ЛС,ООО Современные органические технологии,1207700421917,11.12.2023,10.12.2033,Действует,0,
721(723)-18-3200-1,Удобрение жидкое гуминовое на основе торфа Гумавит,грунт / субстрат,ЛС,ООО «РАДИОТЕХНИКА»,1107746027487,06.07.2021,05.07.2031,Действует,0,
912-18-4738-1,Удобрение жидкое гуминовое на основе торфа марка А,грунт / субстрат,ЛС,ООО «Современные Технологии Качества»,,27.11.2024,26.11.2034,Действует,1,А
800-15-3655-1,Удобрение жидкое ингибированное ЛиквиФорс,стимулятор / жидкое комплексное,C,ООО «ДЖИЭСЭМ КЕМИКЭЛ»,1197746373440,27.04.2022,бессрочно,Действует,1,N 32
321-10-3899-1,Удобрение жидкое комплексное,комплексное NPK,C,АО «ОХК» «УРАЛХИМ»,1077761874024,02.12.2022,бессрочно,Действует,4,NPK-1 | NPK-2 | NPK-3 | NPK-4
445-10-4265-1,Удобрение жидкое комплексное (ЖКУ),комплексное NPK,ЛС,АО «АПАТИТ»,1025100561012,23.11.2023,бессрочно,Действует,2,11-37 | 10-34
321-10-9822-1,Удобрение жидкое комплексное NPК-8,комплексное NPK,C,АО «ОХК» «УРАЛХИМ»,1077761874024,10.03.2026,бессрочно,Действует,5,NPК-5 | NPК-6 | NPК-7 | NPК-8 | NPК-9
977-10-4937-1,Удобрение жидкое комплексное Агромакс,комплексное NPK,ЛС,ООО «Кубань Агро-Ресурс»,,30.06.2025,бессрочно,Действует,4,Рост | Поле | Сад | Эксперт
241-11-9703-1,"Удобрение жидкое комплексное Бона Форте серия (N:P:K:Mg+MЭ+В), серия (N:P:K+МЭ+Гумат) 4:2",грунт / субстрат,Л,"АО ""РУСИНХИМ""",1027739335580,03.12.2025,бессрочно,Действует,27,"0,25:0,07:0,35+МЭ +В - Для продления жизни срезанных цветов, Для гидропоники | 2:1:6:0,5+МЭ+В -Для водных растений, Для хвойных растений, Для бонсай | 5:3:4:1+МЭ+В - Для декоративно-лиственных растений | 3:4:8:0,6+МЭ+В -Для декоративно-цветущих растений, Для всех сортов роз и хризантем | 9:5:6:1+МЭ+В - Для камелии, азалии, рододендронов и вересковых культур, Для декоративных кустарников и многолетних растений открытого грунта -весеннее, Супер | 3:5:7:0,3+МЭ+В -Для кактусов | 6:3:7:1,5+МЭ+В -Универсальное для всех комнатных растений, Для цитрусовых растений, Для вьющихся и ампельных растений | 4:2,5:7:1,3+МЭ+В – Для крупномерных красивоцветущих растений, Для орхидей | 7:3,5:7:1,4+МЭ+В - Для крупномерных медленнорастущих растений, Для газонов | 5:5:9:1,5+МЭ+В -Для фиалок и бегоний, Для декоративных кустарников и многолетних растений открытого грунта -летнее | 5:4,5:3,5:0,5+МЭ+ В - Для герани и балконных цветов, Для клумбовых цветов | 4:2:7:0,5+МЭ+В -Для бромелиевых | 6:4:5:1+МЭ+В - Для фикусов и пальм | 0:7:5:0,3+МЭ+В -Для декоративных кустарников и многолетних растений открытого грунта -осеннее | 2:1:6+МЭ+Гумат -Для водных растений, Для хвойных растений, Для бонсай | 5:3:4+МЭ+Гумат -Для декоративно-лиственных растений | 3:4:8+МЭ+Гумат -Для декоративно-цветущих растений, Для всех сортов роз и хризантем | 9:5:6+МЭ+Гумат -Для камелии, азалии, рододендронов и вересковых культур, Для декоративных кустарников и многолетних растений открытого грунта -весеннее; Супер | 9:5:6+МЭ+Гумат -Для камелии, азалии, рододендронов и вересковых культур, Для декоративных кустарников и многолетних растений открытого грунта -весеннее, Супер | 3:5:7+МЭ+Гумат -Для кактусов | 6:3:7+МЭ+Гумат -Универсальное для всех комнатных растений, Для цитрусовых растений, Для вьющихся и ампельных растений | 4:2,5:7+МЭ+Гумат - Для крупномерных красивоцветущих растений, Для орхидей | 7:3,5:7+МЭ+Гумат - Для крупномерных медленнорастущих растений, Для газонов | 5:5:9+МЭ+Гумат -Для фиалок и бегоний, Для декорати"
241-11-9704-1,Удобрение жидкое комплексное Проф Плюс N:P:K:Mg,комплексное NPK,ЛС,"АО ""РУСИНХИМ""",1027739335580,03.12.2025,бессрочно,Действует,15,"5:5:5:2 | 11:2:2:2 | 2:5:8:2 | 2:4:8:0,5 | 4:2:7,5:1 | 9:4:3:2 | 8:4:3:2 | 3:4,5:6,5:1,5 | 2:2:4,5:1,2 | 1,5:4:8:0,6 | 6:3:7:1 | 4:2,5:7:1 | 4,5:4,5:8:1 | 2,3:0:0:3,3 | 0,03:0:0,03:0,01"
722-18-1533-1,Удобрение жидкое комплексное гуминовое на основе торфа серия Скорая помощь,грунт / субстрат,Л,ООО «Северо-Западная торфяная компания»,5067847066414,26.07.2017,25.07.2027,Действует,10,Универсалъ | Для кактусов и суккулентов | Для пальм | Для луковичных цветов | Для земляники | Для комнатных цветов | Смородинка | Для рассады | Для хвойных растений | Для декоративно-лиственных растений
722-18-4787-1,Удобрение жидкое комплексное гуминовое на основе торфа серия Скорая помощь,грунт / субстрат,Л,ООО «Северо-Западная торфяная компания»,5067847066414,24.01.2025,25.07.2027,Действует,1,"Универсалъ, Для кактусов и суккулентов, Для пальм, Для луковичных цветов, Для земляники, Для комнатных цветов, Смородинка, Для рассады, Для хвойных растений, Для декоративно-лиственных растений"
327-11-3971-1,Удобрение жидкое комплексное с микроэлементами,комплексное NPK,Л,ООО «Гарден Ритейл Сервис»,,30.01.2023,бессрочно,Действует,8,"10:5:5 | 7:3:9 | 6:4:8 | 5:10:5 | 4:5:7 | 4:3:1,5 | 3:3:3 | 0,03:0,03:0,03"
230-14-1897-1,"Удобрение жидкое комплексное, обогащенное активным гумусом серии «Велторф-Био»",грунт / субстрат,ЛС,ООО «ВЕЛТОРФ»,,28.04.2018,27.04.2028,Действует,6,Универсальное | Цветочное универсальное | Овощное универсальное | Для сада | Для огорода | Для рассады
241-11-2521-1,"Удобрение жидкое комплексное“Бона Форте” серия (N:P:K:Mg + МЭ + В), серия (N:P:K:+ МЭ + Гумат)",грунт / субстрат,Л,"АО ""РУСИНХИМ""",1027739335580,30.10.2015,29.10.2025,Не действует,26,"0,25:0,07:0,35+МЭ +В - Для продления жизни срезанных цветов; Для гидропоники | 2:1:6:0,5+МЭ+В -Для водных растений; Для хвойных растений; Для бонсай | 5:3:4:1+МЭ+В - Для декоративно-лиственных растений | 3:4:8:0,6+МЭ+В -Для декоративно-цветущих растений; Для всех сортов роз и хризантем | 9:5:6:1+МЭ+В - Для камелии, азалии, рододендронов и вересковых культур; Для декоративных кустарников ¶и многолетних растений открытого грунта – весеннее; Супер | 3:5:7:0,3+МЭ+В -Для кактусов | 6:3:7:1,5+МЭ+В -Универсальное для всех комнатных растений; Для цитрусовых растений; Для вьющихся и ампельных растений | 4:2,5:7:1,3+МЭ+В - Для крупномерных красивоцветущих растений; Для орхидей | 7:3,5:7:1,4+МЭ+В - Для крупномерных медленнорастущих растений; Для газонов | 5:5:9:1,5+МЭ+В -Для фиалок и бегоний; Для декоративных кустарников и многолетних растений открытого грунта – летнее | 5:4,5:3,5:0,5+МЭ+ В - Для герани и балконных цветов; Для клумбовых цветов | 4:2:7:0,5+МЭ+В -Для бромелиевых | 6:4:5:1+МЭ+В - Для фикусов и пальм | 0:7:5:0,3+МЭ+В -Для декоративных кустарников и многолетних растений открытого грунта -осеннее | 2:1:6+МЭ+Гумат Для водных растений; Для хвойных; Для бонсай | 5:3:4+МЭ+Гумат -Для декоративно-лиственных растений | 3:4:8+МЭ+ Гумат - Для декоративно-цветущих растений; Для всех сортов роз и хризантем | 9:5:6+МЭ+ Гумат - Для камелии, азалии, рододендронов и вересковых культур; Для декоративных кустарников и многолетних растений открытого грунта – весеннее; Супер | 3:5:7+МЭ+ Гумат - Для кактусов | 6:3:7+МЭ+ Гумат -Универсальное для всех комнатных растений; Для цитрусовых растений; Для вьющихся и ампельных растений | 4:2,5:7+МЭ+ Гумат - Для крупномерных красивоцветущих растений; Для орхидей | 7:3,5:7+МЭ+ Гумат - Для крупномерных медленнорастущих растений; Для газонов | 5:5:9+МЭ+ Гумат - Для фиалок и бегоний; Для декоративных кустарников и многолетних растений открытого грунта – летнее | 5:4,5:3,5+МЭ+Гумат - Для герани и балконных цветов; Для клумбовых цветов | 4:2:7+МЭ+ Гум"
362-15-3648-1,Удобрение жидкое минеральное Карбамидно-аммиачная смесь (КАС),азотное,C,АО «АММОНИЙ»,1061674035257,22.04.2022,бессрочно,Действует,3,КАС-32 | КАС-30 | КАС-28
335-10-3612-1,Удобрение жидкое минеральное карбосульфат,стимулятор / жидкое комплексное,C,"КАО ""АЗОТ""",1024200705077,13.04.2022,бессрочно,Действует,1,А
335-15-9979-1,Удобрение жидкое минеральное сульфам NS 14,стимулятор / жидкое комплексное,C,"КАО ""АЗОТ""",1024200705077,26.05.2026,бессрочно,Действует,6,NS 13 | NS 14 | NS 15 | NS 23 | NS 26 | NS 28
335-15-3194-1,Удобрение жидкое минеральное: раствор сульфата аммония,стимулятор / жидкое комплексное,C,"КАО ""АЗОТ""",1024200705077,28.06.2021,27.06.2031,Действует,0,
383-20-1185-1,Удобрение жидкое органическое Биуд,органическое,ЛС,ООО «ЭКО-АГТИ»,1025002032582,01.08.2016,31.07.2026,Не действует,12,КРС | С | К | П | КРС/П | Биуд-Пикса | Универсальное | Для роз | Для фиалок | Для фикусов | Для пальм и драцен | Для рассады
327-13-2592-1,Удобрение жидкое органоминеральное,стимулятор / жидкое комплексное,Л,ООО «Гарден Ритейл Сервис»,,25.03.2020,24.03.2030,Действует,6,Оптима 1 | Оптима 2 | Оптима 3 | Профи 1 | Профи 2 | Профи 3
1014-13-10119-1,Удобрение жидкое органоминеральное Агрос Агрос Азот-Сера,микроудобрение,ЛС,"ООО""АБС-КУБАНЬ""",1202300061370,11.09.2026,10.09.2036,Действует,12,Агрос Рост | Агрос Вита | Агрос Медь-хелат | Агрос Молибден-хелат | Агрос Бор-Молибден | Агрос Калий | Агрос Бор | Агрос Кальций | Агрос Азот-Сера | Агрос Профи | Агрос Цинк АК | Агрос Фосфор-Калий-Марганец
460-15-3158-1,Удобрение жидкое серосодержащее,комплексное NPK,C,"ООО ""ЕВРОХИМ ТРЕЙДИНГ РУС""",1157746926480,26.05.2021,25.05.2031,Действует,3,24:0:0+S | 26:0:0+S | 28:0:0+S
512-12-2022-1,Удобрение известковое местное,кальциевое / известкование,ЛС,ООО «Татагрохим»,1021603061358,25.10.2018,24.10.2028,Действует,3,Известняковая мука | Доломитовая мука | Мергель
445-17-3151-1,"Удобрение калийно-магниевое, высший и первый сорт",калийное,C,АО «АПАТИТ»,1025100561012,20.05.2021,19.05.2031,Действует,0,
843-17-3871-1,Удобрение калийное бесхлорное ЭкоКалий,калийное,ЛС,ООО «ТИК»,1037000115030,11.10.2022,бессрочно,Действует,4,Премиум | Премиум Плюс | Экстра | Экстра Плюс
211-10-1677-1,Удобрение карбамидоаммиачное (КАС),азотное,C,ПАО «Акрон»,1025300786610,29.12.2017,28.12.2027,Действует,3,КАС-28 | КАС-30 | КАС-32
285-11-816-1,Удобрение комплексное,микроудобрение,Л,"ООО ""ПЕРМАГРОБИЗНЕС""",1055902806960,23.10.2015,22.10.2025,Не действует,14,Универсальное с микроэлементами | Лук и чеснок | Клубника-Земляника | Осеннее | Картофельное | Овощное | Газонное | Плодово-ягодное | Огурцы-тыквы-каб ачки | Томаты-перцы | Капуста | Морковь-свекла | Хвойное | Цветочное
321-10-3583-1,Удобрение комплексное,комплексное NPK,ЛС,АО «ОХК» «УРАЛХИМ»,1077761874024,01.04.2022,бессрочно,Действует,9,"NPK(S) 8-20-30(3) + 0,015Zn | NPK(S) 8-15-30(4) | NPK(S) 6-18-34(2) | NPK(S) 10-20-20(5) | NPK(S) 17-10-14(11) + 0,015Zn | NPK(S) 17-6-14(13) | NPK(S) 17-6-11(13) | NPK(S) 17-8-8(13) | NPK(S) 17-6-11(14) + 1,2Mg+0,02В"
241-13-4509-1,Удобрение комплексное Добрая Сила N:P:K+МЭ+Гумат+В,гумат,Л,"АО ""РУСИНХИМ""",1027739335580,05.04.2024,04.04.2034,Действует,14,"5:2,5:5 + МЭ + Гумат + В | 5:2,5:3 + МЭ + Гумат + В | 3:2,5:6 + МЭ + Гумат + В | 3:2,5:4,5 + МЭ + Гумат + В | 4:4:3 + МЭ + Гумат + В | 6:2,5:3 + МЭ + Гумат + В | 3:2:4 + МЭ + Гумат + В | 3:3:5 + МЭ + Гумат + В | 4:3:6 + МЭ + Гумат + В | 4:2,5:3,5 + МЭ + Гумат + В | 2,5:4:5 + МЭ + Гумат + В | 2,5:4:4 + МЭ + Гумат + В | 3:3,5:4,5 + МЭ + Гумат + В | 2,5:4:4,5 + МЭ + Гумат + В"
008-11-1584-1,Удобрение комплексное Здравень турбо,комплексное NPK,Л,ООО «Ваше хозяйство»,1025203566728,07.11.2017,06.11.2027,Действует,18,"Здравень турбо для рассады томатов | Здравень турбо для подкормки томатов | Здравень турбо для огурцов, тыквы, кабачков и патиссонов | Здравень турбо для капусты и зеленых культур | Здравень турбо клубника | Здравень турбо для свеклы и моркови | Здравень турбо для ягодных и плодовых | Здравень турбо для комнатных цветов | Здравень турбо для лука и чеснока | Здравень турбо для овощных, плодовых и садовых культур (универсальный) | Здравень турбо для картофеля | Здравень турбо для луковичных и георгинов | Здравень турбо для хвойных растений | Здравень турбо для газонов | Здравень турбо для цитрусовых растений | Здравень турбо для сенполий и роз | Здравень турбо для пальм | Здравень турбо для кактусов"
568-11-2373-1,Удобрение комплексное КомплеМет,микроудобрение,ЛС,ООО «Новые технологии и продукты»,,09.09.2019,08.09.2029,Действует,3,Бобовые | Огурцы | Медь
783-10-4590-1,Удобрение комплексное КомплеМет,комплексное NPK,,ООО НТП-Синтез,,29.05.2024,бессрочно,Действует,0,
783-10-4593-1,Удобрение комплексное КомплеМет,комплексное NPK,ЛС,ООО НТП-Синтез,,04.06.2024,бессрочно,Действует,1,Кальций Форма
783-11-3490-1,Удобрение комплексное КомплеМет,микроудобрение,ЛС,ООО НТП-Синтез,,24.01.2022,23.01.2032,Действует,22,Лён | Марганец | Цинк | Кальций Экстра | Магний Экстра | Молибден | Сера | Голубика | Универсальное для комнатных растений | Орхидея | Для декоративно-лиственных растений | Для декоративно-цветущих растений | Для клумбовых цветов | Газон | Хвоя | Роза | Для фикусов и пальм | Кактус | Цитрус | Для камелий и азалий | Для роз и хризантем | Для декоративных кустарников
783-11-4592-1,Удобрение комплексное КомплеМет,комплексное NPK,C,ООО НТП-Синтез,,04.06.2024,бессрочно,Действует,1,Ресурс
990-11-9811-1,Удобрение комплексное КомплеМет Бор,микроудобрение,ЛС,Общество с ограниченной ответственностью «НТП-Синтез»,,05.03.2026,бессрочно,Действует,1,Бор
990-11-9801-1,Удобрение комплексное КомплеМет Железо+Цинк,микроудобрение,ЛС,Общество с ограниченной ответственностью «НТП-Синтез»,,04.03.2026,бессрочно,Действует,9,Рапс | СО | Картофель | Томаты | Зерно | Кукуруза | Свекла | Железо+Цинк | Железо
783-11-10079-1,Удобрение комплексное КомплеМет Кальций,комплексное NPK,ЛС,Общество с ограниченной ответственностью «НТП-Синтез»,,18.08.2026,бессрочно,Действует,1,Кальций
990-10-9805-1,Удобрение комплексное КомплеМет марка PKMg PKMg,комплексное NPK,ЛС,Общество с ограниченной ответственностью «НТП-Синтез»,,04.03.2026,бессрочно,Действует,1,PKMg
783-11-9869-1,Удобрение комплексное КомплеМет марка Кальций+Магний Кальций+Магний,комплексное NPK,ЛС,Общество с ограниченной ответственностью «НТП-Синтез»,,26.03.2026,бессрочно,Действует,1,Кальций+Магний
783-10-9855-1,Удобрение комплексное КомплеМет марка Магний марка Магний Магний,комплексное NPK,ЛС,Общество с ограниченной ответственностью «НТП-Синтез»,,20.03.2026,бессрочно,Действует,1,Магний
976-13-4933-1,Удобрение комплексное Раслин,комплексное NPK,ЛС,"ООО ""Агрофертком"" (Республика Беларусь)",,27.06.2025,26.06.2035,Действует,5,Бинс | Голд | Меллоу | Свит | Стронг
321-10-4528-1,Удобрение комплексное водорастворимое,комплексное NPK,C,АО «ОХК» «УРАЛХИМ»,1077761874024,25.04.2024,бессрочно,Действует,8,"Старт 15:30:15+2MgO+M Э+стим | Старт 11:40:11+2МgO+M Э+стим | Старт 13:40:13+МЭ+стим | Универсал 18:18:18+3МgO+M Э+стим | Универсал 19:19:19+МЭ+стим | Универсал 20:20:20+МЭ+стим | Финал 15:7:30+3МgО+М Э+стим | Финал 12:6:36+2,5МgO+ МЭ+стим"
321-11-4027-1,Удобрение комплексное водорастворимое,комплексное NPK,,АО «ОХК» «УРАЛХИМ»,1077761874024,11.04.2016,10.04.2026,Не действует,0,
321-11-4484-1,Удобрение комплексное водорастворимое,комплексное NPK,ЛС,АО «ОХК» «УРАЛХИМ»,1077761874024,29.03.2024,бессрочно,Действует,8,"Старт 15:30:15+2MgO+М Э+амино | Старт 11:40:11+2MgO+М Э+амино | Старт 13:40:13+МЭ+амино | Универсал 18:18:18+3MgO+М Э+амино | Универсал 19:19:19+МЭ+амино | Универсал 20:20:20+МЭ+амино | Финал 15:7:30+3MgO+М Э+амино | Финал 12:6:36+2,5MgO+ МЭ+амино"
321-11-9940-1,Удобрение комплексное водорастворимое Старт 15:31:15+МЭ,комплексное NPK,ЛС,АО «ОХК» «УРАЛХИМ»,1077761874024,08.05.2026,бессрочно,Действует,10,"Старт 15:31:15+МЭ | Старт 15:30:15+2MgО+М Э | Старт 11:40:11+2MgО+М Э | Старт 13:40:13+МЭ | Универсал 18:18:18+3MgО+М Э | Универсал 19:19:19+МЭ | Универсал 20:20:20+МЭ | Финал 14:7:30+3MgО+М Э | Финал 15:7:30+3MgО+М Э | Финал 12:6:36+2,5MgО+ МЭ"
321-10-4121-1,Удобрение комплексное гранулированное NPK1:5:55,комплексное NPK,ЛС,АО «ОХК» «УРАЛХИМ»,1077761874024,19.05.2016,18.05.2026,Не действует,0,
241-11-2545-1,Удобрение комплексное гранулированное Бона Форте,комплексное NPK,Л,"АО ""РУСИНХИМ""",1027739335580,24.03.2020,23.03.2030,Действует,7,NPK 8:20:30 | NPK 6:18:34 | NPK 8:15:30 | NPK 10:20:20 | NPK 17:10:14 | NPK 17:6:14 | NPK 15:15:15
522-11-2098-1,Удобрение комплексное микроэлементное Аквадон-Микро,микроудобрение,ЛС,ООО «ОРГПОЛИМЕРСИНТЕЗ СПб»,1037821071551,31.01.2019,30.01.2029,Действует,10,Универсальный | Для плодово-ягодных культур | Для риса | Для рапса | Для свеклы | Для зерновых культур | Для овощных культур | Для технических культур | Для бобовых культур | Для многолетних трав
975-15-4884-1,"Удобрение комплексное минеральное Батр растворимый, (C,ЛС)",комплексное NPK,,ИП Каримов Айрат Габделхаевич,317169000191129,09.06.2025,бессрочно,Действует,5,"Батр растворимый 40:0:0+3,5S+1Mg+ МЭ | Батр растворимый 35:0:0+7S+2Mg+М Э | Батр растворимый 18:18:18+5S+1,5Mg+МЭ | Батр растворимый 6:10:32+6S+2Mg+ МЭ | Батр растворимый 2:38:26+4,5S+1,5Mg+МЭ"
345-13-3801-1,Удобрение комплексное минеральное с микроэлементами (тукосмесь),микроудобрение,,АО «Фертика»,1097746681317,22.01.2016,21.01.2026,Не действует,9,Фертика Универсал-2 | Фертика Картофельное-5 | Фертика Осеннее | Фертика Газонное. Весна-Лето | Фертика Газонное. Осень | Фертика Цветочное | Фертика Плюс | Фертика Полевое | Фертика Свекловичное-6
345-11-9896-1,Удобрение комплексное минеральное с микроэлементами Фертика Универсал-2,микроудобрение,ЛС,АО «Фертика»,1097746681317,09.04.2026,бессрочно,Действует,8,Фертика Универсал-2 | Фертика Картофельное-5 | Фертика Полевое | Фертика Осеннее | Фертика Свекловичное-6 | Фертика Газонное. Весна-Лето | Фертика Газонное. Осень | Фертика Цветочное
497-10-1947-1,Удобрение комплексное минеральное стекловидное пролонгированного действия Агровитаква – АВА,азотное,ЛС,ООО «ВИТА-АВА»,1107847321174,09.07.2018,08.07.2028,Действует,6,АВА | АВА-1 | АВА-2 | АВА с карбамидом | Агровитамины АВА | Агровитамины АВА с карбамидом
783-13-3961-1,Удобрение комплексное органоминеральное КомплеМет,комплексное NPK,ЛС,ООО НТП-Синтез,,20.01.2023,19.01.2033,Действует,8,Старт | Зерно Импульс | Бутон | Сад-Огород Импульс | Кукуруза Импульс | Бобовые Импульс | Рапс Импульс | Актив
783-13-4589-1,Удобрение комплексное органоминеральное КомплеМет,комплексное NPK,C,ООО НТП-Синтез,,29.05.2024,28.05.2034,Действует,1,Лен Импульс
783-13-10080-1,Удобрение комплексное органоминеральное КомплеМет Рубин,комплексное NPK,ЛС,Общество с ограниченной ответственностью «НТП-Синтез»,,18.08.2026,17.08.2036,Действует,1,Рубин
910-13-4384-1,Удобрение комплексное органоминеральное ПЕНТАКИП ГИПЕР,комплексное NPK,ЛС,ООО Логитракон Лоджистик,1057746416452,26.01.2024,25.01.2034,Действует,0,
309-11-728-1,Удобрение комплексное “КомплеМет”,микроудобрение,ЛС,ООО «ДжМ-ТрансСервис»»,,29.07.2015,28.07.2025,Не действует,9,КомплеМет – Бор | КомплеМет – Железо | КомплеМет – Железо+Цинк | КомплеМет – Кальций | КомплеМет – Картофель | КомплеМет – Рапс | КомплеМет – СО | КомплеМет – Томаты Земля | КомплеМет – Кукуруза
310-11-729-1,Удобрение комплексное “КомплеМет”,комплексное NPK,ЛС,ООО «ММ-групп,,29.07.2015,28.07.2025,Не действует,3,КомплеМет – Зерно Н | КомплеМет – Свекла Н | КомплеМет – РКМg
321-11-4024-1,Удобрение комплекстное водорастворимое,комплексное NPK,ЛС,АО «ОХК» «УРАЛХИМ»,1077761874024,14.03.2023,бессрочно,Действует,4,Старт 28:14:14+МЭ | Финал 12:12:36+МЭ | Финал 15:15:30+МЭ | Финал 3:11:38+4MgO+М Э
299-15-3081-1,Удобрение контролируемого высвобождения Осмокот,прочее,ЛС,Эверрис Интернешнл Б.В.,,10.06.2021,09.06.2031,Действует,10,Про 3-4 М | Про 5-6 М | Про 8-9 М | Экзакт Стандарт 8-9 М | Экзакт Хай К 5-6 М | Экзакт Хай К 8-9 М | Экзакт Хай Энд 8-9 М | Экзакт Протект 5-6 М | Топдресс 5-6 М | Топдресс 4-5 М
983-19-9614-1,"Удобрение микробиологическое Нутрибио N,Виксеран",биоудобрение,C,"Серес Биотикс Тек, С.Л.",,03.10.2025,02.10.2035,Действует,2,Нутрибио N | Виксеран
870-19-4077-1,Удобрение микробиологическое СойлЛайф,биоудобрение,ЛС,ООО Зеленая миля,1207700084613,26.04.2023,25.04.2033,Действует,5,СойлЛайф Азот | СойлЛайф Фосфор | СойлЛайф Старт | СойлЛайф Имуно | СойлЛайф Стимул
241-11-2519-1,Удобрение минеральное NPK+Мg+Si+МЭ,комплексное NPK,Л,"АО ""РУСИНХИМ""",1027739335580,28.05.2019,27.05.2029,Действует,15,"7,5:7,5:7,5 | 6,5: 9,5:9,5 | 5:13:13 | 7,5:7:7,5 | 6: 9:10 | 5: 12:14 | 2,5: 5:8 | 2,5: 6:8 | 9:4,5:4,5 | 12: 5:5 | 8: 4:4 | 12:4:4 | 13,5: 4:5 | 3:10:15 | 2: 8:12"
577-10-2433-1,Удобрение минеральное Агрисилика,прочее,ЛС,ООО Побег,1187746915399,17.10.2019,16.10.2029,Действует,3,Агрисилика – Г | Агрисилика – П | Агрисилика – П100
289-11-3122-1,Удобрение минеральное Актисид,прочее,C,«Агронутрисион»,,21.04.2021,20.04.2031,Действует,0,
255-11-815-1,Удобрение минеральное Ван Иперен,комплексное NPK,,ЗАО «МНПП «Фарт»,,23.10.2015,22.10.2025,Не действует,4,Водорастворимый NPK 11-19-19+ 3 МgO+26SO3+ микроэлементы | Гранулированный NPK 12-12-17 | Гранулированный NPK 7-14-28 | Гранулированный NPK 12-10-18
289-11-3121-1,Удобрение минеральное Оптисид,прочее,C,«Агронутрисион»,,21.04.2021,20.04.2031,Действует,0,
627-10-2378-1,Удобрение минеральное СерпенОМ,прочее,C,АО ОРЕНБУРГСКИЕ МИНЕРАЛЫ,1025602137956,07.07.2020,06.07.2030,Действует,2,порошок | гранулы
289-11-3125-1,Удобрение минеральное Сиднержи,прочее,C,«Агронутрисион»,,26.04.2021,25.04.2031,Действует,0,
289-11-2726-1,Удобрение минеральное Стармакс,микроудобрение,,,,03.07.2020,02.07.2030,Действует,14,Голд | Тонус | Кальций | Азот | Колос | Бор | Вмо | В2М | МЦ | Магний | Сера | Медь | Марганец | Лето
991-10-9731-1,Удобрение минеральное Струвит,прочее,C,"АО ""МОСВОДОКАНАЛ""",1127747298250,17.12.2025,бессрочно,Действует,0,
321-10-3235-1,Удобрение минеральное биомодифицированное,биоудобрение,C,АО «ОХК» «УРАЛХИМ»,1077761874024,20.07.2021,19.07.2031,Действует,5,УльтраСтарт NP 10-40 | УльтраСтарт NP 11-48 | УльтраСтарт NP 12-52 | ОптиГроу РК 15-15 | ОптиГроу РК 18-18
321-10-3503-1,Удобрение минеральное биомодифицированное,комплексное NPK,ЛС,АО «ОХК» «УРАЛХИМ»,1077761874024,02.03.2022,бессрочно,Действует,5,МультиСтарт NPKS 8-20-30 (3) | МультиСтарт NPKS 10-20-20 (6) | МультиСтарт NPKS 10-26-26 (2) | МультиСтарт NPKS 15-15-15 (11) | МультиСтарт NPKS 27-6-6 (2)
534(526)-11-2149-1,Удобрение минеральное жидкое Надежда,стимулятор / жидкое комплексное,ЛС,ООО «АгроСибПром»,1113850002540,06.03.2019,05.03.2029,Действует,3,N | P | K
970-10-4863-1,Удобрение минеральное комплексного действия Сапонит,комплексное NPK,ЛС,"АО ""СЕВЕРАЛМАЗ""",1022901494945,05.05.2025,бессрочно,Действует,0,
1005-11-9994-1,Удобрение минеральное с микроэлементами НАКРЕМИН,микроудобрение,ЛС,"ООО ""АЛЕКС ГРУПП""",1187847178518,03.06.2026,бессрочно,Действует,0,
508-11-2001-1,Удобрение минеральное с микроэлементами НаноКремний,микроудобрение,ЛС,ООО «НАНОКРЕМНИЙ»,1155027003977,01.10.2018,30.09.2028,Действует,0,
565-16-2436-1,Удобрение минеральное фосфатно-магниевое Фосфомаг,магниевое,C,ООО «АЛЬП»,1162651077159,18.10.2019,17.10.2029,Действует,0,
1007-18-10016-1,Удобрение на основе гуминовых веществ с микроэлементами из торфа Агри39 Агри39-2-гумат обогащенный K,грунт / субстрат,ЛС,"ООО ""КАЛИНИНГРАДСКИЙ КАЛИЙ""",1223900011444,17.06.2026,16.06.2036,Действует,6,"Агри39-1-фульват обогащенный K,N,Мg,Fe,S | Агри39-2-фульват обогащенный K,N,Мg,Fe,S | Агри39-3-фульват обогащенный K,N,Мg,Fe,S | Агри39-1-гумат обогащенный K,N | Агри39-2-гумат обогащенный K,N | Агри39-3-гумат обогащенный K,N"
205-18-9902-1,"Удобрение на основе гуминовых кислот Биотех Гумат Плюс,Люкс",гумат,ЛС,ООО «Биотехагро»,1042306451384,13.04.2026,12.04.2036,Действует,2,Плюс | Люкс
254-13-1459-1,Удобрение на основе гуминовых кислот Гумифул Про,гумат,ЛС,ООО «БИОКЕФАРМ РУС»,1097746641981,12.04.2017,11.04.2027,Действует,0,
558-18-2308-1,Удобрение на основе гуминовых кислот с микроэлементами Биоплант Флора,гумат,ЛС,ООО «Русский метод»,,09.07.2019,08.07.2029,Действует,0,
559-18-2306-1,Удобрение на основе гуминовых кислот с микроэлементами Экор Премиум,гумат,ЛС,ИП Чурбанов М.А.,,09.07.2019,08.07.2029,Действует,0,
784-18-3440-1,Удобрение на основе гумусовых веществ ЭКО-СП+,прочее,ЛС,ООО «ЭКОР-СП»,1177746922231,23.12.2021,22.12.2031,Действует,3,А | В | С
905-20-4320-1,Удобрение на основе помета птичьего Урожай,органическое,C,АО «ПТИЦЕФАБРИКА КРАСНОДОНСКАЯ»,1133455000810,15.12.2023,14.12.2033,Действует,0,
927-20-4519-1,Удобрение органическое БИО,биоудобрение,ЛС,ООО ППЗ Свердловский,1069652015366,22.04.2024,21.04.2034,Действует,0,
960-20-9783-1,Удобрение органическое Биогумус,биоудобрение,Л,"ООО ""БИОТЕК""",1027400872410,29.01.2026,29.01.2036,Действует,0,
383-20-1186-1,Удобрение органическое Биуд-Компост,органическое,ЛС,ООО «ЭКО-АГТИ»,1025002032582,01.08.2016,31.07.2026,Не действует,5,КРС | ПОМ | СВИН | КОН | НОР
626-20-2740-1,Удобрение органическое Идаванг Агро,органическое,C,ООО ИДАВАНГ АГРО,1084716000412,07.07.2020,06.07.2030,Действует,2,Сухое | Жидкое
923-20-4490-1,Удобрение органическое Конструктозем,органическое,ЛС,ООО Тексхимсервис,1197746543994,01.04.2024,31.03.2034,Действует,0,
856-20-3972-1,Удобрение органическое Мастер Гриб,органическое,ЛС,ООО Мастер Гриб,1166196086946,30.01.2023,29.01.2033,Действует,0,
797-20-3549-1,Удобрение органическое Салика,органическое,ЛС,ООО «АВАГРО РУС»,1176196006161,08.04.2022,07.04.2032,Действует,6,Аваноф | Авоплекс | Реал Повер | Стоп Дур | Рут | Зекфул
212-20-1946-1,Удобрение органическое Сафран,органическое,Л,ООО «САФ-НЕВА»,,19.06.2018,18.06.2028,Действует,3,Сафран Натурол | Сафран Фертисофт | Сафран Нутрифит
212(379)-20-1158-1,Удобрение органическое Фертил,органическое,ЛС,ООО «ВОРОНЕЖСКИЕ ДРОЖЖИ»,1053600234456,18.07.2016,17.07.2026,Не действует,2,Фертил Оригинал | Фертил Экстра
212-20-9709-1,Удобрение органическое Фертисаф,органическое,ЛС,"ООО ""САФ-НЕВА""",1027807577291,05.12.2025,04.12.2035,Действует,0,
443-18-1520-1,Удобрение органическое гуминовое жидкое ГУМАТ Платоний,гумат,ЛС,ООО «Кубань-Агро-Гуматы»,1162369050403,30.06.2017,29.06.2027,Действует,0,
880-18-4197-1,Удобрение органическое жидкое Пользамакс,органическое,ЛС,"ООО НПФ ""Экобиотехнология""",1153668006128,11.09.2023,10.09.2033,Действует,0,
616-20-2655-1,Удобрение органическое из бесподстилочного свиного навоза,органическое,C,ООО «АГРОФИРМА АРИАНТ»,1137424000207,21.04.2020,20.04.2030,Действует,2,А | Б
571-20-3407-1,Удобрение органическое на оснвое отходов животноводства (помета куриного),органическое,C,ПАО «Птицефабрика Челябинская»,1037401636139,19.09.2019,18.09.2029,Действует,0,
957-20-4776-1,Удобрение органическое на основе навоза свиного Краснодонское,органическое,ЛС,КХК АО «КРАСНОДОНСКОЕ»,1023405367633,14.01.2025,13.01.2035,Действует,1,"Рассыпчатое, Жидкое"
735-20-3230-1,Удобрение органическое на основе птичьего помета Биогум,биоудобрение,ЛС,ООО «НИЖНЕТАГИЛЬСКАЯ ПТИЦЕФАБРИКА»,1036601251004,16.07.2021,15.07.2031,Действует,2,А – рассыпчатое | Б – гранулированное
944-20-4637-1,Удобрение органическое на основе фугата Органикум,органическое,ЛС,ООО Инвестиционно-консалтинговая компания Развитие,1065027030309,22.07.2024,21.07.2034,Действует,2,гранулы | раствор
797-20-3550-1,Удобрение органическое с содержанием аминокислот Салика,органическое,ЛС,ООО «АВАГРО РУС»,1176196006161,21.03.2022,20.03.2032,Действует,4,Авамин | Биг Басе | Аминоасит | Сар Актива Са
449-13-1556-1,Удобрение органоминеральное «КУ-8 «АГРОФОН»,прочее,ЛС,ООО «НПО «ВЫМПЕЛ»,1056154023133,27.09.2017,26.09.2027,Действует,0,
462-13-1667-1,Удобрение органоминеральное Агровит-Кор,прочее,ЛС,ООО Научный Центр «Нооэкосфера – ХХ1»,1026104359588,19.12.2017,18.12.2027,Действует,2,А | Б
530-13-2146-1,Удобрение органоминеральное БТР,прочее,ЛС,ООО «БиоТехнологии»,1123128004350,04.03.2019,03.03.2029,Действует,0,
848-18-3891-1,Удобрение органоминеральное Гуматы Хакасии,гумат,ЛС,ООО «БОГРАДХИМАГРО»,1022401540633,01.12.2022,30.11.2032,Действует,2,ГЖ | ГСв
990-13-9787-1,Удобрение органоминеральное КомплеМет марка Эластико Эластико,прочее,ЛС,Общество с ограниченной ответственностью «НТП-Синтез»,,03.02.2026,02.02.2036,Действует,1,Эластико
098-13-1093-1,Удобрение органоминеральное Полидон Био,гумат,,ООО «ПОЛИДОН Агро»,1127747201713,27.04.2016,26.04.2026,Не действует,8,Полидон Био Универсальный | Полидон Био Масличный | Полидон Био Бобовые | Полидон Био Профи | Полидон Био ГуматСупер 20 | Полидон Био Свекла | Полидон Био Зерновой | Полидон Био Кукуруза
928-13-4556-1,Удобрение органоминеральное ФОЛКРОП NPK амино,комплексное NPK,ЛС,"Састейнебл Агро Солюшнс, С.А.У.",,03.05.2024,02.05.2034,Действует,3,ФОЛКРОП СЕТ + | АКТИСЕМО-С | РАДИКС ТИМ ФОРТЕ +
928-13-4557-1,Удобрение органоминеральное ФОЛКРОП Мезо,микроудобрение,ЛС,"Састейнебл Агро Солюшнс, С.А.У.",,13.05.2024,12.05.2034,Действует,5,РАДИКС КАЛЬЦИЙ | РАДИКС КАЛЬЦИЙ 5 | ФОЛКРОП Са-B | СОЛЮМ ОРТИ | ФОЛКРОП Mg
609-13-2554-1,Удобрение органоминеральное Форкроп,комплексное NPK,,ООО АгроУслуги,1077746281205,16.03.2020,15.03.2030,Действует,4,Фолкроп В-Мо | Фрутбустер+ | Актисемо-Л | Форкроп Голден 10-14-4
635-13-2773-1,Удобрение органоминеральное Хефе,прочее,,,,17.08.2020,16.08.2030,Действует,6,Ариа | Хефе Амино Плюс | Уно | Хефе Гама | Хефе Ксил | Вей
521-13-2229-1,Удобрение органоминеральное Чифо,прочее,ЛС,ЧИФО С.Р.Л.,,20.05.2019,19.05.2029,Действует,3,Чифо Синергон 2000 | Чифо Беталга | Чифо ЭРТ 23 Плюс
386-13-2026-1,Удобрение органоминеральное гранулированное,комплексное NPK,Л,ООО «ТПК «НОВ-АГРО»,1145321003850,04.02.2019,03.02.2029,Действует,5,"Для любых овощей, корнеплодов и картофеля | Для любых ягодных и плодовых культур | Для любых цветочных культур | Универсальное | Для газонов"
386-13-2145-1,Удобрение органоминеральное жидкое,стимулятор / жидкое комплексное,Л,ООО «ТПК «НОВ-АГРО»,1145321003850,04.03.2019,03.03.2029,Действует,4,А | Б | В | Г
880-13-5082-1,Удобрение органоминеральное жидкое Пользамакс Цинк,микроудобрение,C,"ООО НПФ ""Экобиотехнология""",1153668006128,25.08.2025,24.08.2035,Действует,6,"Mg, S | Зерновой | Бор | Хелат | Антистресс | Цинк"
917-13-4436-1,"Удобрение органоминеральное комплексное Органо ферт, растворимый концентрат",микроудобрение,ЛС,ООО Гумат Живая Природа,1195027003490,28.02.2024,27.02.2034,Действует,4,"Органо ферт S, растворимый концентрат | Органо ферт В, растворимый концентрат | Органо Ферт Zn, растворимый концентрат | Органо ферт растворимый концентрат"
884-11-4214-1,Удобрение с микроэлементами,микроудобрение,ЛС,ООО АГРОС,1203200005106,03.10.2023,бессрочно,Действует,5,А | Б | В | Г | Д
312-11-712-1,Удобрение сложное,комплексное NPK,C,АО «АПАТИТ»,1025100561012,21.07.2015,20.07.2025,Не действует,3,0-25-25 | 0-20-20+5S | 5-20-20+5S
445-10-3152-1,Удобрение сложное,комплексное NPK,C,АО «АПАТИТ»,1025100561012,20.05.2021,19.05.2031,Действует,2,4-12-32+5S | 1-20-20+5S
312-10-1658-1,"Удобрение сложное азотно-фосфатное, высший и первый сорт",азотное,C,АО «АПАТИТ»,1025100561012,15.12.2014,14.12.2024,Не действует,0,
321-10-830-1,Удобрение сложное азотно-фосфорное,азотное,ЛС,АО «ОХК» «УРАЛХИМ»,1077761874024,29.10.2015,28.10.2025,Не действует,1,33:3 (Азотофосфат)
321-10-9615-1,Удобрение сложное азотно-фосфорное (Азотофосфат),азотное,ЛС,АО «ОХК» «УРАЛХИМ»,1077761874024,03.10.2025,03.10.2035,Действует,1,марка 33:3
311-10-1045-1,Удобрение сложное азотно-фосфорное серосодержащее,азотное,ЛС,ООО «ЕвроХим-БМУ»,1062303006930,18.03.2016,17.03.2026,Не действует,3,14-34 | 15-25 | 16-20
311-10-863-1,Удобрение сложное азотно-фосфорное серосодержащее,азотное,C,ООО «ЕвроХим-БМУ»,1062303006930,12.11.2015,11.11.2025,Не действует,1,20:20
463-10-1672-1,Удобрение сложное минеральное NPK,комплексное NPK,ЛС,ООО «Титановые Инвестиции»,1147746689265,25.12.2017,24.12.2027,Действует,8,NPK 8-35-20 | NPK 9-25-25 | NPK 10-20-20 | NPK 10-26-26 | NPK 12-32-12 | NPK 13-19-19 | NPK 15-15-15 | NPK 16-16-8
411-11-1331-1,Удобрение типа Калимаг,прочее,C,ООО «Экологические технологии в Прикамье»,,19.01.2017,18.01.2027,Действует,1,"1 фракции Н,М,С"
321-11-4120-1,Удобрение фосфорно-калийное РК 5:55,фосфорное,ЛС,АО «ОХК» «УРАЛХИМ»,1077761874024,22.01.2016,21.01.2026,Не действует,0,
308-19-720-1,Удобрениемикробиологическое БИЭМ,биоудобрение,ЛС,ИП Дугарова Дарима Цыдыпова,,29.07.2015,28.07.2025,Не действует,3,Концентрат | Водный раствор | Сухое
312-10-2391-1,Удобрениесложное,комплексное NPK,C,АО «АПАТИТ»,1025100561012,11.09.2019,10.09.2029,Действует,7,"5-15-30+5S | 10-15-15+10S | 10-15-15+10S+0,2Zn | 0-20-30+2S | 0-24-24+2S | 2-20-18+5S | 2-20-18+5S+0,2B"
188-10-1355-1,Удобрения жидкие азотные (KAС),азотное,C,ОАО «КуйбышевАзот»,,29.10.2015,28.10.2025,Не действует,2,КАС-30 | КАС-32
312-10-1656-1,Удобрения жидкие комплексные (ЖКУ),комплексное NPK,ЛС,АО «АПАТИТ»,1025100561012,25.11.2014,24.11.2024,Не действует,2,11-37 | 10-34
335-10-1610-1,Удобрения жидкие минеральные карбамидно-аммиачная смесь (КАС),азотное,C,"КАО ""АЗОТ""",1024200705077,21.11.2017,20.11.2027,Действует,4,КАС-32 | КАС-30 | КАС-28 | КАС-23S
958-17-4916-1,Удобрения калийные Калий хлористый марка Мелкий,калийное,C,"ООО ""ИХК""",1243800005349,05.08.2025,бессрочно,Действует,0,
382-10-9711-1,Удобрения комплексные минеральные NPK Монокалийфосфат,комплексное NPK,ЛС,"ОАО ""БХЗ""",1024401232382,08.12.2025,бессрочно,Действует,0,
483-13-1908-1,Удобрения комплексные органоминеральные Батр,микроудобрение,ЛС,ООО «НПЦ «Сервис – Агро»,1171690034603,11.05.2018,10.05.2028,Действует,10,Барт Гум | Батр 40 Азот | Батр Макс | Батр Бор | Батр Сера | Батр Цинк | Батр Медь | Батр Молибден | Батр Амин | Батр Калий
325-15-4862-1,Удобрения комплексные с микроэлементами Селитра аммиачная марка Б,азотное,C,ПАО «Дорогобуж»,1026700535773,05.05.2025,бессрочно,Действует,0,
403-10-1415-1,Удобрения минеральные,комплексное NPK,Л,ООО «Соломис Трейд»,,16.03.2017,15.03.2027,Действует,16,"Удобрение для декоративнолистных растений NPK4-5-6 с микроэлементами | Удобрение для кактусов и бонсай NPK 6-3-6 с микроэлементами | Удобрение для орхидей NPK 5-4-6 с микроэлементами | Удобрение для рододендронов, азалий и гортензий NPK 7-3-5 с микроэлементами | Удобрение для роз NPK 7-6-7 с микроэлементами | Удобрение для хвойных растений с магнием | Удобрение для цитрусовых и тропических растений NPK 9-3-5 с микроэлементами | Универсальное жидкое удобрение NPK 6-4-5 с микроэлементами | Универсальное жидкое удобрение NPK 6-4-5 | Долгодействующее удобрение для газона NPK 20-5-8+2+1 с магнием и железом | Удобрение с запрограммированным действием для комнатных, балконных и садовых растений NPK 18-14-14+2 с магнием | Долгодействующее удобрение для рододендронов, азалий и гортензий NPK 18-10-12+2 с магнием | Долгодействующее удобрение для роз NPK 10-10-18+2 с магнием | Долгодействующее удобрение для хвойных растений NPK 10-8-16+2 с магнием | Ускоритель компостизации NPK 4-1-1+6 с магнием | Удобрен"
460-28-10126-1,Удобрения минеральные кальциевые Нитрат кальция (кальциевая селитра),азотное,C,"ООО ""ЕВРОХИМ ТРЕЙДИНГ РУС""",1157746926480,21.09.2026,бессрочно,Действует,0,
460-27-10094-1,Удобрения минеральные магниевые Сульфат магния (7-водный),магниевое,C,"ООО ""ЕВРОХИМ ТРЕЙДИНГ РУС""",1157746926480,21.08.2026,бессрочно,Действует,0,
018-21-3989-1,Ультрамаг Бор,микроудобрение,ЛС,"АО ""ЩЕЛКОВО АГРОХИМ""",1025006519427,22.02.2023,21.02.2033,Действует,0,
018-13-4374-1,Ультрамаг Кальций Актив,кальциевое / известкование,ЛС,"АО ""ЩЕЛКОВО АГРОХИМ""",1025006519427,24.01.2024,23.01.2034,Действует,0,
018-10-3042-1,Ультрамаг Супер Сера-900,прочее,ЛС,"АО ""ЩЕЛКОВО АГРОХИМ""",1025006519427,03.03.2021,02.03.2031,Действует,0,
018-21-2661-1,Ультрамаг Супер Цинк-700,микроудобрение,C,"АО ""ЩЕЛКОВО АГРОХИМ""",1025006519427,23.04.2020,22.04.2030,Действует,0,
018-10-2662-1,Ультрамаг Фосфор,прочее,C,"АО ""ЩЕЛКОВО АГРОХИМ""",1025006519427,23.04.2020,22.04.2030,Действует,2,Актив | Супер
018-21-3993-1,Ультрамаг Хелат,микроудобрение,ЛС,"АО ""ЩЕЛКОВО АГРОХИМ""",1025006519427,01.03.2023,28.02.2033,Действует,4,Fe-13 | Mn-13 | Zn-15 | Cu-15
018-11-9661-1,"Ультрамикс Развитие,Рост",прочее,ЛС,"АО ""ЩЕЛКОВО АГРОХИМ""",1025006519427,06.11.2025,бессрочно,Действует,2,Рост | Развитие
400-11-2013-1,Ультрасол,комплексное NPK,,,,10.10.2018,09.10.2028,Действует,11,"Ультрасол 15-30-15+МЭ | Ультрасол 30-10-10+2МgO+ MЭ | Ультрасол 15-15-30+MЭ | Ультрасол 18-18-18+1МgO+ MЭ | Ультрасол 20-20-20+MЭ | Ультрасол Томатный Сойл 15-8-25+3,5МgO+ MЭ | Ультрасол Огуречный Сойл 17-7-21+3МgO+M Э | Ультрасол Клубничный Сойл 14-6,5-26+3,2МgO +MЭ | Ультрасол Цветочный Сойл 18-6-19+3МgO+M Э | Ультрасол 17-10-27+MЭ | Ультрасол 12-12-36+2МgO+ MЭ"
428-19-3264-1,Ультраспор,прочее,ЛС,ООО «ЭКОС»,1147847338088,16.08.2021,15.08.2031,Действует,4,Спорекс | Спорион | Ультрекс | Микотоп
428-19-1466-1,Ультрастим,прочее,C,ООО «ЭКОС»,1147847338088,14.04.2017,13.04.2027,Действует,3,А | Б | В
428-19-2231-1,Ультрафит,прочее,C,ООО «ЭКОС»,1147847338088,21.05.2019,20.05.2029,Действует,0,
408-18-1322-1,Универсальное,комплексное NPK,,ООО «Плодородие»,1024401435541,12.01.2017,11.01.2027,Действует,13,Универсальное | Для комнатных растений | Для рассады | Для клубники | Для томатов | Для огурцов | Для лука и чеснока | Для капусты | Для хвойных | Для роз | Для садовых цветов | Для перцев и баклажанов | Паста универсальное
044-11-1328-1,Универсальное минеральноеудобрение,комплексное NPK,Л,ЗАО ООО «НПО «Гигиена-Био»,1115001007428,16.01.2017,15.01.2027,Действует,6,Cударушка А | Сударушка Б | Рязаночка А | Рязаночка Б | Семицветик А | СемицветикБ
809-11-3638-1,Универсальное удобрение Йоркей,комплексное NPK,Л,ООО «ЙОРКЕЙ РУС»,1202500004486,18.04.2022,бессрочно,Действует,6,NPK-1 | NPK-2 | NPK-3 | NPK-4 | NPK-5 | NPK-6
299-11-1450-1,Универсол,прочее,ЛС,Эверрис Интернешнл Б.В.,,07.04.2017,06.04.2027,Действует,13,"Хард Ватер 211 | Хард Ватер 225 | Софт Ватер 312 Р | Софт Ватер 113Р | Софт Ватер 213Р | Зеленый, Желтый | Фиолетовый | Голубой | Оранжевый | Основной | Белый | Специальный 104 | Специальный П"
399-21-4617-1,Униглу,прочее,ЛС,Атлантика Агрикола С.А.,,18.06.2024,17.06.2034,Действует,0,
532-13-10024-1,УниферХ УниферХ Бетино Цинк рН,микроудобрение,ЛС,УниферХ Интернешнл ГмбХ,,23.06.2026,22.06.2036,Действует,10,УниферХ Вуксал Аминоплант | УниферХ Вуксал Аминокальций | УниферХ ВеганоХ | УниферХ Вегано Кальций | УниферХ Бетино | УниферХ Бетино Кальций | УниферХ Бетино Борон | УниферХ Бетино Микро рН | УниферХ Бетино Железо | УниферХ Бетино Цинк рН
643-13-2849-1,Урожайная линия,гумат,ЛС,ООО НПЦ ПИТАНИЕ РАСТЕНИЙ,1162372053678,20.10.2020,19.10.2030,Действует,17,Супер Старт | Гумат Калия/Натрия Микро | Экстра N | Экстра Р | Экстра К | Микро Комплекс | Экстра Mg | Экстра В | Экстра Zn | Экстра Fe | Экстра Cu | Экстра Ca/Mg/B | Экстра Са | Экстра Mn | Экстра Мо | Экстра В/Мо | Экстра Мо/Со
345-11-2279-1,ФЕРТИКА,комплексное NPK,ЛС,АО «Фертика»,1097746681317,18.06.2019,17.06.2029,Действует,5,"ФЕРТИКА Листовое 18-18-18 | ФЕРТИКА Листовое 10-5-40 | ФЕРТИКА Листовое 4-13-36 | ФЕРТИКА Плюс 6,4-11-31 | ФЕРТИКА Плюс 12-11-26"
345-13-4810-1,ФЕРТИКА ОМУ,комплексное NPK,ЛС,АО «Фертика»,1097746681317,26.02.2025,25.02.2035,Действует,4,Универсальное | Для клубники и земляники | Для роз | Осеннее
429-13-1465-1,Фербиа,прочее,ЛС,ООО «Мизуки»,1117746470181,14.04.2017,13.04.2027,Действует,0,
651-10-2896-1,ФериГроу нитрат калия,калийное,C,"ООО ""ГРОУТЭК""",5167746307450,26.11.2020,25.11.2030,Действует,0,
292-21-2127-1,Феррилин Триум,прочее,C,Валагро С.п.А.,,22.02.2019,21.02.2029,Действует,0,
170-21-3829-1,Феррострене Премиум,прочее,ЛС,Гадот Агро Лтд.,,18.09.2019,17.09.2029,Действует,0,
651-10-2902-1,ФертиГроу нитрат кальция,кальциевое / известкование,C,"ООО ""ГРОУТЭК""",5167746307450,02.12.2020,01.12.2030,Действует,0,
261-13-593-1,Фертигрейн,прочее,C,ООО «АГРОЛИГА»,,12.03.2015,11.03.2025,Не действует,4,Старт СоМо | Масличный | Свекловичный | Зерновой
496-13-10023-1,Фертигрейн Зерновой,прочее,C,"АгриТекно Фертилизантес, С.Л.",,23.06.2026,22.06.2036,Действует,3,Старт СоМо | Свекловичный | Зерновой
496-13-1937-1,Фертигрейн плюс,прочее,C,"АгриТекно Фертилизантес, С.Л.",,31.05.2018,30.05.2028,Действует,2,Старт П | Фолиар П
345-15-9837-1,Фертика Азотное удобрение на основе Аммиачной селитры с микроэлементами,азотное,ЛС,АО «Фертика»,1097746681317,16.03.2026,бессрочно,Действует,0,
345-11-9838-1,Фертика Азофоска с микроэлементами,микроудобрение,ЛС,АО «Фертика»,1097746681317,17.03.2026,бессрочно,Действует,0,
345-11-9839-1,Фертика Аммофос с микроэлементами,микроудобрение,ЛС,АО «Фертика»,1097746681317,17.03.2026,бессрочно,Действует,0,
345-11-4577-1,Фертика Газон Органик,комплексное NPK,ЛС,АО «Фертика»,1097746681317,22.05.2024,бессрочно,Действует,6,Старт 10-25-5 | NPK 20-5-10 | NPK 13-7-14 | NPK 5-10-30 | NPK 0-4-37 | NPK 0-5-50
345-15-9836-1,Фертика Карбамид с микроэлементами,азотное,ЛС,АО «Фертика»,1097746681317,16.03.2026,бессрочно,Действует,0,
345-11-4267-1,Фертика Лив Пауэр Хвойное для Вечнозеленых 8-7-21,комплексное NPK,ЛС,АО «Фертика»,1097746681317,24.11.2023,бессрочно,Действует,0,
345-11-4701-1,Фертика Листовое 19-6-20,комплексное NPK,ЛС,АО «Фертика»,1097746681317,24.10.2024,бессрочно,Действует,1,19-6-20
345-11-4268-1,Фертика Листовое Старт 13-40-13,комплексное NPK,ЛС,АО «Фертика»,1097746681317,24.11.2023,бессрочно,Действует,0,
345-11-4306-1,Фертика Люкс,прочее,ЛС,АО «Фертика»,1097746681317,12.12.2023,бессрочно,Действует,0,
345-21-2440-1,Фертика Микромикс-3,микроудобрение,C,АО «Фертика»,1097746681317,23.10.2019,22.10.2029,Действует,0,
345-17-2439-1,Фертика Сульфат калия (калий сернокислый),калийное,C,АО «Фертика»,1097746681317,23.10.2019,22.10.2029,Действует,0,
345-11-9835-1,Фертика Суперфосфат с микроэлементами,микроудобрение,ЛС,АО «Фертика»,1097746681317,16.03.2026,бессрочно,Действует,0,
345-11-4398-1,Фертика Хвойное для Вечнозеленых. Весна-Лето 10-7-14,комплексное NPK,ЛС,АО «Фертика»,1097746681317,31.01.2024,бессрочно,Действует,0,
345-11-4401-1,Фертика Хвойное для Вечнозеленых. Осень 7-12-21,комплексное NPK,ЛС,АО «Фертика»,1097746681317,05.02.2024,бессрочно,Действует,0,
841-17-3868-1,Фертика бесхлорное калийное удобрение с микроэлементами ЭкоКалий,микроудобрение,ЛС,ООО «РИЧМАН-МИНЕРАЛ»,1170280008887,22.11.2022,бессрочно,Действует,4,ЭкоКалий | ЭкоКалий Макс | ЭкоКалий Универсальное | ЭкоКалий Картофельное
186-11-3418-1,Фертикеа 8-7-21,комплексное NPK,ЛС,АО «Яра»,,05.02.2018,04.02.2028,Действует,0,
178-10-4171-1,Фертикс,прочее,C,"ООО ""АГРО ЭКСПЕРТ ГРУП""",1027708006996,08.08.2023,бессрочно,Действует,2,А | Б
178-21-1273-1,Фертикс-Моно,микроудобрение,C,"ООО ""АГРО ЭКСПЕРТ ГРУП""",1027708006996,16.11.2016,15.11.2026,Действует,3,Цинк | Медь | Марганец
617-11-2673-1,Фертилиберо,микроудобрение,C,"ООО ""ГРИН ПЛАНТ""",1175029028790,15.05.2020,14.05.2030,Действует,3,Фертилиберо В | Фертилиберо Zn | Фертилиберо Mn
617-13-2839-1,Фертилиберо NPK,комплексное NPK,C,"ООО ""ГРИН ПЛАНТ""",1175029028790,13.10.2020,12.10.2030,Действует,3,Фертилиберо NPK 18-18-18 + микро | Фертилиберо NPK 4-12-38 + микро | Фертилиберо NPK 10-40-8 + микро
617-21-4634-1,Фертилиберо Мо,прочее,C,"ООО ""ГРИН ПЛАНТ""",1175029028790,08.07.2024,07.07.2034,Действует,0,
289-21-762-1,Ферфоль,прочее,ЛС,«Агронутрисион»,,01.09.2015,31.08.2025,Не действует,2,Ферфоль 130 | Ферфоль 93
669-12-3020-1,Фильтрационный осадок при дефекации свекловичного сока (дефекат),кальциевое / известкование,ЛС,АО УСПЕНСКИЙ САХАРНИК,1032331955809,16.02.2021,15.02.2031,Действует,0,
698-12-3130-1,Фильтрационный осадок при дефекации свекловичного сока (дефекат),кальциевое / известкование,ЛС,ОАО «КРИСТАЛЛ-2»,1022304359571,30.04.2021,29.04.2031,Действует,0,
783-12-3444-1,Фильтрационный осадок сахарного производства – дефекат,кальциевое / известкование,ЛС,АО «САХАРНЫЙ КОМБИНАТ БОЛЬШЕВИК»,,23.12.2021,22.12.2031,Действует,0,
633-12-2771-1,Фильтрационный осадок сахарного производства – сахарный дефекат,кальциевое / известкование,ЛС,АО Сахарный завод Льговский,1024600644804,11.08.2020,10.08.2030,Действует,0,
585-19-3919-1,Фитоспорин ПроБио,биоудобрение,ЛС,Кузнецова Мария Вячеславовна,304027214000089,26.12.2022,25.12.2032,Действует,0,
318-13-750-1,Фитоферт Энерджи NPK,комплексное NPK,ЛС,ООО «КОРОЛЕВ АГРО»,,12.08.2015,11.08.2025,Не действует,15,Фитоферт Энерджи NPK 5-55-10 Старт | Фитоферт Энерджи NPK 20-20-20 Баланс | Фитоферт Энерджи NPK 15-5-33 Актив | Фитоферт Энерджи NPK 0-15-45 Финиш | Фитоферт Энерджи NPK 0-5-3 Манцин | Фитоферт Энерджи NPK 1-0-0 Бормакс 20В | Фитоферт Энерджи NPK 2-0-0 Кальцифол 25 | Фитоферт Энерджи NPK 0-0-2 Кальцимакс 20 | Фитоферт Энерджи NPK 0-0-2 Кальцимакс 40 | Фитоферт Энерджи NPK 1-0-0 FeОргано-6 | Фитоферт Энерджи NPK 2-0-0 Fe Макс-10 | Фитоферт Энерджи NPK 2-0-0 Zn Макс-7 | Фитоферт Энерджи NPK1-0-2 Ризофлекс | Фитоферт Энерджи NPK 2-0-2 Биофлекс | Фитоферт Энерджи NPK 4-0-0 Аминофлекс
419-11-3749-1,Флора сериес,микроудобрение,Л,ТЕРРА АКВАТИКА САС,,30.08.2019,29.08.2029,Действует,3,Флора микро | Флора гро | Флора блум
777-13-3402-1,Флоровит Про Натура Микрофлора 3в1,микроудобрение,Л,ГРУППА ИНКО С.А.,,07.12.2021,06.12.2031,Действует,4,"Для хвойных | Для цветущих | Для газонов | Для овощей, цветов, фруктовых деревьев и кустарников"
777-11-3403-1,Флоровит гранулированное удобрение,комплексное NPK,Л,ГРУППА ИНКО С.А.,,07.12.2021,06.12.2031,Действует,14,"Для газонов | Для газонов осенний | Для хвойных | Для хвойных осенний | Универсальный | Универсальный осенний | Для роз и других цветущих кустарников | Для рододендронов, вересковых растений и гортензии | Для голубики | Для газонов быстрый эффект | Для газонов длительного действия 100 дней | Для хвойных длительного действия 100 дней | Для роз и других цветущих растений 100 дней | Для клубники и других цветущих фруктовых"
399-13-3968-1,Флорон,прочее,ЛС,Атлантика Агрикола С.А.,,27.01.2023,26.01.2033,Действует,0,
829-13-3922-1,Фовал,прочее,C,ЕВРОФЕРТИЛИЗАНТЕС ВАЛЕНСИАНОС С.Л.,,28.12.2022,27.12.2032,Действует,2,Стимувал Фовал Микс | Стимувал Фовал +
186-11-4143-1,Фоликеа,комплексное NPK,C,АО «Яра»,,05.07.2023,бессрочно,Действует,3,Фоликеа 10-5-40+микро | Фоликеа 12-46-8+микро | Фоликеа 18-18-18+микро
010-19-2423-1,Фолимар,прочее,ЛС,"ООО ""ЛИСТЕРРА""",1057749556930,10.10.2019,09.10.2029,Действует,0,
926-13-9645-0,Фолимин Mg,прочее,ЛС,"ООО ""СТОУНФЕРТ""",5177746057495,21.10.2025,20.10.2028,Действует,0,
926-13-9647-0,Фолимин В,прочее,ЛС,"ООО ""СТОУНФЕРТ""",5177746057495,22.10.2025,21.10.2028,Действует,0,
926-13-9633-0,Фолимин Классик,прочее,ЛС,"ООО ""СТОУНФЕРТ""",5177746057495,13.10.2025,12.10.2028,Действует,0,
010-20-3314-1,Фолирус В,грунт / субстрат,ЛС,"ООО ""ЛИСТЕРРА""",1057749556930,23.09.2021,22.09.2031,Действует,10,Фолирус Грунтовое | Фолирус Маг | Фолирус Прима | Фолирус Мульти NPK 8-4-8 | Фолирус Мульти NPK 10-5-10 | Фолирус Мульти NPK 8-8-8 | Фолирус Мульти NPK 10-10-10 | Фолирус Мульти NPK 12-6-12 | Фолирус Мульти NPK 20-10-10 | Фолирус Мульти NPK 12-8-15
010-13-4049-1,Фолирус Гуф,прочее,ЛС,"ООО ""ЛИСТЕРРА""",1057749556930,27.03.2023,26.03.2033,Действует,7,Фолирус Зерновые | Фолирус Зернобобовые | Фолирус Масличные | Фолирус Кукуруза | Фолирус Овощные | Фолирус Плодовые | Фолирус Ягодные
010-13-4198-1,Фолирус Коколи,прочее,ЛС,"ООО ""ЛИСТЕРРА""",1057749556930,11.09.2023,10.09.2033,Действует,0,
010-20-3318-1,Фолирус Лиственное,комплексное NPK,ЛС,"ООО ""ЛИСТЕРРА""",1057749556930,24.09.2021,23.09.2031,Действует,6,Фолирус NPK 4-1-4 | Фолирус NPK 10-2-2 | Фолирус NPK 3-2-10 | Фолирус Декор | Фолирус Дуо | Фолирус Рассадное
010-13-4036-1,Фолирус Универсал,комплексное NPK,ЛС,"ООО ""ЛИСТЕРРА""",1057749556930,16.03.2023,15.03.2033,Действует,8,Фолирус 20:20:20 Амино | Фолирус 34:5:5 Амино | Фолирус 15:5:30 Амино | Фолирус 8:13:36 Амино | Фолирус 15:39:15: Амино | Фолирус 11:7:34 Амино | Фолирус 12:48:8 Амино | Фолирус 5:23:35 Амино
010-11-9981-1,Фолирус Х Форте,стимулятор / жидкое комплексное,ЛС,"ООО ""ЛИСТЕРРА""",1057749556930,26.05.2026,бессрочно,Действует,10,Актив | Комби | Макси | Микс | Премиум | Старт | Стимул | Супер | Форте | Экстра
010-11-10059-1,Фолирус Цинк 7,микроудобрение,ЛС,"ООО ""ЛИСТЕРРА""",1057749556930,05.08.2026,05.08.2036,Действует,8,Бор | Кальций-Рост | Кальций-Плод | Марганец | Сера | Железо | Цинк 7 | Цинк 11
010-11-4040-1,Фолирус Эликсир,прочее,ЛС,"ООО ""ЛИСТЕРРА""",1057749556930,17.03.2023,бессрочно,Действует,9,Фолирус Эликсир Зерновые | Фолирус Эликсир Зернобобовые | Фолирус Эликсир Масличные | Фолирус Эликсир Кукуруза | Фолирус Эликсир Картофель | Фолирус Эликсир Виноград | Фолирус Эликсир Сад | Фолирус Эликсир Мультимикс | Фолирус Эликсир МультиМо
417-21-1358-1,Фолкроп,микроудобрение,ЛС,ООО «ГК «АГРОУСЛУГИ»,1137746545045,30.01.2017,29.01.2027,Действует,5,Амин | Бор | Цинк | Комби | Радикс Тим Форте
299(936)-13-4579-0,Форамин,прочее,ЛС,ООО АГРОЗАЩИТА,1094632010440,31.05.2024,30.05.2027,Действует,7,Директ Амино | Юнис | Старт | Рост | Завязь | Эксперт | Финиш
387(388)-10-1239-1,Форрис,прочее,ЛС,ЗАО «ПЕТРОХИМ»,1023101648800,21.09.2016,20.09.2026,Не действует,0,
524-13-2103-1,Форт,прочее,ЛС,"КУЛЬТИФОРТ, СЛ",,08.02.2019,07.02.2029,Действует,2,Форт Культифорт Раиз | Форт Орморт
321-10-4124-1,Фософоритная мука Егорьевского месторождения фосфоритов,прочее,ЛС,АО «ОХК» «УРАЛХИМ»,1077761874024,15.08.2019,14.08.2029,Действует,2,А | Б
400-10-2002-1,Фосфат мочевины,азотное,C,СКМ ЕВРОПА Н.В.,,01.10.2018,30.09.2028,Действует,0,
463-12-1671-1,Фосфогипс,прочее,C,ООО «Титановые Инвестиции»,1147746689265,25.12.2017,24.12.2027,Действует,0,
263-12-1992-1,Фосфогипс для сельского хозяйства,прочее,C,АО «Невинномысский Азот»,1022603620885,25.09.2018,24.09.2028,Действует,0,
311-12-1991-1,Фосфогипс для сельского хозяйства,прочее,C,ООО «ЕвроХим-БМУ»,1062303006930,25.09.2018,24.09.2028,Действует,0,
312-12-1662-1,Фосфогипс для сельского хозяйства,прочее,C,АО «АПАТИТ»,1025100561012,16.04.2015,15.04.2025,Не действует,0,
321-12-4090-1,Фосфогипс для сельского хозяйства,прочее,C,АО «ОХК» «УРАЛХИМ»,1077761874024,18.07.2019,17.07.2029,Действует,0,
341-12-3372-1,Фосфогипс для сельского хозяйства,прочее,C,ООО «ПГ «Фосфорит»,1024701420127,16.11.2021,15.11.2031,Действует,3,А | Б | В
445-12-3787-1,Фосфогипс для сельского хозяйства,прочее,C,АО «АПАТИТ»,1025100561012,14.09.2022,13.09.2032,Действует,0,
605-12-2561-1,Фосфогипс нейтрализованный,прочее,C,ООО АЛМАЗ УДОБРЕНИЯ,1192651003511,05.03.2020,04.03.2030,Действует,0,
288-10-3964-1,Фосфонин Фло,прочее,C,СЕРВАЛЕСА С. Л. У.,,16.02.2015,15.02.2025,Не действует,0,
288-10-4789-1,Фосфонин Фло,прочее,C,СЕРВАЛЕСА С. Л. У.,,28.01.2025,бессрочно,Действует,0,
718-16-3193-1,Фосфоритная мука Верхнекамская,фосфорное,ЛС,ООО «ВЕРХНЕКАМСКИЕ УДОБРЕНИЯ»,1054316544886,23.06.2021,22.06.2031,Действует,1,А
718-16-9746-1,"Фосфоритная мука С,В",фосфорное,ЛС,ООО «ВЕРХНЕКАМСКИЕ УДОБРЕНИЯ»,1054316544886,22.12.2025,22.12.2035,Действует,2,В | С
679-16-3072-1,Фосфоритная мука гранулированная,фосфорное,ЛС,ООО ИНКО-ТЭК АГРО АЛАБУГА,1171690053732,25.03.2021,24.03.2031,Действует,0,
461-19-4642-1,Фосфорное бактериальное удобрение Фосфатовит,биоудобрение,ЛС,ООО «ДЕЛЬТАБИО»,1047796448810,18.12.2017,17.12.2027,Действует,0,
473-20-1871-1,Фубон-К20,прочее,C,ООО «АНГЕЛ ИСТ РУС»,1154827014594,12.03.2018,11.03.2028,Действует,0,
473-20-1843-1,Фубон-КФМ,прочее,C,ООО «АНГЕЛ ИСТ РУС»,1154827014594,22.03.2018,21.03.2028,Действует,0,
887-13-4221-1,Фугустим,прочее,ЛС,ООО Амритэкс,1206100003218,19.10.2023,18.10.2033,Действует,3,Экстра | Росток | Премиум
846-20-3883-1,Фудзимин,прочее,C,"Джапан Консервейшн Инджиниирз энд Ко., Лтд.",,24.11.2022,23.11.2032,Действует,0,
478-18-1883-1,Фулхум,прочее,C,ООО «БАГРАТИОН»,1125658004867,23.04.2018,22.04.2028,Действует,0,
961-13-4815-1,Фульвитал Плюс,гумат,C,ООО «РОДАГРО»,,25.02.2025,24.02.2035,Действует,0,
270-18-426-1,Фульвитал Плюст,гумат,ЛС,АСКА ТРЕЙД,,07.10.2014,06.10.2024,Не действует,0,
470-18-1761-1,Фульвогумат,гумат,ЛС,ООО НПО «АЛЬФА-ГРУПП»,1105476023278,15.02.2018,14.02.2028,Действует,1,Б
389-10-4482-1,Фунгикропс,прочее,C,"ООО ""АГРОПРОГРЕСС КЭМИКАЛС""",1157847140296,29.03.2024,бессрочно,Действует,0,
1000-19-10054-0,ХайКоут Супер Соя,прочее,C,БАСФ Агрикалчурал Солюшнс ЮС ООО,,03.08.2026,02.08.2029,Действует,0,
358-19-1063-1,ХайКоут Супер Соя,прочее,C,БАСФ АГРИКАЛЧЕРАЛ СПЕШИАЛИТИЗ ЛИМИТЕД,,07.04.2016,06.04.2026,Не действует,0,
334-19-3412-1,ХайКоут Турбо Соя,прочее,C,БАСФ Корпорэйшн,,14.12.2021,13.12.2031,Действует,0,
358-19-1055-1,ХайСтик Соя,прочее,C,БАСФ АГРИКАЛЧЕРАЛ СПЕШИАЛИТИЗ ЛИМИТЕД,,31.03.2016,30.03.2026,Не действует,0,
102-13-3349-1,Хайгло,прочее,ЛС,«РОТАМ Лтд»,,25.10.2021,24.10.2031,Действует,0,
317-10-752-1,Хайфа МКР Монокалий фосфат (0-52-34),комплексное NPK,ЛС,«Хайфа Кемикалз Лтд.»,,12.08.2015,11.08.2025,Не действует,0,
033-11-9993-1,Хвойная игла,прочее,Л,ООО «ОРТОН»,1025004916573,02.06.2026,бессрочно,Действует,0,
382-21-10106-1,Хелатэм Fe ДТПА,микроудобрение,ЛС,"ОАО ""БХЗ""",1024401232382,28.08.2026,27.08.2036,Действует,6,ЭДТА | ДТПА | ИДХА | ЭДДГА | ДТПА жидкий | ИДХА жидкий
382-21-10107-1,Хелатэм Mn ИДХА,микроудобрение,ЛС,"ОАО ""БХЗ""",1024401232382,28.08.2026,27.08.2036,Действует,3,ЭДТА | ИДХА | ЭДТА жидкий
382-21-10103-1,Хелатэм Zn ИДХА,микроудобрение,ЛС,"ОАО ""БХЗ""",1024401232382,27.08.2026,26.08.2036,Действует,4,ЭДТА | ИДХА | ЭДТА жидкий | ИДХА жидкий
382-10-10108-1,Хелатэм Са ИДХА,микроудобрение,ЛС,"ОАО ""БХЗ""",1024401232382,31.08.2026,бессрочно,Действует,3,ЭДТА | ИДХА | ЭДТА жидкий
493-10-1934-1,Хербагрин,прочее,ЛС,Сановита Продуктионс – унд Фертрибс ГмбХ,,31.05.2018,30.05.2028,Действует,2,Хербагрин классик | Хербагрин Зет20
493-20-1933-1,Хербагрин флуизан,прочее,ЛС,Сановита Продуктионс – унд Фертрибс ГмбХ,,31.05.2018,30.05.2028,Действует,0,
303-11-698-1,Хеси,прочее,ЛС,Хеси Плантенвойдинг Б.В. (Нидерланды),,15.07.2015,14.07.2025,Не действует,7,Хеси ТНТ-Комплекс | Хеси Блум-Комплекс | Хеси Фосфор Плюс | Хеси Гидро Гроус | Хеси Гидро Блум | Хеси Кокос | Хеси РК 13/14
303-13-2280-1,Хеси Буст,прочее,ЛС,Хеси Плантенвойдинг Б.В. (Нидерланды),,18.06.2019,17.06.2029,Действует,0,
303-13-766-1,Хеси био,биоудобрение,ЛС,Хеси Плантенвойдинг Б.В. (Нидерланды),,01.09.2015,31.08.2025,Не действует,3,Хеси био Рутс Комплекс | Хеси био Супер Вит | Хеси био Павер Зим
585-13-4018-1,Хозяин Плодородия,прочее,ЛС,Кузнецова Мария Вячеславовна,304027214000089,13.03.2023,12.03.2033,Действует,2,А | Б
876-13-4168-1,Целебное удобрение Дядюшка Гумус,прочее,ЛС,ООО ГРУНТ ЭКО,1175024012019,31.07.2023,30.07.2033,Действует,1,"С, Г"
375-15-1133-1,Цианамид кальция Перлка,кальциевое / известкование,C,«АлцХем АГ»,,09.06.2016,08.06.2026,Не действует,0,
289-21-2438-1,ЦинСтарт,прочее,C,«Агронутрисион»,,21.10.2019,20.10.2029,Действует,0,
082-21-4731-1,Цинтрит,прочее,ЛС,"ООО ""ИНТЕР ГРУПП""",1084312000420,26.11.2024,25.11.2034,Действует,0,
902-13-9907-1,Цито ЦитоБрасс,микроудобрение,ЛС,"ООО ""АГРОТАНДЕМ""",1207700269743,17.04.2026,16.04.2036,Действует,11,ЦитоБор | ЦитоЦинк | ЦитоСера | ЦитоМикс | ЦитоКальций | ЦитоКалий | ЦитоФоска | ЦитоМол | ЦитоГум | ЦитоКремний | ЦитоБрасс
842-18-3870-1,Цитогумат,гумат,ЛС,ООО НПК «АГРОФАРМИКА»,1175476017441,11.11.2022,10.11.2032,Действует,1,Б
693-21-4605-1,Шугар Плэйс,прочее,C,Столлер Европа СЛЮ,,13.06.2024,12.06.2034,Действует,2,Шугар Мувер | Н-Балансер
998-18-9790-1,ЭБС БА,прочее,ЛС,"ООО ""НПЦ ""ЭКОБИОСФЕРА""",1214000008925,04.02.2026,03.02.2036,Действует,5,А | Б | БА | БМ | Д
339-19-884-1,ЭКО 3С,прочее,ЛС,Грин Равенна с.р.л.,,10.12.2015,09.12.2025,Не действует,0,
520-18-2066-1,ЭКО-СП,прочее,ЛС,ИП ПЕРСКИЙ ГРИГОРИЙ СЕМЕНОВИЧ,316774600381515,24.01.2019,23.01.2029,Действует,0,
131-18-1982-1,ЭКОР,прочее,ЛС,ООО «АССЕРТ»,1165749052644,13.08.2018,12.08.2028,Действует,0,
339-19-885-1,ЭКОпроп,прочее,ЛС,Грин Равенна с.р.л.,,10.12.2015,09.12.2025,Не действует,0,
339-19-882-1,ЭКОпроп Н,прочее,ЛС,Грин Равенна с.р.л.,,10.12.2015,09.12.2025,Не действует,0,
339-19-883-1,ЭКОсид Зерновые,прочее,C,Грин Равенна с.р.л.,,10.12.2015,09.12.2025,Не действует,0,
389-13-4755-1,Эвол,прочее,C,"ООО ""АГРОПРОГРЕСС КЭМИКАЛС""",1157847140296,16.12.2024,15.12.2034,Действует,0,
746-20-4226-1,Эко-калий,калийное,C,ООО РУСАГРО-ТАМБОВ,1166820058570,20.10.2023,19.10.2033,Действует,0,
687-20-3858-1,Эко-калий-раффинат свекловичной мелассы,калийное,C,АО «ОЛЬХОВАТСКИЙ САХАРНЫЙ КОМБИНАТ»,1023601232401,07.11.2022,06.11.2032,Действует,0,
867-18-9883-1,ЭкоГумат,гумат,ЛС,"ООО ""НПИ ""БИОПРЕПАРАТЫ""",1081690038561,01.04.2026,31.03.2036,Действует,0,
228-19-3345-1,Экомик Урожайный,прочее,Л,ООО НПО «Биотехсоюз»,1067761727307,25.10.2021,24.10.2031,Действует,0,
156-13-2906-1,Экселгроу,прочее,ЛС,ООО «АДАМА РУС»,1062310039934,02.12.2020,01.12.2030,Действует,0,
247-11-9935-1,Экстрафид Экстрафид 10:58:11,комплексное NPK,ЛС,ООО «АгроМастер»,1102308006877,30.04.2026,бессрочно,Действует,8,Экстрафид 10:58:11 | Экстрафид 26:26:26 | Экстрафид 10:10:35+7 | Экстрафид 7:14:42 | Экстрафид 9:0:32+20СаО | Экстрафид АгроМикс | Экстрафид N | Экстрафид РК
247-11-9890-1,Экстрафид Экстрафид К,прочее,C,ООО «АгроМастер»,1102308006877,08.04.2026,бессрочно,Действует,3,Экстрафид ZnMn | Экстрафид МgZn | Экстрафид К
247-11-4673-0,Экстрафол,прочее,C,ООО «АгроМастер»,1102308006877,25.09.2024,24.09.2027,Действует,3,Экстрафол ZnMn | Экстрафол МgZn | Экстрафол К
247-11-4677-0,Экстрафол,комплексное NPK,ЛС,ООО «АгроМастер»,1102308006877,26.09.2024,25.09.2027,Действует,8,Экстрафол 10:58:11 | Экстрафол 26:26:26 | Экстрафол 10:10:35+7 | Экстрафол 7:14:42 | Экстрафол 9:0:32+20СаО | Экстрафол АгроМикс | Экстрафол N | Экстрафол РК
713-13-4158-1,Эликсир №1,прочее,ЛС,ООО «ОРГАНИК МИКС»,1187325001775,14.07.2023,13.07.2033,Действует,0,
046-18-1503-1,Энерген Экстра,прочее,ЛС,АО «ТПК «Техноэкспорт»,1025005325070,22.05.2017,21.05.2027,Не действует,0,
046-18-5074-1,Энерген Экстра,прочее,ЛС,"ООО ""ТЕХНОЭКСПОРТ""",1125042005175,29.08.2025,21.05.2027,Действует,0,
041-13-2542-1,Эпивио Энерджи,прочее,C,"ООО ""СИНГЕНТА""",1037739325271,21.02.2020,20.02.2030,Действует,0,
964-21-4812-1,Этидот-67,прочее,C,ООО «Глобал Трейд»,,26.02.2025,25.02.2035,Действует,0,
477-11-1876-1,Этиссо,прочее,ЛС,ООО «ГЛОБОЛЬ РУССИЯ»,,18.04.2018,17.04.2028,Действует,3,Этиссо для цветов и газонов | Этиссо удобрение – палочки для цветов | Этиссо удобрение – палочки для зеленых растений
477-11-1875-1,"Этиссо, Ж",прочее,ЛС,ООО «ГЛОБОЛЬ РУССИЯ»,,18.04.2018,17.04.2028,Действует,3,Этиссо удобрение для водных растений и гидрокультур | Этиссо для комнатных и балконных цветов | Этиссо для цветущих комнатных и балконных цветов
956-20-10045-1,Эфисойл Супербиа,прочее,C,Фертинагро Биотек Интернейшнл СЛЮ,,13.07.2026,12.07.2036,Действует,0,
283-19-10026-1,Эффект Био,биоудобрение,ЛС,ООО СХП «НИВА»,1149102116426,26.06.2026,25.06.2036,Действует,0,
283-19-748-1,Эффект био,биоудобрение,C,ООО СХП «НИВА»,1149102116426,12.08.2015,11.08.2025,Не действует,0,
855-20-4220-1,Эффлюрост,прочее,C,ООО «АльтЭнерго»,,18.10.2023,17.10.2033,Действует,0,
102-13-3350-1,Юдуо,прочее,ЛС,«РОТАМ Лтд»,,25.10.2021,24.10.2031,Действует,0,
639(640)-13-2952-1,Янтари,микроудобрение,C,ООО НПП «Институт синергетических препаратов и микроудобрений»,,24.12.2020,23.12.2030,Действует,6,Семена | Профи | Азот | Калий | Кремний | Бор
639(640)-13-3225-1,Янтари Супер,микроудобрение,C,ООО НПП Институт синергетических препаратов и микроудобрений,1150280015302,15.07.2021,14.07.2031,Действует,6,Фосфор | АМС | Калий | Молибден | Цинк | АС
186-21-3415-1,Яра Вита ЮниСмарт Se,прочее,C,АО «Яра»,,29.01.2018,28.01.2028,Действует,0,
186-11-3413-1,Яра Люкс,прочее,ЛС,АО «Яра»,,06.10.2015,05.10.2025,Не действует,0,
186-10-2126-1,Яра Тера Криста К Плюс,прочее,C,АО «Яра»,,26.02.2019,25.02.2029,Действует,0,
186-10-3421-1,ЯраВита,прочее,C,АО «Яра»,,04.05.2017,03.05.2027,Действует,3,Битрел | Брасситрел | Агрифос
186-11-4207-1,ЯраВита,прочее,C,АО «Яра»,,20.09.2023,бессрочно,Действует,3,ЯраВита Грамитрел | ЯраВита Мантрак Про | ЯраВита Цинтрак 700
186-21-4142-1,ЯраВита Бортрак 150,прочее,C,АО «Яра»,,05.07.2023,04.07.2033,Действует,0,
186-11-4219-1,ЯраВита Брасситрел Про,прочее,C,АО «Яра»,,18.10.2023,бессрочно,Действует,0,
186-10-4151-1,ЯраВита Гидромаг 500,прочее,C,АО «Яра»,,07.07.2023,бессрочно,Действует,0,
186-21-4146-1,ЯраВита Молитрак 250,прочее,C,АО «Яра»,,05.07.2023,04.07.2033,Действует,0,
186-20-4153-1,ЯраВита Оптимарис,прочее,C,АО «Яра»,,12.07.2023,11.07.2033,Действует,0,
186-13-4173-1,ЯраВита Оптинуе,прочее,C,АО «Яра»,,10.08.2023,09.08.2033,Действует,0,
186-21-3417-1,ЯраВита Рексолин,прочее,C,АО «Яра»,,05.10.2016,04.10.2026,Действует,2,Рексолин АБС | Рексолин АПН
186-13-4184-1,ЯраВита Сидлифт,прочее,C,АО «Яра»,,16.08.2023,15.08.2033,Действует,0,
186-10-4144-1,ЯраВита Стопит,прочее,C,АО «Яра»,,05.07.2023,бессрочно,Действует,0,
186-11-3790-1,ЯраВита Тиотрак 300,прочее,C,АО «Яра»,,14.09.2022,бессрочно,Действует,0,
186-10-4172-1,ЯраВита Универсал Био,биоудобрение,C,АО «Яра»,,10.08.2023,бессрочно,Действует,0,
186-10-3419-1,ЯраЛива,азотное,ЛС,АО «Яра»,,06.03.2017,05.03.2027,Действует,3,Кальцинит (кальциевая селитра) | Нитрабор | Тропикоут
186-11-2770-1,ЯраМила,комплексное NPK,ЛС,АО «Яра»,,06.08.2020,05.08.2030,Действует,3,NPK (Mg S) 9-12-25 | NPK (Mg S) 18-11-13 | Кропкеа NPK (Mg S) 11-11-21
345-11-9780-1,"ЯраМила NPK (Mg S) 7-20-28,Кропкеа NPK (Mg S) 8-11-23",комплексное NPK,ЛС,АО «Фертика»,1097746681317,28.01.2026,бессрочно,Действует,2,NPK (Mg S) 7-20-28 | Кропкеа NPK (Mg S) 8-11-23
186-10-2482-1,ЯраМила Комплекс,прочее,ЛС,АО «Яра»,,25.11.2019,24.11.2029,Действует,0,
186-15-3796-1,ЯраТера Кальцинит,кальциевое / известкование,ЛС,АО «Яра»,,16.09.2022,бессрочно,Действует,0,
186-10-3791-1,ЯраТера Криста СОП (сульфат калия),калийное,C,АО «Яра»,,14.09.2022,бессрочно,Действует,0,
186-21-3792-1,ЯраТера Рексолин,прочее,C,АО «Яра»,,14.09.2022,13.09.2032,Действует,2,ЯраТера Рексолин АБС | ЯраТера Рексолин АПН
222(223)-19-1840-1,изоверм,прочее,C,ФГОУ ВПО Вятская государственная сельскохозяйственная академия,,12.11.2013,11.11.2023,Не действует,0,
269-14-425-1,иолан,грунт / субстрат,ЛС,ЗАО «Литосфера»,,03.10.2014,02.10.2024,Не действует,1,"Биолан Садовый Чернозем, Биолан Обогащенная Торфосмесь"
597(598)-19-2525-1,иоудобрение Азолен,прочее,ЛС,ФЕДЕРАЛЬНОЕ ГОСУДАРСТВЕННОЕ БЮДЖЕТНОЕ НАУЧНОЕ УЧРЕЖДЕНИЕ УФИМСКИЙ ФЕДЕРАЛЬНЫЙ ИССЛЕДОВАТЕЛЬСКИЙ ЦЕНТР РОССИЙСКОЙ АКАДЕМИИ НАУК,1030204207582,17.01.2020,16.01.2030,Действует,2,Ж | СХП
434-20-1490-1,рганическое удобрение Регента,прочее,ЛС,ООО «НПО» АКВАТИКА»,1154101002461,03.05.2017,02.05.2027,Действует,5,Регента – Стар | Регента-Фито | Регента-Стронг | регента-Гидро | регента-Гроу
016-18-928-1,уми,прочее,ЛС,ООО «НВП «БашИнком»,1020202557121,25.12.2015,24.12.2025,Не действует,6,Гуми-20 | Гуми-20М | Гуми-30 | Гуми-30М | Гуми-90 | Гуми-90М
