target_slug,target,kind,crop_slug,crop,product_slug,product,klass,reg_no,reg_until,norm_raw,dose_per_10l,method,wait_days,max_treatments,hazard_bees,page
alternarioz,альтернариоз,болезнь,grusha,груша,plantenol-neo,Плантенол Нео,фунгицид,021-02-4358-1,11.01.2034,3 г/ 10 лводы,3 г,Опрыскивание в период вегетации в фазы: «зеленый конус» - конец цветения с интервалом 7-10 дней (в зависимости от возраста и объема кроны),60,2,III,662
alternarioz,альтернариоз,болезнь,grusha,груша,skoryy,Скорый,фунгицид,126-02-3456-1,27.12.2031,"3,5 мл/10 лводы","3,5 мл",Опрыскивание в период вегетации до и после цветения с интервалом не более 14 дней,20,3,III,398
alternarioz,альтернариоз,болезнь,grusha,груша,horton,Хортон,фунгицид,008-02-3302-1,16.09.2031,6 мл/10 лводы,6 мл,Опрыскивание в период вегетации в фазы: «зеленый конус» - конец цветения с интервалом 7-10 дней,28,2,III,663
alternarioz,альтернариоз,болезнь,grusha,груша,horton,Хортон,фунгицид,008-02-3302-1,16.09.2031,2 г/10 л воды,2 г,Опрыскивание в период вегетации в фазы: «зеленый конус» - конец цветения с интервалом 7-10 дней,28,2,III,664
alternarioz,альтернариоз,болезнь,grusha,груша,horus,Хорус,фунгицид,041-02-4412-0,14.02.2027,2 г/10 лводы,2 г,Опрыскивание в период вегетации в фазы: «зеленый конус» - конец цветения с интервалом 7-10 дней.,28,2,III,665
alternarioz,альтернариоз,болезнь,grusha,груша,shrilank,Шриланк,фунгицид,021-02-4134-1,20.06.2033,"6,0 - мл/10 лводы",,Опрыскивание в период вегетации до и после цветения с интервалом не более 10-14 дней (в зависимости от возраста и объема кроны),21,3,III,461
alternarioz,альтернариоз,болезнь,kapusta,капуста,bisolbisan,БисолбиСан,фунгицид,174-02-4328-1,20.12.2033,20 мл/4 лводы,50 мл,"Опрыскивание по вегетации: первое через 10-14 дней после высадки рассады на постоянное место, последующее – через 2-3 недели",,2,III,310
alternarioz,альтернариоз,болезнь,kapusta,капуста,ralli,Ралли,фунгицид,021-02-9607-0,30.09.2028,10-15 мл/3 лводы,"33,3–50 мл","Опрыскивание в период вегетации: первое - при появлении первых признаков болезни, последующие при необходимости с интервалом 7-12 дней.",21,3,III,388
alternarioz,альтернариоз,болезнь,kapusta,капуста,stakkato,Стаккато,фунгицид,018-02-10081-1,17.08.2036,50 мл/2-4 лводы,,"Опрыскивание в период вегетации, последнее – за 10 дней до уборки урожая.",,4,III,297
alternarioz,альтернариоз,болезнь,kapusta,капуста,stakkato,Стаккато,фунгицид,018-02-10081-1,17.08.2036,30 мл/30 мл воды,,Обработка при закладке на хранение.,,1,III,297
alternarioz,альтернариоз,болезнь,kapusta,капуста,trihodermaveride-471,ТриходермаВериде 471,фунгицид,008-02-1364-1,01.02.2027,30 г/5-10 лводы,,Опрыскивание после высадки на постоянное место при появлении первых признаков одного из заболеваний.,,1,III,354
alternarioz,альтернариоз,болезнь,kapusta,капуста,trihodermaveride-471,ТриходермаВериде 471,фунгицид,008-02-1364-1,01.02.2027,30 г/5-10 лводы,,Опрыскивание после высадки на постоянное место при появлении первых признаков одного из заболеваний,,1,III,355
alternarioz,альтернариоз,болезнь,kapusta,капуста,shrilank,Шриланк,фунгицид,021-02-4134-1,20.06.2033,"5,0-7,0 мл/3 лводы","16,7–23,3 мл","Опрыскивание в период вегетации: первое – профилактическое или при появлении первых признаков болезни, последующее через 10-14 дней",20,3,III,462
alternarioz,альтернариоз,болезнь,kartofel,картофель,abiga-pik,Абига-Пик,фунгицид,407-02-1316-1,25.12.2026,50 г/10 лводы,50 г,Опрыскивание в период вегетации,20,5,III,654
alternarioz,альтернариоз,болезнь,kartofel,картофель,albit,Альбит,фунгицид,081-02-2950-1,22.12.2030,1 мл/10 лводы,1 мл,"Опрыскивание в период вегетации в фазах смыкание рядков – бутонизация, последующее – через 10-15 дней",,2,III,436
alternarioz,альтернариоз,болезнь,kartofel,картофель,bakterra,Бактерра,фунгицид,008-02-2339-1,25.07.2029,20-30 г/10 лводы,20–30 г,Обработка клубней перед посадкой,,1,III,304
alternarioz,альтернариоз,болезнь,kartofel,картофель,bakterra,Бактерра,фунгицид,008-02-2339-1,25.07.2029,20-30 г/10 лводы,20–30 г,Обработка клубней перед посадкой,,1,III,304
alternarioz,альтернариоз,болезнь,kartofel,картофель,bisolbisan,БисолбиСан,фунгицид,174-02-4328-1,20.12.2033,20 мл/4 лводы,50 мл,"Опрыскивание в период вегетации: первое профилактическое, последующее через 10-15 дней",,2,III,310
alternarioz,альтернариоз,болезнь,kartofel,картофель,bordoskaya-smes-f,Бордоская смесь-Ф,фунгицид,149-02-4542-1,02.05.2034,100 г сульфатамеди +100 г кальция гидроксида/1 0 л воды,,Опрыскивание в период вегетации 1% рабочим раствором (последняя обработка не позднее фазы цветения),25,4,III,465
alternarioz,альтернариоз,болезнь,kartofel,картофель,diskor,Дискор,фунгицид,002-02-3369-1,15.11.2031,4 мл/10 лводы,4 мл,"Опрыскивание в период вегетации: первое – профилактическое, последующее – через 10-15 дней",10,2,III,396
alternarioz,альтернариоз,болезнь,kartofel,картофель,indigo,Индиго,фунгицид,018-02-2300-1,30.06.2029,50 мл/4 лводы,125 мл,"Опрыскивание в период вегетации: первое профилактическое, последующие с интервалом 7-10 дней",20,3,III,470
alternarioz,альтернариоз,болезнь,kartofel,картофель,konsento-top,Консенто Топ,фунгицид,561-02-4379-1,23.01.2034,20 мл/5 лводы,40 мл,"Опрыскивание в период вегетации: первое - при появлении первых признаков болезней, последующие - с интервалом 7-10 дней",21,4,III,501
alternarioz,альтернариоз,болезнь,kartofel,картофель,ordan,Ордан,фунгицид,021-02-2610-1,18.03.2030,25 г/5 л воды,50 г,"Опрыскивание в период вегетации: первое – профилактическое до смыкания ботвы в рядках или не позднее двух суток после инфицирования растений, последующие с интервалом 7-14 дней",20,3,III,473
alternarioz,альтернариоз,болезнь,kartofel,картофель,ralli,Ралли,фунгицид,021-02-9607-0,30.09.2028,3-5 мл/ 3 лводы,"10–16,7 мл","Опрыскивание в период вегетации: первое – при появлении первых признаков болезни, последующее при необходимости через 7-12 дней.",14,2,III,388
alternarioz,альтернариоз,болезнь,kartofel,картофель,raek,Раёк,фунгицид,021-02-2611-1,18.03.2030,4 мл/5 лводы,8 мл,"Опрыскивание в период вегетации: первое – профилактическое, последующее – через 10-15 дней",28,2,III,397
alternarioz,альтернариоз,болезнь,kartofel,картофель,sanitar,Санитар,фунгицид,126-02-3620-1,12.04.2032,6 г/10 л воды,6 г,"Опрыскивание в период вегетации: первое – профилактическое, последующие с интервалом 8-12 дней",15,4,III,661
alternarioz,альтернариоз,болезнь,kartofel,картофель,sinkler,Синклер,фунгицид,021-02-2593-1,23.05.2024,20 мл/ 1 лводы,200 мл,Обработка клубней семенного картофеля перед закладкой на хранение с последующим подсушиванием,,1,-,631
alternarioz,альтернариоз,болезнь,kartofel,картофель,stakkato,Стаккато,фунгицид,018-02-10081-1,17.08.2036,30 мл/1-3 лводы,,Обработка дна борозды.,,1,III,296
alternarioz,альтернариоз,болезнь,kartofel,картофель,stakkato,Стаккато,фунгицид,018-02-10081-1,17.08.2036,50 мл/2-4 лводы,,Опрыскивание в период вегетации с интервалом 10-14 дней.,,4,III,296
alternarioz,альтернариоз,болезнь,kartofel,картофель,stakkato,Стаккато,фунгицид,018-02-10081-1,17.08.2036,30 мл/30 мл воды,,Обработка при закладке на хранение.,,1,III,297
alternarioz,альтернариоз,болезнь,kartofel,картофель,tanos-ka,Танос КА,фунгицид,866-02-4725-0,25.11.2027,6 г/10 л воды,6 г,"Опрыскивание в период вегетации в фазы: начало смыкания рядков, бутонизация, конец цветения, рост ягод и клубней.",15,4,III,620
alternarioz,альтернариоз,болезнь,kartofel,картофель,famoks,Фамокс,фунгицид,097-02-2528-1,30.01.2030,6 г/10 л воды,6 г,Опрыскивание в период вегетации,15,4,III,618
alternarioz,альтернариоз,болезнь,kartofel,картофель,fitobakterin,Фитобактерин+,фунгицид,033-02-3523-1,13.03.2032,20 г/20 л,10 г,Опрыскивание в период вегетации с интервалом 5-10 дней,5,2,III,307
alternarioz,альтернариоз,болезнь,kartofel,картофель,fitosporin-as,Фитоспорин-АС,фунгицид,585-02-3649-1,21.04.2032,40 мл/10 лводы,40 мл,Опрыскивание в период вегетации: первое – профилактическое в фазах смыкание рядков -бутонизация; повторно – с интервалом 10-15 дней,,3,III,335
alternarioz,альтернариоз,болезнь,kartofel,картофель,fitosporin-m,Фитоспорин-М,фунгицид,016-02-2491-1,04.11.2029,40-50 мл/5 лводы,80–100 мл,"Опрыскивание в период вегетации: первое -профилактическое в фазы смыкание рядков – бутонизация, последующее -с интервалом 10-15 дней",,2,III,314
alternarioz,альтернариоз,болезнь,kartofel,картофель,fitosporin-m,Фитоспорин-М,фунгицид,016-02-2489-1,04.12.2029,2 г/5 л воды,4 г,"Опрыскивание в период вегетации: профилактическое в фазах смыкание рядков – бутонизация, повторно – с интервалом 10-15 дней",,2,III,318
alternarioz,альтернариоз,болезнь,kartofel,картофель,hom,Хом,фунгицид,046-02-5033-1,29.03.2028,40 г/10 лводы,40 г,"Опрыскивание растений в период вегетации 0,4 %-м рабочим раствором с интервалом 7-10 дней.",28,5,III,472
alternarioz,альтернариоз,болезнь,kartofel,картофель,tselitel,Целитель,фунгицид,175-02-1534-1,27.07.2027,6 г/10 л воды,6 г,"Опрыскивание в период вегетации в фазы: начало смыкания рядков, второе – бутонизация, третье – в конце цветения, четвертое – рост ягод и клубней.",15,4,III,661
alternarioz,альтернариоз,болезнь,luk,лук,kleymor,Клеймор,фунгицид,021-02-3060-1,26.12.2025,10-12 мл/ 3лводы,"33,3–40 мл","Опрыскивание в период вегетации: первое опрыскивание -профилактическое, последующие - с интервалом 7-10 дней",7,3,III,628
alternarioz,альтернариоз,болезнь,luk,лук,ralli,Ралли,фунгицид,021-02-9607-0,30.09.2028,13-20 мл/3 лводы,"43,3–66,7 мл","Опрыскивание в период вегетации: первое-профилактическое, последующее через 7-12 дней.",14,2,III,388
alternarioz,альтернариоз,болезнь,luk,лук,stakkato,Стаккато,фунгицид,018-02-10081-1,17.08.2036,50 мл/2-4 лводы,,Опрыскивание в период вегетации с интервалом 10-14 дней.,,4,III,297
alternarioz,альтернариоз,болезнь,morkov,морковь,ralli,Ралли,фунгицид,021-02-9607-0,30.09.2028,10-12 мл/3 лводы,"33,3–40 мл","Опрыскивание в период вегетации: первое – при появлении первых признаков болезни, последующее при необходимости через 7-12 дней.",21,2,III,388
alternarioz,альтернариоз,болезнь,morkov,морковь,stakkato,Стаккато,фунгицид,018-02-10081-1,17.08.2036,30 мл/30 мл воды,,Обработка при закладке на хранение.,,1,III,297
alternarioz,альтернариоз,болезнь,morkov,морковь,shrilank,Шриланк,фунгицид,021-02-4134-1,20.06.2033,"5,0-7,0 мл/3 лводы","16,7–23,3 мл","Опрыскивание в период вегетации: первое – профилактическое или при появлении первых признаков болезни, последующее через 10-14 дней",12,2,III,462
alternarioz,альтернариоз,болезнь,tomat,томат,abiga-pik,Абига-Пик,фунгицид,407-02-1316-1,25.12.2026,50 г/10 лводы,50 г,Опрыскивание в период вегетации,20,4,III,654
alternarioz,альтернариоз,болезнь,tomat,томат,alirin-b,Алирин-Б,фунгицид,139-02-2348-1,14.08.2029,1-2 таб./10 л,1–2 таб,"Полив грунта за 1-3 суток до посева семян, перед высадкой рассады, затем через 7-10 дней",,3,III,326
alternarioz,альтернариоз,болезнь,tomat,томат,alirin-b,Алирин-Б,фунгицид,139-02-2348-1,14.08.2029,5-10 таб./10 л,5–10 таб,"Опрыскивание растений в фазы начала бутонизации, начала цветения, плодообразование с интервалом 10-14 дней",,3,III,326
alternarioz,альтернариоз,болезнь,tomat,томат,gamair,Гамаир,фунгицид,139-02-2349-1,14.08.2029,1-2 таб./10 л,1–2 таб,Полив грунта за 1-3 суток до посева семян,,1,III,331
alternarioz,альтернариоз,болезнь,tomat,томат,gamair,Гамаир,фунгицид,139-02-2349-1,14.08.2029,5-10 таб./10 л,5–10 таб,"Опрыскивание растений в период вегетации при появлении первых симптомов одного из заболеваний, затем с интервалом 10-14 дней",,3,III,331
alternarioz,альтернариоз,болезнь,tomat,томат,indigo,Индиго,фунгицид,018-02-2300-1,30.06.2029,50 мл/4 лводы,125 мл,"Опрыскивание в период вегетации: первое профилактическое, последующие с интервалом 7-10 дней",21,3,III,470
alternarioz,альтернариоз,болезнь,tomat,томат,konsento-top,Консенто Топ,фунгицид,561-02-4379-1,23.01.2034,20 мл/5 лводы,40 мл,"Опрыскивание в период вегетации: первое -профилактическое, последующие - с интервалом 7-10 дней",21,4,III,502
alternarioz,альтернариоз,болезнь,tomat,томат,ordan,Ордан,фунгицид,021-02-2610-1,18.03.2030,25 г/5 л воды,50 г,"Опрыскивание в период вегетации: первое – профилактическое в стадии 4-6 настоящих листьев или не позднее двух суток после инфицирования растений, последующие с интервалом 7-10 дней",5,3,III,474
alternarioz,альтернариоз,болезнь,tomat,томат,ordan,Ордан,фунгицид,021-02-2610-1,18.03.2030,25 г/8 л воды,"31,2 г","Опрыскивание в период вегетации: первое – профилактическое в стадии 4-6 настоящих листьев или не позднее двух суток после инфицирования растений, последующие с интервалом 7-10 дней",3,3,III,474
alternarioz,альтернариоз,болезнь,tomat,томат,ralli,Ралли,фунгицид,021-02-9607-0,30.09.2028,15-20 мл/3 лводы,"50–66,7 мл","Опрыскивание в период вегетации: первое – при появлении первых признаков болезни, последующее при необходимости через 7-12 дней.",21,2,III,389
alternarioz,альтернариоз,болезнь,tomat,томат,raek,Раёк,фунгицид,021-02-2611-1,18.03.2030,4 мл/5 лводы,8 мл,"Опрыскивание в период вегетации: первое – профилактическое, последующее – через 10-15 дней",28,2,III,397
alternarioz,альтернариоз,болезнь,tomat,томат,sanitar,Санитар,фунгицид,126-02-3620-1,12.04.2032,6 г/10 л воды,6 г,"Опрыскивание в период вегетации: первое – профилактическое, последующие с интервалом 8-12 дней",14,4,III,661
alternarioz,альтернариоз,болезнь,tomat,томат,stakkato,Стаккато,фунгицид,018-02-10081-1,17.08.2036,50 мл/2-4 лводы,,Опрыскивание в период вегетации с интервалом 10-14 дней.,,4,III,296
alternarioz,альтернариоз,болезнь,tomat,томат,tanos-ka,Танос КА,фунгицид,866-02-4725-0,25.11.2027,6 г/10 л воды,6 г,"Опрыскивание в период вегетации: первое – профилактическое, последующие – с интервалом 8-12 дней.",14,4,III,620
alternarioz,альтернариоз,болезнь,tomat,томат,trihodermaveride-471,ТриходермаВериде 471,фунгицид,008-02-1364-1,01.02.2027,30 г/10 лводы,30 г,Опрыскивание в период бутонизация - плодоношение,,1,III,354
alternarioz,альтернариоз,болезнь,tomat,томат,trihodermaveride-471,ТриходермаВериде 471,фунгицид,008-02-1364-1,01.02.2027,30 г/10 лводы,30 г,Опрыскивание в период бутонизация – плодоношение,,1,III,355
alternarioz,альтернариоз,болезнь,tomat,томат,famoks,Фамокс,фунгицид,097-02-2528-1,30.01.2030,6 г/10 л воды,6 г,"Опрыскивание в период вегетации: первое – профилактическое, последующие – с интервалом 8-12 дней",14,4,III,618
alternarioz,альтернариоз,болезнь,tomat,томат,fitosporin-as,Фитоспорин-АС,фунгицид,585-02-3649-1,21.04.2032,30 мл/10 лводы,30 мл,"Опрыскивание в период вегетации: первое -профилактическое, последующие - с интервалом 10-15 дней",,4,III,336
alternarioz,альтернариоз,болезнь,tomat,томат,fitosporin-m,Фитоспорин-М,фунгицид,016-02-2491-1,04.11.2029,10 мл/5 лводы,20 мл,"Опрыскивание растений в период вегетации: первое профилактическое, последующее – с интервалом 10-15 дней",,2,III,314
alternarioz,альтернариоз,болезнь,tomat,томат,fitosporin-m,Фитоспорин-М,фунгицид,016-02-2491-1,04.11.2029,10 мл/10-15 лводы,,"Опрыскивание растений в период вегетации: первое -профилактическое, последующие – с интервалом 10-15 дней",,2,III,315
alternarioz,альтернариоз,болезнь,tomat,томат,fitosporin-m,Фитоспорин-М,фунгицид,016-02-2490-1,04.12.2029,5 г/5 л воды,10 г,"Опрыскивание в период вегетации: первое – профилактическое, последующее – с интервалом 10-15 дней",,2,III,317
alternarioz,альтернариоз,болезнь,tomat,томат,fitosporin-m,Фитоспорин-М,фунгицид,016-02-2490-1,04.12.2029,5 г/10-15 лводы,,"Опрыскивание в период вегетации: первое – профилактическое, последующее – с интервалом 10-15 дней",,2,III,317
alternarioz,альтернариоз,болезнь,tomat,томат,fitosporin-m,Фитоспорин-М,фунгицид,016-02-2489-1,04.12.2029,2 г/10-15 лводы,,"Опрыскивание в период вегетации: первое профилактическое, последующие – с интервалом 10-15 дней",,2,III,319
alternarioz,альтернариоз,болезнь,tomat,томат,hom,Хом,фунгицид,046-02-5033-1,29.03.2028,40 г/10 лводы,40 г,"Опрыскивание растений в период вегетации 0,4 %-м рабочим раствором с интервалом 7-10 дней.",5,4,III,472
alternarioz,альтернариоз,болезнь,tomat,томат,tselitel,Целитель,фунгицид,175-02-1534-1,27.07.2027,6 г/10 л воды,6 г,"Опрыскивание: в период вегетации: первое – профилактическое, последующие – с интервалом 8-12 дней",14,4,III,661
alternarioz,альтернариоз,болезнь,tomat,томат,shrilank,Шриланк,фунгицид,021-02-4134-1,20.06.2033,"5,0-7,0 мл/3 лводы","16,7–23,3 мл","Опрыскивание в период вегетации: первое – профилактическое или при появлении первых признаков болезни, последующее через 10-14 дней",21,2,III,462
alternarioz,альтернариоз,болезнь,tsvety,цветы (общее),sinkler,Синклер,фунгицид,021-02-2593-1,23.05.2024,1 мл/1 л воды,10 мл,"Обработка посадочного материала путём погружения в 0,1 % рабочий раствор с экспозицией 30 минут и последующим просушиванием",,1,-,631
alternarioz,альтернариоз,болезнь,chesnok,чеснок,stakkato,Стаккато,фунгицид,018-02-10081-1,17.08.2036,50 мл/2-4 лводы,,Опрыскивание в период вегетации с интервалом 10-14 дней.,,4,III,297
alternarioz,альтернариоз,болезнь,yablonya,яблоня,diskor,Дискор,фунгицид,002-02-3369-1,15.11.2031,"3-3,5 мл/10лводы","3–3,5 мл",Опрыскивание в период вегетации до и после цветения в фазы: «розовый бутон» и опадение лепестков с интервалом между обработками не более 15 дней,28,2,III,396
alternarioz,альтернариоз,болезнь,yablonya,яблоня,diskor,Дискор,фунгицид,002-02-3369-1,15.11.2031,"3-3,5 мл/10лводы","3–3,5 мл",Опрыскивание в период вегетации до и после цветения в фазы: «розовый бутон» и опадение лепестков с интервалом между обработками не более 15 дней (в зависимости от возраста и сорта),28,2,III,396
alternarioz,альтернариоз,болезнь,yablonya,яблоня,plantenol-neo,Плантенол Нео,фунгицид,021-02-4358-1,11.01.2034,3 г/ 10 лводы,3 г,Опрыскивание в период вегетации в фазы: «зеленый конус» - конец цветения с интервалом 7-10 дней (в зависимости от возраста и объема кроны),60,2,III,662
alternarioz,альтернариоз,болезнь,yablonya,яблоня,rangoli-kursor,Ранголи-Курсор,фунгицид,134-02-1406-1,09.03.2027,"3-3,5 мл/10 лводы","3–3,5 мл",Опрыскивание в период вегетации до и после цветения с интервалом не более 14 дней,28,2,III,400
alternarioz,альтернариоз,болезнь,yablonya,яблоня,skor,Скор,фунгицид,041-02-4371-0,22.01.2027,"3-3,5 мл/10 лводы","3–3,5 мл",Опрыскивание в период вегетации до и после цветения с интервалом не более 14 дней,20,2,III,394
alternarioz,альтернариоз,болезнь,yablonya,яблоня,skoryy,Скорый,фунгицид,126-02-3456-1,27.12.2031,"3,5 мл/10 лводы","3,5 мл",Опрыскивание в период вегетации до и после цветения с интервалом не более 14 дней,20,3,III,398
alternarioz,альтернариоз,болезнь,yablonya,яблоня,horton,Хортон,фунгицид,008-02-3302-1,16.09.2031,6 мл/10 лводы,6 мл,Опрыскивание в период вегетации в фазы: «зеленый конус» - конец цветения с интервалом 7-10 дней,28,2,III,663
alternarioz,альтернариоз,болезнь,yablonya,яблоня,horton,Хортон,фунгицид,008-02-3302-1,16.09.2031,2 г/10 л воды,2 г,Опрыскивание в период вегетации в фазы: «зеленый конус» - конец цветения с интервалом 7-10 дней,28,2,III,664
alternarioz,альтернариоз,болезнь,yablonya,яблоня,horus,Хорус,фунгицид,041-02-4412-0,14.02.2027,2 г/10 лводы,2 г,Опрыскивание в период вегетации в фазы: «зеленый конус» - конец цветения с интервалом 7-10 дней.,28,2,III,665
alternarioz,альтернариоз,болезнь,yablonya,яблоня,shrilank,Шриланк,фунгицид,021-02-4134-1,20.06.2033,"6,0 - мл/10 лводы",,Опрыскивание в период вегетации до и после цветения с интервалом не более 10-14 дней (в зависимости от возраста и объема кроны),21,3,III,461
ambroziya,амброзия,сорняк,gazon,газон,gerbimaks,Гербимакс,гербицид,008-03-4377-0,23.01.2027,6 мл/5 лводы,12 мл,Опрыскивание газонов по вегетирующим сорным растениям после первого укоса,,1,III,957
ambroziya,амброзия,сорняк,gazon,газон,haker-300,Хакер 300,гербицид,021-03-3602-1,06.04.2032,"1,6-3,3 мл/ 3 л воды","5,3–11 мл",Опрыскивание газонов по вегетирующим сорным растениям после первого укоса. Запрещается пребывание людей на обработанных газонах в течение 3 дней,,1,III,966
ambroziya,амброзия,сорняк,kormovye-travy,кормовые травы,gerbimaks,Гербимакс,гербицид,008-03-4377-0,23.01.2027,6 мл/5 лводы,12 мл,Опрыскивание газонов по вегетирующим сорным растениям после первого укоса,,1,III,957
antraknoz,антракноз,болезнь,vinograd,виноград,abiga-pik,Абига-Пик,фунгицид,407-02-1316-1,25.12.2026,40 г/10 лводы,40 г,Опрыскивание в период вегетации- 10л/100 м2,30,6,III,654
antraknoz,антракноз,болезнь,vinograd,виноград,hom,Хом,фунгицид,046-02-5033-1,29.03.2028,40 г/10 лводы,40 г,"Опрыскивание растений в период вегетации 0,4 %-м рабочим раствором с интервалом 7-10 дней.",43,6,III,472
antraknoz,антракноз,болезнь,kartofel,картофель,stakkato,Стаккато,фунгицид,018-02-10081-1,17.08.2036,30 мл/1-3 лводы,,Обработка дна борозды.,,1,III,296
antraknoz,антракноз,болезнь,kartofel,картофель,stakkato,Стаккато,фунгицид,018-02-10081-1,17.08.2036,50 мл/2-4 лводы,,Опрыскивание в период вегетации с интервалом 10-14 дней.,,4,III,296
antraknoz,антракноз,болезнь,kartofel,картофель,stakkato,Стаккато,фунгицид,018-02-10081-1,17.08.2036,30 мл/30 мл воды,,Обработка при закладке на хранение.,,1,III,297
antraknoz,антракноз,болезнь,komnatnye-rasteniya,комнатные растения (общее),gamair,Гамаир,фунгицид,139-02-2349-1,14.08.2029,2 таб./1 л,20 таб,Опрыскивание в период вегетации с интервалом 14 дней,,3,III,332
antraknoz,антракноз,болезнь,kryzhovnik,крыжовник,bordoskaya-zhidkost,Бордоская жидкость,фунгицид,021-02-3994-1,01.03.2033,250 мл/10 лводы,250 мл,Ранневесеннее опрыскивание в фазе «зеленого конуса» (в зависимости от возраста и типа формирования куста),60,1,II,468
antraknoz,антракноз,болезнь,kryzhovnik,крыжовник,bordoskaya-zhidkost,Бордоская жидкость,фунгицид,021-02-3994-1,01.03.2033,100 мл/10 лводы,100 мл,Опрыскивание по вегетации: первое - после цветения; последующие –с интервалом 7 дней (в зависимости от возраста и типа формирования куста),20,3,II,468
antraknoz,антракноз,болезнь,kryzhovnik,крыжовник,profi,Профи,фунгицид,097(002)-02-2635-1,30.03.2030,7-10 мл/10 лводы,7–10 мл,Опрыскивание в период вегетации до цветения и после уборки урожая,20,2,III,504
antraknoz,антракноз,болезнь,kryzhovnik,крыжовник,silar,Силар,фунгицид,008-02-3711-1,07.06.2032,20 мл/л воды,200 мл,Опрыскивание в период вегетации с интервалом 15 – 20 дней,12,3,III,498
antraknoz,антракноз,болезнь,malina,малина,profi,Профи,фунгицид,097(002)-02-2635-1,30.03.2030,7-10 мл/10 лводы,7–10 мл,Опрыскивание в период вегетации до цветения и после уборки урожая,20,2,III,504
antraknoz,антракноз,болезнь,ogurets,огурец,abiga-pik,Абига-Пик,фунгицид,407-02-1316-1,25.12.2026,50 г/10 лводы,50 г,Опрыскивание в период вегетации,20,3,III,654
antraknoz,антракноз,болезнь,smorodina,смородина,bordoskaya-zhidkost,Бордоская жидкость,фунгицид,021-02-3994-1,01.03.2033,250 мл/10 лводы,250 мл,Ранневесеннее опрыскивание в фазе «зеленого конуса» (в зависимости от возраста и типа формирования куста),60,1,II,468
antraknoz,антракноз,болезнь,smorodina,смородина,bordoskaya-zhidkost,Бордоская жидкость,фунгицид,021-02-3994-1,01.03.2033,100 мл/10 лводы,100 мл,Опрыскивание по вегетации: первое - после цветения; последующие –с интервалом 7 дней (в зависимости от возраста и типа формирования куста),28,3,II,468
antraknoz,антракноз,болезнь,smorodina,смородина,bordoskaya-smes-f,Бордоская смесь-Ф,фунгицид,149-02-4542-1,02.05.2034,100 г сульфатамеди +100 г кальция гидроксида/1 0 л воды,,"Опрыскивание в период вегетации 1% рабочим раствором (1-я и 2-я обработки до цветения, 3-я обработка после сбора урожая)",,3,III,465
antraknoz,антракноз,болезнь,smorodina,смородина,prognoz,Прогноз,фунгицид,046-02-5040-1,31.10.2032,10 мл/10 лводы,10 мл,Опрыскивание в период вегетации до цветения и после уборки урожая,27,2,III,510
antraknoz,антракноз,болезнь,smorodina,смородина,profi,Профи,фунгицид,097(002)-02-2635-1,30.03.2030,7-10 мл/10 лводы,7–10 мл,Опрыскивание в период вегетации до цветения и после уборки урожая,20,2,III,504
antraknoz,антракноз,болезнь,smorodina,смородина,silar,Силар,фунгицид,008-02-3711-1,07.06.2032,20 мл/л воды,200 мл,Опрыскивание в период вегетации с интервалом 15 – 20 дней,12,3,III,498
antraknoz,антракноз,болезнь,tsvety,цветы (общее),gamair,Гамаир,фунгицид,139-02-2349-1,14.08.2029,2 таб./1 л,20 таб,Опрыскивание в период вегетации с интервалом 14 дней,,3,III,332
askohitoz,аскохитоз,болезнь,goroh-fasol,горох / фасоль,fitosporin-as,Фитоспорин-АС,фунгицид,585-02-3649-1,21.04.2032,3 мл/кг семян,,Предпосевная обработка семян за 1-5 суток с последующей обработкой по вегетации,,1,III,336
askohitoz,аскохитоз,болезнь,ogurets,огурец,tetris,Тетрис,фунгицид,101(008)-02-3940-1,09.01.2033,3 г/10 л воды,3 г,Предпосевное замачивание семян в течение 1-2 часов с последующим просушиванием в тени,,1,III,358
askohitoz,аскохитоз,болезнь,ogurets,огурец,tetris,Тетрис,фунгицид,101(008)-02-3940-1,09.01.2033,25 г/10 лводы,25 г,"Полив растений под корень в фазе 2-4-х настоящих листьев, повторный полив-через 2 недели",,2,III,358
askohitoz,аскохитоз,болезнь,ogurets,огурец,trihodermaveride-471,ТриходермаВериде 471,фунгицид,008-02-1364-1,01.02.2027,3 г/10 л воды,3 г,Предпосевное замачивание семян в течение 1 - 2 часов с последующим просушиванием в тени,,1,III,354
askohitoz,аскохитоз,болезнь,ogurets,огурец,trihodermaveride-471,ТриходермаВериде 471,фунгицид,008-02-1364-1,01.02.2027,25-50 г/10 лводы,25–50 г,"Полив в лунку при посадке, последующий - под корень растения через 2-3 недели",,2,III,354
askohitoz,аскохитоз,болезнь,ogurets,огурец,trihodermaveride-471,ТриходермаВериде 471,фунгицид,008-02-1364-1,01.02.2027,15 г/10 лводы,15 г,Опрыскивание в период начало цветения -плодоношение,,1,III,354
askohitoz,аскохитоз,болезнь,ogurets,огурец,trihodermaveride-471,ТриходермаВериде 471,фунгицид,008-02-1364-1,01.02.2027,3 г/10 л воды,3 г,Предпосевное замачивание семян в течение 1 – 2 часов с последующим просушиванием в тени,,1,III,355
askohitoz,аскохитоз,болезнь,ogurets,огурец,trihodermaveride-471,ТриходермаВериде 471,фунгицид,008-02-1364-1,01.02.2027,25-50 г/10 лводы,25–50 г,"Полив в лунку при посадке, последующий – под корень растения через 2-3 недели",,2,III,356
askohitoz,аскохитоз,болезнь,ogurets,огурец,trihodermaveride-471,ТриходермаВериде 471,фунгицид,008-02-1364-1,01.02.2027,15 г/10 лводы,15 г,Опрыскивание в период начало цветения – плодоношение,,1,III,356
bakterioz,бактериоз,болезнь,kapusta,капуста,albit,Альбит,фунгицид,081-02-2950-1,22.12.2030,1 мл/1 лводы,10 мл,Предпосевное замачивание семян в течение 3 часов,,1,III,436
bakterioz,бактериоз,болезнь,kapusta,капуста,albit,Альбит,фунгицид,081-02-2950-1,22.12.2030,1 мл/1 лводы,10 мл,Предпосевное замачивание семян в течение 3 часов,,1,III,436
bakterioz,бактериоз,болезнь,kapusta,капуста,albit,Альбит,фунгицид,081-02-2950-1,22.12.2030,1 мл/10 лводы,1 мл,"Опрыскивание в фазе 3-5 настоящих листьев, последующие с интервалом 15 дней",,2,III,436
bakterioz,бактериоз,болезнь,kapusta,капуста,bisolbisan,БисолбиСан,фунгицид,174-02-4328-1,20.12.2033,2 мл/л воды,20 мл,Предпосевное замачивание семян в течение 1-2 часов с последующим просушиванием в тени,,1,III,310
bakterioz,бактериоз,болезнь,kapusta,капуста,bisolbisan,БисолбиСан,фунгицид,174-02-4328-1,20.12.2033,20-30 мл/10-15 лводы,,"Полив рассады под корень 0,2% рабочим раствором перед высадкой в грунт",,1,III,310
bakterioz,бактериоз,болезнь,kapusta,капуста,bisolbisan,БисолбиСан,фунгицид,174-02-4328-1,20.12.2033,20 мл/4 лводы,50 мл,"Опрыскивание по вегетации: первое через 10-14 дней после высадки рассады на постоянное место, последующее – через 2-3 недели",,2,III,310
bakterioz,бактериоз,болезнь,kapusta,капуста,gamair,Гамаир,фунгицид,139-02-2349-1,14.08.2029,5-10 таб./10 л,5–10 таб,"Опрыскивание растений в фазу 4-5 настоящих листьев, затем с интервалом 15- 20 дней",,3,III,332
bakterioz,бактериоз,болезнь,kapusta,капуста,stakkato,Стаккато,фунгицид,018-02-10081-1,17.08.2036,50 мл/2-4 лводы,,"Опрыскивание в период вегетации, последнее – за 10 дней до уборки урожая.",,4,III,297
bakterioz,бактериоз,болезнь,kapusta,капуста,stakkato,Стаккато,фунгицид,018-02-10081-1,17.08.2036,30 мл/30 мл воды,,Обработка при закладке на хранение.,,1,III,297
bakterioz,бактериоз,болезнь,kapusta,капуста,tetris,Тетрис,фунгицид,101(008)-02-3940-1,09.01.2033,25 г/10 лводы,25 г,"Полив рассады в фазе 2-3-х настоящих листьев с расходом рабочей жидкости 0,3-0,5л/м², повторный полив в лунку при высадке рассады на постоянное место",,2,III,358
bakterioz,бактериоз,болезнь,kapusta,капуста,trihodermaveride-471,ТриходермаВериде 471,фунгицид,008-02-1364-1,01.02.2027,3 г/10 л воды,3 г,Предпосевное замачивание семян в течение 1-2 часов с последующим просушиванием в тени,,1,III,354
bakterioz,бактериоз,болезнь,kapusta,капуста,trihodermaveride-471,ТриходермаВериде 471,фунгицид,008-02-1364-1,01.02.2027,25-50 г/10 лводы,25–50 г,"Полив рассады под корень в фазе 2-3-х настоящих листьев, повторный полив в лунку при высадке рассады на постоянное место",,2,III,354
bakterioz,бактериоз,болезнь,kapusta,капуста,trihodermaveride-471,ТриходермаВериде 471,фунгицид,008-02-1364-1,01.02.2027,25-50 г/10 лводы,25–50 г,"Полив рассады под корень в фазе 2-3-х настоящих листьев, повторный полив в лунку при высадке рассады на постоянное место",,2,III,354
bakterioz,бактериоз,болезнь,kapusta,капуста,trihodermaveride-471,ТриходермаВериде 471,фунгицид,008-02-1364-1,01.02.2027,30 г/5-10 лводы,,Опрыскивание после высадки на постоянное место при появлении первых признаков одного из заболеваний.,,1,III,354
bakterioz,бактериоз,болезнь,kapusta,капуста,trihodermaveride-471,ТриходермаВериде 471,фунгицид,008-02-1364-1,01.02.2027,3 г/10 л воды,3 г,Предпосевное замачивание семян в течение 1-2 часов с последующим просушиванием в тени,,1,III,355
bakterioz,бактериоз,болезнь,kapusta,капуста,trihodermaveride-471,ТриходермаВериде 471,фунгицид,008-02-1364-1,01.02.2027,25-50 г/10 лводы,25–50 г,"Полив рассады под корень в фазе 2-3-х настоящих листьев, повторный полив в лунку при высадке рассады на постоянное место",,2,III,355
bakterioz,бактериоз,болезнь,kapusta,капуста,trihodermaveride-471,ТриходермаВериде 471,фунгицид,008-02-1364-1,01.02.2027,25-50 г/10 лводы,25–50 г,"Полив рассады под корень в фазе 2-3-х настоящих листьев, повторный полив в лунку при высадке рассады на постоянное место",,2,III,355
bakterioz,бактериоз,болезнь,kapusta,капуста,trihodermaveride-471,ТриходермаВериде 471,фунгицид,008-02-1364-1,01.02.2027,30 г/5-10 лводы,,Опрыскивание после высадки на постоянное место при появлении первых признаков одного из заболеваний,,1,III,355
bakterioz,бактериоз,болезнь,kapusta,капуста,fitosporin-m,Фитоспорин-М,фунгицид,016-02-2491-1,04.11.2029,3 мл/л воды,30 мл,Замачивание семян перед посевом в течение 1-2 часов с последующим просушиванием в тени,,1,III,315
bakterioz,бактериоз,болезнь,kapusta,капуста,fitosporin-m,Фитоспорин-М,фунгицид,016-02-2491-1,04.11.2029,4 мл/л воды,40 мл,Погружение корней рассады в рабочий раствор препарата на 1-2 часа перед высадкой в грунт,,1,III,315
bakterioz,бактериоз,болезнь,kapusta,капуста,fitosporin-m,Фитоспорин-М,фунгицид,016-02-2491-1,04.11.2029,10-15 мл/5 лводы,20–30 мл,Опрыскивание растений через 7-10 дней после высадки в грунт и повторно через 2-3 недели,,2,III,315
bakterioz,бактериоз,болезнь,kapusta,капуста,fitosporin-m,Фитоспорин-М,фунгицид,016-02-2490-1,04.12.2029,"1,5 г/л воды",15 г,Предпосевное замачивание семян в суспензии препарата в течение 1-2 часов с последующим просушиванием в тени,,1,III,318
bakterioz,бактериоз,болезнь,kapusta,капуста,fitosporin-m,Фитоспорин-М,фунгицид,016-02-2490-1,04.12.2029,2-3 г/л воды,20–30 г,Погружение корней рассады в суспензию препарата в течение 1-2 часов перед высадкой в грунт,,1,III,318
bakterioz,бактериоз,болезнь,kapusta,капуста,fitosporin-m,Фитоспорин-М,фунгицид,016-02-2490-1,04.12.2029,6-8 г/5 лводы,12–16 г,Опрыскивание растений через 7-10 дней после высадки в грунт и повторно через 2-3 недели,,2,III,318
bakterioz,бактериоз,болезнь,kapusta,капуста,fitosporin-m,Фитоспорин-М,фунгицид,016-02-2489-1,04.12.2029,"0,4 г/л воды",4 г,Предпосевное замачивание семян в течение 1-2 часов с последующим просушиванием в тени,,1,III,320
bakterioz,бактериоз,болезнь,kapusta,капуста,fitosporin-m,Фитоспорин-М,фунгицид,016-02-2489-1,04.12.2029,"0,6 г/ л воды",6 г,Погружение корней рассады в суспензию препарата на 1-2 часа перед высадкой в грунт,,1,III,320
bakterioz,бактериоз,болезнь,kapusta,капуста,fitosporin-m,Фитоспорин-М,фунгицид,016-02-2489-1,04.12.2029,2 г/5 л воды,4 г,Опрыскивание рассады через 7-10 дней после высадки в грунт и повторно через 2-3 недели,,2,III,320
bakterioz,бактериоз,болезнь,kartofel,картофель,sinkler,Синклер,фунгицид,021-02-2593-1,23.05.2024,20 мл/ 1 лводы,200 мл,Обработка клубней семенного картофеля перед закладкой на хранение с последующим подсушиванием,,1,-,631
bakterioz,бактериоз,болезнь,kartofel,картофель,stakkato,Стаккато,фунгицид,018-02-10081-1,17.08.2036,30 мл/30 мл воды,,Обработка при закладке на хранение.,,1,III,297
bakterioz,бактериоз,болезнь,kartofel,картофель,fitosporin-m,Фитоспорин-М,фунгицид,016-02-2491-1,04.11.2029,100 мл/лводы,,Обработка клубней перед закладкой на хранение с последующим просушиванием,,1,III,314
bakterioz,бактериоз,болезнь,luk,лук,stakkato,Стаккато,фунгицид,018-02-10081-1,17.08.2036,30 мл/30 мл воды,,Обработка при закладке на хранение.,,1,III,298
bakterioz,бактериоз,болезнь,morkov,морковь,stakkato,Стаккато,фунгицид,018-02-10081-1,17.08.2036,30 мл/30 мл воды,,Обработка при закладке на хранение.,,1,III,297
bakterioz,бактериоз,болезнь,ogurets,огурец,abiga-pik,Абига-Пик,фунгицид,407-02-1316-1,25.12.2026,50 г/10 лводы,50 г,Опрыскивание в период вегетации,20,3,III,654
bakterioz,бактериоз,болезнь,ogurets,огурец,fitolavin,Фитолавин,фунгицид,831-02-3795-1,13.09.2032,20 мл/10 лводы,20 мл,"Полив рассады под корень 0,2%-й концентрацией рабочей жидкости в фазе 2-3 настоящих листьев, последующие- после высадки растений на постоянное место с интервалом 15 дней (рассада)",,2,III,621
bakterioz,бактериоз,болезнь,ogurets,огурец,fitolavin,Фитолавин,фунгицид,831-02-3795-1,13.09.2032,20 мл/10 лводы,20 мл,"Полив рассады под корень 0,2%-й концентрацией рабочей жидкости в фазе 2-3 настоящих листьев, последующие- после высадки растений на постоянное место с интервалом 15 дней (постоянное место)",,2,III,622
bakterioz,бактериоз,болезнь,pogreba-i-podvaly,погреба и подвалы,sera-400,Сера 400,инсектицид,046-01(02)-5059-1,04.07.2032,300 г/10 м3,,"Фумигация сернистым ангидридом не позднее, чем за 5 дней до закладки продукции на хранение. Время экспозиции – 24-36 часов. По окончании фумигации – полное проветривание помещения в течение 48 часов до полного исчезновения специфического запаха сернистого ангидрида.",,1,-,240
bakterioz,бактериоз,болезнь,pogreba-i-podvaly,погреба и подвалы,sera-400,Сера 400,инсектицид,046-01(02)-5059-1,04.07.2032,300 г/10 м3,,"Фумигация сернистым ангидридом не позднее, чем за 5 дней до закладки продукции на хранение. Время экспозиции – 24-36 часов. По окончании фумигации – полное проветривание помещения в течение 48 часов до полного исчезновения специфического запаха сернистого ангидрида.",,1,-,241
bakterioz,бактериоз,болезнь,pogreba-i-podvaly,погреба и подвалы,sera-400,Сера 400,инсектицид,046-01(02)-5059-1,04.07.2032,300 г/10 м3,,"Фумигация сернистым ангидридом не позднее, чем за 5 дней до закладки продукции на хранение. Время экспозиции – 24-36 часов. По окончании фумигации – полное проветривание помещения в течение 48 часов до полного исчезновения специфического запаха сернистого ангидрида.",,1,-,554
bakterioz,бактериоз,болезнь,pogreba-i-podvaly,погреба и подвалы,fas,ФАС,инсектицид,044-02-2291-1,02.05.2029,30-60 г/м3,,Фумигация сернистым ангидридом пустых помещений. Экспозиция – 24-36 часов. Дегазация не менее 2-х суток. Допуск людей после полного проветривания в течение 48 часов после полного исчезновения специфического запаха сернистого ангидрида,,1,-,237
bakterioz,бактериоз,болезнь,svekla,свекла,stakkato,Стаккато,фунгицид,018-02-10081-1,17.08.2036,30 мл/30 мл воды,,Обработка при закладке на хранение.,,1,III,298
bakterioz,бактериоз,болезнь,sklady-i-zernohranilischa,склады и зернохранилища,sera-400,Сера 400,инсектицид,046-01(02)-5059-1,04.07.2032,300 г/20 м3,,Фумигация сернистым ангидридом перед высадкой рассады. Дегазация до 10 дней. Время экспозиции – 24-36 часов По окончании фумигации – полное проветривание помещения в течение 48 часов до полного исчезновения специфического запаха сернистого ангидрида.,,1,-,240
bakterioz,бактериоз,болезнь,sklady-i-zernohranilischa,склады и зернохранилища,sera-400,Сера 400,инсектицид,046-01(02)-5059-1,04.07.2032,300 г/10 м3,,"Фумигация сернистым ангидридом не позднее, чем за 5 дней до закладки продукции на хранение. Время экспозиции – 24-36 часов. По окончании фумигации – полное проветривание помещения в течение 48 часов до полного исчезновения специфического запаха сернистого ангидрида.",,1,-,240
bakterioz,бактериоз,болезнь,sklady-i-zernohranilischa,склады и зернохранилища,sera-400,Сера 400,инсектицид,046-01(02)-5059-1,04.07.2032,300 г/20 м3,,Фумигация сернистым ангидридом перед высадкой рассады. Дегазация до 10 дней. Время экспозиции – 24-36 часов. По окончании фумигации – полное проветривание помещения в течение 48 часов до полного исчезновения специфического запаха сернистого ангидрида.,,1,-,241
bakterioz,бактериоз,болезнь,sklady-i-zernohranilischa,склады и зернохранилища,sera-400,Сера 400,инсектицид,046-01(02)-5059-1,04.07.2032,300 г/10 м3,,"Фумигация сернистым ангидридом не позднее, чем за 5 дней до закладки продукции на хранение. Время экспозиции – 24-36 часов. По окончании фумигации – полное проветривание помещения в течение 48 часов до полного исчезновения специфического запаха сернистого ангидрида.",,1,-,241
bakterioz,бактериоз,болезнь,sklady-i-zernohranilischa,склады и зернохранилища,sera-400,Сера 400,инсектицид,046-01(02)-5059-1,04.07.2032,300 г/20 м3,,Фумигация сернистым ангидридом перед высадкой рассады. Дегазация до 10 дней. Время экспозиции – 24-36 часов. По окончании фумигации – полное проветривание помещения в течение 48 часов до полного исчезновения специфического запаха сернистого ангидрида.,,1,-,553
bakterioz,бактериоз,болезнь,sklady-i-zernohranilischa,склады и зернохранилища,sera-400,Сера 400,инсектицид,046-01(02)-5059-1,04.07.2032,300 г/10 м3,,"Фумигация сернистым ангидридом не позднее, чем за 5 дней до закладки продукции на хранение. Время экспозиции – 24-36 часов. По окончании фумигации – полное проветривание помещения в течение 48 часов до полного исчезновения специфического запаха сернистого ангидрида.",,1,-,554
bakterioz,бактериоз,болезнь,sklady-i-zernohranilischa,склады и зернохранилища,fas,ФАС,инсектицид,044-02-2291-1,02.05.2029,60 г/м3,,Фумигация сернистым ангидридом пустых помещений перед посадкой растений. Экспозиция – 24-36 часов. Дегазация – 2-10 суток. Допуск людей после полного проветривания,,1,-,237
bakterioz,бактериоз,болезнь,sklady-i-zernohranilischa,склады и зернохранилища,fas,ФАС,инсектицид,044-02-2291-1,02.05.2029,30-60 г/м3,,Фумигация сернистым ангидридом пустых помещений. Экспозиция – 24-36 часов. Дегазация не менее 2-х суток. Допуск людей после полного проветривания в течение 48 часов после полного исчезновения специфического запаха сернистого ангидрида,,1,-,237
bakterioz,бактериоз,болезнь,tomat,томат,bisolbitsid,Бисолбицид,фунгицид,174-02-1916-1,15.05.2028,2 мл/л воды,20 мл,"Опрыскивание растений в период вегетации 0,4%-м рабочим раствором с интервалом 7-10 дней.",,1,III,328
bakterioz,бактериоз,болезнь,tomat,томат,bisolbitsid,Бисолбицид,фунгицид,174-02-1916-1,15.05.2028,10 мл/10 лводы,10 мл,"Полив рассады под корень 0,1%-й рабочей жидкостью перед высадкой в грунт",,1,III,328
bakterioz,бактериоз,болезнь,tomat,томат,bisolbitsid,Бисолбицид,фунгицид,174-02-1916-1,15.05.2028,2-3 мл/4 лводы,"5–7,5 мл","Опрыскивание растений в период вегетации: первое через 10 дней после высадки рассады на постоянное место, последующие – с интервалом 10-15 дней",,3,III,328
bakterioz,бактериоз,болезнь,tomat,томат,bisolbitsid,Бисолбицид,фунгицид,174-02-1916-1,15.05.2028,2 мл/л воды,20 мл,"Опрыскивание растений в период вегетации 0,4%-м рабочим раствором с интервалом 7-10 дней",,1,III,328
bakterioz,бактериоз,болезнь,tomat,томат,bisolbitsid,Бисолбицид,фунгицид,174-02-1916-1,15.05.2028,2-3 мл/4 лводы,"5–7,5 мл","Опрыскивание растений в период вегетации: первое через 10 дней после высадки рассады на постоянное место, последующие – с интервалом 10-15 дней",,3,III,328
bakterioz,бактериоз,болезнь,tomat,томат,gamair,Гамаир,фунгицид,139-02-2349-1,14.08.2029,1-2 таб./10 л,1–2 таб,Полив грунта за 1-3 суток до посева семян,,1,III,331
bakterioz,бактериоз,болезнь,tomat,томат,gamair,Гамаир,фунгицид,139-02-2349-1,14.08.2029,5-10 таб./15 л,"3,3–6,7 таб","Опрыскивание растений в период вегетации при появлении первых симптомов одного из заболеваний, затем с интервалом 7-14 дней",,3,III,331
bakterioz,бактериоз,болезнь,tomat,томат,stakkato,Стаккато,фунгицид,018-02-10081-1,17.08.2036,50 мл/2-4 лводы,,Опрыскивание в период вегетации с интервалом 10-14 дней.,,4,III,296
bakterioz,бактериоз,болезнь,tomat,томат,fitolavin,Фитолавин,фунгицид,831-02-3795-1,13.09.2032,20 мл/10 лводы,20 мл,"Полив рассады под корень 0,2%-й концентрацией рабочей жидкости в фазе 2-3 настоящих листьев, последующие- после высадки растений на постоянное место с интервалом 15 дней",,2,III,622
bakterioz,бактериоз,болезнь,tomat,томат,fitolavin,Фитолавин,фунгицид,831-02-3795-1,13.09.2032,20 мл/10 лводы,20 мл,"Полив рассады под корень 0,2%-й концентрацией рабочей жидкости в фазе 2-3 настоящих листьев, последующие- после высадки растений на постоянное место с интервалом 15 дней (постоянное место)",,2,III,622
bakterioz,бактериоз,болезнь,tomat,томат,fitolavin,Фитолавин,фунгицид,831-02-3795-1,13.09.2032,20 мл/10 лводы,20 мл,Опрыскивание в период вегетации с интервалом 15 дней,,2,III,622
bakterioz,бактериоз,болезнь,tomat,томат,fitosporin-m,Фитоспорин-М,фунгицид,016-02-2491-1,04.11.2029,3 мл/л воды,30 мл,Замачивание семян перед посевом в течение 1-2 часов с последующим просушиванием в тени,,1,III,314
bakterioz,бактериоз,болезнь,tomat,томат,fitosporin-m,Фитоспорин-М,фунгицид,016-02-2491-1,04.11.2029,40-50 мл/10 лводы,40–50 мл,"Полив в лунку 0,4-0,5% рабочей жидкостью при высадке рассады на постоянное место",,1,III,315
bakterioz,бактериоз,болезнь,tomat,томат,fitosporin-m,Фитоспорин-М,фунгицид,016-02-2490-1,04.12.2029,"1,5 г/л воды",15 г,Предпосевное замачивание семян в течение 1-2 часов с последующим просушиванием в тени,,1,III,317
bakterioz,бактериоз,болезнь,tomat,томат,fitosporin-m,Фитоспорин-М,фунгицид,016-02-2490-1,04.12.2029,20 г/10 лводы,20 г,"Полив в лунку 0,2%-й рабочей жидкостью при высадке рассады на постоянное место",,1,III,317
bakterioz,бактериоз,болезнь,tomat,томат,fitosporin-m,Фитоспорин-М,фунгицид,016-02-2489-1,04.12.2029,"0,2 г/л воды",2 г,Предпосевное замачивание семян в течение 1-2 часов с последующим просушиванием в тени,,1,III,319
bakterioz,бактериоз,болезнь,tomat,томат,fitosporin-m,Фитоспорин-М,фунгицид,016-02-2489-1,04.12.2029,5-6 г/10 лводы,5–6 г,"Полив в лунку 0,05-0,06% рабочей жидкостью при высадке рассады на постоянное место",,1,III,319
bakterioz,бактериоз,болезнь,yablonya,яблоня,stakkato,Стаккато,фунгицид,018-02-10081-1,17.08.2036,80 мл/10 лводы,80 мл,Опрыскивание в период вегетации с интервалом 10-14 дней.,,5,III,297
bakterioz,бактериоз,болезнь,yablonya,яблоня,fitolavin,Фитолавин,фунгицид,831-02-3795-1,13.09.2032,20 мл/10 лводы,20 мл,"Опрыскивание в период вегетации в фазы: обособление бутонов, цветение, формирование плодов диаметром до 2,0 см, плодов диаметром до 4,0-5,0 см",,4,III,622
belokrylka,белокрылка,вредитель,komnatnye-rasteniya,комнатные растения (общее),arkana,Аркана,инсектицид,012-01-5025-1,08.06.2033,1 мл/10 лводы,1 мл,Полив почвы под растениями в период вегетации,,1,I,250
belokrylka,белокрылка,вредитель,komnatnye-rasteniya,комнатные растения (общее),doktor,Доктор,инсектицид,012-01-1444-1,06.04.2027,2-5 брикетов/горшок,,Внесение брикетов под растения с неодревесневшими стеблями высотой до 30-40 см на расстоянии 2-3 см от стебля в предварительно политую водой почву,,1,-,247
belokrylka,белокрылка,вредитель,komnatnye-rasteniya,комнатные растения (общее),drakor,Дракор,инсектицид,008-01-3303-1,16.09.2031,4 мл/10 лводы,4 мл,Полив почвы в период вегетации,,1,I,180
belokrylka,белокрылка,вредитель,komnatnye-rasteniya,комнатные растения (общее),zubr,Зубр,инсектицид,012-01-2442-1,09.12.2029,5 мл/10 лводы,5 мл,Опрыскивание в период вегетации,,3,I,146
belokrylka,белокрылка,вредитель,limon-tsitrusy,комнатные: лимон / цитрусы,preparat-30-plyus,Препарат 30 Плюс,инсектицид,089-01-2641-1,05.04.2030,"0,5 л/10 лводы","0,5 л",Опрыскивание в период относительного покоя культуры при температуре не ниже +4 ˚С,,1,III,107
belokrylka,белокрылка,вредитель,ogurets,огурец,apeks,Апекс,инсектицид,018-01-3914-1,18.12.2032,3 мл/10 лводы,3 мл,Опрыскивание в период вегетации,3,1,III,235
belokrylka,белокрылка,вредитель,ogurets,огурец,batrayder,Батрайдер,инсектицид,021-01-2591-1,12.03.2030,5 мл/10 лводы,5 мл,Опрыскивание в период вегетации,,1,I,64
belokrylka,белокрылка,вредитель,ogurets,огурец,biovert,Биоверт,инсектицид,034-01-1314-1,22.12.2026,7-10 г/10 м2,,Опрыскивание в период вегетации,1,3,III,38
belokrylka,белокрылка,вредитель,ogurets,огурец,biorazryad,Биоразряд,инсектицид,033-01-10004-1,08.06.2036,20 г/10 лводы,20 г,"Опрыскивание растений при появлении вредителей, интервал 5-7 дней.",7,2,I,38
belokrylka,белокрылка,вредитель,ogurets,огурец,biotlin,Биотлин,инсектицид,021-01-2767-1,15.07.2030,5 мл/10 лводы,5 мл,Опрыскивание в период вегетации,3,1,I,143
belokrylka,белокрылка,вредитель,ogurets,огурец,biotlin-bau,Биотлин Бау,инсектицид,021-01-3455-1,27.12.2031,700 мл/7 м2,,Опрыскивание в период вегетации при появлении вредителей. Флакон с курковым распылителем с готовым рабочим раствором,1,1,I,143
belokrylka,белокрылка,вредитель,ogurets,огурец,boveriks-zh,"Боверикс, Ж",инсектицид,585-01-9716-1,08.12.2035,100 мл/10 лводы,100 мл,Опрыскивание в период вегетации с интервалом 10-14 дней.,5,4,III,35
belokrylka,белокрылка,вредитель,ogurets,огурец,doktor-harvest-belotsid,Доктор Харвест Белоцид,инсектицид,909-01-10083-1,18.08.2036,"4,0 мл/2 лводы",20 мл,Опрыскивание в период вегетации.,5,5,I,192
belokrylka,белокрылка,вредитель,ogurets,огурец,doktor-harvest-forte-pro,Доктор Харвест Форте Про,инсектицид,909-01-4367-1,16.01.2034,13-40 мл/100 м2,,Опрыскивание в период вегетации,,5,I,232
belokrylka,белокрылка,вредитель,ogurets,огурец,zubr,Зубр,инсектицид,012-01-2442-1,09.12.2029,5 мл/10 лводы,5 мл,Опрыскивание в период вегетации,3,1,I,146
belokrylka,белокрылка,вредитель,ogurets,огурец,imiprid,Имиприд,инсектицид,002-01-4941-0,02.07.2028,5 мл/10 лводы,5 мл,Опрыскивание в период вегетации.,3,1,I,160
belokrylka,белокрылка,вредитель,ogurets,огурец,inta-vir,Инта-Вир,инсектицид,149-01-4581-1,20.05.2034,2 таб./ 10 лводы,2 таб,Опрыскивание в период вегетации,3,1,I,284
belokrylka,белокрылка,вредитель,ogurets,огурец,iskra-zolotaya,Искра Золотая,инсектицид,046-01-5043-1,18.06.2030,5 мл/10 лводы,5 мл,Опрыскивание в период вегетации,3,1,I,158
belokrylka,белокрылка,вредитель,ogurets,огурец,karbotsin,Карбоцин,инсектицид,441-01-1513-1,30.05.2027,2 таб./10 лводы,2 таб,Опрыскивание растений в период вегетации,5,1,I,289
belokrylka,белокрылка,вредитель,ogurets,огурец,komandor,Командор,инсектицид,046-01-5061-1,09.04.2028,5 мл/10 лводы,5 мл,Опрыскивание в период вегетации,3,1,I,159
belokrylka,белокрылка,вредитель,ogurets,огурец,komandor-maksi,Командор Макси,инсектицид,046-01-5049-1,25.06.2030,"1,5 г/10 лводы","1,5 г",Опрыскивание в период вегетации,3,1,I,158
belokrylka,белокрылка,вредитель,ogurets,огурец,konfidor-ekstra,Конфидор Экстра,инсектицид,019-01-2064-1,30.01.2029,"1,5 г / 10 лводы","1,5 г",Опрыскивание в период вегетации,5,1,I,145
belokrylka,белокрылка,вредитель,ogurets,огурец,matrinbio,МатринБио,инсектицид,021-01-2672-1,12.05.2030,10-15 мл/10 лводы,10–15 мл,Опрыскивание в период вегетации,3,3,III,222
belokrylka,белокрылка,вредитель,ogurets,огурец,matrinbio-bau,МатринБио БАУ,инсектицид,021-01-4440-1,04.03.2034,700 мл/10-30 растений,,Опрыскивание с помощью флакона с курковым распылителем с готовым рабочим раствором в период вегетации при появлении вредителей,3,3,III,223
belokrylka,белокрылка,вредитель,ogurets,огурец,otrava-doktor-harvest,Отрава Доктор Харвест,инсектицид,769-01-3326-1,04.10.2031,13-40 мл/100 м2,,Опрыскивание в период вегетации,5,5,I,290
belokrylka,белокрылка,вредитель,ogurets,огурец,sochva,Сочва,репеллент,012-09-3065-1,17.03.2031,30 мл/ 100 м2,,Опрыскивание в период заселения растений с интервалом 7 дней,,4,III,1831
belokrylka,белокрылка,вредитель,plodovye-derevya,плодовые деревья (общее),tsvetolyuks-bau,Цветолюкс Бау,инсектицид,021-01-2420-1,07.10.2029,"700 мл/ 0,5-1 дерево",,Опрыскивание в период вегетации при появлении вредителей до полного смачивания. Флакон с курковым распылителем с готовым рабочим раствором,,2,I,148
belokrylka,белокрылка,вредитель,tomat,томат,apeks,Апекс,инсектицид,018-01-3914-1,18.12.2032,3 мл/10 лводы,3 мл,Опрыскивание в период вегетации,3,1,III,235
belokrylka,белокрылка,вредитель,tomat,томат,biorazryad,Биоразряд,инсектицид,033-01-10004-1,08.06.2036,20 г/10 лводы,20 г,"Опрыскивание растений при появлении вредителей, интервал 5-7 дней.",7,2,I,38
belokrylka,белокрылка,вредитель,tomat,томат,biotlin,Биотлин,инсектицид,021-01-2767-1,15.07.2030,5 мл/10 лводы,5 мл,Опрыскивание в период вегетации,3,1,I,143
belokrylka,белокрылка,вредитель,tomat,томат,biotlin-bau,Биотлин Бау,инсектицид,021-01-3455-1,27.12.2031,700 мл/7 м2,,Опрыскивание в период вегетации при появлении вредителей. Флакон с курковым распылителем с готовым рабочим раствором,1,1,I,143
belokrylka,белокрылка,вредитель,tomat,томат,boveriks-zh,"Боверикс, Ж",инсектицид,585-01-9716-1,08.12.2035,100 мл/10 лводы,100 мл,Опрыскивание в период вегетации с интервалом 10-14 дней.,5,4,III,35
belokrylka,белокрылка,вредитель,tomat,томат,doktor-harvest-belotsid,Доктор Харвест Белоцид,инсектицид,909-01-10083-1,18.08.2036,"4,0 мл/2 лводы",20 мл,Опрыскивание в период вегетации.,5,5,I,192
belokrylka,белокрылка,вредитель,tomat,томат,doktor-harvest-forte-pro,Доктор Харвест Форте Про,инсектицид,909-01-4367-1,16.01.2034,13-40 мл/100 м2,,Опрыскивание в период вегетации,,5,I,232
belokrylka,белокрылка,вредитель,tomat,томат,zubr,Зубр,инсектицид,012-01-2442-1,09.12.2029,5 мл/10 лводы,5 мл,Опрыскивание в период вегетации,3,1,I,146
belokrylka,белокрылка,вредитель,tomat,томат,imiprid,Имиприд,инсектицид,002-01-4941-0,02.07.2028,5 мл/10 лводы,5 мл,Опрыскивание в период вегетации.,3,1,I,160
belokrylka,белокрылка,вредитель,tomat,томат,inta-vir,Инта-Вир,инсектицид,149-01-4581-1,20.05.2034,2 таб./ 10 лводы,2 таб,Опрыскивание в период вегетации,3,1,I,284
belokrylka,белокрылка,вредитель,tomat,томат,iskra-zolotaya,Искра Золотая,инсектицид,046-01-5043-1,18.06.2030,5 мл/10 лводы,5 мл,Опрыскивание в период вегетации,3,1,I,158
belokrylka,белокрылка,вредитель,tomat,томат,karbotsin,Карбоцин,инсектицид,441-01-1513-1,30.05.2027,2 таб./10 лводы,2 таб,Опрыскивание растений в период вегетации,5,1,I,289
belokrylka,белокрылка,вредитель,tomat,томат,komandor,Командор,инсектицид,046-01-5061-1,09.04.2028,5 мл/10 лводы,5 мл,Опрыскивание в период вегетации,3,1,I,159
belokrylka,белокрылка,вредитель,tomat,томат,komandor-maksi,Командор Макси,инсектицид,046-01-5049-1,25.06.2030,"1,5 г/10 лводы","1,5 г",Опрыскивание в период вегетации,3,1,I,158
belokrylka,белокрылка,вредитель,tomat,томат,konfidor-ekstra,Конфидор Экстра,инсектицид,019-01-2064-1,30.01.2029,"1,5 г / 10 лводы","1,5 г",Опрыскивание в период вегетации,5,1,I,145
belokrylka,белокрылка,вредитель,tomat,томат,matrinbio,МатринБио,инсектицид,021-01-2672-1,12.05.2030,10-15 мл/10 лводы,10–15 мл,Опрыскивание в период вегетации,3,3,III,222
belokrylka,белокрылка,вредитель,tomat,томат,matrinbio-bau,МатринБио БАУ,инсектицид,021-01-4440-1,04.03.2034,700 мл/10-30 растений,,Опрыскивание с помощью флакона с курковым распылителем с готовым рабочим раствором в период вегетации при появлении вредителей,3,3,III,223
belokrylka,белокрылка,вредитель,tomat,томат,otrava-doktor-harvest,Отрава Доктор Харвест,инсектицид,769-01-3326-1,04.10.2031,13-40 мл/100 м2,,Опрыскивание в период вегетации,5,5,I,290
belokrylka,белокрылка,вредитель,tsvety,цветы (общее),arkana,Аркана,инсектицид,012-01-5025-1,08.06.2033,1 мл/10 лводы,1 мл,Полив почвы под растениями в период вегетации,,1,I,250
belokrylka,белокрылка,вредитель,tsvety,цветы (общее),biovert,Биоверт,инсектицид,034-01-1314-1,22.12.2026,7-10 г/10 м2,,Опрыскивание в период вегетации,1,3,III,38
belokrylka,белокрылка,вредитель,tsvety,цветы (общее),biotlin,Биотлин,инсектицид,021-01-2767-1,15.07.2030,5 мл/10 лводы,5 мл,Опрыскивание в период вегетации,,1,I,143
belokrylka,белокрылка,вредитель,tsvety,цветы (общее),doktor,Доктор,инсектицид,012-01-1444-1,06.04.2027,2-5 брикетов/горшок,,Внесение брикетов под растения с неодревесневшими стеблями высотой до 30-40 см на расстоянии 2-3 см от стебля в предварительно политую водой почву,,1,-,247
belokrylka,белокрылка,вредитель,tsvety,цветы (общее),doktor,Доктор,инсектицид,012-01-1444-1,06.04.2027,2-3 брикета/растение,,Внесение брикетов под растения с неодревесневшими стеблями высотой до 30-40 см на расстоянии 2-3 см от стебля в предварительно политую водой почву,,1,-,247
belokrylka,белокрылка,вредитель,tsvety,цветы (общее),drakor,Дракор,инсектицид,008-01-3303-1,16.09.2031,4 мл/10 лводы,4 мл,Полив почвы в период вегетации,,1,I,180
belokrylka,белокрылка,вредитель,tsvety,цветы (общее),zubr,Зубр,инсектицид,012-01-2442-1,09.12.2029,5 мл/10 лводы,5 мл,Опрыскивание в период вегетации,,3,I,146
belokrylka,белокрылка,вредитель,tsvety,цветы (общее),zubr,Зубр,инсектицид,012-01-2442-1,09.12.2029,5 мл/10 лводы,5 мл,Опрыскивание в период вегетации,,3,I,146
belokrylka,белокрылка,вредитель,tsvety,цветы (общее),iskra-zolotaya-prosto,Искра Золотая Просто,инсектицид,046-01-5041-1,18.06.2030,"1,0 л/10 м2",,Опрыскивание в период вегетации при появлении вредителей. Флакон с куроковым распылителем с готовым рабочим раствором,,2,I,158
belokrylka,белокрылка,вредитель,tsvety,цветы (общее),tsvetolyuks-bau,Цветолюкс Бау,инсектицид,021-01-2420-1,07.10.2029,700 мл/7м2,,Опрыскивание в период вегетации при появлении вредителей. Флакон с курковым распылителем с готовым рабочим раствором,,2,I,148
belokrylka,белокрылка,вредитель,tsvety,цветы (общее),tsvetolyuks-bau,Цветолюкс Бау,инсектицид,021-01-2420-1,07.10.2029,700 мл/7м2,,Опрыскивание в период вегетации при появлении вредителей. Флакон с курковым распылителем с готовым рабочим раствором,,2,I,148
belokrylka,белокрылка,вредитель,yagodniki,ягодники (общее),iskra-zolotaya-prosto,Искра Золотая Просто,инсектицид,046-01-5041-1,18.06.2030,"1,0 л/5-10 кустов",,Опрыскивание в период вегетации при появлении вредителей. Флакон с куроковым распылителем с готовым рабочим раствором,,2,I,158
belokrylka,белокрылка,вредитель,yagodniki,ягодники (общее),tsvetolyuks-bau,Цветолюкс Бау,инсектицид,021-01-2420-1,07.10.2029,"700 мл/ 1,5-7 кустов",,Опрыскивание в период вегетации при появлении вредителей до полного смачивания. Флакон с курковым распылителем с готовым рабочим раствором,,2,I,148
borschevik,борщевик,сорняк,zemli-neselhoznaznacheniya,земли несельхозназначения,ankor-85,Анкор-85,гербицид,111-03-2523-1,27.03.2026,"2,4 г/100м2",,Опрыскивание вегетирующих сорняков.,,1,III,1101
borschevik,борщевик,сорняк,zemli-neselhoznaznacheniya,земли несельхозназначения,grant,Грант,гербицид,046-03-5058-1,22.05.2032,20-40 мл/100 м2,,"Опрыскивание участков, засоренных борщевиком Сосновского при его высоте 20-30 см",,1,III,902
vershinnaya-gnil,вершинная гниль,болезнь,tomat,томат,fitolavin,Фитолавин,фунгицид,831-02-3795-1,13.09.2032,20 мл/10 лводы,20 мл,Опрыскивание в период вегетации с интервалом 15 дней,,2,III,622
virusnye-bolezni,вирусные болезни,болезнь,kartofel,картофель,prestizh-top,Престиж Топ,инсектицид,561-01-4296-1,10.12.2033,70-100 мл/лводы,,Обработка семян перед посевом,,1,-,231
vrediteli,вредители (общее),вредитель,lesnye-nasazhdeniya,лесные насаждения,espero,Эсперо,инсектицид,018-01-9697-0,30.11.2028,1,,Опрыскивание в период массового размножения вредителей.,,1,I,163
vrediteli,вредители (общее),вредитель,pogreba-i-podvaly,погреба и подвалы,sera-400,Сера 400,инсектицид,046-01(02)-5059-1,04.07.2032,300 г/10 м3,,"Фумигация сернистым ангидридом не позднее, чем за 5 дней до закладки продукции на хранение. Время экспозиции – 24-36 часов. По окончании фумигации – полное проветривание помещения в течение 48 часов до полного исчезновения специфического запаха сернистого ангидрида.",,1,-,240
vrediteli,вредители (общее),вредитель,pogreba-i-podvaly,погреба и подвалы,sera-400,Сера 400,инсектицид,046-01(02)-5059-1,04.07.2032,300 г/10 м3,,"Фумигация сернистым ангидридом не позднее, чем за 5 дней до закладки продукции на хранение. Время экспозиции – 24-36 часов. По окончании фумигации – полное проветривание помещения в течение 48 часов до полного исчезновения специфического запаха сернистого ангидрида.",,1,-,240
vrediteli,вредители (общее),вредитель,pogreba-i-podvaly,погреба и подвалы,sera-400,Сера 400,инсектицид,046-01(02)-5059-1,04.07.2032,300 г/10 м3,,"Фумигация сернистым ангидридом не позднее, чем за 5 дней до закладки продукции на хранение. Время экспозиции – 24-36 часов. По окончании фумигации – полное проветривание помещения в течение 48 часов до полного исчезновения специфического запаха сернистого ангидрида.",,1,-,241
vrediteli,вредители (общее),вредитель,sklady-i-zernohranilischa,склады и зернохранилища,sera-400,Сера 400,инсектицид,046-01(02)-5059-1,04.07.2032,300 г/20 м3,,Фумигация сернистым ангидридом перед высадкой рассады. Дегазация до 10 дней. Время экспозиции – 24-36 часов По окончании фумигации – полное проветривание помещения в течение 48 часов до полного исчезновения специфического запаха сернистого ангидрида.,,1,-,240
vrediteli,вредители (общее),вредитель,sklady-i-zernohranilischa,склады и зернохранилища,sera-400,Сера 400,инсектицид,046-01(02)-5059-1,04.07.2032,300 г/10 м3,,"Фумигация сернистым ангидридом не позднее, чем за 5 дней до закладки продукции на хранение. Время экспозиции – 24-36 часов. По окончании фумигации – полное проветривание помещения в течение 48 часов до полного исчезновения специфического запаха сернистого ангидрида.",,1,-,240
vrediteli,вредители (общее),вредитель,sklady-i-zernohranilischa,склады и зернохранилища,sera-400,Сера 400,инсектицид,046-01(02)-5059-1,04.07.2032,300 г/20 м3,,Фумигация сернистым ангидридом перед высадкой рассады. Дегазация до 10 дней. Время экспозиции – 24-36 часов. По окончании фумигации – полное проветривание помещения в течение 48 часов до полного исчезновения специфического запаха сернистого ангидрида.,,1,-,240
vrediteli,вредители (общее),вредитель,sklady-i-zernohranilischa,склады и зернохранилища,sera-400,Сера 400,инсектицид,046-01(02)-5059-1,04.07.2032,300 г/10 м3,,"Фумигация сернистым ангидридом не позднее, чем за 5 дней до закладки продукции на хранение. Время экспозиции – 24-36 часов. По окончании фумигации – полное проветривание помещения в течение 48 часов до полного исчезновения специфического запаха сернистого ангидрида.",,1,-,240
vrediteli,вредители (общее),вредитель,sklady-i-zernohranilischa,склады и зернохранилища,sera-400,Сера 400,инсектицид,046-01(02)-5059-1,04.07.2032,300 г/20 м3,,Фумигация сернистым ангидридом перед высадкой рассады. Дегазация до 10 дней. Время экспозиции – 24-36 часов. По окончании фумигации – полное проветривание помещения в течение 48 часов до полного исчезновения специфического запаха сернистого ангидрида.,,1,-,241
vrediteli,вредители (общее),вредитель,sklady-i-zernohranilischa,склады и зернохранилища,sera-400,Сера 400,инсектицид,046-01(02)-5059-1,04.07.2032,300 г/10 м3,,"Фумигация сернистым ангидридом не позднее, чем за 5 дней до закладки продукции на хранение. Время экспозиции – 24-36 часов. По окончании фумигации – полное проветривание помещения в течение 48 часов до полного исчезновения специфического запаха сернистого ангидрида.",,1,-,241
vrediteli,вредители (общее),вредитель,hvoynye,"хвойные (туя, ель, можжевельник)",espero,Эсперо,инсектицид,018-01-9697-0,30.11.2028,1,,Опрыскивание в период массового размножения вредителей.,,1,I,163
gnili-pri-hranenii,гнили при хранении,болезнь,vinograd,виноград,mival-agro,Мивал-Агро,регулятор роста,467-07-1697-1,30.01.2028,"0,2 г/ 8 лводы","0,2 г","Опрыскивание растений: 1-е - в фазе распускания листьев, 2-е - в фазе бутонизации, 3-е – в фазе формирования грозди, 4-е – в фазе созревания ягод",,4,III,1669
gnili-pri-hranenii,гнили при хранении,болезнь,vinograd,виноград,silatsin-krp,"Силацин, КРП",регулятор роста,324-07-2045-1,05.11.2028,4 табл./8 лводы,5 табл,"Опрыскивание растений: 1-е - в фазе распускания листьев, 2-е - в фазе бутонизации, 3-е - в фазе цветения",,3,III,1800
gnili-pri-hranenii,гнили при хранении,болезнь,vinograd,виноград,energiya-m-krp,"Энергия-М, КРП",регулятор роста,124-07-1881-1,25.04.2028,2 табл./8 лводы,"2,5 табл","Опрыскивание растений: 1-е - в фазе распускания листьев, 2-е - в фазе бутонизации, 3-е - в фазе цветения",,3,III,1693
gnili-pri-hranenii,гнили при хранении,болезнь,grusha,груша,ralli,Ралли,фунгицид,021-02-9607-0,30.09.2028,10 мл/10 лводы,10 мл,"Опрыскивание в период вегетации в фазе созревания плодов, но не позднее 10 дней до сбора урожай.",12,2,III,389
gnili-pri-hranenii,гнили при хранении,болезнь,kapusta,капуста,ralli,Ралли,фунгицид,021-02-9607-0,30.09.2028,10-15 мл/3 лводы,"33,3–50 мл","Опрыскивание в период вегетации: первое - при появлении первых признаков болезни, последующие при необходимости с интервалом 7-12 дней.",21,3,III,388
gnili-pri-hranenii,гнили при хранении,болезнь,kapusta,капуста,silatsin-krp,"Силацин, КРП",регулятор роста,324-07-2045-1,05.11.2028,1 табл./ 100 мл воды,100 табл,Замачивание семян перед посевом на 30-40 минут,,1,III,1798
gnili-pri-hranenii,гнили при хранении,болезнь,kapusta,капуста,stakkato,Стаккато,фунгицид,018-02-10081-1,17.08.2036,30 мл/30 мл воды,,Обработка при закладке на хранение.,,1,III,297
gnili-pri-hranenii,гнили при хранении,болезнь,kapusta,капуста,energiya-m-krp,"Энергия-М, КРП",регулятор роста,124-07-1881-1,25.04.2028,1 табл./ 100 мл воды,100 табл,Замачивание семян перед посевом на 30-40 минут,,1,III,1688
gnili-pri-hranenii,гнили при хранении,болезнь,kapusta,капуста,energiya-m-krp,"Энергия-М, КРП",регулятор роста,124-07-1881-1,25.04.2028,"1,5 табл./3 лводы",5 табл,"Опрыскивание растений: 1-е - в фазе полной листовой розетки, 2-е - в фазе завязывания кочана",,2,III,1689
gnili-pri-hranenii,гнили при хранении,болезнь,kartofel,картофель,sinkler,Синклер,фунгицид,021-02-2593-1,23.05.2024,20 мл/ 1 лводы,200 мл,Обработка клубней семенного картофеля перед закладкой на хранение с последующим подсушиванием,,1,-,631
gnili-pri-hranenii,гнили при хранении,болезнь,kartofel,картофель,stakkato,Стаккато,фунгицид,018-02-10081-1,17.08.2036,30 мл/30 мл воды,,Обработка при закладке на хранение.,,1,III,297
gnili-pri-hranenii,гнили при хранении,болезнь,kartofel,картофель,trafik,Трафик,регулятор роста,021-07-1693-1,30.10.2027,120-150 мл/3 л воды,400–500 мл,Опрыскивание растений за 21-25 дней до сбора урожая (при размере сформировавшихся клубней не менее 25 мм),60,1,III,1631
gnili-pri-hranenii,гнили при хранении,болезнь,kartofel,картофель,fitosporin-m,Фитоспорин-М,фунгицид,016-02-2491-1,04.11.2029,100 мл/лводы,,Обработка клубней перед закладкой на хранение с последующим просушиванием,,1,III,314
gnili-pri-hranenii,гнили при хранении,болезнь,luk,лук,stakkato,Стаккато,фунгицид,018-02-10081-1,17.08.2036,30 мл/30 мл воды,,Обработка при закладке на хранение.,,1,III,298
gnili-pri-hranenii,гнили при хранении,болезнь,luk,лук,trafik,Трафик,регулятор роста,021-07-1693-1,30.10.2027,90-120 мл/3 лводы,300–400 мл,Опрыскивание растений за 14-21 день до сбора урожая (при полегании – не более 50%),60,1,III,1631
gnili-pri-hranenii,гнили при хранении,болезнь,luk,лук,hefk,ХЭФК,регулятор роста,018-07-5000-1,07.06.2033,6-9 мл/лводы,60–90 мл,Опрыскивание растений за 21 день до сбора урожая,21,1,III,1804
gnili-pri-hranenii,гнили при хранении,болезнь,morkov,морковь,ralli,Ралли,фунгицид,021-02-9607-0,30.09.2028,10-12 мл/3 лводы,"33,3–40 мл","Опрыскивание в период вегетации: первое – при появлении первых признаков болезни, последующее при необходимости через 7-12 дней.",21,2,III,388
gnili-pri-hranenii,гнили при хранении,болезнь,morkov,морковь,silatsin-krp,"Силацин, КРП",регулятор роста,324-07-2045-1,05.11.2028,1 табл./ 200 мл воды,50 табл,Замачивание семян перед посевом на 30-40 минут,,1,III,1798
gnili-pri-hranenii,гнили при хранении,болезнь,morkov,морковь,stakkato,Стаккато,фунгицид,018-02-10081-1,17.08.2036,30 мл/30 мл воды,,Обработка при закладке на хранение.,,1,III,297
gnili-pri-hranenii,гнили при хранении,болезнь,morkov,морковь,fitosporin-m,Фитоспорин-М,фунгицид,016-02-2491-1,04.11.2029,100 мл/лводы,,Обработка корнеплодов перед закладкой на хранение с последующим просушиванием,,1,III,315
gnili-pri-hranenii,гнили при хранении,болезнь,morkov,морковь,energiya-m-krp,"Энергия-М, КРП",регулятор роста,124-07-1881-1,25.04.2028,1 табл./3 лводы,"3,3 табл","Опрыскивание растений: 1-е - в фазе 2-4 листьев, 2-е - в фазе 8-10 листьев",,2,III,1690
gnili-pri-hranenii,гнили при хранении,болезнь,plodovye-derevya,плодовые деревья (общее),silatsin-krp,"Силацин, КРП",регулятор роста,324-07-2045-1,05.11.2028,6 табл./ 10 лводы,6 табл,"Опрыскивание растений: 1-е - в фазе бутонизации, 2-е – в фазе опадения лепестков, 3-е - в фазе образования завязей",,3,III,1799
gnili-pri-hranenii,гнили при хранении,болезнь,plodovye-derevya,плодовые деревья (общее),energiya-m-krp,"Энергия-М, КРП",регулятор роста,124-07-1881-1,25.04.2028,6 табл./ 10 лводы,6 табл,"Опрыскивание растений: 1-е - в фазе бутонизации, 2-е – в фазе опадения лепестков, 3-е - в фазе образования завязей",,3,III,1692
gnili-pri-hranenii,гнили при хранении,болезнь,svekla,свекла,stakkato,Стаккато,фунгицид,018-02-10081-1,17.08.2036,30 мл/30 мл воды,,Обработка при закладке на хранение.,,1,III,298
gnili-pri-hranenii,гнили при хранении,болезнь,svekla,свекла,energiya-m-krp,"Энергия-М, КРП",регулятор роста,124-07-1881-1,25.04.2028,1 табл./ 100 мл воды,100 табл,Замачивание семян перед посевом на 30-40 минут,,1,III,1686
gnili-pri-hranenii,гнили при хранении,болезнь,svekla,свекла,energiya-m-krp,"Энергия-М, КРП",регулятор роста,124-07-1881-1,25.04.2028,"1,5 табл./3 лводы",5 табл,"Опрыскивание растений: 1-е - в фазе 2-4 листьев, 2-е - в фазе 8-10 листьев",,2,III,1687
gnili-pri-hranenii,гнили при хранении,болезнь,tomat,томат,silatsin-krp,"Силацин, КРП",регулятор роста,324-07-2045-1,05.11.2028,1 табл. /200 мл воды,50 табл,Замачивание семян перед посевом на 30-40 мин,,1,III,1796
gnili-pri-hranenii,гнили при хранении,болезнь,yablonya,яблоня,gekata,Геката,фунгицид,021-02-3255-1,04.08.2031,6 мл/10 лводы,6 мл,Опрыскивание в период созревания плодов,40,2,III,410
gnili-pri-hranenii,гнили при хранении,болезнь,yablonya,яблоня,kleymor,Клеймор,фунгицид,021-02-3060-1,26.12.2025,10 мл/10 лводы,10 мл,Опрыскивание в период вегетации в фазе созревания плодов (за 21 и 10 дней до уборки урожая),12,2,III,628
gnili-pri-hranenii,гнили при хранении,болезнь,yablonya,яблоня,kleymor,Клеймор,фунгицид,021-02-3060-1,26.12.2025,10 мл/10 лводы,10 мл,Опрыскивание в период вегетации в фазе созревания плодов (за 21 и 10 дней до уборки урожая) (в зависимости от возраста и объема кроны),12,2,III,628
gnili-pri-hranenii,гнили при хранении,болезнь,yablonya,яблоня,krezatsin-krp,"Крезацин, КРП",регулятор роста,342-07-2099-1,05.02.2029,"1,5 табл./ 10 л воды","1,5 табл",Опрыскивание растений через4-5 недель цветения,,1,III,1652
gnili-pri-hranenii,гнили при хранении,болезнь,yablonya,яблоня,medeya,Медея,фунгицид,018-02-4498-1,31.03.2034,10 мл/10 лводы,10 мл,"Опрыскивание в период вегетации: первое – профилактическое или при появлении первых признаков болезней, последующие с интервалом – 7-10 дней",28,4,III,412
gnili-pri-hranenii,гнили при хранении,болезнь,yablonya,яблоня,medeya,Медея,фунгицид,018-02-4498-1,31.03.2034,10 мл/10 лводы,10 мл,"Опрыскивание в период вегетации: первое – профилактическое или при появлении первых признаков болезней, последующие с интервалом – 7-10 дней",28,4,III,412
gnili-pri-hranenii,гнили при хранении,болезнь,yablonya,яблоня,ralli,Ралли,фунгицид,021-02-9607-0,30.09.2028,10 мл/10 лводы,10 мл,"Опрыскивание в период вегетации в фазе созревания плодов, но не позднее 10 дней до сбора урожай.",12,2,III,389
gnili-pri-hranenii,гнили при хранении,болезнь,yablonya,яблоня,fitosporin-m,Фитоспорин-М,фунгицид,016-02-2491-1,04.11.2029,20 мл/10 лводы,20 мл,Опрыскивание плодоносящих деревьев за сутки или в день снятия плодов,,1,III,316
gnili-pri-hranenii,гнили при хранении,болезнь,yablonya,яблоня,fitosporin-m,Фитоспорин-М,фунгицид,016-02-2491-1,04.11.2029,100 мл/лводы,,Обработка плодов перед закладкой на хранение с последующим просушиванием,,1,III,316
gnil,гниль (общее),болезнь,vinograd,виноград,gekata,Геката,фунгицид,021-02-3255-1,04.08.2031,5-7 мл/ 10 лводы,5–7 мл,"Опрыскивание в пе¬риод вегетации: первая обработка – вес¬ной в фазе бутонизация – цветение, вторая – до смыкания ягод в грозди, дальнейшие обработки с интервалом 10-14 дней",30,4,III,411
gnil,гниль (общее),болезнь,vinograd,виноград,diskor,Дискор,фунгицид,002-02-3369-1,15.11.2031,4 мл/10 лводы,4 мл,"Опрыскивание в период вегетации. Первая обработка – весной в фазе бутонизация – цветение, вторая – до смыкания ягод в грозди, дальнейшие обработки с интервалом 10-14 дней",27,4,III,396
gnil,гниль (общее),болезнь,kapusta,капуста,stakkato,Стаккато,фунгицид,018-02-10081-1,17.08.2036,50 мл/2-4 лводы,,"Опрыскивание в период вегетации, последнее – за 10 дней до уборки урожая.",,4,III,297
gnil,гниль (общее),болезнь,kartofel,картофель,vist-shashki-nasypnye,"Вист, шашки насыпные",фунгицид,295-02-4972-1,24.07.2035,"5 г/25 м3 0,01",,Фумигация после загрузки на хранение,7,1,I,589
gnil,гниль (общее),болезнь,kartofel,картофель,kagatnik,Кагатник,фунгицид,018-02-3295-1,16.09.2031,25-40 мл/1 лводы,250–400 мл,Обработка клубней картофеля перед закладкой на хранение,,1,III,382
gnil,гниль (общее),болезнь,luk,лук,kleymor,Клеймор,фунгицид,021-02-3060-1,26.12.2025,10-12 мл/ 3лводы,"33,3–40 мл","Опрыскивание в период вегетации: первое опрыскивание -профилактическое, последующие - с интервалом 7-10 дней",7,3,III,628
gnil,гниль (общее),болезнь,luk,лук,ralli,Ралли,фунгицид,021-02-9607-0,30.09.2028,13-20 мл/3 лводы,"43,3–66,7 мл","Опрыскивание в период вегетации: первое-профилактическое, последующее через 7-12 дней.",14,2,III,388
gnil,гниль (общее),болезнь,luk,лук,tetris,Тетрис,фунгицид,101(008)-02-3940-1,09.01.2033,3 г/ л воды,30 г,Полив растений за 10 дней до сбора урожая,,1,III,358
gnil,гниль (общее),болезнь,ogurets,огурец,alirin-b,Алирин-Б,фунгицид,139-02-2348-1,14.08.2029,1-2 таб./10 л,1–2 таб,Полив грунта за 1-3 суток до посева семян,,1,III,325
gnil,гниль (общее),болезнь,ogurets,огурец,alirin-b,Алирин-Б,фунгицид,139-02-2348-1,14.08.2029,1-2 таб./10 л,1–2 таб,Полив грунта за 1-3 суток перед посевом семян,,1,III,326
gnil,гниль (общее),болезнь,ogurets,огурец,orgamika-f,Оргамика Ф,фунгицид,173-02-2477-1,19.11.2029,10 мл/1 лводы,100 мл,Замачивание семян за 2-3 суток до посева в течение 1-2 часов с последующим просушиванием в тени.,,1,III,345
gnil,гниль (общее),болезнь,ogurets,огурец,fitolavin,Фитолавин,фунгицид,831-02-3795-1,13.09.2032,20 мл/10 лводы,20 мл,"Полив рассады под корень 0,2%-й концентрацией рабочей жидкости в фазе 2-3 настоящих листьев, последующие- после высадки растений на постоянное место с интервалом 15 дней (рассада)",,2,III,621
gnil,гниль (общее),болезнь,ogurets,огурец,fitolavin,Фитолавин,фунгицид,831-02-3795-1,13.09.2032,20 мл/10 лводы,20 мл,"Полив рассады под корень 0,2%-й концентрацией рабочей жидкости в фазе 2-3 настоящих листьев, последующие- после высадки растений на постоянное место с интервалом 15 дней (постоянное место)",,2,III,622
gnil,гниль (общее),болезнь,pogreba-i-podvaly,погреба и подвалы,vist-shashki-nasypnye,"Вист, шашки насыпные",фунгицид,295-02-4972-1,24.07.2035,"5 г/25 м3 0,01",,Фумигация после загрузки на хранение,7,1,I,589
gnil,гниль (общее),болезнь,sklady-i-zernohranilischa,склады и зернохранилища,vist-shashki-nasypnye,"Вист, шашки насыпные",фунгицид,295-02-4972-1,24.07.2035,"5 г/25 м3 0,01",,Фумигация после загрузки на хранение,7,1,I,589
gnil,гниль (общее),болезнь,tomat,томат,alirin-b,Алирин-Б,фунгицид,139-02-2348-1,14.08.2029,1-2 таб./10 л,1–2 таб,"Полив грунта за 1-3 суток до посева семян, перед высадкой рассады, затем через 7-10 дней",,3,III,326
gnil,гниль (общее),болезнь,tomat,томат,alirin-b,Алирин-Б,фунгицид,139-02-2348-1,14.08.2029,5-10 таб./10 л,5–10 таб,"Опрыскивание растений в фазы начала бутонизации, начала цветения, плодообразование с интервалом 10-14 дней",,3,III,326
gnil,гниль (общее),болезнь,tomat,томат,gamair,Гамаир,фунгицид,139-02-2349-1,14.08.2029,1-2 таб./10 л,1–2 таб,Полив грунта за 1-3 суток до посева семян,,1,III,331
gnil,гниль (общее),болезнь,tomat,томат,gamair,Гамаир,фунгицид,139-02-2349-1,14.08.2029,5-10 таб./10 л,5–10 таб,"Опрыскивание растений в период вегетации при появлении первых симптомов одного из заболеваний, затем с интервалом 10-14 дней",,3,III,331
gnil,гниль (общее),болезнь,tomat,томат,orgamika-f,Оргамика Ф,фунгицид,173-02-2477-1,19.11.2029,10 мл/1 лводы,100 мл,Замачивание семян за 2-3 суток до посева в течение 1-2 часов с последующим просушиванием в тени.,,1,III,345
gnil,гниль (общее),болезнь,tsvety,цветы (общее),sinkler,Синклер,фунгицид,021-02-2593-1,23.05.2024,1 мл/1 л воды,10 мл,"Обработка посадочного материала путём погружения в 0,1 % рабочий раствор с экспозицией 30 минут и последующим просушиванием",,1,-,631
gribnye-moshki,грибные мошки (сциариды),вредитель,komnatnye-rasteniya,комнатные растения (общее),arkana,Аркана,инсектицид,012-01-5025-1,08.06.2033,1 мл/10 лводы,1 мл,Полив почвы под растениями в период вегетации,,1,I,250
gribnye-moshki,грибные мошки (сциариды),вредитель,komnatnye-rasteniya,комнатные растения (общее),grom-2m,Гром-2М,инсектицид,012-01-4686-0,02.10.2027,3 г/10 м2,,Внесение на поверхность почвы в горшке вокруг растений с последующей заделкой в почву,,1,-,157
gribnye-moshki,грибные мошки (сциариды),вредитель,ogorod,огород (общее),grom-2m,Гром-2М,инсектицид,012-01-4686-0,02.10.2027,3 г/10 м2,,Внесение на поверхность почвы вокруг растений с последующей заделкой в почву,,1,-,157
gribnye-moshki,грибные мошки (сциариды),вредитель,plodovye-derevya,плодовые деревья (общее),grom-2m,Гром-2М,инсектицид,012-01-4686-0,02.10.2027,3 г/10 м2,,Внесение на поверхность почвы вокруг растений с последующей заделкой в почву,,1,-,157
gribnye-moshki,грибные мошки (сциариды),вредитель,tsvety,цветы (общее),arkana,Аркана,инсектицид,012-01-5025-1,08.06.2033,1 мл/10 лводы,1 мл,Полив почвы под растениями в период вегетации,,1,I,250
gribnye-moshki,грибные мошки (сциариды),вредитель,tsvety,цветы (общее),grom-2m,Гром-2М,инсектицид,012-01-4686-0,02.10.2027,3 г/10 м2,,Внесение на поверхность почвы в горшке вокруг растений с последующей заделкой в почву,,1,-,157
gribnye-moshki,грибные мошки (сциариды),вредитель,tsvety,цветы (общее),grom-2m,Гром-2М,инсектицид,012-01-4686-0,02.10.2027,3 г/10 м2,,Внесение на поверхность почвы вокруг растений с последующей заделкой в почву,,1,-,157
gryzuny,грызуны,вредитель,vinograd,виноград,varat,Варат,родентицид,141-06-3509-1,01.03.2032,"5 г в нору или иную укрытую точку раскладки, 0,2 кг/100 м2",,"Внесение в норы и другие укрытия грызунов с помощью аппликаторов ложечного или трубчатого типов, обработки по мере хозяйственной необходимости. Однократно в течение 2-х недель. В дальнейшем рекомендуется не более 1-2 обработок без замены другим препаратом. В последствии в течение нескольких месяцев с использованием препаратов иного механизма действия. Контроль за наличием приманки проводить 1-2 раза в неделю с перерывом 2-3 дня между раскладками. Обеспечение недоступности к препарату детей, домашних животных, диких нецелевых птиц и зверей",,1,-,1281
gryzuny,грызуны,вредитель,vinograd,виноград,varat,Варат,родентицид,141-06-3509-1,01.03.2032,"5 г в нору или иную укрытую точку раскладки, 0,2 кг/100 м2",,"Внесение в норы и другие укрытия грызунов с помощью аппликаторов ложечного или трубчатого типов, обработки по мере хозяйственной необходимости. Однократно в течение 2-х недель. В дальнейшем рекомендуется не более 1-2 обработок без замены другим препаратом. В последствии в течение нескольких месяцев с использованием препаратов иного механизма действия. Контроль за наличием приманки проводить 1-2 раза в неделю с перерывом 2-3 дня между раскладками. Обеспечение недоступности к препарату детей, домашних животных, диких нецелевых птиц и зверей",,1,-,1282
gryzuny,грызуны,вредитель,vinograd,виноград,varat,Варат,родентицид,141-06-3509-1,01.03.2032,"10 г в нору, 0,2 кг/100 м2",,"Внесение в норы и другие укрытия грызунов с помощью аппликаторов ложечного или трубчатого типов, обработки по мере хозяйственной необходимости. Однократно в течение 2-х недель. В дальнейшем рекомендуется не более 1-2 обработок без замены другим препаратом. В последствии в течение нескольких месяцев с использованием препаратов иного механизма действия. Контроль за наличием приманки проводить 1-2 раза в неделю с перерывом 2-3 дня между раскладками. Обеспечение недоступности к препарату детей, домашних животных, диких нецелевых птиц и зверей",,1,-,1283
gryzuny,грызуны,вредитель,vinograd,виноград,varat,Варат,родентицид,141-06-3509-1,01.03.2032,"10 г в нору, 0,2 кг/100 м2",,"Внесение в норы и другие укрытия грызунов с помощью аппликаторов ложечного или трубчатого типов, обработки по мере хозяйственной необходимости. Однократно в течение 2-х недель. В дальнейшем рекомендуется не более 1-2 обработок без замены другим препаратом. В последствии в течение нескольких месяцев с использованием препаратов иного механизма действия. Контроль за наличием приманки проводить 1-2 раза в неделю с перерывом 2-3 дня между раскладками. Обеспечение недоступности к препарату детей, домашних животных, диких нецелевых птиц и зверей",,1,-,1284
gryzuny,грызуны,вредитель,vinograd,виноград,varat,Варат,родентицид,141-06-3509-1,01.03.2032,от 5 до 40 г в приманочный ящик или трубку,,"Внесение в норы и другие укрытия грызунов с помощью аппликаторов ложечного или трубчатого типов, обработки по мере хозяйственной необходимости. Однократно в течение 2-х недель. В дальнейшем рекомендуется не более 1-2 обработок без замены другим препаратом. В последствии в течение нескольких месяцев с использованием препаратов иного механизма действия. Контроль за наличием приманки проводить 1-2 раза в неделю с перерывом 2-3 дня между раскладками. Обеспечение недоступности к препарату детей, домашних животных, диких нецелевых птиц и зверей",,1,-,1285
gryzuny,грызуны,вредитель,vinograd,виноград,varat,Варат,родентицид,141-06-3618-1,11.04.2032,"1 брикет (3,6 г) в нору или иную укрытую точку раскладки, 0,2 кг/100 м2",,"Внесение в норы и другие укрытия грызунов с помощью аппликаторов ложечного или трубчатого типов, обработки по мере хозяйственной необходимости. Однократно в течение 2-х недель. В дальнейшем рекомендуется не более 1-2 обработок без смены препарата. Впоследствии в течение нескольких месяцев с исполь-зованием препаратов иного механизма действия. Контроль за наличием приманки проводить 1-2 раза в неделю с перерывом 2-3 дня между раскладками. Обеспечение недоступности к препарату детей, домашних животных, диких нецелевых птиц и зверей",,1,-,1291
gryzuny,грызуны,вредитель,vinograd,виноград,varat,Варат,родентицид,141-06-3618-1,11.04.2032,"1 брикет (3,6 г) в нору или иную укрытую точку раскладки, 0,2 кг/100 м2",,"Внесение в норы и другие укрытия грызунов с помощью аппликаторов ложечного или трубчатого типов, обработки по мере хозяйственной необходимости. Однократно в течение 2-х недель. В дальнейшем рекомендуется не более 1-2 обработок без смены препарата. Впоследствии в течение нескольких месяцев с исполь-зованием препаратов иного механизма действия. Контроль за наличием приманки проводить 1-2 раза в неделю с перерывом 2-3 дня между раскладками. Обеспечение недоступности к препарату детей, домашних животных, диких нецелевых птиц и зверей",,1,-,1292
gryzuny,грызуны,вредитель,vinograd,виноград,varat,Варат,родентицид,141-06-3618-1,11.04.2032,"2 брикета (7,2 г) в нору, 0,2 кг/100 м2",,"Внесение в норы и другие укрытия грызунов с помощью аппликаторов ложечного или трубчатого типов, обработки по мере хозяйственной необходимости. Однократно в течение 2-х недель. В дальнейшем рекомендуется не более 1-2 обработок без смены препарата. Впоследствии в течение нескольких месяцев с исполь-зованием препаратов иного механизма действия. Контроль за наличием приманки проводить 1-2 раза в неделю с перерывом 2-3 дня между раскладками. Обеспечение недоступности к препарату детей, домашних животных, диких нецелевых птиц и зверей",,1,-,1293
gryzuny,грызуны,вредитель,vinograd,виноград,varat,Варат,родентицид,141-06-3618-1,11.04.2032,"2 брикета (7,2 г) в нору, 0,2 кг/100 м2",,"Внесение в норы и другие укрытия грызунов с помощью аппликаторов ложечного или трубчатого типов, обработки по мере хозяйственной необходимости. Однократно в течение 2-х недель. В дальнейшем рекомендуется не более 1-2 обработок без смены препарата. Впоследствии в течение нескольких месяцев с исполь-зованием препаратов иного механизма действия. Контроль за наличием приманки проводить 1-2 раза в неделю с перерывом 2-3 дня между раскладками. Обеспечение недоступности к препарату детей, домашних животных, диких нецелевых птиц и зверей",,1,-,1294
gryzuny,грызуны,вредитель,vinograd,виноград,varat,Варат,родентицид,141-06-3618-1,11.04.2032,от 5 до 30 г в приманочный ящик или трубку,,"Внесение в норы и другие укрытия грызунов с помощью аппликаторов ложечного или трубчатого типов, обработки по мере хозяйственной необходимости. Однократно в течение 2-х недель. В дальнейшем рекомендуется не более 1-2 обработок без смены препарата. Впоследствии в течение нескольких месяцев с исполь-зованием препаратов иного механизма действия. Контроль за наличием приманки проводить 1-2 раза в неделю с перерывом 2-3 дня между раскладками. Обеспечение недоступности к препарату детей, домашних животных, диких нецелевых птиц и зверей",,1,-,1295
gryzuny,грызуны,вредитель,vinograd,виноград,varat,Варат,родентицид,141-06-3619-1,11.04.2032,от 5 до 40 г в приманочный ящик или трубку,,"Внесение в норы и другие укрытия грызунов вручную (руки защищены резиновыми перчатками) или с помощью ложечного аппликатора, обработки по мере хозяйственной необходимости. Однократно в течение 2-х недель. В дальнейшем рекомендуется не более 1-2 обработок без смены препарата. Впоследствии в течение нескольких месяцев с использованием препаратов иного механизма действия Контроль за наличием приманки проводить 1-2 раза в неделю с перерывом 2-3 дня между раскладками. Обеспечение недоступности к препарату детей, домашних животных, диких нецелевых птиц и зверей.",,1,-,1297
gryzuny,грызуны,вредитель,vinograd,виноград,varat,Варат,родентицид,141-06-3619-1,11.04.2032,"1 брикет (13 г) на две близко расположенные норы или иные укрытые точки раскладки, 0,2 кг/100 м2",,"Внесение в норы и другие укрытия грызунов вручную (руки защищены резиновыми перчатками) или с помощью ложечного аппликатора, обработки по мере хозяйственной необходимости. Однократно в течение 2-х недель. В дальнейшем рекомендуется не более 1-2 обработок без смены препарата. Впоследствии в течение нескольких месяцев с использованием препаратов иного механизма действия Контроль за наличием приманки проводить 1-2 раза в неделю с перерывом 2-3 дня между раскладками. Обеспечение недоступности к препарату детей, домашних животных, диких нецелевых птиц и зверей.",,1,-,1302
gryzuny,грызуны,вредитель,vinograd,виноград,varat,Варат,родентицид,141-06-3619-1,11.04.2032,"1 брикет (13 г) на две близко расположенные норы или иные укрытые точки раскладки, 0,2 кг/100 м2",,"Внесение в норы и другие укрытия грызунов вручную (руки защищены резиновыми перчатками) или с помощью ложечного аппликатора, обработки по мере хозяйственной необходимости. Однократно в течение 2-х недель. В дальнейшем рекомендуется не более 1-2 обработок без смены препарата. Впоследствии в течение нескольких месяцев с использованием препаратов иного механизма действия Контроль за наличием приманки проводить 1-2 раза в неделю с перерывом 2-3 дня между раскладками. Обеспечение недоступности к препарату детей, домашних животных, диких нецелевых птиц и зверей.",,1,-,1303
gryzuny,грызуны,вредитель,vinograd,виноград,varat,Варат,родентицид,141-06-3619-1,11.04.2032,"1 брикет (13 г) в нору, 0,2 кг/100 м2",,"Внесение в норы и другие укрытия грызунов вручную (руки защищены резиновыми перчатками) или с помощью ложечного аппликатора, обработки по мере хозяйственной необходимости. Однократно в течение 2-х недель. В дальнейшем рекомендуется не более 1-2 обработок без смены препарата. Впоследствии в течение нескольких месяцев с использованием препаратов иного механизма действия Контроль за наличием приманки проводить 1-2 раза в неделю с перерывом 2-3 дня между раскладками. Обеспечение недоступности к препарату детей, домашних животных, диких нецелевых птиц и зверей.",,1,-,1304
gryzuny,грызуны,вредитель,vinograd,виноград,varat,Варат,родентицид,141-06-3619-1,11.04.2032,"1 брикет (13 г) в нору, 0,2 кг/100 м2",,"Внесение в норы и другие укрытия грызунов вручную (руки защищены резиновыми перчатками) или с помощью ложечного аппликатора, обработки по мере хозяйственной необходимости. Однократно в течение 2-х недель. В дальнейшем рекомендуется не более 1-2 обработок без смены препарата. Впоследствии в течение нескольких месяцев с использованием препаратов иного механизма действия Контроль за наличием приманки проводить 1-2 раза в неделю с перерывом 2-3 дня между раскладками. Обеспечение недоступности к препарату детей, домашних животных, диких нецелевых птиц и зверей.",,1,-,1305
gryzuny,грызуны,вредитель,vinograd,виноград,norat,Норат,родентицид,141-06-3560-1,21.03.2032,"5 г в нору или иную укрытую точку раскладки, 0,2 кг/100 м2",,"Внесение в норы и другие укрытия грызунов с помощью аппликаторов ложечного или трубчатого типов, обработки по мере хозяйственной необходимости. Однократно в течение 2-х недель. В дальнейшем рекомендуется не более 1-2 обработок без смены препарата. Впоследствии в течение нескольких месяцев с использованием препаратов иного механизма действия.Контроль за наличием приманки проводить 1-2 раза в неделю с перерывом 2-3 дня между раскладками. Обеспечение недоступности к препарату детей, домашних животных, диких нецелевых птиц и зверей.",,1,-,1340
gryzuny,грызуны,вредитель,vinograd,виноград,norat,Норат,родентицид,141-06-3560-1,21.03.2032,"5 г в нору или иную укрытую точку раскладки, 0,2 кг/100 м2",,"Внесение в норы и другие укрытия грызунов с помощью аппликаторов ложечного или трубчатого типов, обработки по мере хозяйственной необходимости. Однократно в течение 2-х недель. В дальнейшем рекомендуется не более 1-2 обработок без смены препарата. Впоследствии в течение нескольких месяцев с использованием препаратов иного механизма действия.Контроль за наличием приманки проводить 1-2 раза в неделю с перерывом 2-3 дня между раскладками. Обеспечение недоступности к препарату детей, домашних животных, диких нецелевых птиц и зверей.",,1,-,1341
gryzuny,грызуны,вредитель,vinograd,виноград,norat,Норат,родентицид,141-06-3560-1,21.03.2032,"10 г в нору, 0,2 кг/100 м2",,"Внесение в норы и другие укрытия грызунов с помощью аппликаторов ложечного или трубчатого типов, обработки по мере хозяйственной необходимости. Однократно в течение 2-х недель. В дальнейшем рекомендуется не более 1-2 обработок без смены препарата. Впоследствии в течение нескольких месяцев с использованием препаратов иного механизма действия.Контроль за наличием приманки проводить 1-2 раза в неделю с перерывом 2-3 дня между раскладками. Обеспечение недоступности к препарату детей, домашних животных, диких нецелевых птиц и зверей.",,1,-,1342
gryzuny,грызуны,вредитель,vinograd,виноград,norat,Норат,родентицид,141-06-3560-1,21.03.2032,"10 г в нору, 0,2 кг/100 м2",,"Внесение в норы и другие укрытия грызунов с помощью аппликаторов ложечного или трубчатого типов, обработки по мере хозяйственной необходимости. Однократно в течение 2-х недель. В дальнейшем рекомендуется не более 1-2 обработок без смены препарата. Впоследствии в течение нескольких месяцев с использованием препаратов иного механизма действия.Контроль за наличием приманки проводить 1-2 раза в неделю с перерывом 2-3 дня между раскладками. Обеспечение недоступности к препарату детей, домашних животных, диких нецелевых птиц и зверей.",,1,-,1343
gryzuny,грызуны,вредитель,vinograd,виноград,norat,Норат,родентицид,141-06-3560-1,21.03.2032,от 5 до 40 г в приманочный ящик или трубку,,"Внесение в норы и другие укрытия грызунов с помощью аппликаторов ложечного или трубчатого типов, обработки по мере хозяйственной необходимости. Однократно в течение 2-х недель. В дальнейшем рекомендуется не более 1-2 обработок без смены препарата. Впоследствии в течение нескольких месяцев с использованием препаратов иного механизма действия.Контроль за наличием приманки проводить 1-2 раза в неделю с перерывом 2-3 дня между раскладками. Обеспечение недоступности к препарату детей, домашних животных, диких нецелевых птиц и зверей.",,1,-,1344
gryzuny,грызуны,вредитель,vinograd,виноград,rattidion,Раттидион,родентицид,141-06-3542-1,17.03.2032,5 г в нору или иную укрытую точку раскладки,,"Внесение в норы и другие укрытия грызунов с помощью аппликаторов ложечного или трубчатого типов, обработки по мере хозяйственной необходимости. Однократно в течение 2-х недель. В дальнейшем рекомендуется не более 1-2 обработок без смены препарата. Впоследствии в течение нескольких месяцев с использованием препаратов иного механизма действия.Контроль за наличием приманки проводить 1-2 раза в неделю с перерывом 2-3 дня между раскладками. Обеспечение недоступности к препарату детей, домашних животных, диких нецелевых птиц и зверей.",,1,-,1348
gryzuny,грызуны,вредитель,vinograd,виноград,rattidion,Раттидион,родентицид,141-06-3542-1,17.03.2032,10 г в нору,,"Внесение в норы и другие укрытия грызунов с помощью аппликаторов ложечного или трубчатого типов, обработки по мере хозяйственной необходимости. Однократно в течение 2-х недель. В дальнейшем рекомендуется не более 1-2 обработок без смены препарата. Впоследствии в течение нескольких месяцев с использованием препаратов иного механизма действия.Контроль за наличием приманки проводить 1-2 раза в неделю с перерывом 2-3 дня между раскладками. Обеспечение недоступности к препарату детей, домашних животных, диких нецелевых птиц и зверей.",,1,-,1349
gryzuny,грызуны,вредитель,vinograd,виноград,rattidion,Раттидион,родентицид,141-06-3542-1,17.03.2032,от 5 до 40 г в приманочный ящик или трубку,,"Внесение в норы и другие укрытия грызунов с помощью аппликаторов ложечного или трубчатого типов, обработки по мере хозяйственной необходимости. Однократно в течение 2-х недель. В дальнейшем рекомендуется не более 1-2 обработок без смены препарата. Впоследствии в течение нескольких месяцев с использованием препаратов иного механизма действия.Контроль за наличием приманки проводить 1-2 раза в неделю с перерывом 2-3 дня между раскладками. Обеспечение недоступности к препарату детей, домашних животных, диких нецелевых птиц и зверей.",,1,-,1350
gryzuny,грызуны,вредитель,zernovye,зерновые (прочие),varat,Варат,родентицид,141-06-3509-1,01.03.2032,"5 г в нору или иную укрытую точку раскладки, 0,2 кг/100 м2",,"Внесение в норы и другие укрытия грызунов с помощью аппликаторов ложечного или трубчатого типов, обработки по мере хозяйственной необходимости. Однократно в течение 2-х недель. В дальнейшем рекомендуется не более 1-2 обработок без замены другим препаратом. В последствии в течение нескольких месяцев с использованием препаратов иного механизма действия. Контроль за наличием приманки проводить 1-2 раза в неделю с перерывом 2-3 дня между раскладками. Обеспечение недоступности к препарату детей, домашних животных, диких нецелевых птиц и зверей",,1,-,1281
gryzuny,грызуны,вредитель,zernovye,зерновые (прочие),varat,Варат,родентицид,141-06-3509-1,01.03.2032,"5 г в нору или иную укрытую точку раскладки, 0,2 кг/100 м2",,"Внесение в норы и другие укрытия грызунов с помощью аппликаторов ложечного или трубчатого типов, обработки по мере хозяйственной необходимости. Однократно в течение 2-х недель. В дальнейшем рекомендуется не более 1-2 обработок без замены другим препаратом. В последствии в течение нескольких месяцев с использованием препаратов иного механизма действия. Контроль за наличием приманки проводить 1-2 раза в неделю с перерывом 2-3 дня между раскладками. Обеспечение недоступности к препарату детей, домашних животных, диких нецелевых птиц и зверей",,1,-,1282
gryzuny,грызуны,вредитель,zernovye,зерновые (прочие),varat,Варат,родентицид,141-06-3509-1,01.03.2032,"10 г в нору, 0,2 кг/100 м2",,"Внесение в норы и другие укрытия грызунов с помощью аппликаторов ложечного или трубчатого типов, обработки по мере хозяйственной необходимости. Однократно в течение 2-х недель. В дальнейшем рекомендуется не более 1-2 обработок без замены другим препаратом. В последствии в течение нескольких месяцев с использованием препаратов иного механизма действия. Контроль за наличием приманки проводить 1-2 раза в неделю с перерывом 2-3 дня между раскладками. Обеспечение недоступности к препарату детей, домашних животных, диких нецелевых птиц и зверей",,1,-,1283
gryzuny,грызуны,вредитель,zernovye,зерновые (прочие),varat,Варат,родентицид,141-06-3509-1,01.03.2032,"10 г в нору, 0,2 кг/100 м2",,"Внесение в норы и другие укрытия грызунов с помощью аппликаторов ложечного или трубчатого типов, обработки по мере хозяйственной необходимости. Однократно в течение 2-х недель. В дальнейшем рекомендуется не более 1-2 обработок без замены другим препаратом. В последствии в течение нескольких месяцев с использованием препаратов иного механизма действия. Контроль за наличием приманки проводить 1-2 раза в неделю с перерывом 2-3 дня между раскладками. Обеспечение недоступности к препарату детей, домашних животных, диких нецелевых птиц и зверей",,1,-,1284
gryzuny,грызуны,вредитель,zernovye,зерновые (прочие),varat,Варат,родентицид,141-06-3509-1,01.03.2032,от 5 до 40 г в приманочный ящик или трубку,,"Внесение в норы и другие укрытия грызунов с помощью аппликаторов ложечного или трубчатого типов, обработки по мере хозяйственной необходимости. Однократно в течение 2-х недель. В дальнейшем рекомендуется не более 1-2 обработок без замены другим препаратом. В последствии в течение нескольких месяцев с использованием препаратов иного механизма действия. Контроль за наличием приманки проводить 1-2 раза в неделю с перерывом 2-3 дня между раскладками. Обеспечение недоступности к препарату детей, домашних животных, диких нецелевых птиц и зверей",,1,-,1285
gryzuny,грызуны,вредитель,zernovye,зерновые (прочие),varat,Варат,родентицид,141-06-3618-1,11.04.2032,"1 брикет (3,6 г) в нору или иную укрытую точку раскладки, 0,2 кг/100 м2",,"Внесение в норы и другие укрытия грызунов с помощью аппликаторов ложечного или трубчатого типов, обработки по мере хозяйственной необходимости. Однократно в течение 2-х недель. В дальнейшем рекомендуется не более 1-2 обработок без смены препарата. Впоследствии в течение нескольких месяцев с исполь-зованием препаратов иного механизма действия. Контроль за наличием приманки проводить 1-2 раза в неделю с перерывом 2-3 дня между раскладками. Обеспечение недоступности к препарату детей, домашних животных, диких нецелевых птиц и зверей",,1,-,1291
gryzuny,грызуны,вредитель,zernovye,зерновые (прочие),varat,Варат,родентицид,141-06-3618-1,11.04.2032,"1 брикет (3,6 г) в нору или иную укрытую точку раскладки, 0,2 кг/100 м2",,"Внесение в норы и другие укрытия грызунов с помощью аппликаторов ложечного или трубчатого типов, обработки по мере хозяйственной необходимости. Однократно в течение 2-х недель. В дальнейшем рекомендуется не более 1-2 обработок без смены препарата. Впоследствии в течение нескольких месяцев с исполь-зованием препаратов иного механизма действия. Контроль за наличием приманки проводить 1-2 раза в неделю с перерывом 2-3 дня между раскладками. Обеспечение недоступности к препарату детей, домашних животных, диких нецелевых птиц и зверей",,1,-,1292
gryzuny,грызуны,вредитель,zernovye,зерновые (прочие),varat,Варат,родентицид,141-06-3618-1,11.04.2032,"2 брикета (7,2 г) в нору, 0,2 кг/100 м2",,"Внесение в норы и другие укрытия грызунов с помощью аппликаторов ложечного или трубчатого типов, обработки по мере хозяйственной необходимости. Однократно в течение 2-х недель. В дальнейшем рекомендуется не более 1-2 обработок без смены препарата. Впоследствии в течение нескольких месяцев с исполь-зованием препаратов иного механизма действия. Контроль за наличием приманки проводить 1-2 раза в неделю с перерывом 2-3 дня между раскладками. Обеспечение недоступности к препарату детей, домашних животных, диких нецелевых птиц и зверей",,1,-,1293
gryzuny,грызуны,вредитель,zernovye,зерновые (прочие),varat,Варат,родентицид,141-06-3618-1,11.04.2032,"2 брикета (7,2 г) в нору, 0,2 кг/100 м2",,"Внесение в норы и другие укрытия грызунов с помощью аппликаторов ложечного или трубчатого типов, обработки по мере хозяйственной необходимости. Однократно в течение 2-х недель. В дальнейшем рекомендуется не более 1-2 обработок без смены препарата. Впоследствии в течение нескольких месяцев с исполь-зованием препаратов иного механизма действия. Контроль за наличием приманки проводить 1-2 раза в неделю с перерывом 2-3 дня между раскладками. Обеспечение недоступности к препарату детей, домашних животных, диких нецелевых птиц и зверей",,1,-,1294
gryzuny,грызуны,вредитель,zernovye,зерновые (прочие),varat,Варат,родентицид,141-06-3618-1,11.04.2032,от 5 до 30 г в приманочный ящик или трубку,,"Внесение в норы и другие укрытия грызунов с помощью аппликаторов ложечного или трубчатого типов, обработки по мере хозяйственной необходимости. Однократно в течение 2-х недель. В дальнейшем рекомендуется не более 1-2 обработок без смены препарата. Впоследствии в течение нескольких месяцев с исполь-зованием препаратов иного механизма действия. Контроль за наличием приманки проводить 1-2 раза в неделю с перерывом 2-3 дня между раскладками. Обеспечение недоступности к препарату детей, домашних животных, диких нецелевых птиц и зверей",,1,-,1295
gryzuny,грызуны,вредитель,zernovye,зерновые (прочие),varat,Варат,родентицид,141-06-3619-1,11.04.2032,от 5 до 40 г в приманочный ящик или трубку,,"Внесение в норы и другие укрытия грызунов вручную (руки защищены резиновыми перчатками) или с помощью ложечного аппликатора, обработки по мере хозяйственной необходимости. Однократно в течение 2-х недель. В дальнейшем рекомендуется не более 1-2 обработок без смены препарата. Впоследствии в течение нескольких месяцев с использованием препаратов иного механизма действия Контроль за наличием приманки проводить 1-2 раза в неделю с перерывом 2-3 дня между раскладками. Обеспечение недоступности к препарату детей, домашних животных, диких нецелевых птиц и зверей.",,1,-,1297
gryzuny,грызуны,вредитель,zernovye,зерновые (прочие),varat,Варат,родентицид,141-06-3619-1,11.04.2032,"1 брикет (13 г) на две близко расположенные норы или иные укрытые точки раскладки, 0,2 кг/100 м2",,"Внесение в норы и другие укрытия грызунов вручную (руки защищены резиновыми перчатками) или с помощью ложечного аппликатора, обработки по мере хозяйственной необходимости. Однократно в течение 2-х недель. В дальнейшем рекомендуется не более 1-2 обработок без смены препарата. Впоследствии в течение нескольких месяцев с использованием препаратов иного механизма действия Контроль за наличием приманки проводить 1-2 раза в неделю с перерывом 2-3 дня между раскладками. Обеспечение недоступности к препарату детей, домашних животных, диких нецелевых птиц и зверей.",,1,-,1302
gryzuny,грызуны,вредитель,zernovye,зерновые (прочие),varat,Варат,родентицид,141-06-3619-1,11.04.2032,"1 брикет (13 г) на две близко расположенные норы или иные укрытые точки раскладки, 0,2 кг/100 м2",,"Внесение в норы и другие укрытия грызунов вручную (руки защищены резиновыми перчатками) или с помощью ложечного аппликатора, обработки по мере хозяйственной необходимости. Однократно в течение 2-х недель. В дальнейшем рекомендуется не более 1-2 обработок без смены препарата. Впоследствии в течение нескольких месяцев с использованием препаратов иного механизма действия Контроль за наличием приманки проводить 1-2 раза в неделю с перерывом 2-3 дня между раскладками. Обеспечение недоступности к препарату детей, домашних животных, диких нецелевых птиц и зверей.",,1,-,1303
gryzuny,грызуны,вредитель,zernovye,зерновые (прочие),varat,Варат,родентицид,141-06-3619-1,11.04.2032,"1 брикет (13 г) в нору, 0,2 кг/100 м2",,"Внесение в норы и другие укрытия грызунов вручную (руки защищены резиновыми перчатками) или с помощью ложечного аппликатора, обработки по мере хозяйственной необходимости. Однократно в течение 2-х недель. В дальнейшем рекомендуется не более 1-2 обработок без смены препарата. Впоследствии в течение нескольких месяцев с использованием препаратов иного механизма действия Контроль за наличием приманки проводить 1-2 раза в неделю с перерывом 2-3 дня между раскладками. Обеспечение недоступности к препарату детей, домашних животных, диких нецелевых птиц и зверей.",,1,-,1304
gryzuny,грызуны,вредитель,zernovye,зерновые (прочие),varat,Варат,родентицид,141-06-3619-1,11.04.2032,"1 брикет (13 г) в нору, 0,2 кг/100 м2",,"Внесение в норы и другие укрытия грызунов вручную (руки защищены резиновыми перчатками) или с помощью ложечного аппликатора, обработки по мере хозяйственной необходимости. Однократно в течение 2-х недель. В дальнейшем рекомендуется не более 1-2 обработок без смены препарата. Впоследствии в течение нескольких месяцев с использованием препаратов иного механизма действия Контроль за наличием приманки проводить 1-2 раза в неделю с перерывом 2-3 дня между раскладками. Обеспечение недоступности к препарату детей, домашних животных, диких нецелевых птиц и зверей.",,1,-,1305
gryzuny,грызуны,вредитель,zernovye,зерновые (прочие),norat,Норат,родентицид,141-06-3560-1,21.03.2032,"5 г в нору или иную укрытую точку раскладки, 0,2 кг/100 м2",,"Внесение в норы и другие укрытия грызунов с помощью аппликаторов ложечного или трубчатого типов, обработки по мере хозяйственной необходимости. Однократно в течение 2-х недель. В дальнейшем рекомендуется не более 1-2 обработок без смены препарата. Впоследствии в течение нескольких месяцев с использованием препаратов иного механизма действия.Контроль за наличием приманки проводить 1-2 раза в неделю с перерывом 2-3 дня между раскладками. Обеспечение недоступности к препарату детей, домашних животных, диких нецелевых птиц и зверей.",,1,-,1340
gryzuny,грызуны,вредитель,zernovye,зерновые (прочие),norat,Норат,родентицид,141-06-3560-1,21.03.2032,"5 г в нору или иную укрытую точку раскладки, 0,2 кг/100 м2",,"Внесение в норы и другие укрытия грызунов с помощью аппликаторов ложечного или трубчатого типов, обработки по мере хозяйственной необходимости. Однократно в течение 2-х недель. В дальнейшем рекомендуется не более 1-2 обработок без смены препарата. Впоследствии в течение нескольких месяцев с использованием препаратов иного механизма действия.Контроль за наличием приманки проводить 1-2 раза в неделю с перерывом 2-3 дня между раскладками. Обеспечение недоступности к препарату детей, домашних животных, диких нецелевых птиц и зверей.",,1,-,1341
gryzuny,грызуны,вредитель,zernovye,зерновые (прочие),norat,Норат,родентицид,141-06-3560-1,21.03.2032,"10 г в нору, 0,2 кг/100 м2",,"Внесение в норы и другие укрытия грызунов с помощью аппликаторов ложечного или трубчатого типов, обработки по мере хозяйственной необходимости. Однократно в течение 2-х недель. В дальнейшем рекомендуется не более 1-2 обработок без смены препарата. Впоследствии в течение нескольких месяцев с использованием препаратов иного механизма действия.Контроль за наличием приманки проводить 1-2 раза в неделю с перерывом 2-3 дня между раскладками. Обеспечение недоступности к препарату детей, домашних животных, диких нецелевых птиц и зверей.",,1,-,1342
gryzuny,грызуны,вредитель,zernovye,зерновые (прочие),norat,Норат,родентицид,141-06-3560-1,21.03.2032,"10 г в нору, 0,2 кг/100 м2",,"Внесение в норы и другие укрытия грызунов с помощью аппликаторов ложечного или трубчатого типов, обработки по мере хозяйственной необходимости. Однократно в течение 2-х недель. В дальнейшем рекомендуется не более 1-2 обработок без смены препарата. Впоследствии в течение нескольких месяцев с использованием препаратов иного механизма действия.Контроль за наличием приманки проводить 1-2 раза в неделю с перерывом 2-3 дня между раскладками. Обеспечение недоступности к препарату детей, домашних животных, диких нецелевых птиц и зверей.",,1,-,1343
gryzuny,грызуны,вредитель,zernovye,зерновые (прочие),norat,Норат,родентицид,141-06-3560-1,21.03.2032,от 5 до 40 г в приманочный ящик или трубку,,"Внесение в норы и другие укрытия грызунов с помощью аппликаторов ложечного или трубчатого типов, обработки по мере хозяйственной необходимости. Однократно в течение 2-х недель. В дальнейшем рекомендуется не более 1-2 обработок без смены препарата. Впоследствии в течение нескольких месяцев с использованием препаратов иного механизма действия.Контроль за наличием приманки проводить 1-2 раза в неделю с перерывом 2-3 дня между раскладками. Обеспечение недоступности к препарату детей, домашних животных, диких нецелевых птиц и зверей.",,1,-,1344
gryzuny,грызуны,вредитель,zernovye,зерновые (прочие),rattidion,Раттидион,родентицид,141-06-3542-1,17.03.2032,5 г в нору или иную укрытую точку раскладки,,"Внесение в норы и другие укрытия грызунов с помощью аппликаторов ложечного или трубчатого типов, обработки по мере хозяйственной необходимости. Однократно в течение 2-х недель. В дальнейшем рекомендуется не более 1-2 обработок без смены препарата. Впоследствии в течение нескольких месяцев с использованием препаратов иного механизма действия.Контроль за наличием приманки проводить 1-2 раза в неделю с перерывом 2-3 дня между раскладками. Обеспечение недоступности к препарату детей, домашних животных, диких нецелевых птиц и зверей.",,1,-,1348
gryzuny,грызуны,вредитель,zernovye,зерновые (прочие),rattidion,Раттидион,родентицид,141-06-3542-1,17.03.2032,10 г в нору,,"Внесение в норы и другие укрытия грызунов с помощью аппликаторов ложечного или трубчатого типов, обработки по мере хозяйственной необходимости. Однократно в течение 2-х недель. В дальнейшем рекомендуется не более 1-2 обработок без смены препарата. Впоследствии в течение нескольких месяцев с использованием препаратов иного механизма действия.Контроль за наличием приманки проводить 1-2 раза в неделю с перерывом 2-3 дня между раскладками. Обеспечение недоступности к препарату детей, домашних животных, диких нецелевых птиц и зверей.",,1,-,1349
gryzuny,грызуны,вредитель,zernovye,зерновые (прочие),rattidion,Раттидион,родентицид,141-06-3542-1,17.03.2032,от 5 до 40 г в приманочный ящик или трубку,,"Внесение в норы и другие укрытия грызунов с помощью аппликаторов ложечного или трубчатого типов, обработки по мере хозяйственной необходимости. Однократно в течение 2-х недель. В дальнейшем рекомендуется не более 1-2 обработок без смены препарата. Впоследствии в течение нескольких месяцев с использованием препаратов иного механизма действия.Контроль за наличием приманки проводить 1-2 раза в неделю с перерывом 2-3 дня между раскладками. Обеспечение недоступности к препарату детей, домашних животных, диких нецелевых птиц и зверей.",,1,-,1350
gryzuny,грызуны,вредитель,krupyanye,"крупяные (гречиха, просо, сорго)",varat,Варат,родентицид,141-06-3509-1,01.03.2032,"5 г в нору или иную укрытую точку раскладки, 0,2 кг/100 м2",,"Внесение в норы и другие укрытия грызунов с помощью аппликаторов ложечного или трубчатого типов, обработки по мере хозяйственной необходимости. Однократно в течение 2-х недель. В дальнейшем рекомендуется не более 1-2 обработок без замены другим препаратом. В последствии в течение нескольких месяцев с использованием препаратов иного механизма действия. Контроль за наличием приманки проводить 1-2 раза в неделю с перерывом 2-3 дня между раскладками. Обеспечение недоступности к препарату детей, домашних животных, диких нецелевых птиц и зверей",,1,-,1281
gryzuny,грызуны,вредитель,krupyanye,"крупяные (гречиха, просо, сорго)",varat,Варат,родентицид,141-06-3509-1,01.03.2032,"5 г в нору или иную укрытую точку раскладки, 0,2 кг/100 м2",,"Внесение в норы и другие укрытия грызунов с помощью аппликаторов ложечного или трубчатого типов, обработки по мере хозяйственной необходимости. Однократно в течение 2-х недель. В дальнейшем рекомендуется не более 1-2 обработок без замены другим препаратом. В последствии в течение нескольких месяцев с использованием препаратов иного механизма действия. Контроль за наличием приманки проводить 1-2 раза в неделю с перерывом 2-3 дня между раскладками. Обеспечение недоступности к препарату детей, домашних животных, диких нецелевых птиц и зверей",,1,-,1282
gryzuny,грызуны,вредитель,krupyanye,"крупяные (гречиха, просо, сорго)",varat,Варат,родентицид,141-06-3509-1,01.03.2032,"10 г в нору, 0,2 кг/100 м2",,"Внесение в норы и другие укрытия грызунов с помощью аппликаторов ложечного или трубчатого типов, обработки по мере хозяйственной необходимости. Однократно в течение 2-х недель. В дальнейшем рекомендуется не более 1-2 обработок без замены другим препаратом. В последствии в течение нескольких месяцев с использованием препаратов иного механизма действия. Контроль за наличием приманки проводить 1-2 раза в неделю с перерывом 2-3 дня между раскладками. Обеспечение недоступности к препарату детей, домашних животных, диких нецелевых птиц и зверей",,1,-,1283
gryzuny,грызуны,вредитель,krupyanye,"крупяные (гречиха, просо, сорго)",varat,Варат,родентицид,141-06-3509-1,01.03.2032,"10 г в нору, 0,2 кг/100 м2",,"Внесение в норы и другие укрытия грызунов с помощью аппликаторов ложечного или трубчатого типов, обработки по мере хозяйственной необходимости. Однократно в течение 2-х недель. В дальнейшем рекомендуется не более 1-2 обработок без замены другим препаратом. В последствии в течение нескольких месяцев с использованием препаратов иного механизма действия. Контроль за наличием приманки проводить 1-2 раза в неделю с перерывом 2-3 дня между раскладками. Обеспечение недоступности к препарату детей, домашних животных, диких нецелевых птиц и зверей",,1,-,1284
gryzuny,грызуны,вредитель,krupyanye,"крупяные (гречиха, просо, сорго)",varat,Варат,родентицид,141-06-3509-1,01.03.2032,от 5 до 40 г в приманочный ящик или трубку,,"Внесение в норы и другие укрытия грызунов с помощью аппликаторов ложечного или трубчатого типов, обработки по мере хозяйственной необходимости. Однократно в течение 2-х недель. В дальнейшем рекомендуется не более 1-2 обработок без замены другим препаратом. В последствии в течение нескольких месяцев с использованием препаратов иного механизма действия. Контроль за наличием приманки проводить 1-2 раза в неделю с перерывом 2-3 дня между раскладками. Обеспечение недоступности к препарату детей, домашних животных, диких нецелевых птиц и зверей",,1,-,1285
gryzuny,грызуны,вредитель,krupyanye,"крупяные (гречиха, просо, сорго)",varat,Варат,родентицид,141-06-3618-1,11.04.2032,"1 брикет (3,6 г) в нору или иную укрытую точку раскладки, 0,2 кг/100 м2",,"Внесение в норы и другие укрытия грызунов с помощью аппликаторов ложечного или трубчатого типов, обработки по мере хозяйственной необходимости. Однократно в течение 2-х недель. В дальнейшем рекомендуется не более 1-2 обработок без смены препарата. Впоследствии в течение нескольких месяцев с исполь-зованием препаратов иного механизма действия. Контроль за наличием приманки проводить 1-2 раза в неделю с перерывом 2-3 дня между раскладками. Обеспечение недоступности к препарату детей, домашних животных, диких нецелевых птиц и зверей",,1,-,1291
gryzuny,грызуны,вредитель,krupyanye,"крупяные (гречиха, просо, сорго)",varat,Варат,родентицид,141-06-3618-1,11.04.2032,"1 брикет (3,6 г) в нору или иную укрытую точку раскладки, 0,2 кг/100 м2",,"Внесение в норы и другие укрытия грызунов с помощью аппликаторов ложечного или трубчатого типов, обработки по мере хозяйственной необходимости. Однократно в течение 2-х недель. В дальнейшем рекомендуется не более 1-2 обработок без смены препарата. Впоследствии в течение нескольких месяцев с исполь-зованием препаратов иного механизма действия. Контроль за наличием приманки проводить 1-2 раза в неделю с перерывом 2-3 дня между раскладками. Обеспечение недоступности к препарату детей, домашних животных, диких нецелевых птиц и зверей",,1,-,1292
gryzuny,грызуны,вредитель,krupyanye,"крупяные (гречиха, просо, сорго)",varat,Варат,родентицид,141-06-3618-1,11.04.2032,"2 брикета (7,2 г) в нору, 0,2 кг/100 м2",,"Внесение в норы и другие укрытия грызунов с помощью аппликаторов ложечного или трубчатого типов, обработки по мере хозяйственной необходимости. Однократно в течение 2-х недель. В дальнейшем рекомендуется не более 1-2 обработок без смены препарата. Впоследствии в течение нескольких месяцев с исполь-зованием препаратов иного механизма действия. Контроль за наличием приманки проводить 1-2 раза в неделю с перерывом 2-3 дня между раскладками. Обеспечение недоступности к препарату детей, домашних животных, диких нецелевых птиц и зверей",,1,-,1293
gryzuny,грызуны,вредитель,krupyanye,"крупяные (гречиха, просо, сорго)",varat,Варат,родентицид,141-06-3618-1,11.04.2032,"2 брикета (7,2 г) в нору, 0,2 кг/100 м2",,"Внесение в норы и другие укрытия грызунов с помощью аппликаторов ложечного или трубчатого типов, обработки по мере хозяйственной необходимости. Однократно в течение 2-х недель. В дальнейшем рекомендуется не более 1-2 обработок без смены препарата. Впоследствии в течение нескольких месяцев с исполь-зованием препаратов иного механизма действия. Контроль за наличием приманки проводить 1-2 раза в неделю с перерывом 2-3 дня между раскладками. Обеспечение недоступности к препарату детей, домашних животных, диких нецелевых птиц и зверей",,1,-,1294
gryzuny,грызуны,вредитель,krupyanye,"крупяные (гречиха, просо, сорго)",varat,Варат,родентицид,141-06-3618-1,11.04.2032,от 5 до 30 г в приманочный ящик или трубку,,"Внесение в норы и другие укрытия грызунов с помощью аппликаторов ложечного или трубчатого типов, обработки по мере хозяйственной необходимости. Однократно в течение 2-х недель. В дальнейшем рекомендуется не более 1-2 обработок без смены препарата. Впоследствии в течение нескольких месяцев с исполь-зованием препаратов иного механизма действия. Контроль за наличием приманки проводить 1-2 раза в неделю с перерывом 2-3 дня между раскладками. Обеспечение недоступности к препарату детей, домашних животных, диких нецелевых птиц и зверей",,1,-,1295
gryzuny,грызуны,вредитель,krupyanye,"крупяные (гречиха, просо, сорго)",varat,Варат,родентицид,141-06-3619-1,11.04.2032,от 5 до 40 г в приманочный ящик или трубку,,"Внесение в норы и другие укрытия грызунов вручную (руки защищены резиновыми перчатками) или с помощью ложечного аппликатора, обработки по мере хозяйственной необходимости. Однократно в течение 2-х недель. В дальнейшем рекомендуется не более 1-2 обработок без смены препарата. Впоследствии в течение нескольких месяцев с использованием препаратов иного механизма действия Контроль за наличием приманки проводить 1-2 раза в неделю с перерывом 2-3 дня между раскладками. Обеспечение недоступности к препарату детей, домашних животных, диких нецелевых птиц и зверей.",,1,-,1297
gryzuny,грызуны,вредитель,krupyanye,"крупяные (гречиха, просо, сорго)",varat,Варат,родентицид,141-06-3619-1,11.04.2032,"1 брикет (13 г) на две близко расположенные норы или иные укрытые точки раскладки, 0,2 кг/100 м2",,"Внесение в норы и другие укрытия грызунов вручную (руки защищены резиновыми перчатками) или с помощью ложечного аппликатора, обработки по мере хозяйственной необходимости. Однократно в течение 2-х недель. В дальнейшем рекомендуется не более 1-2 обработок без смены препарата. Впоследствии в течение нескольких месяцев с использованием препаратов иного механизма действия Контроль за наличием приманки проводить 1-2 раза в неделю с перерывом 2-3 дня между раскладками. Обеспечение недоступности к препарату детей, домашних животных, диких нецелевых птиц и зверей.",,1,-,1302
gryzuny,грызуны,вредитель,krupyanye,"крупяные (гречиха, просо, сорго)",varat,Варат,родентицид,141-06-3619-1,11.04.2032,"1 брикет (13 г) на две близко расположенные норы или иные укрытые точки раскладки, 0,2 кг/100 м2",,"Внесение в норы и другие укрытия грызунов вручную (руки защищены резиновыми перчатками) или с помощью ложечного аппликатора, обработки по мере хозяйственной необходимости. Однократно в течение 2-х недель. В дальнейшем рекомендуется не более 1-2 обработок без смены препарата. Впоследствии в течение нескольких месяцев с использованием препаратов иного механизма действия Контроль за наличием приманки проводить 1-2 раза в неделю с перерывом 2-3 дня между раскладками. Обеспечение недоступности к препарату детей, домашних животных, диких нецелевых птиц и зверей.",,1,-,1303
gryzuny,грызуны,вредитель,krupyanye,"крупяные (гречиха, просо, сорго)",varat,Варат,родентицид,141-06-3619-1,11.04.2032,"1 брикет (13 г) в нору, 0,2 кг/100 м2",,"Внесение в норы и другие укрытия грызунов вручную (руки защищены резиновыми перчатками) или с помощью ложечного аппликатора, обработки по мере хозяйственной необходимости. Однократно в течение 2-х недель. В дальнейшем рекомендуется не более 1-2 обработок без смены препарата. Впоследствии в течение нескольких месяцев с использованием препаратов иного механизма действия Контроль за наличием приманки проводить 1-2 раза в неделю с перерывом 2-3 дня между раскладками. Обеспечение недоступности к препарату детей, домашних животных, диких нецелевых птиц и зверей.",,1,-,1304
gryzuny,грызуны,вредитель,krupyanye,"крупяные (гречиха, просо, сорго)",varat,Варат,родентицид,141-06-3619-1,11.04.2032,"1 брикет (13 г) в нору, 0,2 кг/100 м2",,"Внесение в норы и другие укрытия грызунов вручную (руки защищены резиновыми перчатками) или с помощью ложечного аппликатора, обработки по мере хозяйственной необходимости. Однократно в течение 2-х недель. В дальнейшем рекомендуется не более 1-2 обработок без смены препарата. Впоследствии в течение нескольких месяцев с использованием препаратов иного механизма действия Контроль за наличием приманки проводить 1-2 раза в неделю с перерывом 2-3 дня между раскладками. Обеспечение недоступности к препарату детей, домашних животных, диких нецелевых птиц и зверей.",,1,-,1305
gryzuny,грызуны,вредитель,krupyanye,"крупяные (гречиха, просо, сорго)",norat,Норат,родентицид,141-06-3560-1,21.03.2032,"5 г в нору или иную укрытую точку раскладки, 0,2 кг/100 м2",,"Внесение в норы и другие укрытия грызунов с помощью аппликаторов ложечного или трубчатого типов, обработки по мере хозяйственной необходимости. Однократно в течение 2-х недель. В дальнейшем рекомендуется не более 1-2 обработок без смены препарата. Впоследствии в течение нескольких месяцев с использованием препаратов иного механизма действия.Контроль за наличием приманки проводить 1-2 раза в неделю с перерывом 2-3 дня между раскладками. Обеспечение недоступности к препарату детей, домашних животных, диких нецелевых птиц и зверей.",,1,-,1340
gryzuny,грызуны,вредитель,krupyanye,"крупяные (гречиха, просо, сорго)",norat,Норат,родентицид,141-06-3560-1,21.03.2032,"5 г в нору или иную укрытую точку раскладки, 0,2 кг/100 м2",,"Внесение в норы и другие укрытия грызунов с помощью аппликаторов ложечного или трубчатого типов, обработки по мере хозяйственной необходимости. Однократно в течение 2-х недель. В дальнейшем рекомендуется не более 1-2 обработок без смены препарата. Впоследствии в течение нескольких месяцев с использованием препаратов иного механизма действия.Контроль за наличием приманки проводить 1-2 раза в неделю с перерывом 2-3 дня между раскладками. Обеспечение недоступности к препарату детей, домашних животных, диких нецелевых птиц и зверей.",,1,-,1341
gryzuny,грызуны,вредитель,krupyanye,"крупяные (гречиха, просо, сорго)",norat,Норат,родентицид,141-06-3560-1,21.03.2032,"10 г в нору, 0,2 кг/100 м2",,"Внесение в норы и другие укрытия грызунов с помощью аппликаторов ложечного или трубчатого типов, обработки по мере хозяйственной необходимости. Однократно в течение 2-х недель. В дальнейшем рекомендуется не более 1-2 обработок без смены препарата. Впоследствии в течение нескольких месяцев с использованием препаратов иного механизма действия.Контроль за наличием приманки проводить 1-2 раза в неделю с перерывом 2-3 дня между раскладками. Обеспечение недоступности к препарату детей, домашних животных, диких нецелевых птиц и зверей.",,1,-,1342
gryzuny,грызуны,вредитель,krupyanye,"крупяные (гречиха, просо, сорго)",norat,Норат,родентицид,141-06-3560-1,21.03.2032,"10 г в нору, 0,2 кг/100 м2",,"Внесение в норы и другие укрытия грызунов с помощью аппликаторов ложечного или трубчатого типов, обработки по мере хозяйственной необходимости. Однократно в течение 2-х недель. В дальнейшем рекомендуется не более 1-2 обработок без смены препарата. Впоследствии в течение нескольких месяцев с использованием препаратов иного механизма действия.Контроль за наличием приманки проводить 1-2 раза в неделю с перерывом 2-3 дня между раскладками. Обеспечение недоступности к препарату детей, домашних животных, диких нецелевых птиц и зверей.",,1,-,1343
gryzuny,грызуны,вредитель,krupyanye,"крупяные (гречиха, просо, сорго)",norat,Норат,родентицид,141-06-3560-1,21.03.2032,от 5 до 40 г в приманочный ящик или трубку,,"Внесение в норы и другие укрытия грызунов с помощью аппликаторов ложечного или трубчатого типов, обработки по мере хозяйственной необходимости. Однократно в течение 2-х недель. В дальнейшем рекомендуется не более 1-2 обработок без смены препарата. Впоследствии в течение нескольких месяцев с использованием препаратов иного механизма действия.Контроль за наличием приманки проводить 1-2 раза в неделю с перерывом 2-3 дня между раскладками. Обеспечение недоступности к препарату детей, домашних животных, диких нецелевых птиц и зверей.",,1,-,1344
gryzuny,грызуны,вредитель,krupyanye,"крупяные (гречиха, просо, сорго)",rattidion,Раттидион,родентицид,141-06-3542-1,17.03.2032,5 г в нору или иную укрытую точку раскладки,,"Внесение в норы и другие укрытия грызунов с помощью аппликаторов ложечного или трубчатого типов, обработки по мере хозяйственной необходимости. Однократно в течение 2-х недель. В дальнейшем рекомендуется не более 1-2 обработок без смены препарата. Впоследствии в течение нескольких месяцев с использованием препаратов иного механизма действия.Контроль за наличием приманки проводить 1-2 раза в неделю с перерывом 2-3 дня между раскладками. Обеспечение недоступности к препарату детей, домашних животных, диких нецелевых птиц и зверей.",,1,-,1348
gryzuny,грызуны,вредитель,krupyanye,"крупяные (гречиха, просо, сорго)",rattidion,Раттидион,родентицид,141-06-3542-1,17.03.2032,10 г в нору,,"Внесение в норы и другие укрытия грызунов с помощью аппликаторов ложечного или трубчатого типов, обработки по мере хозяйственной необходимости. Однократно в течение 2-х недель. В дальнейшем рекомендуется не более 1-2 обработок без смены препарата. Впоследствии в течение нескольких месяцев с использованием препаратов иного механизма действия.Контроль за наличием приманки проводить 1-2 раза в неделю с перерывом 2-3 дня между раскладками. Обеспечение недоступности к препарату детей, домашних животных, диких нецелевых птиц и зверей.",,1,-,1349
gryzuny,грызуны,вредитель,krupyanye,"крупяные (гречиха, просо, сорго)",rattidion,Раттидион,родентицид,141-06-3542-1,17.03.2032,от 5 до 40 г в приманочный ящик или трубку,,"Внесение в норы и другие укрытия грызунов с помощью аппликаторов ложечного или трубчатого типов, обработки по мере хозяйственной необходимости. Однократно в течение 2-х недель. В дальнейшем рекомендуется не более 1-2 обработок без смены препарата. Впоследствии в течение нескольких месяцев с использованием препаратов иного механизма действия.Контроль за наличием приманки проводить 1-2 раза в неделю с перерывом 2-3 дня между раскладками. Обеспечение недоступности к препарату детей, домашних животных, диких нецелевых птиц и зверей.",,1,-,1350
gryzuny,грызуны,вредитель,sklady-i-zernohranilischa,склады и зернохранилища,varat,Варат,родентицид,141-06-3509-1,01.03.2032,"5 г в нору или иную укрытую точку раскладки, 0,2 кг/100 м2",,"Внесение в норы и другие укрытия грызунов с помощью аппликаторов ложечного или трубчатого типов, обработки по мере хозяйственной необходимости. Однократно в течение 2-х недель. В дальнейшем рекомендуется не более 1-2 обработок без замены другим препаратом. В последствии в течение нескольких месяцев с использованием препаратов иного механизма действия. Контроль за наличием приманки проводить 1-2 раза в неделю с перерывом 2-3 дня между раскладками. Обеспечение недоступности к препарату детей, домашних животных, диких нецелевых птиц и зверей",,1,-,1281
gryzuny,грызуны,вредитель,sklady-i-zernohranilischa,склады и зернохранилища,varat,Варат,родентицид,141-06-3509-1,01.03.2032,"5 г в нору или иную укрытую точку раскладки, 0,2 кг/100 м2",,"Внесение в норы и другие укрытия грызунов с помощью аппликаторов ложечного или трубчатого типов, обработки по мере хозяйственной необходимости. Однократно в течение 2-х недель. В дальнейшем рекомендуется не более 1-2 обработок без замены другим препаратом. В последствии в течение нескольких месяцев с использованием препаратов иного механизма действия. Контроль за наличием приманки проводить 1-2 раза в неделю с перерывом 2-3 дня между раскладками. Обеспечение недоступности к препарату детей, домашних животных, диких нецелевых птиц и зверей",,1,-,1282
gryzuny,грызуны,вредитель,sklady-i-zernohranilischa,склады и зернохранилища,varat,Варат,родентицид,141-06-3509-1,01.03.2032,"10 г в нору, 0,2 кг/100 м2",,"Внесение в норы и другие укрытия грызунов с помощью аппликаторов ложечного или трубчатого типов, обработки по мере хозяйственной необходимости. Однократно в течение 2-х недель. В дальнейшем рекомендуется не более 1-2 обработок без замены другим препаратом. В последствии в течение нескольких месяцев с использованием препаратов иного механизма действия. Контроль за наличием приманки проводить 1-2 раза в неделю с перерывом 2-3 дня между раскладками. Обеспечение недоступности к препарату детей, домашних животных, диких нецелевых птиц и зверей",,1,-,1283
gryzuny,грызуны,вредитель,sklady-i-zernohranilischa,склады и зернохранилища,varat,Варат,родентицид,141-06-3509-1,01.03.2032,"10 г в нору, 0,2 кг/100 м2",,"Внесение в норы и другие укрытия грызунов с помощью аппликаторов ложечного или трубчатого типов, обработки по мере хозяйственной необходимости. Однократно в течение 2-х недель. В дальнейшем рекомендуется не более 1-2 обработок без замены другим препаратом. В последствии в течение нескольких месяцев с использованием препаратов иного механизма действия. Контроль за наличием приманки проводить 1-2 раза в неделю с перерывом 2-3 дня между раскладками. Обеспечение недоступности к препарату детей, домашних животных, диких нецелевых птиц и зверей",,1,-,1284
gryzuny,грызуны,вредитель,sklady-i-zernohranilischa,склады и зернохранилища,varat,Варат,родентицид,141-06-3509-1,01.03.2032,от 5 до 40 г в приманочный ящик или трубку,,"Внесение в норы и другие укрытия грызунов с помощью аппликаторов ложечного или трубчатого типов, обработки по мере хозяйственной необходимости. Однократно в течение 2-х недель. В дальнейшем рекомендуется не более 1-2 обработок без замены другим препаратом. В последствии в течение нескольких месяцев с использованием препаратов иного механизма действия. Контроль за наличием приманки проводить 1-2 раза в неделю с перерывом 2-3 дня между раскладками. Обеспечение недоступности к препарату детей, домашних животных, диких нецелевых птиц и зверей",,1,-,1285
gryzuny,грызуны,вредитель,sklady-i-zernohranilischa,склады и зернохранилища,varat,Варат,родентицид,141-06-3618-1,11.04.2032,"1 брикет (3,6 г) в нору или иную укрытую точку раскладки, 0,2 кг/100 м2",,"Внесение в норы и другие укрытия грызунов с помощью аппликаторов ложечного или трубчатого типов, обработки по мере хозяйственной необходимости. Однократно в течение 2-х недель. В дальнейшем рекомендуется не более 1-2 обработок без смены препарата. Впоследствии в течение нескольких месяцев с исполь-зованием препаратов иного механизма действия. Контроль за наличием приманки проводить 1-2 раза в неделю с перерывом 2-3 дня между раскладками. Обеспечение недоступности к препарату детей, домашних животных, диких нецелевых птиц и зверей",,1,-,1291
gryzuny,грызуны,вредитель,sklady-i-zernohranilischa,склады и зернохранилища,varat,Варат,родентицид,141-06-3618-1,11.04.2032,"1 брикет (3,6 г) в нору или иную укрытую точку раскладки, 0,2 кг/100 м2",,"Внесение в норы и другие укрытия грызунов с помощью аппликаторов ложечного или трубчатого типов, обработки по мере хозяйственной необходимости. Однократно в течение 2-х недель. В дальнейшем рекомендуется не более 1-2 обработок без смены препарата. Впоследствии в течение нескольких месяцев с исполь-зованием препаратов иного механизма действия. Контроль за наличием приманки проводить 1-2 раза в неделю с перерывом 2-3 дня между раскладками. Обеспечение недоступности к препарату детей, домашних животных, диких нецелевых птиц и зверей",,1,-,1292
gryzuny,грызуны,вредитель,sklady-i-zernohranilischa,склады и зернохранилища,varat,Варат,родентицид,141-06-3618-1,11.04.2032,"2 брикета (7,2 г) в нору, 0,2 кг/100 м2",,"Внесение в норы и другие укрытия грызунов с помощью аппликаторов ложечного или трубчатого типов, обработки по мере хозяйственной необходимости. Однократно в течение 2-х недель. В дальнейшем рекомендуется не более 1-2 обработок без смены препарата. Впоследствии в течение нескольких месяцев с исполь-зованием препаратов иного механизма действия. Контроль за наличием приманки проводить 1-2 раза в неделю с перерывом 2-3 дня между раскладками. Обеспечение недоступности к препарату детей, домашних животных, диких нецелевых птиц и зверей",,1,-,1293
gryzuny,грызуны,вредитель,sklady-i-zernohranilischa,склады и зернохранилища,varat,Варат,родентицид,141-06-3618-1,11.04.2032,"2 брикета (7,2 г) в нору, 0,2 кг/100 м2",,"Внесение в норы и другие укрытия грызунов с помощью аппликаторов ложечного или трубчатого типов, обработки по мере хозяйственной необходимости. Однократно в течение 2-х недель. В дальнейшем рекомендуется не более 1-2 обработок без смены препарата. Впоследствии в течение нескольких месяцев с исполь-зованием препаратов иного механизма действия. Контроль за наличием приманки проводить 1-2 раза в неделю с перерывом 2-3 дня между раскладками. Обеспечение недоступности к препарату детей, домашних животных, диких нецелевых птиц и зверей",,1,-,1294
gryzuny,грызуны,вредитель,sklady-i-zernohranilischa,склады и зернохранилища,varat,Варат,родентицид,141-06-3618-1,11.04.2032,от 5 до 30 г в приманочный ящик или трубку,,"Внесение в норы и другие укрытия грызунов с помощью аппликаторов ложечного или трубчатого типов, обработки по мере хозяйственной необходимости. Однократно в течение 2-х недель. В дальнейшем рекомендуется не более 1-2 обработок без смены препарата. Впоследствии в течение нескольких месяцев с исполь-зованием препаратов иного механизма действия. Контроль за наличием приманки проводить 1-2 раза в неделю с перерывом 2-3 дня между раскладками. Обеспечение недоступности к препарату детей, домашних животных, диких нецелевых птиц и зверей",,1,-,1295
gryzuny,грызуны,вредитель,sklady-i-zernohranilischa,склады и зернохранилища,varat,Варат,родентицид,141-06-3619-1,11.04.2032,от 5 до 40 г в приманочный ящик или трубку,,"Внесение в норы и другие укрытия грызунов вручную (руки защищены резиновыми перчатками) или с помощью ложечного аппликатора, обработки по мере хозяйственной необходимости. Однократно в течение 2-х недель. В дальнейшем рекомендуется не более 1-2 обработок без смены препарата. Впоследствии в течение нескольких месяцев с использованием препаратов иного механизма действия Контроль за наличием приманки проводить 1-2 раза в неделю с перерывом 2-3 дня между раскладками. Обеспечение недоступности к препарату детей, домашних животных, диких нецелевых птиц и зверей.",,1,-,1297
gryzuny,грызуны,вредитель,sklady-i-zernohranilischa,склады и зернохранилища,varat,Варат,родентицид,141-06-3619-1,11.04.2032,"1 брикет (13 г) на две близко расположенные норы или иные укрытые точки раскладки, 0,2 кг/100 м2",,"Внесение в норы и другие укрытия грызунов вручную (руки защищены резиновыми перчатками) или с помощью ложечного аппликатора, обработки по мере хозяйственной необходимости. Однократно в течение 2-х недель. В дальнейшем рекомендуется не более 1-2 обработок без смены препарата. Впоследствии в течение нескольких месяцев с использованием препаратов иного механизма действия Контроль за наличием приманки проводить 1-2 раза в неделю с перерывом 2-3 дня между раскладками. Обеспечение недоступности к препарату детей, домашних животных, диких нецелевых птиц и зверей.",,1,-,1302
gryzuny,грызуны,вредитель,sklady-i-zernohranilischa,склады и зернохранилища,varat,Варат,родентицид,141-06-3619-1,11.04.2032,"1 брикет (13 г) на две близко расположенные норы или иные укрытые точки раскладки, 0,2 кг/100 м2",,"Внесение в норы и другие укрытия грызунов вручную (руки защищены резиновыми перчатками) или с помощью ложечного аппликатора, обработки по мере хозяйственной необходимости. Однократно в течение 2-х недель. В дальнейшем рекомендуется не более 1-2 обработок без смены препарата. Впоследствии в течение нескольких месяцев с использованием препаратов иного механизма действия Контроль за наличием приманки проводить 1-2 раза в неделю с перерывом 2-3 дня между раскладками. Обеспечение недоступности к препарату детей, домашних животных, диких нецелевых птиц и зверей.",,1,-,1303
gryzuny,грызуны,вредитель,sklady-i-zernohranilischa,склады и зернохранилища,varat,Варат,родентицид,141-06-3619-1,11.04.2032,"1 брикет (13 г) в нору, 0,2 кг/100 м2",,"Внесение в норы и другие укрытия грызунов вручную (руки защищены резиновыми перчатками) или с помощью ложечного аппликатора, обработки по мере хозяйственной необходимости. Однократно в течение 2-х недель. В дальнейшем рекомендуется не более 1-2 обработок без смены препарата. Впоследствии в течение нескольких месяцев с использованием препаратов иного механизма действия Контроль за наличием приманки проводить 1-2 раза в неделю с перерывом 2-3 дня между раскладками. Обеспечение недоступности к препарату детей, домашних животных, диких нецелевых птиц и зверей.",,1,-,1304
gryzuny,грызуны,вредитель,sklady-i-zernohranilischa,склады и зернохранилища,varat,Варат,родентицид,141-06-3619-1,11.04.2032,"1 брикет (13 г) в нору, 0,2 кг/100 м2",,"Внесение в норы и другие укрытия грызунов вручную (руки защищены резиновыми перчатками) или с помощью ложечного аппликатора, обработки по мере хозяйственной необходимости. Однократно в течение 2-х недель. В дальнейшем рекомендуется не более 1-2 обработок без смены препарата. Впоследствии в течение нескольких месяцев с использованием препаратов иного механизма действия Контроль за наличием приманки проводить 1-2 раза в неделю с перерывом 2-3 дня между раскладками. Обеспечение недоступности к препарату детей, домашних животных, диких нецелевых птиц и зверей.",,1,-,1305
gryzuny,грызуны,вредитель,sklady-i-zernohranilischa,склады и зернохранилища,norat,Норат,родентицид,141-06-3560-1,21.03.2032,"5 г в нору или иную укрытую точку раскладки, 0,2 кг/100 м2",,"Внесение в норы и другие укрытия грызунов с помощью аппликаторов ложечного или трубчатого типов, обработки по мере хозяйственной необходимости. Однократно в течение 2-х недель. В дальнейшем рекомендуется не более 1-2 обработок без смены препарата. Впоследствии в течение нескольких месяцев с использованием препаратов иного механизма действия.Контроль за наличием приманки проводить 1-2 раза в неделю с перерывом 2-3 дня между раскладками. Обеспечение недоступности к препарату детей, домашних животных, диких нецелевых птиц и зверей.",,1,-,1340
gryzuny,грызуны,вредитель,sklady-i-zernohranilischa,склады и зернохранилища,norat,Норат,родентицид,141-06-3560-1,21.03.2032,"5 г в нору или иную укрытую точку раскладки, 0,2 кг/100 м2",,"Внесение в норы и другие укрытия грызунов с помощью аппликаторов ложечного или трубчатого типов, обработки по мере хозяйственной необходимости. Однократно в течение 2-х недель. В дальнейшем рекомендуется не более 1-2 обработок без смены препарата. Впоследствии в течение нескольких месяцев с использованием препаратов иного механизма действия.Контроль за наличием приманки проводить 1-2 раза в неделю с перерывом 2-3 дня между раскладками. Обеспечение недоступности к препарату детей, домашних животных, диких нецелевых птиц и зверей.",,1,-,1341
gryzuny,грызуны,вредитель,sklady-i-zernohranilischa,склады и зернохранилища,norat,Норат,родентицид,141-06-3560-1,21.03.2032,"10 г в нору, 0,2 кг/100 м2",,"Внесение в норы и другие укрытия грызунов с помощью аппликаторов ложечного или трубчатого типов, обработки по мере хозяйственной необходимости. Однократно в течение 2-х недель. В дальнейшем рекомендуется не более 1-2 обработок без смены препарата. Впоследствии в течение нескольких месяцев с использованием препаратов иного механизма действия.Контроль за наличием приманки проводить 1-2 раза в неделю с перерывом 2-3 дня между раскладками. Обеспечение недоступности к препарату детей, домашних животных, диких нецелевых птиц и зверей.",,1,-,1342
gryzuny,грызуны,вредитель,sklady-i-zernohranilischa,склады и зернохранилища,norat,Норат,родентицид,141-06-3560-1,21.03.2032,"10 г в нору, 0,2 кг/100 м2",,"Внесение в норы и другие укрытия грызунов с помощью аппликаторов ложечного или трубчатого типов, обработки по мере хозяйственной необходимости. Однократно в течение 2-х недель. В дальнейшем рекомендуется не более 1-2 обработок без смены препарата. Впоследствии в течение нескольких месяцев с использованием препаратов иного механизма действия.Контроль за наличием приманки проводить 1-2 раза в неделю с перерывом 2-3 дня между раскладками. Обеспечение недоступности к препарату детей, домашних животных, диких нецелевых птиц и зверей.",,1,-,1343
gryzuny,грызуны,вредитель,sklady-i-zernohranilischa,склады и зернохранилища,norat,Норат,родентицид,141-06-3560-1,21.03.2032,от 5 до 40 г в приманочный ящик или трубку,,"Внесение в норы и другие укрытия грызунов с помощью аппликаторов ложечного или трубчатого типов, обработки по мере хозяйственной необходимости. Однократно в течение 2-х недель. В дальнейшем рекомендуется не более 1-2 обработок без смены препарата. Впоследствии в течение нескольких месяцев с использованием препаратов иного механизма действия.Контроль за наличием приманки проводить 1-2 раза в неделю с перерывом 2-3 дня между раскладками. Обеспечение недоступности к препарату детей, домашних животных, диких нецелевых птиц и зверей.",,1,-,1344
gryzuny,грызуны,вредитель,sklady-i-zernohranilischa,склады и зернохранилища,rattidion,Раттидион,родентицид,141-06-3542-1,17.03.2032,5 г в нору или иную укрытую точку раскладки,,"Внесение в норы и другие укрытия грызунов с помощью аппликаторов ложечного или трубчатого типов, обработки по мере хозяйственной необходимости. Однократно в течение 2-х недель. В дальнейшем рекомендуется не более 1-2 обработок без смены препарата. Впоследствии в течение нескольких месяцев с использованием препаратов иного механизма действия.Контроль за наличием приманки проводить 1-2 раза в неделю с перерывом 2-3 дня между раскладками. Обеспечение недоступности к препарату детей, домашних животных, диких нецелевых птиц и зверей.",,1,-,1348
gryzuny,грызуны,вредитель,sklady-i-zernohranilischa,склады и зернохранилища,rattidion,Раттидион,родентицид,141-06-3542-1,17.03.2032,10 г в нору,,"Внесение в норы и другие укрытия грызунов с помощью аппликаторов ложечного или трубчатого типов, обработки по мере хозяйственной необходимости. Однократно в течение 2-х недель. В дальнейшем рекомендуется не более 1-2 обработок без смены препарата. Впоследствии в течение нескольких месяцев с использованием препаратов иного механизма действия.Контроль за наличием приманки проводить 1-2 раза в неделю с перерывом 2-3 дня между раскладками. Обеспечение недоступности к препарату детей, домашних животных, диких нецелевых птиц и зверей.",,1,-,1349
gryzuny,грызуны,вредитель,sklady-i-zernohranilischa,склады и зернохранилища,rattidion,Раттидион,родентицид,141-06-3542-1,17.03.2032,от 5 до 40 г в приманочный ящик или трубку,,"Внесение в норы и другие укрытия грызунов с помощью аппликаторов ложечного или трубчатого типов, обработки по мере хозяйственной необходимости. Однократно в течение 2-х недель. В дальнейшем рекомендуется не более 1-2 обработок без смены препарата. Впоследствии в течение нескольких месяцев с использованием препаратов иного механизма действия.Контроль за наличием приманки проводить 1-2 раза в неделю с перерывом 2-3 дня между раскладками. Обеспечение недоступности к препарату детей, домашних животных, диких нецелевых птиц и зверей.",,1,-,1350
gryzuny,грызуны,вредитель,hvoynye,"хвойные (туя, ель, можжевельник)",varat,Варат,родентицид,141-06-3509-1,01.03.2032,"5 г в нору или иную укрытую точку раскладки, 0,2 кг/100 м2",,"Внесение в норы и другие укрытия грызунов с помощью аппликаторов ложечного или трубчатого типов, обработки по мере хозяйственной необходимости. Однократно в течение 2-х недель. В дальнейшем рекомендуется не более 1-2 обработок без замены другим препаратом. В последствии в течение нескольких месяцев с использованием препаратов иного механизма действия. Контроль за наличием приманки проводить 1-2 раза в неделю с перерывом 2-3 дня между раскладками. Обеспечение недоступности к препарату детей, домашних животных, диких нецелевых птиц и зверей",,1,-,1281
gryzuny,грызуны,вредитель,hvoynye,"хвойные (туя, ель, можжевельник)",varat,Варат,родентицид,141-06-3509-1,01.03.2032,"5 г в нору или иную укрытую точку раскладки, 0,2 кг/100 м2",,"Внесение в норы и другие укрытия грызунов с помощью аппликаторов ложечного или трубчатого типов, обработки по мере хозяйственной необходимости. Однократно в течение 2-х недель. В дальнейшем рекомендуется не более 1-2 обработок без замены другим препаратом. В последствии в течение нескольких месяцев с использованием препаратов иного механизма действия. Контроль за наличием приманки проводить 1-2 раза в неделю с перерывом 2-3 дня между раскладками. Обеспечение недоступности к препарату детей, домашних животных, диких нецелевых птиц и зверей",,1,-,1282
gryzuny,грызуны,вредитель,hvoynye,"хвойные (туя, ель, можжевельник)",varat,Варат,родентицид,141-06-3509-1,01.03.2032,"10 г в нору, 0,2 кг/100 м2",,"Внесение в норы и другие укрытия грызунов с помощью аппликаторов ложечного или трубчатого типов, обработки по мере хозяйственной необходимости. Однократно в течение 2-х недель. В дальнейшем рекомендуется не более 1-2 обработок без замены другим препаратом. В последствии в течение нескольких месяцев с использованием препаратов иного механизма действия. Контроль за наличием приманки проводить 1-2 раза в неделю с перерывом 2-3 дня между раскладками. Обеспечение недоступности к препарату детей, домашних животных, диких нецелевых птиц и зверей",,1,-,1283
gryzuny,грызуны,вредитель,hvoynye,"хвойные (туя, ель, можжевельник)",varat,Варат,родентицид,141-06-3509-1,01.03.2032,"10 г в нору, 0,2 кг/100 м2",,"Внесение в норы и другие укрытия грызунов с помощью аппликаторов ложечного или трубчатого типов, обработки по мере хозяйственной необходимости. Однократно в течение 2-х недель. В дальнейшем рекомендуется не более 1-2 обработок без замены другим препаратом. В последствии в течение нескольких месяцев с использованием препаратов иного механизма действия. Контроль за наличием приманки проводить 1-2 раза в неделю с перерывом 2-3 дня между раскладками. Обеспечение недоступности к препарату детей, домашних животных, диких нецелевых птиц и зверей",,1,-,1284
gryzuny,грызуны,вредитель,hvoynye,"хвойные (туя, ель, можжевельник)",varat,Варат,родентицид,141-06-3509-1,01.03.2032,от 5 до 40 г в приманочный ящик или трубку,,"Внесение в норы и другие укрытия грызунов с помощью аппликаторов ложечного или трубчатого типов, обработки по мере хозяйственной необходимости. Однократно в течение 2-х недель. В дальнейшем рекомендуется не более 1-2 обработок без замены другим препаратом. В последствии в течение нескольких месяцев с использованием препаратов иного механизма действия. Контроль за наличием приманки проводить 1-2 раза в неделю с перерывом 2-3 дня между раскладками. Обеспечение недоступности к препарату детей, домашних животных, диких нецелевых птиц и зверей",,1,-,1285
gryzuny,грызуны,вредитель,hvoynye,"хвойные (туя, ель, можжевельник)",varat,Варат,родентицид,141-06-3618-1,11.04.2032,"1 брикет (3,6 г) в нору или иную укрытую точку раскладки, 0,2 кг/100 м2",,"Внесение в норы и другие укрытия грызунов с помощью аппликаторов ложечного или трубчатого типов, обработки по мере хозяйственной необходимости. Однократно в течение 2-х недель. В дальнейшем рекомендуется не более 1-2 обработок без смены препарата. Впоследствии в течение нескольких месяцев с исполь-зованием препаратов иного механизма действия. Контроль за наличием приманки проводить 1-2 раза в неделю с перерывом 2-3 дня между раскладками. Обеспечение недоступности к препарату детей, домашних животных, диких нецелевых птиц и зверей",,1,-,1291
gryzuny,грызуны,вредитель,hvoynye,"хвойные (туя, ель, можжевельник)",varat,Варат,родентицид,141-06-3618-1,11.04.2032,"1 брикет (3,6 г) в нору или иную укрытую точку раскладки, 0,2 кг/100 м2",,"Внесение в норы и другие укрытия грызунов с помощью аппликаторов ложечного или трубчатого типов, обработки по мере хозяйственной необходимости. Однократно в течение 2-х недель. В дальнейшем рекомендуется не более 1-2 обработок без смены препарата. Впоследствии в течение нескольких месяцев с исполь-зованием препаратов иного механизма действия. Контроль за наличием приманки проводить 1-2 раза в неделю с перерывом 2-3 дня между раскладками. Обеспечение недоступности к препарату детей, домашних животных, диких нецелевых птиц и зверей",,1,-,1292
gryzuny,грызуны,вредитель,hvoynye,"хвойные (туя, ель, можжевельник)",varat,Варат,родентицид,141-06-3618-1,11.04.2032,"2 брикета (7,2 г) в нору, 0,2 кг/100 м2",,"Внесение в норы и другие укрытия грызунов с помощью аппликаторов ложечного или трубчатого типов, обработки по мере хозяйственной необходимости. Однократно в течение 2-х недель. В дальнейшем рекомендуется не более 1-2 обработок без смены препарата. Впоследствии в течение нескольких месяцев с исполь-зованием препаратов иного механизма действия. Контроль за наличием приманки проводить 1-2 раза в неделю с перерывом 2-3 дня между раскладками. Обеспечение недоступности к препарату детей, домашних животных, диких нецелевых птиц и зверей",,1,-,1293
gryzuny,грызуны,вредитель,hvoynye,"хвойные (туя, ель, можжевельник)",varat,Варат,родентицид,141-06-3618-1,11.04.2032,"2 брикета (7,2 г) в нору, 0,2 кг/100 м2",,"Внесение в норы и другие укрытия грызунов с помощью аппликаторов ложечного или трубчатого типов, обработки по мере хозяйственной необходимости. Однократно в течение 2-х недель. В дальнейшем рекомендуется не более 1-2 обработок без смены препарата. Впоследствии в течение нескольких месяцев с исполь-зованием препаратов иного механизма действия. Контроль за наличием приманки проводить 1-2 раза в неделю с перерывом 2-3 дня между раскладками. Обеспечение недоступности к препарату детей, домашних животных, диких нецелевых птиц и зверей",,1,-,1294
gryzuny,грызуны,вредитель,hvoynye,"хвойные (туя, ель, можжевельник)",varat,Варат,родентицид,141-06-3618-1,11.04.2032,от 5 до 30 г в приманочный ящик или трубку,,"Внесение в норы и другие укрытия грызунов с помощью аппликаторов ложечного или трубчатого типов, обработки по мере хозяйственной необходимости. Однократно в течение 2-х недель. В дальнейшем рекомендуется не более 1-2 обработок без смены препарата. Впоследствии в течение нескольких месяцев с исполь-зованием препаратов иного механизма действия. Контроль за наличием приманки проводить 1-2 раза в неделю с перерывом 2-3 дня между раскладками. Обеспечение недоступности к препарату детей, домашних животных, диких нецелевых птиц и зверей",,1,-,1295
gryzuny,грызуны,вредитель,hvoynye,"хвойные (туя, ель, можжевельник)",varat,Варат,родентицид,141-06-3619-1,11.04.2032,от 5 до 40 г в приманочный ящик или трубку,,"Внесение в норы и другие укрытия грызунов вручную (руки защищены резиновыми перчатками) или с помощью ложечного аппликатора, обработки по мере хозяйственной необходимости. Однократно в течение 2-х недель. В дальнейшем рекомендуется не более 1-2 обработок без смены препарата. Впоследствии в течение нескольких месяцев с использованием препаратов иного механизма действия Контроль за наличием приманки проводить 1-2 раза в неделю с перерывом 2-3 дня между раскладками. Обеспечение недоступности к препарату детей, домашних животных, диких нецелевых птиц и зверей.",,1,-,1297
gryzuny,грызуны,вредитель,hvoynye,"хвойные (туя, ель, можжевельник)",varat,Варат,родентицид,141-06-3619-1,11.04.2032,"1 брикет (13 г) на две близко расположенные норы или иные укрытые точки раскладки, 0,2 кг/100 м2",,"Внесение в норы и другие укрытия грызунов вручную (руки защищены резиновыми перчатками) или с помощью ложечного аппликатора, обработки по мере хозяйственной необходимости. Однократно в течение 2-х недель. В дальнейшем рекомендуется не более 1-2 обработок без смены препарата. Впоследствии в течение нескольких месяцев с использованием препаратов иного механизма действия Контроль за наличием приманки проводить 1-2 раза в неделю с перерывом 2-3 дня между раскладками. Обеспечение недоступности к препарату детей, домашних животных, диких нецелевых птиц и зверей.",,1,-,1302
gryzuny,грызуны,вредитель,hvoynye,"хвойные (туя, ель, можжевельник)",varat,Варат,родентицид,141-06-3619-1,11.04.2032,"1 брикет (13 г) на две близко расположенные норы или иные укрытые точки раскладки, 0,2 кг/100 м2",,"Внесение в норы и другие укрытия грызунов вручную (руки защищены резиновыми перчатками) или с помощью ложечного аппликатора, обработки по мере хозяйственной необходимости. Однократно в течение 2-х недель. В дальнейшем рекомендуется не более 1-2 обработок без смены препарата. Впоследствии в течение нескольких месяцев с использованием препаратов иного механизма действия Контроль за наличием приманки проводить 1-2 раза в неделю с перерывом 2-3 дня между раскладками. Обеспечение недоступности к препарату детей, домашних животных, диких нецелевых птиц и зверей.",,1,-,1303
gryzuny,грызуны,вредитель,hvoynye,"хвойные (туя, ель, можжевельник)",varat,Варат,родентицид,141-06-3619-1,11.04.2032,"1 брикет (13 г) в нору, 0,2 кг/100 м2",,"Внесение в норы и другие укрытия грызунов вручную (руки защищены резиновыми перчатками) или с помощью ложечного аппликатора, обработки по мере хозяйственной необходимости. Однократно в течение 2-х недель. В дальнейшем рекомендуется не более 1-2 обработок без смены препарата. Впоследствии в течение нескольких месяцев с использованием препаратов иного механизма действия Контроль за наличием приманки проводить 1-2 раза в неделю с перерывом 2-3 дня между раскладками. Обеспечение недоступности к препарату детей, домашних животных, диких нецелевых птиц и зверей.",,1,-,1304
gryzuny,грызуны,вредитель,hvoynye,"хвойные (туя, ель, можжевельник)",varat,Варат,родентицид,141-06-3619-1,11.04.2032,"1 брикет (13 г) в нору, 0,2 кг/100 м2",,"Внесение в норы и другие укрытия грызунов вручную (руки защищены резиновыми перчатками) или с помощью ложечного аппликатора, обработки по мере хозяйственной необходимости. Однократно в течение 2-х недель. В дальнейшем рекомендуется не более 1-2 обработок без смены препарата. Впоследствии в течение нескольких месяцев с использованием препаратов иного механизма действия Контроль за наличием приманки проводить 1-2 раза в неделю с перерывом 2-3 дня между раскладками. Обеспечение недоступности к препарату детей, домашних животных, диких нецелевых птиц и зверей.",,1,-,1305
gryzuny,грызуны,вредитель,hvoynye,"хвойные (туя, ель, можжевельник)",norat,Норат,родентицид,141-06-3560-1,21.03.2032,"5 г в нору или иную укрытую точку раскладки, 0,2 кг/100 м2",,"Внесение в норы и другие укрытия грызунов с помощью аппликаторов ложечного или трубчатого типов, обработки по мере хозяйственной необходимости. Однократно в течение 2-х недель. В дальнейшем рекомендуется не более 1-2 обработок без смены препарата. Впоследствии в течение нескольких месяцев с использованием препаратов иного механизма действия.Контроль за наличием приманки проводить 1-2 раза в неделю с перерывом 2-3 дня между раскладками. Обеспечение недоступности к препарату детей, домашних животных, диких нецелевых птиц и зверей.",,1,-,1340
gryzuny,грызуны,вредитель,hvoynye,"хвойные (туя, ель, можжевельник)",norat,Норат,родентицид,141-06-3560-1,21.03.2032,"5 г в нору или иную укрытую точку раскладки, 0,2 кг/100 м2",,"Внесение в норы и другие укрытия грызунов с помощью аппликаторов ложечного или трубчатого типов, обработки по мере хозяйственной необходимости. Однократно в течение 2-х недель. В дальнейшем рекомендуется не более 1-2 обработок без смены препарата. Впоследствии в течение нескольких месяцев с использованием препаратов иного механизма действия.Контроль за наличием приманки проводить 1-2 раза в неделю с перерывом 2-3 дня между раскладками. Обеспечение недоступности к препарату детей, домашних животных, диких нецелевых птиц и зверей.",,1,-,1341
gryzuny,грызуны,вредитель,hvoynye,"хвойные (туя, ель, можжевельник)",norat,Норат,родентицид,141-06-3560-1,21.03.2032,"10 г в нору, 0,2 кг/100 м2",,"Внесение в норы и другие укрытия грызунов с помощью аппликаторов ложечного или трубчатого типов, обработки по мере хозяйственной необходимости. Однократно в течение 2-х недель. В дальнейшем рекомендуется не более 1-2 обработок без смены препарата. Впоследствии в течение нескольких месяцев с использованием препаратов иного механизма действия.Контроль за наличием приманки проводить 1-2 раза в неделю с перерывом 2-3 дня между раскладками. Обеспечение недоступности к препарату детей, домашних животных, диких нецелевых птиц и зверей.",,1,-,1342
gryzuny,грызуны,вредитель,hvoynye,"хвойные (туя, ель, можжевельник)",norat,Норат,родентицид,141-06-3560-1,21.03.2032,"10 г в нору, 0,2 кг/100 м2",,"Внесение в норы и другие укрытия грызунов с помощью аппликаторов ложечного или трубчатого типов, обработки по мере хозяйственной необходимости. Однократно в течение 2-х недель. В дальнейшем рекомендуется не более 1-2 обработок без смены препарата. Впоследствии в течение нескольких месяцев с использованием препаратов иного механизма действия.Контроль за наличием приманки проводить 1-2 раза в неделю с перерывом 2-3 дня между раскладками. Обеспечение недоступности к препарату детей, домашних животных, диких нецелевых птиц и зверей.",,1,-,1343
gryzuny,грызуны,вредитель,hvoynye,"хвойные (туя, ель, можжевельник)",norat,Норат,родентицид,141-06-3560-1,21.03.2032,от 5 до 40 г в приманочный ящик или трубку,,"Внесение в норы и другие укрытия грызунов с помощью аппликаторов ложечного или трубчатого типов, обработки по мере хозяйственной необходимости. Однократно в течение 2-х недель. В дальнейшем рекомендуется не более 1-2 обработок без смены препарата. Впоследствии в течение нескольких месяцев с использованием препаратов иного механизма действия.Контроль за наличием приманки проводить 1-2 раза в неделю с перерывом 2-3 дня между раскладками. Обеспечение недоступности к препарату детей, домашних животных, диких нецелевых птиц и зверей.",,1,-,1344
gryzuny,грызуны,вредитель,hvoynye,"хвойные (туя, ель, можжевельник)",rattidion,Раттидион,родентицид,141-06-3542-1,17.03.2032,5 г в нору или иную укрытую точку раскладки,,"Внесение в норы и другие укрытия грызунов с помощью аппликаторов ложечного или трубчатого типов, обработки по мере хозяйственной необходимости. Однократно в течение 2-х недель. В дальнейшем рекомендуется не более 1-2 обработок без смены препарата. Впоследствии в течение нескольких месяцев с использованием препаратов иного механизма действия.Контроль за наличием приманки проводить 1-2 раза в неделю с перерывом 2-3 дня между раскладками. Обеспечение недоступности к препарату детей, домашних животных, диких нецелевых птиц и зверей.",,1,-,1348
gryzuny,грызуны,вредитель,hvoynye,"хвойные (туя, ель, можжевельник)",rattidion,Раттидион,родентицид,141-06-3542-1,17.03.2032,10 г в нору,,"Внесение в норы и другие укрытия грызунов с помощью аппликаторов ложечного или трубчатого типов, обработки по мере хозяйственной необходимости. Однократно в течение 2-х недель. В дальнейшем рекомендуется не более 1-2 обработок без смены препарата. Впоследствии в течение нескольких месяцев с использованием препаратов иного механизма действия.Контроль за наличием приманки проводить 1-2 раза в неделю с перерывом 2-3 дня между раскладками. Обеспечение недоступности к препарату детей, домашних животных, диких нецелевых птиц и зверей.",,1,-,1349
gryzuny,грызуны,вредитель,hvoynye,"хвойные (туя, ель, можжевельник)",rattidion,Раттидион,родентицид,141-06-3542-1,17.03.2032,от 5 до 40 г в приманочный ящик или трубку,,"Внесение в норы и другие укрытия грызунов с помощью аппликаторов ложечного или трубчатого типов, обработки по мере хозяйственной необходимости. Однократно в течение 2-х недель. В дальнейшем рекомендуется не более 1-2 обработок без смены препарата. Впоследствии в течение нескольких месяцев с использованием препаратов иного механизма действия.Контроль за наличием приманки проводить 1-2 раза в неделю с перерывом 2-3 дня между раскладками. Обеспечение недоступности к препарату детей, домашних животных, диких нецелевых птиц и зверей.",,1,-,1350
gusenitsy,гусеницы,вредитель,kapusta,капуста,batrayder,Батрайдер,инсектицид,021-01-2591-1,12.03.2030,2 мл/3 л воды,"6,7 мл",Опрыскивание в период вегетации,20,1,I,63
gusenitsy,гусеницы,вредитель,kapusta,капуста,bitoksibatsillin,Битоксибациллин,инсектицид,034-01-2881-1,17.11.2030,40-50 г/10 лводы,40–50 г,Опрыскивание в период вегетации против каждого поколения вредителя с интервалом 7-8 дней,5,2,III,26
gusenitsy,гусеницы,вредитель,kapusta,капуста,boveriks-zh,"Боверикс, Ж",инсектицид,585-01-9716-1,08.12.2035,100 мл/10 лводы,100 мл,Опрыскивание в период вегетации с интервалом 10-14 дней.,5,4,III,35
gusenitsy,гусеницы,вредитель,kapusta,капуста,gerold,Герольд,инсектицид,021-01-1679-1,11.01.2028,5 мл/10 лводы,5 мл,Опрыскивание в период вегетации,30,1,III,133
gusenitsy,гусеницы,вредитель,kapusta,капуста,imiprid-duo,Имиприд Дуо,инсектицид,002-01-10053-0,28.07.2029,2 мл/100 м2,,Опрыскивание в период вегетации,20,2,I,171
gusenitsy,гусеницы,вредитель,kapusta,капуста,karbotsin,Карбоцин,инсектицид,441-01-1513-1,30.05.2027,1 таб./10 лводы,1 таб,Опрыскивание растений в период вегетации,25,2,I,289
gusenitsy,гусеницы,вредитель,kapusta,капуста,kinmiks,Кинмикс,инсектицид,262-01-9609-0,30.09.2028,"2,0-3,0",,Опрыскивание в период вегетации.,20,2,I,103
gusenitsy,гусеницы,вредитель,kapusta,капуста,lepidotsid,Лепидоцид,инсектицид,034-01-2886-1,09.12.2030,20-30 г/10 лводы,20–30 г,Опрыскивание в период вегетации против каждого поколения вредителя с интервалом 7-8 дней,5,2,III,31
gusenitsy,гусеницы,вредитель,kapusta,капуста,lepidotsid,Лепидоцид,инсектицид,034-01-2882-1,13.12.2030,20-30 мл/10 лводы,20–30 мл,Опрыскивание в период вегетации против каждого поколения вредителя с интервалом 7-8 дней,5,2,III,34
gusenitsy,гусеницы,вредитель,kapusta,капуста,matrinbio,МатринБио,инсектицид,021-01-2672-1,12.05.2030,10-15 мл/3 лводы,"33,3–50 мл",Опрыскивание в период вегетации,3,3,III,222
gusenitsy,гусеницы,вредитель,kapusta,капуста,molniya-ekstra,Молния Экстра,инсектицид,046-01-5030-1,26.02.2027,"1,5 мл/100 м2",,Опрыскивание в период вегетации.,20,2,I,288
gusenitsy,гусеницы,вредитель,kapusta,капуста,turinbash,ТуринБаш,инсектицид,585-01-9829-1,11.03.2036,200 мл/10 лводы,200 мл,Опрыскивание в период вегетации против каждого поколения вредителя с интервалом 7-10 дней.,,5,III,5
gusenitsy,гусеницы,вредитель,kapusta,капуста,fitoverm-forte,Фитоверм Форте,инсектицид,012-01-1326-1,12.01.2027,3 мл/100 м2,,Опрыскивание в период вегетации,3,3,III,43
gusenitsy,гусеницы,вредитель,kapusta,капуста,sharpey,Шарпей,инсектицид,021-01-2589-1,12.03.2030,"1,5 мл/3 лводы",5 мл,Опрыскивание в период вегетации,25,3,I,287
gusenitsy,гусеницы,вредитель,kryzhovnik,крыжовник,lepidotsid,Лепидоцид,инсектицид,034-01-2886-1,09.12.2030,20-30 г/10 лводы,20–30 г,Опрыскивание в период вегетации против каждого поколения вредителя с интервалом 7-8 дней,5,2,III,32
gusenitsy,гусеницы,вредитель,luk,лук,matrinbio-bau,МатринБио БАУ,инсектицид,021-01-4440-1,04.03.2034,700 мл/10-30 растений,,Опрыскивание с помощью флакона с курковым распылителем с готовым рабочим раствором в период вегетации при появлении вредителей,3,3,III,223
gusenitsy,гусеницы,вредитель,malina,малина,lepidotsid,Лепидоцид,инсектицид,034-01-2886-1,09.12.2030,20-30 г/10 лводы,20–30 г,Опрыскивание в период вегетации против каждого поколения вредителя с интервалом 7-8 дней,5,2,III,32
gusenitsy,гусеницы,вредитель,plodovye-derevya,плодовые деревья (общее),lepidotsid,Лепидоцид,инсектицид,034-01-2886-1,09.12.2030,20-30 г/10 лводы,20–30 г,Опрыскивание в период массового отрождения гусениц против каждого поколения вредителя с интервалом 10-14 дней (на плодовых культурах – 7-8 дней),5,2,III,32
gusenitsy,гусеницы,вредитель,plodovye-derevya,плодовые деревья (общее),moletoks,Молетокс,инсектицид,021-01-3034-1,24.02.2031,5 мл/10 лводы,5 мл,Опрыскивание в период вегетации (в зависимости от возраста и объема кроны),,1,I,293
gusenitsy,гусеницы,вредитель,ryabina,рябина,lepidotsid,Лепидоцид,инсектицид,034-01-2886-1,09.12.2030,20-30 г/10 лводы,20–30 г,Опрыскивание в период вегетации против каждого поколения вредителя с интервалом 7-8 дней,5,2,III,32
gusenitsy,гусеницы,вредитель,smorodina,смородина,lepidotsid,Лепидоцид,инсектицид,034-01-2886-1,09.12.2030,20-30 г/10 лводы,20–30 г,Опрыскивание в период вегетации против каждого поколения вредителя с интервалом 7-8 дней,5,2,III,32
gusenitsy,гусеницы,вредитель,smorodina,смородина,fitoverm-forte,Фитоверм Форте,инсектицид,012-01-1326-1,12.01.2027,4 мл/10 лводы,4 мл,Опрыскивание в период вегетации,3,2,III,43
gusenitsy,гусеницы,вредитель,tomat,томат,lepidotsid,Лепидоцид,инсектицид,034-01-2886-1,09.12.2030,30-40 г/10 л,30–40 г,"Опрыскивание в период вегетации 0,3-0,4 % рабочим раствором",5,1,III,32
gusenitsy,гусеницы,вредитель,yablonya,яблоня,boveriks-zh,"Боверикс, Ж",инсектицид,585-01-9716-1,08.12.2035,100 мл/10 лводы,100 мл,Опрыскивание в период вегетации с интервалом 7-8 дней.,5,4,III,35
gusenitsy,гусеницы,вредитель,yablonya,яблоня,turinbash,ТуринБаш,инсектицид,585-01-9829-1,11.03.2036,200 мл/10 лводы,200 мл,Опрыскивание в период вегетации с интервалом 7-10 дней.,,5,III,5
gusenitsy,гусеницы,вредитель,yablonya,яблоня,fitoverm-forte,Фитоверм Форте,инсектицид,012-01-1326-1,12.01.2027,3 мл/10 лводы,3 мл,Опрыскивание в период вегетации по личинкам вредителя,3,1,III,43
gusenitsy,гусеницы,вредитель,yagodniki,ягодники (общее),gerold,Герольд,инсектицид,021-01-1679-1,11.01.2028,10 мл/10 лводы,10 мл,Опрыскивание в период вегетации,,1,III,133
gusenitsy,гусеницы,вредитель,yagodniki,ягодники (общее),moletoks,Молетокс,инсектицид,021-01-3034-1,24.02.2031,5 мл/10 лводы,5 мл,Опрыскивание в период вегетации (в зависимости от возраста и объема кроны),,1,I,293
dolgonosik,долгоносик,вредитель,vishnya-chereshnya,вишня / черешня,batrayder,Батрайдер,инсектицид,021-01-2591-1,12.03.2030,2 мл/10 лводы,2 мл,Опрыскивание в период вегетации (в зависимости от возраста и объема кроны),20,1,I,63
dolgonosik,долгоносик,вредитель,vishnya-chereshnya,вишня / черешня,batrayder,Батрайдер,инсектицид,021-01-2591-1,12.03.2030,2 мл/10 лводы,2 мл,Опрыскивание в период вегетации (в зависимости от возраста и объема кроны),20,1,I,64
dolgonosik,долгоносик,вредитель,grusha,груша,karbotsin,Карбоцин,инсектицид,441-01-1513-1,30.05.2027,1 таб./10 лводы,1 таб,Опрыскивание в период вегетации,30,2,I,289
dolgonosik,долгоносик,вредитель,klubnika,клубника (земляника),biorazryad,Биоразряд,инсектицид,033-01-10004-1,08.06.2036,20 г/10 лводы,20 г,"Погружение корневой системы растений перед высадкой в 0,2% раствор на 15-20 минут.",,1,I,38
dolgonosik,долгоносик,вредитель,klubnika,клубника (земляника),doktor-harvest-forte-pro,Доктор Харвест Форте Про,инсектицид,909-01-4367-1,16.01.2034,10-50 мл/100 м2,,Опрыскивание в период вегетации,,5,I,232
dolgonosik,долгоносик,вредитель,komnatnye-rasteniya,комнатные растения (общее),iskra-zolotaya,Искра Золотая,инсектицид,046-01-5042-1,29.06.2030,¼ таблетки/2 л почвы,,Внесение таблетки под растения с неодревесневшими стеблями высотой не более 30-40 см на расстоянии 2-3 см от стебля в предварительно пролитую водой почву,,1,III,158
dolgonosik,долгоносик,вредитель,komnatnye-rasteniya,комнатные растения (общее),muhoed,Мухоед,инсектицид,021-01-2606-1,16.03.2030,2-3 г/м2,,Внесение на поверхность почвы вокруг растений с последующей заделкой путем рыхления почвы,,1,-,116
dolgonosik,долгоносик,вредитель,tsvety,цветы (общее),iskra-zolotaya,Искра Золотая,инсектицид,046-01-5042-1,29.06.2030,¼ таблетки/2 л почвы,,Внесение таблетки под растения с неодревесневшими стеблями высотой не более 30-40 см на расстоянии 2-3 см от стебля в предварительно пролитую водой почву,,1,III,158
dolgonosik,долгоносик,вредитель,tsvety,цветы (общее),muhoed,Мухоед,инсектицид,021-01-2606-1,16.03.2030,2-3 г/м2,,Внесение на поверхность почвы вокруг растений с последующей заделкой путем рыхления почвы,,1,-,116
dolgonosik,долгоносик,вредитель,yablonya,яблоня,karbotsin,Карбоцин,инсектицид,441-01-1513-1,30.05.2027,1 таб./10 лводы,1 таб,Опрыскивание в период вегетации,30,2,I,289
zhuk-schelkun-provolochnik,жук-щелкун / проволочник,вредитель,kartofel,картофель,barguzin,Баргузин,инсектицид,002-01-2108-1,05.02.2029,150 г/100 м2,,Внесение в почву при посадке,40,1,-,115
zhuk-schelkun-provolochnik,жук-щелкун / проволочник,вредитель,kartofel,картофель,biorazryad,Биоразряд,инсектицид,033-01-10004-1,08.06.2036,2-5 г/м2,,Внесение в почву перед посадкой в сухом виде.,,1,I,38
zhuk-schelkun-provolochnik,жук-щелкун / проволочник,вредитель,kartofel,картофель,biofort,Биофорт,инсектицид,046-01-5066-1,24.01.2034,100-300 г/ 100 м2,,Внесение в почву при посадке..вручную с последующей заделкой,,1,III,39
zhuk-schelkun-provolochnik,жук-щелкун / проволочник,вредитель,kartofel,картофель,drakor,Дракор,инсектицид,008-01-3303-1,16.09.2031,120-180 мл/л,,Обработка клубней до посадки,,1,I,180
zhuk-schelkun-provolochnik,жук-щелкун / проволочник,вредитель,kartofel,картофель,zemlin,Землин,инсектицид,046-01-5072-1,17.12.2030,30 г/10 м2,,Внесение в почву при посадке,60,1,-,117
zhuk-schelkun-provolochnik,жук-щелкун / проволочник,вредитель,kartofel,картофель,imidor-pro,Имидор Про,инсектицид,018-01-3536-1,17.03.2032,20-25 мл/лводы,200–250 мл,Обработка клубней до посадки,,1,-,141
zhuk-schelkun-provolochnik,жук-щелкун / проволочник,вредитель,kartofel,картофель,klotiamet-s,Клотиамет-С,инсектицид,002-01-4791-1,28.08.2035,20-22 мл/1лводы,200–220 мл,Обработка клубней перед посадкой,,1,I,180
zhuk-schelkun-provolochnik,жук-щелкун / проволочник,вредитель,kartofel,картофель,komandor,Командор,инсектицид,046-01-5061-1,09.04.2028,20-25 мл/лводы,200–250 мл,Обработка клубней до посадки,,1,I,159
zhuk-schelkun-provolochnik,жук-щелкун / проволочник,вредитель,kartofel,картофель,metavayt,Метавайт,инсектицид,196-01-3937-1,09.01.2033,20-50 мл/литр воды,,Обработка клубней и дна борозды при посадке картофеля,,1,III,39
zhuk-schelkun-provolochnik,жук-щелкун / проволочник,вредитель,kartofel,картофель,pochin,Почин,инсектицид,012-01-2615-1,18.03.2030,30 г/10 м2,,Внесение в почву при посадке,40,1,-,115
zhuk-schelkun-provolochnik,жук-щелкун / проволочник,вредитель,kartofel,картофель,pochin-m,Почин-М,инсектицид,012-01-4694-1,16.10.2034,30/10 м2,,Внесение в почву при посадке,94,1,-,158
zhuk-schelkun-provolochnik,жук-щелкун / проволочник,вредитель,kartofel,картофель,prestizh,Престиж,инсектицид,019-01-2400-1,17.09.2029,70-100 мл/лводы,,Обработка клубней до посадки,,1,-,172
zhuk-schelkun-provolochnik,жук-щелкун / проволочник,вредитель,kartofel,картофель,prestizh-top,Престиж Топ,инсектицид,561-01-4296-1,10.12.2033,70-100 мл/лводы,,Обработка семян перед посевом,,1,-,231
zhuk-schelkun-provolochnik,жук-щелкун / проволочник,вредитель,kartofel,картофель,provotoks,Провотокс,инсектицид,021-01-2700-1,07.06.2030,40 г/10 м2,,Проволочники,,1,-,115
zhuk-schelkun-provolochnik,жук-щелкун / проволочник,вредитель,kartofel,картофель,razryad,Разряд,инсектицид,033-01-2093-1,31.01.2029,30 г/10 м2,,Внесение в посадочную лунку при высадке клубней,60,1,II,148
zhuk-schelkun-provolochnik,жук-щелкун / проволочник,вредитель,kartofel,картофель,rembek,Рембек,инсектицид,406-01-2014-1,09.10.2028,30 г/10 м2,,Внесение в посадочную лунку при высадке клубней,60,1,-,148
zhuk-schelkun-provolochnik,жук-щелкун / проволочник,вредитель,kartofel,картофель,rofatoks,Рофатокс,инсектицид,286-01-1641-1,06.12.2027,30 г/10 м2,,Внесение в посадочную лунку при высадке клубней,60,1,-,151
zhuk-schelkun-provolochnik,жук-щелкун / проволочник,вредитель,kartofel,картофель,rubezh,Рубеж,инсектицид,008-01-1664-1,17.12.2027,30 г/10 м2,,Внесение в посадочную лунку при высадке клубней,60,1,-,152
zhuk-schelkun-provolochnik,жук-щелкун / проволочник,вредитель,kartofel,картофель,tabu,Табу,инсектицид,005-01-2072-1,29.12.2022,8 мл /1 лводы,80 мл,Обработка клубней перед посадкой,,1,-,143
zhuk-schelkun-provolochnik,жук-щелкун / проволочник,вредитель,kartofel,картофель,tabu,Табу,инсектицид,005-01-2072-1,29.12.2022,4 мл /100 м2,,Опрыскивание дна борозды во время посадки,90,1,-,143
zhuk-schelkun-provolochnik,жук-щелкун / проволочник,вредитель,lesnye-nasazhdeniya,лесные насаждения,vallar,Валлар,инсектицид,021-01-2745-1,15.07.2030,40-50 г/10 м2,,Поверхностное внесение препарата после высадки растений в грунт с последующей заделкой на глубину 5-10 см,,2,-,116
zhuk-schelkun-provolochnik,жук-щелкун / проволочник,вредитель,sazhentsy-i-posadochnyy-material,саженцы и посадочный материал,vallar,Валлар,инсектицид,021-01-2745-1,15.07.2030,40-50 г/10 м2,,Поверхностное внесение препарата после высадки растений в грунт с последующей заделкой на глубину 5-10 см,,2,-,116
zhuk-schelkun-provolochnik,жук-щелкун / проволочник,вредитель,tomat,томат,biorazryad,Биоразряд,инсектицид,033-01-10004-1,08.06.2036,2-5 г/м2,,Внесение в почву перед посадкой в сухом виде.,,1,I,38
zhuk-schelkun-provolochnik,жук-щелкун / проволочник,вредитель,hvoynye,"хвойные (туя, ель, можжевельник)",vallar,Валлар,инсектицид,021-01-2745-1,15.07.2030,40-50 г/10 м2,,Поверхностное внесение препарата после высадки растений в грунт с последующей заделкой на глубину 5-10 см,,2,-,116
zhuk-schelkun-provolochnik,жук-щелкун / проволочник,вредитель,tsvety,цветы (общее),pochin,Почин,инсектицид,012-01-2615-1,18.03.2030,30 г/10 м2,,Проволочники,,1,-,115
zhuk-schelkun-provolochnik,жук-щелкун / проволочник,вредитель,tsvety,цветы (общее),pochin-m,Почин-М,инсектицид,012-01-4694-1,16.10.2034,30/10 м2,,Внесение в почву перед посадкой,,1,-,158
zhuk-schelkun-provolochnik,жук-щелкун / проволочник,вредитель,tsvety,цветы (общее),rembek,Рембек,инсектицид,406-01-2014-1,09.10.2028,30 г/10 м2,,Равномерное внесение в почву с последующей заделкой на глубину 5-10 см,,2,-,148
zhuk-schelkun-provolochnik,жук-щелкун / проволочник,вредитель,tsvety,цветы (общее),rofatoks,Рофатокс,инсектицид,286-01-1641-1,06.12.2027,30 г/10 м2,,Равномерное внесение в почву с последующей заделкой на глубину 5-10 см,,2,-,151
zhuk-schelkun-provolochnik,жук-щелкун / проволочник,вредитель,tsvety,цветы (общее),rubezh,Рубеж,инсектицид,008-01-1664-1,17.12.2027,30 г/10 м2,,Равномерное внесение в почву с последующей заделкой на глубину 5-10 см,,2,-,152
zhuki,жуки (общее),вредитель,kartofel,картофель,konfidor-ekstra,Конфидор Экстра,инсектицид,019-01-2064-1,30.01.2029,"0,3-0,5 г / 100 м2",,Опрыскивание в период вегетации при появлении вредителей,20,1,I,145
kapustnaya-muha,капустная муха,вредитель,kapusta,капуста,zemlin,Землин,инсектицид,046-01-5072-1,17.12.2030,30 г/10 м2,,Внесение в почву на глубину 3-5 см при высадке рассады с одновременным рыхлением,60,1,-,117
kapustnaya-muha,капустная муха,вредитель,kapusta,капуста,muhoed,Мухоед,инсектицид,021-01-2606-1,16.03.2030,40 г/10 м2,,Внесение на поверхность почвы при высадке рассады с последующей заделкой путем рыхления почвы,60,1,-,116
kapustnaya-muha,капустная муха,вредитель,kapusta,капуста,pochin,Почин,инсектицид,012-01-2615-1,18.03.2030,20 г/10 м2,,Внесение на поверхность почвы в районе корневой шейки с одновременной заделкой при высадке рассады,40,1,-,115
kapustnaya-muha,капустная муха,вредитель,kapusta,капуста,pochin-m,Почин-М,инсектицид,012-01-4694-1,16.10.2034,20/10 м2,,Внесение на поверхность почвы в районе корневой шейки с одновременной заделкой при высадке рассады,105,1,-,158
karmashki-sliv,кармашки слив,болезнь,sliva,слива,bordoskaya-zhidkost,Бордоская жидкость,фунгицид,021-02-3994-1,01.03.2033,250 мл/10 лводы,250 мл,Ранневесеннее опрыскивание в фазе «зеленого конуса»,60,1,II,467
karmashki-sliv,кармашки слив,болезнь,sliva,слива,bordoskaya-zhidkost,Бордоская жидкость,фунгицид,021-02-3994-1,01.03.2033,100 мл/10 лводы,100 мл,Опрыскивание по вегетации: первое после цветения; последующие – с интервалом 7 дней,28,3,II,468
kartofelnaya-korovka,картофельная коровка,вредитель,kartofel,картофель,karbotsin,Карбоцин,инсектицид,441-01-1513-1,30.05.2027,1 таб./10 лводы,1 таб,Опрыскивание в период вегетации,20,2,I,289
kladosporioz,кладоспориоз,болезнь,grusha,груша,ralli,Ралли,фунгицид,021-02-9607-0,30.09.2028,10 мл/10 лводы,10 мл,"Опрыскивание в период вегетации в фазе созревания плодов, но не позднее 10 дней до сбора урожай.",12,2,III,389
kladosporioz,кладоспориоз,болезнь,klubnika,клубника (земляника),fitosporin-m,Фитоспорин-М,фунгицид,016-02-2491-1,04.11.2029,15 мл/5 лводы,30 мл,"Опрыскивание в период вегетации в фазы: выдвижение цветоносов, начало цветения, начало созревания ягод, перед уборкой урожая",,3,III,316
kladosporioz,кладоспориоз,болезнь,tomat,томат,abiga-pik,Абига-Пик,фунгицид,407-02-1316-1,25.12.2026,50 г/10 лводы,50 г,Опрыскивание в период вегетации,20,4,III,654
kladosporioz,кладоспориоз,болезнь,tomat,томат,bakterra,Бактерра,фунгицид,008-02-2339-1,25.07.2029,10-20 г/10 лводы,10–20 г,Опрыскивание в период вегетации с интервалом 20-30 дней,,2,III,304
kladosporioz,кладоспориоз,болезнь,tomat,томат,bakterra,Бактерра,фунгицид,008-02-2339-1,25.07.2029,10-20 г/10 лводы,10–20 г,Опрыскивание в период вегетации с интервалом 20-30 дней,,2,III,305
kladosporioz,кладоспориоз,болезнь,tomat,томат,biokompozit-pro,Биокомпозит-Про,фунгицид,018-02-3837-1,24.10.2032,100 мл/10 лводы,100 мл,Опрыскивание в период вегетации с интервалом 20 дней,7,4,III,339
kladosporioz,кладоспориоз,болезнь,yablonya,яблоня,ralli,Ралли,фунгицид,021-02-9607-0,30.09.2028,10 мл/10 лводы,10 мл,"Опрыскивание в период вегетации в фазе созревания плодов, но не позднее 10 дней до сбора урожай.",12,2,III,389
kleschi,клещи (общее),вредитель,ayva,айва,bitoksibatsillin,Битоксибациллин,инсектицид,034-01-2881-1,17.11.2030,40-50 г/10 лводы,40–50 г,Опрыскивание в период вегетации против каждого поколения вредителя с интервалом 7-8 дней. Во время цветения обработки запрещены,5,3,III,26
kleschi,клещи (общее),вредитель,ayva,айва,matrinbio,МатринБио,инсектицид,021-01-2672-1,12.05.2030,10-15 мл/10 лводы,10–15 мл,Опрыскивание в период вегетации (в зависимости от возраста и объема кроны),3,3,III,222
kleschi,клещи (общее),вредитель,ayva,айва,preparat-30-plyus,Препарат 30 Плюс,инсектицид,089-01-2641-1,05.04.2030,"0,5 л/10 лводы","0,5 л",Опрыскивание до распускания почек весной при температуре не ниже +4 ˚С,,1,III,106
kleschi,клещи (общее),вредитель,ayva,айва,profilaktin-bio,Профилактин Био,инсектицид,021-01-2703-1,17.06.2030,"0,5 л/10 лводы","0,5 л",Опрыскивание весной до распускания почек при температуре не ниже +4˚С (в зависимости от возраста и объема кроны),,1,III,107
kleschi,клещи (общее),вредитель,ayva,айва,profilaktin-layt,Профилактин Лайт,инсектицид,021-01-2322-1,23.07.2029,"0,5 л/10 лводы","0,5 л",Опрыскивание весной до распускания почек при температуре не ниже +40С (в зависимости от возраста и объема кроны),,1,III,105
kleschi,клещи (общее),вредитель,vinograd,виноград,akardo,Акардо,инсектицид,018-01-2796-1,13.09.2030,4 мл/10 лводы,4 мл,Опрыскивание в период вегетации,28,2,III,243
kleschi,клещи (общее),вредитель,vinograd,виноград,akardo,Акардо,инсектицид,018-01-2796-1,13.09.2030,4 мл/10 лводы,4 мл,Опрыскивание в период вегетации,28,2,III,243
kleschi,клещи (общее),вредитель,vinograd,виноград,apollo,Аполло,инсектицид,156-01-4643-1,22.07.2034,4 мл/10 лводы,4 мл,Опрыскивание в период вегетации,60,2,III,191
kleschi,клещи (общее),вредитель,vinograd,виноград,bitoksibatsillin,Битоксибациллин,инсектицид,034-01-2881-1,17.11.2030,60-80 г/10 лводы,60–80 г,Опрыскивание в период вегетации с интервалом 8-10 дней,5,2,III,26
kleschi,клещи (общее),вредитель,vinograd,виноград,diflomayt,Дифломайт,инсектицид,262-01-2679-1,19.05.2030,4 мл/10 лводы,4 мл,Опрыскивание в период вегетации,30,1,III,132
kleschi,клещи (общее),вредитель,vinograd,виноград,diflomayt,Дифломайт,инсектицид,262-01-2679-1,19.05.2030,4 мл/10 лводы,4 мл,Опрыскивание в период вегетации,30,1,III,132
kleschi,клещи (общее),вредитель,vinograd,виноград,preparat-30-plyus,Препарат 30 Плюс,инсектицид,089-01-2641-1,05.04.2030,"0,5 л/10 лводы","0,5 л",Опрыскивание до распускания почек весной,,1,III,107
kleschi,клещи (общее),вредитель,vishnya-chereshnya,вишня / черешня,preparat-30-plyus,Препарат 30 Плюс,инсектицид,089-01-2641-1,05.04.2030,"0,5 л/10 лводы","0,5 л",Опрыскивание до распускания почек весной при температуре не ниже +4 ˚С,,1,III,106
kleschi,клещи (общее),вредитель,grusha,груша,bitoksibatsillin,Битоксибациллин,инсектицид,034-01-2881-1,17.11.2030,40-50 г/10 лводы,40–50 г,Опрыскивание в период вегетации против каждого поколения вредителя с интервалом 7-8 дней. Во время цветения обработки запрещены,5,3,III,26
kleschi,клещи (общее),вредитель,grusha,груша,matrinbio,МатринБио,инсектицид,021-01-2672-1,12.05.2030,10-15 мл/10 лводы,10–15 мл,Опрыскивание в период вегетации (в зависимости от возраста и объема кроны),3,3,III,222
kleschi,клещи (общее),вредитель,grusha,груша,preparat-30-plyus,Препарат 30 Плюс,инсектицид,089-01-2641-1,05.04.2030,"0,5 л/10 лводы","0,5 л",Опрыскивание до распускания почек весной при температуре не ниже +4 ˚С,,1,III,106
kleschi,клещи (общее),вредитель,grusha,груша,profilaktin-bio,Профилактин Био,инсектицид,021-01-2703-1,17.06.2030,"0,5 л/10 лводы","0,5 л",Опрыскивание весной до распускания почек при температуре не ниже +4˚С (в зависимости от возраста и объема кроны),,1,III,107
kleschi,клещи (общее),вредитель,grusha,груша,profilaktin-layt,Профилактин Лайт,инсектицид,021-01-2322-1,23.07.2029,"0,5 л/10 лводы","0,5 л",Опрыскивание весной до распускания почек при температуре не ниже +40С (в зависимости от возраста и объема кроны),,1,III,105
kleschi,клещи (общее),вредитель,klubnika,клубника (земляника),matrinbio-bau,МатринБио БАУ,инсектицид,021-01-4440-1,04.03.2034,700 мл/25 м2,,Опрыскивание с помощью флакона с курковым распылителем с готовым рабочим раствором в период вегетации при появлении вредителей,3,3,III,223
kleschi,клещи (общее),вредитель,komnatnye-rasteniya,комнатные растения (общее),apollo,Аполло,инсектицид,156-01-4643-1,22.07.2034,4 мл/10 лводы,4 мл,Опрыскивание в период вегетации,,2,III,192
kleschi,клещи (общее),вредитель,limon-tsitrusy,комнатные: лимон / цитрусы,preparat-30-plyus,Препарат 30 Плюс,инсектицид,089-01-2641-1,05.04.2030,"0,5 л/10 лводы","0,5 л",Опрыскивание в период относительного покоя культуры при температуре не ниже +4 ˚С,,1,III,107
kleschi,клещи (общее),вредитель,kryzhovnik,крыжовник,preparat-30-plyus,Препарат 30 Плюс,инсектицид,089-01-2641-1,05.04.2030,"0,5 л/10 лводы","0,5 л",Опрыскивание до распускания почек весной при температуре не ниже +4 ˚С,,1,III,107
kleschi,клещи (общее),вредитель,malina,малина,preparat-30-plyus,Препарат 30 Плюс,инсектицид,089-01-2641-1,05.04.2030,"0,5 л/10 лводы","0,5 л",Опрыскивание до распускания почек весной при температуре не ниже +4 ˚С,,1,III,107
kleschi,клещи (общее),вредитель,ogurets,огурец,diflomayt,Дифломайт,инсектицид,262-01-2679-1,19.05.2030,3 мл/10 лводы,3 мл,Опрыскивание в период вегетации,1,1,III,132
kleschi,клещи (общее),вредитель,ogurets,огурец,matrinbio,МатринБио,инсектицид,021-01-2672-1,12.05.2030,10-15 мл/10 лводы,10–15 мл,Опрыскивание в период вегетации,3,3,III,222
kleschi,клещи (общее),вредитель,pogreba-i-podvaly,погреба и подвалы,sera-400,Сера 400,инсектицид,046-01(02)-5059-1,04.07.2032,300 г/10 м3,,"Фумигация сернистым ангидридом не позднее, чем за 5 дней до закладки продукции на хранение. Время экспозиции – 24-36 часов. По окончании фумигации – полное проветривание помещения в течение 48 часов до полного исчезновения специфического запаха сернистого ангидрида.",,1,-,240
kleschi,клещи (общее),вредитель,pogreba-i-podvaly,погреба и подвалы,sera-400,Сера 400,инсектицид,046-01(02)-5059-1,04.07.2032,300 г/10 м3,,"Фумигация сернистым ангидридом не позднее, чем за 5 дней до закладки продукции на хранение. Время экспозиции – 24-36 часов. По окончании фумигации – полное проветривание помещения в течение 48 часов до полного исчезновения специфического запаха сернистого ангидрида.",,1,-,240
kleschi,клещи (общее),вредитель,pogreba-i-podvaly,погреба и подвалы,sera-400,Сера 400,инсектицид,046-01(02)-5059-1,04.07.2032,300 г/10 м3,,"Фумигация сернистым ангидридом не позднее, чем за 5 дней до закладки продукции на хранение. Время экспозиции – 24-36 часов. По окончании фумигации – полное проветривание помещения в течение 48 часов до полного исчезновения специфического запаха сернистого ангидрида.",,1,-,241
kleschi,клещи (общее),вредитель,pogreba-i-podvaly,погреба и подвалы,fas,ФАС,инсектицид,044-02-2291-1,02.05.2029,30-60 г/м3,,Фумигация сернистым ангидридом пустых помещений. Экспозиция – 24-36 часов. Дегазация не менее 2-х суток. Допуск людей после полного проветривания в течение 48 часов после полного исчезновения специфического запаха сернистого ангидрида,,1,-,236
kleschi,клещи (общее),вредитель,roza,роза,apollo,Аполло,инсектицид,156-01-4643-1,22.07.2034,4 мл/10 лводы,4 мл,Опрыскивание в период вегетации,,2,III,191
kleschi,клещи (общее),вредитель,roza,роза,bitoksibatsillin,Битоксибациллин,инсектицид,034-01-2881-1,17.11.2030,50-100 г/10 лводы,50–100 г,"Опрыскивание в период вегетации 0,5-1% рабочим раствором",,1,III,26
kleschi,клещи (общее),вредитель,roza,роза,bitoksibatsillin,Битоксибациллин,инсектицид,034-01-2881-1,17.11.2030,50-100 г/10 лводы,50–100 г,"Опрыскивание в период вегетации 0,5-1% рабочим раствором",,1,III,26
kleschi,клещи (общее),вредитель,roza,роза,diflomayt,Дифломайт,инсектицид,262-01-2679-1,19.05.2030,3 мл/10 лводы,3 мл,Опрыскивание в период вегетации,,1,III,132
kleschi,клещи (общее),вредитель,roza,роза,matrinbio,МатринБио,инсектицид,021-01-2672-1,12.05.2030,10-15 мл/10 лводы,10–15 мл,Опрыскивание в период вегетации,,3,III,222
kleschi,клещи (общее),вредитель,sklady-i-zernohranilischa,склады и зернохранилища,sera-400,Сера 400,инсектицид,046-01(02)-5059-1,04.07.2032,300 г/20 м3,,Фумигация сернистым ангидридом перед высадкой рассады. Дегазация до 10 дней. Время экспозиции – 24-36 часов По окончании фумигации – полное проветривание помещения в течение 48 часов до полного исчезновения специфического запаха сернистого ангидрида.,,1,-,240
kleschi,клещи (общее),вредитель,sklady-i-zernohranilischa,склады и зернохранилища,sera-400,Сера 400,инсектицид,046-01(02)-5059-1,04.07.2032,300 г/10 м3,,"Фумигация сернистым ангидридом не позднее, чем за 5 дней до закладки продукции на хранение. Время экспозиции – 24-36 часов. По окончании фумигации – полное проветривание помещения в течение 48 часов до полного исчезновения специфического запаха сернистого ангидрида.",,1,-,240
kleschi,клещи (общее),вредитель,sklady-i-zernohranilischa,склады и зернохранилища,sera-400,Сера 400,инсектицид,046-01(02)-5059-1,04.07.2032,300 г/20 м3,,Фумигация сернистым ангидридом перед высадкой рассады. Дегазация до 10 дней. Время экспозиции – 24-36 часов. По окончании фумигации – полное проветривание помещения в течение 48 часов до полного исчезновения специфического запаха сернистого ангидрида.,,1,-,240
kleschi,клещи (общее),вредитель,sklady-i-zernohranilischa,склады и зернохранилища,sera-400,Сера 400,инсектицид,046-01(02)-5059-1,04.07.2032,300 г/10 м3,,"Фумигация сернистым ангидридом не позднее, чем за 5 дней до закладки продукции на хранение. Время экспозиции – 24-36 часов. По окончании фумигации – полное проветривание помещения в течение 48 часов до полного исчезновения специфического запаха сернистого ангидрида.",,1,-,240
kleschi,клещи (общее),вредитель,sklady-i-zernohranilischa,склады и зернохранилища,sera-400,Сера 400,инсектицид,046-01(02)-5059-1,04.07.2032,300 г/20 м3,,Фумигация сернистым ангидридом перед высадкой рассады. Дегазация до 10 дней. Время экспозиции – 24-36 часов. По окончании фумигации – полное проветривание помещения в течение 48 часов до полного исчезновения специфического запаха сернистого ангидрида.,,1,-,241
kleschi,клещи (общее),вредитель,sklady-i-zernohranilischa,склады и зернохранилища,sera-400,Сера 400,инсектицид,046-01(02)-5059-1,04.07.2032,300 г/10 м3,,"Фумигация сернистым ангидридом не позднее, чем за 5 дней до закладки продукции на хранение. Время экспозиции – 24-36 часов. По окончании фумигации – полное проветривание помещения в течение 48 часов до полного исчезновения специфического запаха сернистого ангидрида.",,1,-,241
kleschi,клещи (общее),вредитель,sklady-i-zernohranilischa,склады и зернохранилища,fas,ФАС,инсектицид,044-02-2291-1,02.05.2029,60 г/м3,,Фумигация сернистым ангидридом пустых помещений перед посадкой растений. Экспозиция – 24-36 часов. Дегазация – 2-10 суток. Допуск людей после полного проветривания,,1,-,236
kleschi,клещи (общее),вредитель,sklady-i-zernohranilischa,склады и зернохранилища,fas,ФАС,инсектицид,044-02-2291-1,02.05.2029,30-60 г/м3,,Фумигация сернистым ангидридом пустых помещений. Экспозиция – 24-36 часов. Дегазация не менее 2-х суток. Допуск людей после полного проветривания в течение 48 часов после полного исчезновения специфического запаха сернистого ангидрида,,1,-,236
kleschi,клещи (общее),вредитель,sliva,слива,preparat-30-plyus,Препарат 30 Плюс,инсектицид,089-01-2641-1,05.04.2030,"0,5 л/10 лводы","0,5 л",Опрыскивание до распускания почек весной при температуре не ниже +4 ˚С,,1,III,106
kleschi,клещи (общее),вредитель,smorodina,смородина,matrinbio,МатринБио,инсектицид,021-01-2672-1,12.05.2030,10-15 мл/10 лводы,10–15 мл,Опрыскивание в период вегетации,3,3,III,223
kleschi,клещи (общее),вредитель,smorodina,смородина,matrinbio-bau,МатринБио БАУ,инсектицид,021-01-4440-1,04.03.2034,700 мл/4-8 кустов,,Опрыскивание с помощью флакона с курковым распылителем с готовым рабочим раствором в период вегетации при появлении вредителей,3,3,III,223
kleschi,клещи (общее),вредитель,smorodina,смородина,preparat-30-plyus,Препарат 30 Плюс,инсектицид,089-01-2641-1,05.04.2030,"0,5 л/10 лводы","0,5 л",Опрыскивание до распускания почек весной при температуре не ниже +4 ˚С,,1,III,107
kleschi,клещи (общее),вредитель,smorodina,смородина,fitoverm-forte,Фитоверм Форте,инсектицид,012-01-1326-1,12.01.2027,4 мл/10 лводы,4 мл,Опрыскивание в период вегетации,3,2,III,43
kleschi,клещи (общее),вредитель,tomat,томат,matrinbio,МатринБио,инсектицид,021-01-2672-1,12.05.2030,10-15 мл/10 лводы,10–15 мл,Опрыскивание в период вегетации,3,3,III,222
kleschi,клещи (общее),вредитель,tsvety,цветы (общее),apollo,Аполло,инсектицид,156-01-4643-1,22.07.2034,4 мл/10 лводы,4 мл,Опрыскивание в период вегетации,,2,III,192
kleschi,клещи (общее),вредитель,tsvety,цветы (общее),bitoksibatsillin,Битоксибациллин,инсектицид,034-01-2881-1,17.11.2030,50-100 г/10 лводы,50–100 г,"Опрыскивание в период вегетации 0,5-1% рабочим раствором",,1,III,26
kleschi,клещи (общее),вредитель,tsvety,цветы (общее),preparat-30-plyus,Препарат 30 Плюс,инсектицид,089-01-2641-1,05.04.2030,"0,5 л/10 лводы","0,5 л","Опрыскивание – первое весной до распускания почек, при температуре не ниже +4 ˚С, второе – летом при появлении вредителей",,2,III,107
kleschi,клещи (общее),вредитель,yablonya,яблоня,akardo,Акардо,инсектицид,018-01-2796-1,13.09.2030,4 мл/10 лводы,4 мл,Опрыскивание в период вегетации (в зависимости от возраста дерева и объема кроны),28,2,III,242
kleschi,клещи (общее),вредитель,yablonya,яблоня,apollo,Аполло,инсектицид,156-01-4643-1,22.07.2034,4 мл/10 лводы,4 мл,Опрыскивание в период вегетации,30,2,III,191
kleschi,клещи (общее),вредитель,yablonya,яблоня,bitoksibatsillin,Битоксибациллин,инсектицид,034-01-2881-1,17.11.2030,40-50 г/10 лводы,40–50 г,Опрыскивание в период вегетации против каждого поколения вредителя с интервалом 7-8 дней. Во время цветения обработки запрещены,5,3,III,26
kleschi,клещи (общее),вредитель,yablonya,яблоня,diflomayt,Дифломайт,инсектицид,262-01-2679-1,19.05.2030,4 мл/10 лводы,4 мл,Опрыскивание в период вегетации,30,1,III,132
kleschi,клещи (общее),вредитель,yablonya,яблоня,matrinbio,МатринБио,инсектицид,021-01-2672-1,12.05.2030,10-15 мл/10 лводы,10–15 мл,Опрыскивание в период вегетации (в зависимости от возраста и объема кроны),3,3,III,222
kleschi,клещи (общее),вредитель,yablonya,яблоня,preparat-30-plyus,Препарат 30 Плюс,инсектицид,089-01-2641-1,05.04.2030,"0,5 л/10 лводы","0,5 л",Опрыскивание до распускания почек весной при температуре не ниже +4 ˚С,,1,III,106
kleschi,клещи (общее),вредитель,yablonya,яблоня,profilaktin-bio,Профилактин Био,инсектицид,021-01-2703-1,17.06.2030,"0,5 л/10 лводы","0,5 л",Опрыскивание весной до распускания почек при температуре не ниже +4˚С (в зависимости от возраста и объема кроны),,1,III,107
kleschi,клещи (общее),вредитель,yablonya,яблоня,profilaktin-layt,Профилактин Лайт,инсектицид,021-01-2322-1,23.07.2029,"0,5 л/10 лводы","0,5 л",Опрыскивание весной до распускания почек при температуре не ниже +40С (в зависимости от возраста и объема кроны),,1,III,105
kleschi,клещи (общее),вредитель,yablonya,яблоня,fitoverm-forte,Фитоверм Форте,инсектицид,012-01-1326-1,12.01.2027,3 мл/10 лводы,3 мл,Опрыскивание в период вегетации по личинкам вредителя,3,1,III,43
klop,клоп,вредитель,vinograd,виноград,karachar,Карачар,инсектицид,018-01-3146-1,17.05.2031,4 мл/10 лводы,4 мл,Опрыскивание в период вегетации (в зависимости от типа формировки куста и облист-венности),30,2,I,197
klop,клоп,вредитель,vinograd,виноград,tvingo,Твинго,инсектицид,018-01-1919-1,20.05.2028,10 мл/10 лводы,10 мл,Опрыскивание в период вегетации,20,2,I,136
klop,клоп,вредитель,vishnya-chereshnya,вишня / черешня,karachar,Карачар,инсектицид,018-01-3146-1,17.05.2031,4 мл/10 лводы,4 мл,Опрыскивание в период вегетации (в зависимости от объема кроны),,3,I,196
klop,клоп,вредитель,ogurets,огурец,doktor-harvest-forte-pro,Доктор Харвест Форте Про,инсектицид,909-01-4367-1,16.01.2034,8-20 мл/100 м2,,Опрыскивание в период вегетации,,5,I,231
klop,клоп,вредитель,ogurets,огурец,otrava-doktor-harvest,Отрава Доктор Харвест,инсектицид,769-01-3326-1,04.10.2031,8-20 мл/100 м2,,Опрыскивание в период вегетации,5,5,I,290
klop,клоп,вредитель,tomat,томат,doktor-harvest-forte-pro,Доктор Харвест Форте Про,инсектицид,909-01-4367-1,16.01.2034,8-20 мл/100 м2,,Опрыскивание в период вегетации,,5,I,231
klop,клоп,вредитель,tomat,томат,otrava-doktor-harvest,Отрава Доктор Харвест,инсектицид,769-01-3326-1,04.10.2031,8-20 мл/100 м2,,Опрыскивание в период вегетации,5,5,I,290
klop,клоп,вредитель,tsvety,цветы (общее),zubr,Зубр,инсектицид,012-01-2442-1,09.12.2029,5 мл/10 лводы,5 мл,Опрыскивание в период вегетации,,3,I,146
klyasterosporioz,клястероспориоз (дырчатая пятнистость),болезнь,abrikos-persik,абрикос / персик,abiga-pik,Абига-Пик,фунгицид,407-02-1316-1,25.12.2026,40-50 г/10 лводы,40–50 г,Опрыскивание в период вегетации- 10л/100 м2,30,4,III,654
klyasterosporioz,клястероспориоз (дырчатая пятнистость),болезнь,abrikos-persik,абрикос / персик,bordoskaya-zhidkost,Бордоская жидкость,фунгицид,021-02-3994-1,01.03.2033,250 мл/10 лводы,250 мл,Ранневесеннее опрыскивание в фазе «зеленого конуса»,60,1,II,467
klyasterosporioz,клястероспориоз (дырчатая пятнистость),болезнь,abrikos-persik,абрикос / персик,bordoskaya-zhidkost,Бордоская жидкость,фунгицид,021-02-3994-1,01.03.2033,100 мл/10 лводы,100 мл,Опрыскивание по вегетации: первое после цветения; последующие – с интервалом 7 дней,28,3,II,468
klyasterosporioz,клястероспориоз (дырчатая пятнистость),болезнь,abrikos-persik,абрикос / персик,indigo,Индиго,фунгицид,018-02-2300-1,30.06.2029,40-50 мл/10 лводы,40–50 мл,Опрыскивание в период вегетации – при появлении первых признаков болезней (до цветения); последующие – с интервалом 7-10 дней,7,4,III,470
klyasterosporioz,клястероспориоз (дырчатая пятнистость),болезнь,abrikos-persik,абрикос / персик,indigo,Индиго,фунгицид,018-02-2300-1,30.06.2029,40-50 мл/10 лводы,40–50 мл,Опрыскивание в период вегетации – при появлении первых признаков болезней (до цветения); последующие – с интервалом 7-10 дней,7,4,III,470
klyasterosporioz,клястероспориоз (дырчатая пятнистость),болезнь,abrikos-persik,абрикос / персик,skor,Скор,фунгицид,041-02-4371-0,22.01.2027,2 мл/10 лводы,2 мл,Опрыскивание в период вегетации до и после цветения с интервалом не более 14 дней.,21,2,III,394
klyasterosporioz,клястероспориоз (дырчатая пятнистость),болезнь,abrikos-persik,абрикос / персик,skoryy,Скорый,фунгицид,126-02-3456-1,27.12.2031,2 мл/10 лводы,2 мл,Опрыскивание в период вегетации до и после цветения с интервалом не более 14 дней,21,2,III,398
klyasterosporioz,клястероспориоз (дырчатая пятнистость),болезнь,abrikos-persik,абрикос / персик,horton,Хортон,фунгицид,008-02-3302-1,16.09.2031,10 мл/10 лводы,10 мл,"Опрыскивание в период вегетации: первое – при появлении первых признаков заболевания, последующее – с интервалом 7-10 дней",15,2,III,663
klyasterosporioz,клястероспориоз (дырчатая пятнистость),болезнь,abrikos-persik,абрикос / персик,horton,Хортон,фунгицид,008-02-3302-1,16.09.2031,"3,5 г/10 лводы","3,5 г","Опрыскивание в период вегетации: первое - при появлении первых признаков заболевания, последующее – с интервалом 7-10 дней",15,2,III,664
klyasterosporioz,клястероспориоз (дырчатая пятнистость),болезнь,abrikos-persik,абрикос / персик,horus,Хорус,фунгицид,041-02-4412-0,14.02.2027,"3,5 г/10 лводы","3,5 г","Опрыскивание в период вегетации: первое - при появлении первых признаков заболевания, последующее -с интервалом 7-10 дней.",15,2,III,665
klyasterosporioz,клястероспориоз (дырчатая пятнистость),болезнь,vishnya-chereshnya,вишня / черешня,abiga-pik,Абига-Пик,фунгицид,407-02-1316-1,25.12.2026,40-50 г/10 лводы,40–50 г,Опрыскивание в период вегетации- 10л/100 м2,30,4,III,654
klyasterosporioz,клястероспориоз (дырчатая пятнистость),болезнь,vishnya-chereshnya,вишня / черешня,bordoskaya-zhidkost,Бордоская жидкость,фунгицид,021-02-3994-1,01.03.2033,250 мл/10 лводы,250 мл,Ранневесеннее опрыскивание в фазе «зеленого конуса»,60,1,II,467
klyasterosporioz,клястероспориоз (дырчатая пятнистость),болезнь,vishnya-chereshnya,вишня / черешня,bordoskaya-zhidkost,Бордоская жидкость,фунгицид,021-02-3994-1,01.03.2033,100 мл/10 лводы,100 мл,Опрыскивание по вегетации: первое после цветения; последующие – с интервалом 7 дней,28,3,II,468
klyasterosporioz,клястероспориоз (дырчатая пятнистость),болезнь,vishnya-chereshnya,вишня / черешня,bordoskaya-smes-f,Бордоская смесь-Ф,фунгицид,149-02-4542-1,02.05.2034,100 г сульфатамеди +100 г кальция гидроксида/1 0 л воды,,Опрыскивание в период вегетации 1% рабочим раствором,25,4,III,465
klyasterosporioz,клястероспориоз (дырчатая пятнистость),болезнь,vishnya-chereshnya,вишня / черешня,indigo,Индиго,фунгицид,018-02-2300-1,30.06.2029,40-50 мл/10 лводы,40–50 мл,Опрыскивание в период вегетации – при появлении первых признаков болезней (до цветения); последующие – с интервалом 7-10 дней,7,4,III,470
klyasterosporioz,клястероспориоз (дырчатая пятнистость),болезнь,vishnya-chereshnya,вишня / черешня,indigo,Индиго,фунгицид,018-02-2300-1,30.06.2029,40-50 мл/10 лводы,40–50 мл,Опрыскивание в период вегетации – при появлении первых признаков болезней (до цветения); последующие – с интервалом 7-10 дней,7,4,III,470
klyasterosporioz,клястероспориоз (дырчатая пятнистость),болезнь,vishnya-chereshnya,вишня / черешня,silar,Силар,фунгицид,008-02-3711-1,07.06.2032,20 мл/л воды,200 мл,Опрыскивание в период вегетации с интервалом 15 – 20 дней,12,3,III,498
klyasterosporioz,клястероспориоз (дырчатая пятнистость),болезнь,vishnya-chereshnya,вишня / черешня,stakkato,Стаккато,фунгицид,018-02-10081-1,17.08.2036,50 мл/6-8 лводы,,"Опрыскивание в период вегетации, последнее – за 10 дней до уборки урожая.",,4,III,297
klyasterosporioz,клястероспориоз (дырчатая пятнистость),болезнь,vishnya-chereshnya,вишня / черешня,horton,Хортон,фунгицид,008-02-3302-1,16.09.2031,10 мл/10 лводы,10 мл,"Опрыскивание в период вегетации: первое – при появлении первых признаков заболевания, последующее – с интервалом 7-10 дней",15,2,III,663
klyasterosporioz,клястероспориоз (дырчатая пятнистость),болезнь,vishnya-chereshnya,вишня / черешня,horton,Хортон,фунгицид,008-02-3302-1,16.09.2031,"3,5 г/10 лводы","3,5 г","Опрыскивание в период вегетации: первое - при появлении первых признаков заболевания, последующее – с интервалом 7-10 дней",15,2,III,664
klyasterosporioz,клястероспориоз (дырчатая пятнистость),болезнь,vishnya-chereshnya,вишня / черешня,horus,Хорус,фунгицид,041-02-4412-0,14.02.2027,"3,5 г/10 лводы","3,5 г","Опрыскивание в период вегетации: первое - при появлении первых признаков заболевания, последующее -с интервалом 7-10 дней.",15,2,III,665
klyasterosporioz,клястероспориоз (дырчатая пятнистость),болезнь,sliva,слива,abiga-pik,Абига-Пик,фунгицид,407-02-1316-1,25.12.2026,40-50 г/10 лводы,40–50 г,Опрыскивание в период вегетации- 10л/100 м2,30,4,III,654
klyasterosporioz,клястероспориоз (дырчатая пятнистость),болезнь,sliva,слива,bordoskaya-zhidkost,Бордоская жидкость,фунгицид,021-02-3994-1,01.03.2033,250 мл/10 лводы,250 мл,Ранневесеннее опрыскивание в фазе «зеленого конуса»,60,1,II,467
klyasterosporioz,клястероспориоз (дырчатая пятнистость),болезнь,sliva,слива,bordoskaya-zhidkost,Бордоская жидкость,фунгицид,021-02-3994-1,01.03.2033,100 мл/10 лводы,100 мл,Опрыскивание по вегетации: первое после цветения; последующие – с интервалом 7 дней,28,3,II,468
klyasterosporioz,клястероспориоз (дырчатая пятнистость),болезнь,sliva,слива,bordoskaya-smes-f,Бордоская смесь-Ф,фунгицид,149-02-4542-1,02.05.2034,100 г сульфатамеди +100 г кальция гидроксида/1 0 л воды,,Опрыскивание в период вегетации 1% рабочим раствором,25,4,III,465
klyasterosporioz,клястероспориоз (дырчатая пятнистость),болезнь,sliva,слива,indigo,Индиго,фунгицид,018-02-2300-1,30.06.2029,40-50 мл/10 лводы,40–50 мл,Опрыскивание в период вегетации – при появлении первых признаков болезней (до цветения); последующие – с интервалом 7-10 дней,7,4,III,470
klyasterosporioz,клястероспориоз (дырчатая пятнистость),болезнь,sliva,слива,indigo,Индиго,фунгицид,018-02-2300-1,30.06.2029,40-50 мл/10 лводы,40–50 мл,Опрыскивание в период вегетации – при появлении первых признаков болезней (до цветения); последующие – с интервалом 7-10 дней,7,4,III,470
klyasterosporioz,клястероспориоз (дырчатая пятнистость),болезнь,sliva,слива,skor,Скор,фунгицид,041-02-4371-0,22.01.2027,2 мл/10 лводы,2 мл,Опрыскивание в период вегетации до и после цветения с интервалом не более 14 дней.,21,2,III,394
klyasterosporioz,клястероспориоз (дырчатая пятнистость),болезнь,sliva,слива,skoryy,Скорый,фунгицид,126-02-3456-1,27.12.2031,2 мл/10 лводы,2 мл,Опрыскивание в период вегетации до и после цветения с интервалом не более 14 дней,21,2,III,398
klyasterosporioz,клястероспориоз (дырчатая пятнистость),болезнь,sliva,слива,stakkato,Стаккато,фунгицид,018-02-10081-1,17.08.2036,50 мл/6-8 лводы,,"Опрыскивание в период вегетации, последнее – за 10 дней до уборки урожая.",,4,III,297
klyasterosporioz,клястероспориоз (дырчатая пятнистость),болезнь,sliva,слива,horton,Хортон,фунгицид,008-02-3302-1,16.09.2031,10 мл/10 лводы,10 мл,"Опрыскивание в период вегетации: первое – при появлении первых признаков заболевания, последующее – с интервалом 7-10 дней",15,2,III,663
klyasterosporioz,клястероспориоз (дырчатая пятнистость),болезнь,sliva,слива,horton,Хортон,фунгицид,008-02-3302-1,16.09.2031,"3,5 г/10 лводы","3,5 г","Опрыскивание в период вегетации: первое - при появлении первых признаков заболевания, последующее – с интервалом 7-10 дней",15,2,III,664
klyasterosporioz,клястероспориоз (дырчатая пятнистость),болезнь,sliva,слива,horus,Хорус,фунгицид,041-02-4412-0,14.02.2027,"3,5 г/10 лводы","3,5 г","Опрыскивание в период вегетации: первое - при появлении первых признаков заболевания, последующее -с интервалом 7-10 дней.",15,2,III,665
kokkomikoz,коккомикоз,болезнь,abrikos-persik,абрикос / персик,abiga-pik,Абига-Пик,фунгицид,407-02-1316-1,25.12.2026,40-50 г/10 лводы,40–50 г,Опрыскивание в период вегетации- 10л/100 м2,30,4,III,654
kokkomikoz,коккомикоз,болезнь,abrikos-persik,абрикос / персик,bordoskaya-zhidkost,Бордоская жидкость,фунгицид,021-02-3994-1,01.03.2033,250 мл/10 лводы,250 мл,Ранневесеннее опрыскивание в фазе «зеленого конуса»,60,1,II,467
kokkomikoz,коккомикоз,болезнь,abrikos-persik,абрикос / персик,bordoskaya-zhidkost,Бордоская жидкость,фунгицид,021-02-3994-1,01.03.2033,100 мл/10 лводы,100 мл,Опрыскивание по вегетации: первое после цветения; последующие – с интервалом 7 дней,28,3,II,468
kokkomikoz,коккомикоз,болезнь,abrikos-persik,абрикос / персик,horton,Хортон,фунгицид,008-02-3302-1,16.09.2031,10 мл/10 лводы,10 мл,"Опрыскивание в период вегетации: первое – при появлении первых признаков заболевания, последующее – с интервалом 7-10 дней",15,2,III,663
kokkomikoz,коккомикоз,болезнь,abrikos-persik,абрикос / персик,horton,Хортон,фунгицид,008-02-3302-1,16.09.2031,"3,5 г/10 лводы","3,5 г","Опрыскивание в период вегетации: первое - при появлении первых признаков заболевания, последующее – с интервалом 7-10 дней",15,2,III,664
kokkomikoz,коккомикоз,болезнь,abrikos-persik,абрикос / персик,horus,Хорус,фунгицид,041-02-4412-0,14.02.2027,"3,5 г/10 лводы","3,5 г","Опрыскивание в период вегетации: первое - при появлении первых признаков заболевания, последующее -с интервалом 7-10 дней.",15,2,III,665
kokkomikoz,коккомикоз,болезнь,vishnya-chereshnya,вишня / черешня,abiga-pik,Абига-Пик,фунгицид,407-02-1316-1,25.12.2026,40-50 г/10 лводы,40–50 г,Опрыскивание в период вегетации- 10л/100 м2,30,4,III,654
kokkomikoz,коккомикоз,болезнь,vishnya-chereshnya,вишня / черешня,bordoskaya-zhidkost,Бордоская жидкость,фунгицид,021-02-3994-1,01.03.2033,250 мл/10 лводы,250 мл,Ранневесеннее опрыскивание в фазе «зеленого конуса»,60,1,II,467
kokkomikoz,коккомикоз,болезнь,vishnya-chereshnya,вишня / черешня,bordoskaya-zhidkost,Бордоская жидкость,фунгицид,021-02-3994-1,01.03.2033,100 мл/10 лводы,100 мл,Опрыскивание по вегетации: первое после цветения; последующие – с интервалом 7 дней,28,3,II,468
kokkomikoz,коккомикоз,болезнь,vishnya-chereshnya,вишня / черешня,skor,Скор,фунгицид,041-02-4371-0,22.01.2027,2 мл/10 лводы,2 мл,Опрыскивание в период вегетации до и после цветения с интервалом не более 14 дней.,21,2,III,394
kokkomikoz,коккомикоз,болезнь,vishnya-chereshnya,вишня / черешня,skoryy,Скорый,фунгицид,126-02-3456-1,27.12.2031,2 мл/10 лводы,2 мл,Опрыскивание в период вегетации до и после цветения с интервалом не более 14 дней,21,2,III,398
kokkomikoz,коккомикоз,болезнь,vishnya-chereshnya,вишня / черешня,stakkato,Стаккато,фунгицид,018-02-10081-1,17.08.2036,50 мл/6-8 лводы,,"Опрыскивание в период вегетации, последнее – за 10 дней до уборки урожая.",,4,III,297
kokkomikoz,коккомикоз,болезнь,vishnya-chereshnya,вишня / черешня,horton,Хортон,фунгицид,008-02-3302-1,16.09.2031,10 мл/10 лводы,10 мл,"Опрыскивание в период вегетации: первое – при появлении первых признаков заболевания, последующее – с интервалом 7-10 дней",15,2,III,663
kokkomikoz,коккомикоз,болезнь,vishnya-chereshnya,вишня / черешня,horton,Хортон,фунгицид,008-02-3302-1,16.09.2031,"3,5 г/10 лводы","3,5 г","Опрыскивание в период вегетации: первое - при появлении первых признаков заболевания, последующее – с интервалом 7-10 дней",15,2,III,664
kokkomikoz,коккомикоз,болезнь,vishnya-chereshnya,вишня / черешня,horus,Хорус,фунгицид,041-02-4412-0,14.02.2027,"3,5 г/10 лводы","3,5 г","Опрыскивание в период вегетации: первое - при появлении первых признаков заболевания, последующее -с интервалом 7-10 дней.",15,2,III,665
kokkomikoz,коккомикоз,болезнь,sliva,слива,abiga-pik,Абига-Пик,фунгицид,407-02-1316-1,25.12.2026,40-50 г/10 лводы,40–50 г,Опрыскивание в период вегетации- 10л/100 м2,30,4,III,654
kokkomikoz,коккомикоз,болезнь,sliva,слива,bordoskaya-zhidkost,Бордоская жидкость,фунгицид,021-02-3994-1,01.03.2033,250 мл/10 лводы,250 мл,Ранневесеннее опрыскивание в фазе «зеленого конуса»,60,1,II,467
kokkomikoz,коккомикоз,болезнь,sliva,слива,bordoskaya-zhidkost,Бордоская жидкость,фунгицид,021-02-3994-1,01.03.2033,100 мл/10 лводы,100 мл,Опрыскивание по вегетации: первое после цветения; последующие – с интервалом 7 дней,28,3,II,468
kokkomikoz,коккомикоз,болезнь,sliva,слива,stakkato,Стаккато,фунгицид,018-02-10081-1,17.08.2036,50 мл/6-8 лводы,,"Опрыскивание в период вегетации, последнее – за 10 дней до уборки урожая.",,4,III,297
kokkomikoz,коккомикоз,болезнь,sliva,слива,horton,Хортон,фунгицид,008-02-3302-1,16.09.2031,10 мл/10 лводы,10 мл,"Опрыскивание в период вегетации: первое – при появлении первых признаков заболевания, последующее – с интервалом 7-10 дней",15,2,III,663
kokkomikoz,коккомикоз,болезнь,sliva,слива,horton,Хортон,фунгицид,008-02-3302-1,16.09.2031,"3,5 г/10 лводы","3,5 г","Опрыскивание в период вегетации: первое - при появлении первых признаков заболевания, последующее – с интервалом 7-10 дней",15,2,III,664
kokkomikoz,коккомикоз,болезнь,sliva,слива,horus,Хорус,фунгицид,041-02-4412-0,14.02.2027,"3,5 г/10 лводы","3,5 г","Опрыскивание в период вегетации: первое - при появлении первых признаков заболевания, последующее -с интервалом 7-10 дней.",15,2,III,665
koloradskiy-zhuk,колорадский жук,вредитель,kartofel,картофель,akkord,Аккорд,инсектицид,082-01-2856-1,09.11.2030,1 мл/100 м2,,Опрыскивание в период вегетации,20,1,I,55
koloradskiy-zhuk,колорадский жук,вредитель,kartofel,картофель,aktara,Актара,инсектицид,041-01-4386-0,25.01.2027,"0,6 г /100 м2",,Опрыскивание в период вегетации,14,1,I,250
koloradskiy-zhuk,колорадский жук,вредитель,kartofel,картофель,alfatsin,Альфацин,инсектицид,682(913)-01-4415-1,24.03.2032,1 мл/100 м2,,Опрыскивание в период вегетации,14,1,I,54
koloradskiy-zhuk,колорадский жук,вредитель,kartofel,картофель,arkana,Аркана,инсектицид,012-01-5025-1,08.06.2033,"0,6 мл/100 м2",,Опрыскивание в период вегетации,5,1,I,250
koloradskiy-zhuk,колорадский жук,вредитель,kartofel,картофель,batrayder,Батрайдер,инсектицид,021-01-2591-1,12.03.2030,"1,5 мл/3 лводы",5 мл,Опрыскивание в период вегетации,20,1,I,63
koloradskiy-zhuk,колорадский жук,вредитель,kartofel,картофель,beretta,Беретта,инсектицид,018-01-2828-1,07.10.2030,5 мл/5 л воды,10 мл,Опрыскивание в период вегетации,30,2,I,105
koloradskiy-zhuk,колорадский жук,вредитель,kartofel,картофель,biorazryad,Биоразряд,инсектицид,033-01-10004-1,08.06.2036,20 г/10 лводы,20 г,Опрыскивание растений с интервалом 5-7 дней в период массового отрождения личинок.,,2,I,38
koloradskiy-zhuk,колорадский жук,вредитель,kartofel,картофель,biotlin-bau,Биотлин Бау,инсектицид,021-01-3455-1,27.12.2031,700 мл/35 м2,,Опрыскивание в период вегетации при появлении вредителей. Флакон с курковым распылителем с готовым рабочим раствором,20,1,I,143
koloradskiy-zhuk,колорадский жук,вредитель,kartofel,картофель,bitoksibatsillin,Битоксибациллин,инсектицид,034-01-2881-1,17.11.2030,40-50 г/10 лводы,40–50 г,"Опрыскивание при появлении личинок 1-2 возраста. Интервал между обработками при среднесуточной температуре выше 20˚С – 6-7 дней, ниже 20˚С – 8-10 дней",5,3,III,26
koloradskiy-zhuk,колорадский жук,вредитель,kartofel,картофель,drakor,Дракор,инсектицид,008-01-3303-1,16.09.2031,"2,5 мл/5 лводы",5 мл,Опрыскивание в период вегетации,4,1,I,180
koloradskiy-zhuk,колорадский жук,вредитель,kartofel,картофель,drakor,Дракор,инсектицид,008-01-3303-1,16.09.2031,120-180 мл/л,,Обработка клубней до посадки,,1,I,180
koloradskiy-zhuk,колорадский жук,вредитель,kartofel,картофель,zhukoed-bio,Жукоед Био,инсектицид,021-01-4782-1,22.01.2035,"1,25-1,5 мл/3 л воды","4,2–5 мл",Опрыскивание в период вегетации,10,2,I,242
koloradskiy-zhuk,колорадский жук,вредитель,kartofel,картофель,zubr,Зубр,инсектицид,012-01-2442-1,09.12.2029,1 мл/5л воды,2 мл,Опрыскивание в период вегетации,20,1,I,146
koloradskiy-zhuk,колорадский жук,вредитель,kartofel,картофель,imidor-pro,Имидор Про,инсектицид,018-01-3536-1,17.03.2032,20-25 мл/лводы,200–250 мл,Обработка клубней до посадки,,1,-,141
koloradskiy-zhuk,колорадский жук,вредитель,kartofel,картофель,imiprid,Имиприд,инсектицид,002-01-4941-0,02.07.2028,1 мл/5 лводы,2 мл,Опрыскивание всходов.,20,1,I,160
koloradskiy-zhuk,колорадский жук,вредитель,kartofel,картофель,imiprid-duo,Имиприд Дуо,инсектицид,002-01-10053-0,28.07.2029,"1,25 мл/100 м2",,Опрыскивание в период вегетации.,4,2,I,172
koloradskiy-zhuk,колорадский жук,вредитель,kartofel,картофель,insektobakterin,Инсектобактерин,инсектицид,033-01(02)-3392-1,02.12.2031,20 г/10 л,20 г,Опрыскивание в период вегетации с интервалом 5-10 дней,,4,III,28
koloradskiy-zhuk,колорадский жук,вредитель,kartofel,картофель,insektor-supra,Инсектор Супра,инсектицид,008-01-3332-1,07.10.2031,3 мл/100 м2,,Опрыскивание в период вегетации,20,1,I,250
koloradskiy-zhuk,колорадский жук,вредитель,kartofel,картофель,inta-vir,Инта-Вир,инсектицид,149-01-4581-1,20.05.2034,1 таб./10 лводы,1 таб,Опрыскивание в период вегетации,7,2,I,284
koloradskiy-zhuk,колорадский жук,вредитель,kartofel,картофель,iskra,Искра,инсектицид,046-01-5053-1,18.06.2030,1 таб./10 лводы,1 таб,Опрыскивание в период вегетации,20,2,I,289
koloradskiy-zhuk,колорадский жук,вредитель,kartofel,картофель,iskra-zolotaya,Искра Золотая,инсектицид,046-01-5043-1,18.06.2030,1 мл/100 м2,,Опрыскивание в период вегетации,20,1,I,158
koloradskiy-zhuk,колорадский жук,вредитель,kartofel,картофель,karatel,Каратель,инсектицид,175-01-4953-0,22.07.2035,"0,2-0,25 г/3 лводы","0,7–0,8 г",Опрыскивание в период вегетации.,20,1,I,182
koloradskiy-zhuk,колорадский жук,вредитель,kartofel,картофель,karbotsin,Карбоцин,инсектицид,441-01-1513-1,30.05.2027,1 таб./10 лводы,1 таб,Опрыскивание в период вегетации,20,2,I,289
koloradskiy-zhuk,колорадский жук,вредитель,kartofel,картофель,kinmiks,Кинмикс,инсектицид,262-01-9609-0,30.09.2028,"1,5-2,0",,Опрыскивание в период вегетации.,20,2,I,103
koloradskiy-zhuk,колорадский жук,вредитель,kartofel,картофель,klotiamet,Клотиамет,инсектицид,002-01-4060-1,03.04.2033,"0,2-0,25 г/100 м2",,Опрыскивание в период вегетации при появлении вредителей,5,1,I,181
koloradskiy-zhuk,колорадский жук,вредитель,kartofel,картофель,klotiamet-s,Клотиамет-С,инсектицид,002-01-4791-1,28.08.2035,20-22 мл/1лводы,200–220 мл,Обработка клубней перед посадкой,,1,I,180
koloradskiy-zhuk,колорадский жук,вредитель,kartofel,картофель,kollayder,Коллайдер,инсектицид,021-01-4913-1,24.04.2026,"0,4-0,5 мл/3 лводы","1,3–1,7 мл",Опрыскивание в период вегетации,7,2,III,274
koloradskiy-zhuk,колорадский жук,вредитель,kartofel,картофель,komandor,Командор,инсектицид,046-01-5061-1,09.04.2028,1 мл/ 5 лводы,2 мл,Опрыскивание в период вегетации,20,1,I,159
koloradskiy-zhuk,колорадский жук,вредитель,kartofel,картофель,komandor,Командор,инсектицид,046-01-5061-1,09.04.2028,20-25 мл/лводы,200–250 мл,Обработка клубней до посадки,,1,I,159
koloradskiy-zhuk,колорадский жук,вредитель,kartofel,картофель,komandor-maksi,Командор Макси,инсектицид,046-01-5049-1,25.06.2030,"0,3 г/100 м2",,Опрыскивание в период вегетации,20,1,I,158
koloradskiy-zhuk,колорадский жук,вредитель,kartofel,картофель,koragen,Кораген,инсектицид,489-01-2630-1,26.03.2030,"0,5 мл/100 м2",,Опрыскивание в период вегетации,14,1,III,271
koloradskiy-zhuk,колорадский жук,вредитель,kartofel,картофель,korado-layt,Корадо Лайт,инсектицид,543-01-2178-1,01.04.2029,4 мл/ 5 лводы,8 мл,Опрыскивание в период вегетации,20,1,I,146
koloradskiy-zhuk,колорадский жук,вредитель,kartofel,картофель,kropagen,Кропаген,инсектицид,966-01-4893-0,01.06.2028,"0,5 мл/100 м2",,Опрыскивание в период вегетации.,14,1,II,275
koloradskiy-zhuk,колорадский жук,вредитель,kartofel,картофель,matrinbio,МатринБио,инсектицид,021-01-2672-1,12.05.2030,10-15 мл/3 лводы,"33,3–50 мл",Опрыскивание в период вегетации,3,3,III,222
koloradskiy-zhuk,колорадский жук,вредитель,kartofel,картофель,movento-enerdzhi,Мовенто Энерджи,инсектицид,019-01-1232-1,18.09.2026,5 мл/3 л воды,"16,7 мл",Опрыскивание в период вегетации,7,2,I,173
koloradskiy-zhuk,колорадский жук,вредитель,kartofel,картофель,molniya-ekstra,Молния Экстра,инсектицид,046-01-5030-1,26.02.2027,"1,5 мл/100 м2",,Опрыскивание в период вегетации.,20,2,I,288
koloradskiy-zhuk,колорадский жук,вредитель,kartofel,картофель,pampero,Памперо,инсектицид,002-01-9948-1,12.05.2036,"0,5 мл/ 100 м2",,Опрыскивание в период вегетации.,15,2,III,273
koloradskiy-zhuk,колорадский жук,вредитель,kartofel,картофель,porfir,Порфир,инсектицид,018-01-4868-0,14.05.2028,"0,5 мл/4 лводы","1,2 мл",Опрыскивание в период вегетации.,5,2,III,270
koloradskiy-zhuk,колорадский жук,вредитель,kartofel,картофель,prestizh,Престиж,инсектицид,019-01-2400-1,17.09.2029,70-100 мл/лводы,,Обработка клубней до посадки,,1,-,172
koloradskiy-zhuk,колорадский жук,вредитель,kartofel,картофель,prestizh-top,Престиж Топ,инсектицид,561-01-4296-1,10.12.2033,70-100 мл/лводы,,Обработка семян перед посевом,,1,-,231
koloradskiy-zhuk,колорадский жук,вредитель,kartofel,картофель,razryad,Разряд,инсектицид,033-01-2093-1,31.01.2029,30 г/10 м2,,Равномерное внесение в почву с последующей заделкой на глубину 3-5 см,60,1,II,148
koloradskiy-zhuk,колорадский жук,вредитель,kartofel,картофель,rembek,Рембек,инсектицид,406-01-2014-1,09.10.2028,30 г/10 м2,,Равномерное внесение в почву с последующей заделкой на глубину 3-5 см,60,1,-,148
koloradskiy-zhuk,колорадский жук,вредитель,kartofel,картофель,rofatoks,Рофатокс,инсектицид,286-01-1641-1,06.12.2027,30 г/10 м2,,Равномерное внесение в почву с последующей заделкой на глубину 3-5 см,60,1,-,151
koloradskiy-zhuk,колорадский жук,вредитель,kartofel,картофель,rubezh,Рубеж,инсектицид,008-01-1664-1,17.12.2027,30 г/10 м2,,Равномерное внесение в почву с последующей заделкой на глубину 3-5 см,60,1,-,152
koloradskiy-zhuk,колорадский жук,вредитель,kartofel,картофель,sochva,Сочва,репеллент,012-09-3065-1,17.03.2031,30 мл/ 100 м2,,Опрыскивание в период заселения растений с интервалом 7 дней,,4,III,1831
koloradskiy-zhuk,колорадский жук,вредитель,kartofel,картофель,tabu,Табу,инсектицид,005-01-2072-1,29.12.2022,8 мл /1 лводы,80 мл,Обработка клубней перед посадкой,,1,-,143
koloradskiy-zhuk,колорадский жук,вредитель,kartofel,картофель,tabu,Табу,инсектицид,005-01-2072-1,29.12.2022,4 мл /100 м2,,Опрыскивание дна борозды во время посадки,90,1,-,143
koloradskiy-zhuk,колорадский жук,вредитель,kartofel,картофель,turinbash,ТуринБаш,инсектицид,585-01-9829-1,11.03.2036,200 мл/10 лводы,200 мл,Опрыскивание в период массового отрождения личинок каждого поколения вредителя с интервалом 7-10 дней.,,5,III,6
koloradskiy-zhuk,колорадский жук,вредитель,kartofel,картофель,fitoverm-forte,Фитоверм Форте,инсектицид,012-01-1326-1,12.01.2027,"0,8 мл/100 м2",,Опрыскивание в период вегетации по личинкам вредителя,1,3,III,43
koloradskiy-zhuk,колорадский жук,вредитель,kartofel,картофель,tsi-alfa,Ци-Альфа,инсектицид,097-01-2546-1,27.02.2030,1 мл/10 лводы,1 мл,Опрыскивание в период вегетации,20,1,I,50
koloradskiy-zhuk,колорадский жук,вредитель,kartofel,картофель,sharpey,Шарпей,инсектицид,021-01-2589-1,12.03.2030,"1,5 мл/3 лводы",5 мл,Опрыскивание в период вегетации,20,2,I,287
koloradskiy-zhuk,колорадский жук,вредитель,tomat,томат,kollayder,Коллайдер,инсектицид,021-01-4913-1,24.04.2026,"0,4-0,6 мл/3 лводы","1,3–2 мл",Опрыскивание в период вегетации,21,2,III,274
koloradskiy-zhuk,колорадский жук,вредитель,tomat,томат,koragen,Кораген,инсектицид,489-01-2630-1,26.03.2030,1 мл/10 лводы,1 мл,Опрыскивание в период вегетации,21,1,III,271
koloradskiy-zhuk,колорадский жук,вредитель,tomat,томат,kropagen,Кропаген,инсектицид,966-01-4893-0,01.06.2028,1 мл/10 лводы,1 мл,Опрыскивание в период вегетации.,21,1,II,275
koloradskiy-zhuk,колорадский жук,вредитель,tomat,томат,pampero,Памперо,инсектицид,002-01-9948-1,12.05.2036,"0,6 мл/ 3 лводы",2 мл,Опрыскивание в период вегетации.,21,2,III,273
kompleks-bolezney,комплекс болезней,болезнь,pogreba-i-podvaly,погреба и подвалы,bomber,Бомбер,инсектицид,021-01(02)-2836-1,12.10.2030,5 г/20 м3,,Фумигация пустых помещений перед закладкой продукции на хранение. Экспозиция – 3 суток. Дегазация не менее 2 суток. Допуск людей после полного проветривания в течение 48 часов,,1,-,245
kompleks-bolezney,комплекс болезней,болезнь,pogreba-i-podvaly,погреба и подвалы,bomber,Бомбер,инсектицид,021-01(02)-2836-1,12.10.2030,5 г/20 м3,,Фумигация пустых помещений перед закладкой продукции на хранение. Экспозиция – 3 суток. Дегазация не менее 2 суток. Допуск людей после полного проветривания в течение 48 часов,,1,-,595
kompleks-bolezney,комплекс болезней,болезнь,pogreba-i-podvaly,погреба и подвалы,sera-400,Сера 400,инсектицид,046-01(02)-5059-1,04.07.2032,300 г/10 м3,,"Фумигация сернистым ангидридом не позднее, чем за 5 дней до закладки продукции на хранение. Время экспозиции – 24-36 часов. По окончании фумигации – полное проветривание помещения в течение 48 часов до полного исчезновения специфического запаха сернистого ангидрида.",,1,-,240
kompleks-bolezney,комплекс болезней,болезнь,pogreba-i-podvaly,погреба и подвалы,sera-400,Сера 400,инсектицид,046-01(02)-5059-1,04.07.2032,300 г/10 м3,,"Фумигация сернистым ангидридом не позднее, чем за 5 дней до закладки продукции на хранение. Время экспозиции – 24-36 часов. По окончании фумигации – полное проветривание помещения в течение 48 часов до полного исчезновения специфического запаха сернистого ангидрида.",,1,-,241
kompleks-bolezney,комплекс болезней,болезнь,pogreba-i-podvaly,погреба и подвалы,sera-400,Сера 400,инсектицид,046-01(02)-5059-1,04.07.2032,300 г/10 м3,,"Фумигация сернистым ангидридом не позднее, чем за 5 дней до закладки продукции на хранение. Время экспозиции – 24-36 часов. По окончании фумигации – полное проветривание помещения в течение 48 часов до полного исчезновения специфического запаха сернистого ангидрида.",,1,-,554
kompleks-bolezney,комплекс болезней,болезнь,pogreba-i-podvaly,погреба и подвалы,fas,ФАС,инсектицид,044-02-2291-1,02.05.2029,30-60 г/м3,,Фумигация сернистым ангидридом пустых помещений. Экспозиция – 24-36 часов. Дегазация не менее 2-х суток. Допуск людей после полного проветривания в течение 48 часов после полного исчезновения специфического запаха сернистого ангидрида,,1,-,237
kompleks-bolezney,комплекс болезней,болезнь,sklady-i-zernohranilischa,склады и зернохранилища,sera-400,Сера 400,инсектицид,046-01(02)-5059-1,04.07.2032,300 г/20 м3,,Фумигация сернистым ангидридом перед высадкой рассады. Дегазация до 10 дней. Время экспозиции – 24-36 часов По окончании фумигации – полное проветривание помещения в течение 48 часов до полного исчезновения специфического запаха сернистого ангидрида.,,1,-,240
kompleks-bolezney,комплекс болезней,болезнь,sklady-i-zernohranilischa,склады и зернохранилища,sera-400,Сера 400,инсектицид,046-01(02)-5059-1,04.07.2032,300 г/10 м3,,"Фумигация сернистым ангидридом не позднее, чем за 5 дней до закладки продукции на хранение. Время экспозиции – 24-36 часов. По окончании фумигации – полное проветривание помещения в течение 48 часов до полного исчезновения специфического запаха сернистого ангидрида.",,1,-,240
kompleks-bolezney,комплекс болезней,болезнь,sklady-i-zernohranilischa,склады и зернохранилища,sera-400,Сера 400,инсектицид,046-01(02)-5059-1,04.07.2032,300 г/20 м3,,Фумигация сернистым ангидридом перед высадкой рассады. Дегазация до 10 дней. Время экспозиции – 24-36 часов. По окончании фумигации – полное проветривание помещения в течение 48 часов до полного исчезновения специфического запаха сернистого ангидрида.,,1,-,241
kompleks-bolezney,комплекс болезней,болезнь,sklady-i-zernohranilischa,склады и зернохранилища,sera-400,Сера 400,инсектицид,046-01(02)-5059-1,04.07.2032,300 г/10 м3,,"Фумигация сернистым ангидридом не позднее, чем за 5 дней до закладки продукции на хранение. Время экспозиции – 24-36 часов. По окончании фумигации – полное проветривание помещения в течение 48 часов до полного исчезновения специфического запаха сернистого ангидрида.",,1,-,241
kompleks-bolezney,комплекс болезней,болезнь,sklady-i-zernohranilischa,склады и зернохранилища,sera-400,Сера 400,инсектицид,046-01(02)-5059-1,04.07.2032,300 г/20 м3,,Фумигация сернистым ангидридом перед высадкой рассады. Дегазация до 10 дней. Время экспозиции – 24-36 часов. По окончании фумигации – полное проветривание помещения в течение 48 часов до полного исчезновения специфического запаха сернистого ангидрида.,,1,-,553
kompleks-bolezney,комплекс болезней,болезнь,sklady-i-zernohranilischa,склады и зернохранилища,sera-400,Сера 400,инсектицид,046-01(02)-5059-1,04.07.2032,300 г/10 м3,,"Фумигация сернистым ангидридом не позднее, чем за 5 дней до закладки продукции на хранение. Время экспозиции – 24-36 часов. По окончании фумигации – полное проветривание помещения в течение 48 часов до полного исчезновения специфического запаха сернистого ангидрида.",,1,-,554
kompleks-bolezney,комплекс болезней,болезнь,sklady-i-zernohranilischa,склады и зернохранилища,fas,ФАС,инсектицид,044-02-2291-1,02.05.2029,60 г/м3,,Фумигация сернистым ангидридом пустых помещений перед посадкой растений. Экспозиция – 24-36 часов. Дегазация – 2-10 суток. Допуск людей после полного проветривания,,1,-,237
kompleks-bolezney,комплекс болезней,болезнь,sklady-i-zernohranilischa,склады и зернохранилища,fas,ФАС,инсектицид,044-02-2291-1,02.05.2029,30-60 г/м3,,Фумигация сернистым ангидридом пустых помещений. Экспозиция – 24-36 часов. Дегазация не менее 2-х суток. Допуск людей после полного проветривания в течение 48 часов после полного исчезновения специфического запаха сернистого ангидрида,,1,-,237
kompleks-vrediteley,комплекс вредителей,вредитель,pogreba-i-podvaly,погреба и подвалы,bomber,Бомбер,инсектицид,021-01(02)-2836-1,12.10.2030,5 г/20 м3,,Фумигация пустых помещений перед закладкой продукции на хранение. Экспозиция – 3 суток. Дегазация не менее 2 суток. Допуск людей после полного проветривания в течение 48 часов,,1,-,245
kompleks-vrediteley,комплекс вредителей,вредитель,pogreba-i-podvaly,погреба и подвалы,bomber,Бомбер,инсектицид,021-01(02)-2836-1,12.10.2030,5 г/20 м3,,Фумигация пустых помещений перед закладкой продукции на хранение. Экспозиция – 3 суток. Дегазация не менее 2 суток. Допуск людей после полного проветривания в течение 48 часов,,1,-,595
kornevaya-gnil,корневая гниль,болезнь,goroh-fasol,горох / фасоль,fitosporin-as,Фитоспорин-АС,фунгицид,585-02-3649-1,21.04.2032,3 мл/кг семян,,Предпосевная обработка семян за 1-5 суток с последующей обработкой по вегетации,,1,III,336
kornevaya-gnil,корневая гниль,болезнь,klubnika,клубника (земляника),fitosporin-m,Фитоспорин-М,фунгицид,016-02-2491-1,04.11.2029,4 мл/л воды,40 мл,"Погружение корневой системы в 0,4 %-й рабочий раствор препарата на 1-2 часа перед посадкой",,1,III,315
kornevaya-gnil,корневая гниль,болезнь,komnatnye-rasteniya,комнатные растения (общее),alirin-b,Алирин-Б,фунгицид,139-02-2348-1,14.08.2029,1 таб./1 л,10 таб,Полив грунта в горшках с интервалом 7-14 дней,,3,III,326
kornevaya-gnil,корневая гниль,болезнь,komnatnye-rasteniya,комнатные растения (общее),gamair,Гамаир,фунгицид,139-02-2349-1,14.08.2029,1 таб./1 л,10 таб,Полив грунта в горшках с интервалом 14 дней,,3,III,332
kornevaya-gnil,корневая гниль,болезнь,komnatnye-rasteniya,комнатные растения (общее),gliokladin,Глиокладин,фунгицид,139-02-2260-1,02.05.2029,1 таб./300 мл почвы,"33,3 таб",Внесение в почву вручную или с помощью дозатора на глубину не менее 1 см при посеве или высадке рассады или пересадке растений,,1,III,346
kornevaya-gnil,корневая гниль,болезнь,komnatnye-rasteniya,комнатные растения (общее),gliokladin,Глиокладин,фунгицид,139-02-2260-1,02.05.2029,1 таб./300 мл почвы,"33,3 таб",Внесение по почву вручную или с помощью дозатора на глубину не менее 1 см при посеве или высадке рассады или пересадке растений,,1,III,346
kornevaya-gnil,корневая гниль,болезнь,komnatnye-rasteniya,комнатные растения (общее),fitosporin-m,Фитоспорин-М,фунгицид,016-02-2491-1,04.11.2029,"0,6 мл/л воды",6 мл,Полив почвы под корень больного растения,,1,III,316
kornevaya-gnil,корневая гниль,болезнь,komnatnye-rasteniya,комнатные растения (общее),fitosporin-m,Фитоспорин-М,фунгицид,016-02-2490-1,04.12.2029,"0,3 г/1 лводы",3 г,Полив почвы под корень больного растения,,1,III,318
kornevaya-gnil,корневая гниль,болезнь,komnatnye-rasteniya,комнатные растения (общее),fitosporin-m,Фитоспорин-М,фунгицид,016-02-2489-1,04.12.2029,"0,3 г/л воды",3 г,Полив почвы под корень больного растения,,1,III,320
kornevaya-gnil,корневая гниль,болезнь,ogurets,огурец,bakterra,Бактерра,фунгицид,008-02-2339-1,25.07.2029,10-20 г/10 лводы,10–20 г,Опрыскивание в период вегетации с интервалом 20-30 дней,,2,III,304
kornevaya-gnil,корневая гниль,болезнь,ogurets,огурец,bakterra,Бактерра,фунгицид,008-02-2339-1,25.07.2029,10-20 г/10 лводы,10–20 г,Опрыскивание в период вегетации с интервалом 20-30 дней,,2,III,305
kornevaya-gnil,корневая гниль,болезнь,ogurets,огурец,biotrihoderma,Биотриходерма,фунгицид,186-02-4410-1,05.02.2034,1-2 г/100 мл воды,100–200 г,Замачивание семян в течение 2 часов в 1% суспензии,,1,III,356
kornevaya-gnil,корневая гниль,болезнь,ogurets,огурец,gamair,Гамаир,фунгицид,139-02-2349-1,14.08.2029,1-2 таб./10 л,1–2 таб,Полив грунта за 1-3 суток до посева семян,,1,III,331
kornevaya-gnil,корневая гниль,болезнь,ogurets,огурец,gamair,Гамаир,фунгицид,139-02-2349-1,14.08.2029,5-10 таб./15 л,"3,3–6,7 таб","Опрыскивание растений в период вегетации при появлении первых симптомов одного из заболеваний, затем с интервалом 15 дней",,2,III,331
kornevaya-gnil,корневая гниль,болезнь,ogurets,огурец,gamair,Гамаир,фунгицид,139-02-2349-1,14.08.2029,1-2 таб./10 л,1–2 таб,Полив грунта за 1-3 суток перед посевом семян,,1,III,332
kornevaya-gnil,корневая гниль,болезнь,ogurets,огурец,gliokladin,Глиокладин,фунгицид,139-02-2260-1,02.05.2029,1 таб./лунку,,Внесение в почву вручную или с помощью дозатора на глубину не менее 1 см при посеве или высадке рассады,,1,III,346
kornevaya-gnil,корневая гниль,болезнь,ogurets,огурец,previkur-enerdzhi,Превикур Энерджи,фунгицид,019-02-3930-1,08.01.2033,"3,0 мл/2 лводы",15 мл,"Полив почвы (субстрата) сразу после высева семян или полив рассады под корень через 14 дней после высева семян 0,15%-й рабочей жидкостью",1,1,III,500
kornevaya-gnil,корневая гниль,болезнь,ogurets,огурец,previkur-enerdzhi,Превикур Энерджи,фунгицид,019-02-3930-1,08.01.2033,30 мл/20 лводы,15 мл,"Полив растений под корень 0,15%-й рабочей жидкостью через 2-3 дня после высадки рассады на постоянное место, последующие поливы – с интервалом 14 дней",1,5,III,500
kornevaya-gnil,корневая гниль,болезнь,ogurets,огурец,tetris,Тетрис,фунгицид,101(008)-02-3940-1,09.01.2033,3 г/10 л воды,3 г,Предпосевное замачивание семян в течение 1-2 часов с последующим просушиванием в тени,,1,III,358
kornevaya-gnil,корневая гниль,болезнь,ogurets,огурец,tetris,Тетрис,фунгицид,101(008)-02-3940-1,09.01.2033,25 г/10 лводы,25 г,"Полив растений под корень в фазе 2-4-х настоящих листьев, повторный полив-через 2 недели",,2,III,358
kornevaya-gnil,корневая гниль,болезнь,ogurets,огурец,tetris,Тетрис,фунгицид,101(008)-02-3940-1,09.01.2033,25 г/10 лводы,25 г,"Полив рассады при посадке в лунку, повторный полив через 2-3 недели",,2,III,358
kornevaya-gnil,корневая гниль,болезнь,ogurets,огурец,trihodermaveride-471,ТриходермаВериде 471,фунгицид,008-02-1364-1,01.02.2027,3 г/10 л воды,3 г,Предпосевное замачивание семян в течение 1-2 часов с последующим просушиванием в тени.,,2,III,354
kornevaya-gnil,корневая гниль,болезнь,ogurets,огурец,trihodermaveride-471,ТриходермаВериде 471,фунгицид,008-02-1364-1,01.02.2027,25-50 г/10 лводы,25–50 г,"Полив растений под корень в фазе 2-4-х настоящих листьев, последующий -через 2 недели.",,2,III,354
kornevaya-gnil,корневая гниль,болезнь,ogurets,огурец,trihodermaveride-471,ТриходермаВериде 471,фунгицид,008-02-1364-1,01.02.2027,3 г/10 л воды,3 г,Предпосевное замачивание семян в течение 1 - 2 часов с последующим просушиванием в тени,,1,III,354
kornevaya-gnil,корневая гниль,болезнь,ogurets,огурец,trihodermaveride-471,ТриходермаВериде 471,фунгицид,008-02-1364-1,01.02.2027,25-50 г/10 лводы,25–50 г,"Полив в лунку при посадке, последующий - под корень растения через 2-3 недели",,2,III,354
kornevaya-gnil,корневая гниль,болезнь,ogurets,огурец,trihodermaveride-471,ТриходермаВериде 471,фунгицид,008-02-1364-1,01.02.2027,3 г/10 л воды,3 г,Предпосевное замачивание семян в течение 1-2 часов с последующим просушиванием в тени,,2,III,355
kornevaya-gnil,корневая гниль,болезнь,ogurets,огурец,trihodermaveride-471,ТриходермаВериде 471,фунгицид,008-02-1364-1,01.02.2027,25-50 г/10 лводы,25–50 г,"Полив растений под корень в фазе 2-4-х настоящих листьев, последующий – через 2 недели",,2,III,355
kornevaya-gnil,корневая гниль,болезнь,ogurets,огурец,trihodermaveride-471,ТриходермаВериде 471,фунгицид,008-02-1364-1,01.02.2027,3 г/10 л воды,3 г,Предпосевное замачивание семян в течение 1 – 2 часов с последующим просушиванием в тени,,1,III,355
kornevaya-gnil,корневая гниль,болезнь,ogurets,огурец,trihodermaveride-471,ТриходермаВериде 471,фунгицид,008-02-1364-1,01.02.2027,25-50 г/10 лводы,25–50 г,"Полив в лунку при посадке, последующий – под корень растения через 2-3 недели",,2,III,356
kornevaya-gnil,корневая гниль,болезнь,ogurets,огурец,trihotsin,Трихоцин,фунгицид,139-02-4583-1,22.05.2034,6 г/10 л,6 г,Полив грунта за 1-3 дня до высадки рассады,,1,III,350
kornevaya-gnil,корневая гниль,болезнь,ogurets,огурец,trihotsin,Трихоцин,фунгицид,139-02-4583-1,22.05.2034,6 г/л,60 г,Полив под корень через 3-7 дней после высадки рассады,,1,III,350
kornevaya-gnil,корневая гниль,болезнь,ogurets,огурец,fitobakterin,Фитобактерин+,фунгицид,033-02-3523-1,13.03.2032,20 г/20 л,10 г,Опрыскивание в период вегетации с интервалом 5-10 дней,,2,III,307
kornevaya-gnil,корневая гниль,болезнь,ogurets,огурец,fitosporin-as,Фитоспорин-АС,фунгицид,585-02-3649-1,21.04.2032,4 мл/кг семян,,Предпосевное замачивание семян в течение 1-2 часов,,1,III,335
kornevaya-gnil,корневая гниль,болезнь,ogurets,огурец,fitosporin-as,Фитоспорин-АС,фунгицид,585-02-3649-1,21.04.2032,40 мл/10 лводы,40 мл,Полив в фазу 3-4 настоящих листьев,,1,III,335
kornevaya-gnil,корневая гниль,болезнь,ogurets,огурец,fitosporin-as,Фитоспорин-АС,фунгицид,585-02-3649-1,21.04.2032,4 мл/кг семян,,Предпосевное замачивание семян в суспензии препарата в течение 1-2 часов с последующей обработкой по вегетации,,1,III,335
kornevaya-gnil,корневая гниль,болезнь,ogurets,огурец,fitosporin-as,Фитоспорин-АС,фунгицид,585-02-3649-1,21.04.2032,60 мл/10 лводы,60 мл,"Полив в лунку при высадке рассады на постоянное место, повторный - под корень с интервалом в 2 недели",,2,III,335
kornevaya-gnil,корневая гниль,болезнь,ogurets,огурец,fitosporin-m,Фитоспорин-М,фунгицид,016-02-2491-1,04.11.2029,3 мл/л воды,30 мл,Замачивание семян перед посевом в течение 1-2 часов с последующим просушиванием в тени,,1,III,315
kornevaya-gnil,корневая гниль,болезнь,ogurets,огурец,fitosporin-m,Фитоспорин-М,фунгицид,016-02-2491-1,04.11.2029,3 мл/л воды,30 мл,Замачивание семян перед посевом в течение 1-2 часов с последующим просушиванием в тени,,1,III,315
kornevaya-gnil,корневая гниль,болезнь,ogurets,огурец,fitosporin-m,Фитоспорин-М,фунгицид,016-02-2491-1,04.11.2029,40-50 мл/10 лводы,40–50 мл,"Полив в лунку 0,4-0,5 % рабочей жидкостью при высадке рассады на постоянное место, повторный – под корень с интервалом 3 недели",,2,III,315
kornevaya-gnil,корневая гниль,болезнь,ogurets,огурец,fitosporin-m,Фитоспорин-М,фунгицид,016-02-2490-1,04.12.2029,"1,5 г/л",15 г,Предпосевное замачивание семян в суспензии препарата в течение 1-2 часов с последующим просушиванием в тени,,1,III,317
kornevaya-gnil,корневая гниль,болезнь,ogurets,огурец,fitosporin-m,Фитоспорин-М,фунгицид,016-02-2490-1,04.12.2029,"1,5 г/л воды",15 г,Предпосевное замачивание семян в суспензии в течение 1-2 часов с последующим просушиванием в тени,,1,III,317
kornevaya-gnil,корневая гниль,болезнь,ogurets,огурец,fitosporin-m,Фитоспорин-М,фунгицид,016-02-2490-1,04.12.2029,20 г/10 лводы,20 г,"Полив в лунку 0,2%-й рабочей жидкостью при высадке рассады на постоянное место, повторный – под корень с интервалом 3 недели",,2,III,317
kornevaya-gnil,корневая гниль,болезнь,ogurets,огурец,fitosporin-m,Фитоспорин-М,фунгицид,016-02-2489-1,04.12.2029,"0,4 г/л воды",4 г,Предпосевное замачивание семян в течение 1-2 часов с последующим просушиванием в тени,,1,III,319
kornevaya-gnil,корневая гниль,болезнь,ogurets,огурец,fitosporin-m,Фитоспорин-М,фунгицид,016-02-2489-1,04.12.2029,"0,4 г/л воды",4 г,Предпосевное замачивание семян в течение 1-2 часов с последующим просушиванием в тени,,1,III,319
kornevaya-gnil,корневая гниль,болезнь,ogurets,огурец,fitosporin-m,Фитоспорин-М,фунгицид,016-02-2489-1,04.12.2029,5 г/10 л воды,5 г,"Полив в лунку 0,05% рабочей жидкостью при высадке рассады на постоянное место, повторный – под корень с интервалом 3 недели",,2,III,319
kornevaya-gnil,корневая гниль,болезнь,plodovye-derevya,плодовые деревья (общее),alirin-b,Алирин-Б,фунгицид,139-02-2348-1,14.08.2029,1 таб./5 л,2 таб,Полив грунта суспензией препарата перед посевом семян и пикировкой рассады с интервалом 15-20 дней,,2,III,326
kornevaya-gnil,корневая гниль,болезнь,plodovye-derevya,плодовые деревья (общее),gliokladin,Глиокладин,фунгицид,139-02-2260-1,02.05.2029,1 таб./300 мл почвы,"33,3 таб",Внесение в почву вручную или с помощью дозатора на глубину не менее 1 см при посеве или высадке рассады или пересадке растений,,1,III,346
kornevaya-gnil,корневая гниль,болезнь,plodovye-derevya,плодовые деревья (общее),gliokladin,Глиокладин,фунгицид,139-02-2260-1,02.05.2029,1 таб./300 мл почвы,"33,3 таб",Внесение по почву вручную или с помощью дозатора на глубину не менее 1 см при посеве или высадке рассады или пересадке растений,,1,III,346
kornevaya-gnil,корневая гниль,болезнь,plodovye-derevya,плодовые деревья (общее),trihotsin,Трихоцин,фунгицид,139-02-4583-1,22.05.2034,6 г/100 м2,,Пролив почвы при высадке рассады,,1,III,349
kornevaya-gnil,корневая гниль,болезнь,tomat,томат,alirin-b,Алирин-Б,фунгицид,139-02-2348-1,14.08.2029,1-2 таб./10 л,1–2 таб,"Полив грунта за 1-3 суток перед посевом семян, перед высадкой рассады и в рассадный период с интервалом 7-10 дней",,3,III,326
kornevaya-gnil,корневая гниль,болезнь,tomat,томат,alirin-b,Алирин-Б,фунгицид,139-02-2348-1,14.08.2029,10-20 таб./15 л,"6,7–13,3 таб",Опрыскивание растений в фазы начало цветения – плодообразование с интервалом 7-14 дней,,3,III,326
kornevaya-gnil,корневая гниль,болезнь,tomat,томат,bakterra,Бактерра,фунгицид,008-02-2339-1,25.07.2029,10-20 г/10 лводы,10–20 г,Опрыскивание в период вегетации с интервалом 20-30 дней,,2,III,304
kornevaya-gnil,корневая гниль,болезнь,tomat,томат,bakterra,Бактерра,фунгицид,008-02-2339-1,25.07.2029,10-20 г/10 лводы,10–20 г,Опрыскивание в период вегетации с интервалом 20-30 дней,,2,III,305
kornevaya-gnil,корневая гниль,болезнь,tomat,томат,gliokladin,Глиокладин,фунгицид,139-02-2260-1,02.05.2029,1 таб./лунку,,Внесение в почву вручную или с помощью дозатора на глубину не менее 1 см при посеве или высадке рассады,,1,III,346
kornevaya-gnil,корневая гниль,болезнь,tomat,томат,previkur-enerdzhi,Превикур Энерджи,фунгицид,019-02-3930-1,08.01.2033,"3,0 мл/2 лводы",15 мл,"Полив почвы (субстрата) сразу после высева семян или полив рассады под корень через 14 дней после высева семян 0,15%-й рабочей жидкостью",1,1,III,500
kornevaya-gnil,корневая гниль,болезнь,tomat,томат,previkur-enerdzhi,Превикур Энерджи,фунгицид,019-02-3930-1,08.01.2033,30 мл/20 лводы,15 мл,"Полив растений под корень 0,15%-й рабочей жидкостью через 2-3 дня после высадки рассады на постоянное место, последующие поливы –с интервалом 14 дней",1,5,III,500
kornevaya-gnil,корневая гниль,болезнь,tomat,томат,tetris,Тетрис,фунгицид,101(008)-02-3940-1,09.01.2033,3 г/10 л воды,3 г,Предпосевное замачивание семян в течение 1-2 часов с последующим просушиванием в тени,,1,III,358
kornevaya-gnil,корневая гниль,болезнь,tomat,томат,tetris,Тетрис,фунгицид,101(008)-02-3940-1,09.01.2033,25 г/10 лводы,25 г,"Полив растений под корень в фазе 3-5-ти настоящих листьев, повторный полив через 2 недели",,2,III,358
kornevaya-gnil,корневая гниль,болезнь,tomat,томат,trihodermaveride-471,ТриходермаВериде 471,фунгицид,008-02-1364-1,01.02.2027,3 г/10 л воды,3 г,Предпосевное замачивание семян в течение 1-2 часов с последующим просушиванием в тени,,1,III,354
kornevaya-gnil,корневая гниль,болезнь,tomat,томат,trihodermaveride-471,ТриходермаВериде 471,фунгицид,008-02-1364-1,01.02.2027,25-50 г/10 лводы,25–50 г,"Полив растений под корень в фазе 2-5 настоящих листьев, последующий - через 2 недели",,2,III,354
kornevaya-gnil,корневая гниль,болезнь,tomat,томат,trihodermaveride-471,ТриходермаВериде 471,фунгицид,008-02-1364-1,01.02.2027,3 г/10 л воды,3 г,Предпосевное замачивание семян в течение 1 -2 часов с последующим просушиванием в тени,,1,III,355
kornevaya-gnil,корневая гниль,болезнь,tomat,томат,trihodermaveride-471,ТриходермаВериде 471,фунгицид,008-02-1364-1,01.02.2027,25-50 г/10 лводы,25–50 г,"Полив 0,25%-й рабочей жидкостью в лунку при посадке, последующий - под корень растения через 2-3 недели",,2,III,355
kornevaya-gnil,корневая гниль,болезнь,tomat,томат,trihodermaveride-471,ТриходермаВериде 471,фунгицид,008-02-1364-1,01.02.2027,25-50 г/10 лводы,25–50 г,"Полив растений под корень в фазе 2-5 настоящих листьев, последующий – через 2 недели",,2,III,355
kornevaya-gnil,корневая гниль,болезнь,tomat,томат,trihotsin,Трихоцин,фунгицид,139-02-4583-1,22.05.2034,6 г/10 л,6 г,Полив грунта за 1-3 дня до высадки рассады,,1,III,349
kornevaya-gnil,корневая гниль,болезнь,tomat,томат,trihotsin,Трихоцин,фунгицид,139-02-4583-1,22.05.2034,6 г/л,60 г,Полив под корень через 3-7 дней после высадки рассады,,1,III,349
kornevaya-gnil,корневая гниль,болезнь,tomat,томат,fitolavin,Фитолавин,фунгицид,831-02-3795-1,13.09.2032,20 мл/10 лводы,20 мл,"Полив рассады под корень 0,2%-й концентрацией рабочей жидкости в фазе 2-3 настоящих листьев, последующие- после высадки растений на постоянное место с интервалом 15 дней",,2,III,622
kornevaya-gnil,корневая гниль,болезнь,tomat,томат,fitolavin,Фитолавин,фунгицид,831-02-3795-1,13.09.2032,20 мл/10 лводы,20 мл,"Полив рассады под корень 0,2%-й концентрацией рабочей жидкости в фазе 2-3 настоящих листьев, последующие- после высадки растений на постоянное место с интервалом 15 дней (постоянное место)",,2,III,622
kornevaya-gnil,корневая гниль,болезнь,tomat,томат,fitosporin-as,Фитоспорин-АС,фунгицид,585-02-3649-1,21.04.2032,3 мл/кг семян,,Предпосевное замачивание семян в течение 1-2 часов с последующей обработкой по вегетации,,1,III,335
kornevaya-gnil,корневая гниль,болезнь,tomat,томат,fitosporin-as,Фитоспорин-АС,фунгицид,585-02-3649-1,21.04.2032,60 мл/10 лводы,60 мл,Полив в лунку рабочей жидкостью при высадке рассады на постоянное место,,1,III,335
kornevaya-gnil,корневая гниль,болезнь,tomat,томат,fitosporin-as,Фитоспорин-АС,фунгицид,585-02-3649-1,21.04.2032,3 мл/кг семян,,Предпосевное замачивание семян в течение 1-2 часов с последующей обработкой по вегетации,,1,III,335
kornevaya-gnil,корневая гниль,болезнь,tomat,томат,fitosporin-as,Фитоспорин-АС,фунгицид,585-02-3649-1,21.04.2032,60 мл/10 лводы,60 мл,Полив в лунку рабочей жидкостью при высадке рассады на постоянное место,,1,III,336
kornevaya-gnil,корневая гниль,болезнь,tomat,томат,fitosporin-m,Фитоспорин-М,фунгицид,016-02-2491-1,04.11.2029,3 мл/л воды,30 мл,Замачивание семян перед посевом в течение 1-2 часов с последующим просушиванием в тени,,1,III,314
kornevaya-gnil,корневая гниль,болезнь,tomat,томат,fitosporin-m,Фитоспорин-М,фунгицид,016-02-2491-1,04.11.2029,40-50 мл/10 лводы,40–50 мл,"Погружение корней рассады в рабочий раствор препарата на 1-2 часа перед высадкой в грунт или полив рассады под корень 0,4-0,5% рабочей жидкостью через 3 дня после высадки в грунт",,1,III,314
kornevaya-gnil,корневая гниль,болезнь,tomat,томат,fitosporin-m,Фитоспорин-М,фунгицид,016-02-2491-1,04.11.2029,40-50 мл/10 лводы,40–50 мл,"Погружение корней рассады в рабочий раствор препарата на 1-2 часа перед высадкой в грунт или полив рассады под корень 0,4-0,5% рабочей жидкостью через 3 дня после высадки в грунт",,1,III,314
kornevaya-gnil,корневая гниль,болезнь,tomat,томат,fitosporin-m,Фитоспорин-М,фунгицид,016-02-2491-1,04.11.2029,3 мл/л воды,30 мл,Замачивание семян перед посевом в течение 1-2 часов с последующим просушиванием в тени,,1,III,314
kornevaya-gnil,корневая гниль,болезнь,tomat,томат,fitosporin-m,Фитоспорин-М,фунгицид,016-02-2491-1,04.11.2029,40-50 мл/10 лводы,40–50 мл,"Полив в лунку 0,4-0,5% рабочей жидкостью при высадке рассады на постоянное место",,1,III,315
kornevaya-gnil,корневая гниль,болезнь,tomat,томат,fitosporin-m,Фитоспорин-М,фунгицид,016-02-2490-1,04.12.2029,"1,5 г/л воды",15 г,Предпосевное замачивание семян в течение 1-2 часов с последующим просушиванием в тени,,1,III,316
kornevaya-gnil,корневая гниль,болезнь,tomat,томат,fitosporin-m,Фитоспорин-М,фунгицид,016-02-2490-1,04.12.2029,20-30 г/10 лводы,20–30 г,"Погружение корней рассады в суспензию препарата в течение 1-2 часов перед высадкой в грунт или полив рассады под корень 0,2% рабочей жидкостью через 3 дня после высадки в грунт",,1,III,317
kornevaya-gnil,корневая гниль,болезнь,tomat,томат,fitosporin-m,Фитоспорин-М,фунгицид,016-02-2490-1,04.12.2029,20-30 г/10 лводы,20–30 г,"Погружение корней рассады в суспензию препарата в течение 1-2 часов перед высадкой в грунт или полив рассады под корень 0,2% рабочей жидкостью через 3 дня после высадки в грунт",,1,III,317
kornevaya-gnil,корневая гниль,болезнь,tomat,томат,fitosporin-m,Фитоспорин-М,фунгицид,016-02-2490-1,04.12.2029,"1,5 г/л воды",15 г,Предпосевное замачивание семян в течение 1-2 часов с последующим просушиванием в тени,,1,III,317
kornevaya-gnil,корневая гниль,болезнь,tomat,томат,fitosporin-m,Фитоспорин-М,фунгицид,016-02-2490-1,04.12.2029,20 г/10 лводы,20 г,"Полив в лунку 0,2%-й рабочей жидкостью при высадке рассады на постоянное место",,1,III,317
kornevaya-gnil,корневая гниль,болезнь,tomat,томат,fitosporin-m,Фитоспорин-М,фунгицид,016-02-2489-1,04.12.2029,"0,2 г/л воды",2 г,Предпосевное замачивание семян в течение 1-2 часов с последующим просушиванием в тени,,1,III,318
kornevaya-gnil,корневая гниль,болезнь,tomat,томат,fitosporin-m,Фитоспорин-М,фунгицид,016-02-2489-1,04.12.2029,5-6 г/10 лводы,5–6 г,"Погружение корней рассады в суспензию препарата на 1-2 часа перед высадкой в грунт или полив рассады под корень 0,05 % рабочей жидкостью через 3 дня после высадки в грунт",,1,III,319
kornevaya-gnil,корневая гниль,болезнь,tomat,томат,fitosporin-m,Фитоспорин-М,фунгицид,016-02-2489-1,04.12.2029,5-6 г/10 лводы,5–6 г,"Погружение корней рассады в суспензию препарата на 1-2 часа перед высадкой в грунт или полив рассады под корень 0,05 % рабочей жидкостью через 3 дня после высадки в грунт",,1,III,319
kornevaya-gnil,корневая гниль,болезнь,tomat,томат,fitosporin-m,Фитоспорин-М,фунгицид,016-02-2489-1,04.12.2029,"0,2 г/л воды",2 г,Предпосевное замачивание семян в течение 1-2 часов с последующим просушиванием в тени,,1,III,319
kornevaya-gnil,корневая гниль,болезнь,tomat,томат,fitosporin-m,Фитоспорин-М,фунгицид,016-02-2489-1,04.12.2029,5-6 г/10 лводы,5–6 г,"Полив в лунку 0,05-0,06% рабочей жидкостью при высадке рассады на постоянное место",,1,III,319
kornevaya-gnil,корневая гниль,болезнь,tsvety,цветы (общее),alirin-b,Алирин-Б,фунгицид,139-02-2348-1,14.08.2029,1 таб./5 л,2 таб,Полив грунта суспензией препарата перед посевом семян и пикировкой рассады с интервалом 15-20 дней,,2,III,326
kornevaya-gnil,корневая гниль,болезнь,tsvety,цветы (общее),alirin-b,Алирин-Б,фунгицид,139-02-2348-1,14.08.2029,1 таб./1 л,10 таб,Полив грунта в горшках с интервалом 7-14 дней,,3,III,326
kornevaya-gnil,корневая гниль,болезнь,tsvety,цветы (общее),alirin-b,Алирин-Б,фунгицид,139-02-2348-1,14.08.2029,1 таб./5 л,2 таб,Полив грунта под корень в период вегетации с интервалом 15 дней,,3,III,327
kornevaya-gnil,корневая гниль,болезнь,tsvety,цветы (общее),gamair,Гамаир,фунгицид,139-02-2349-1,14.08.2029,1 таб./1 л,10 таб,Полив грунта в горшках с интервалом 14 дней,,3,III,332
kornevaya-gnil,корневая гниль,болезнь,tsvety,цветы (общее),gamair,Гамаир,фунгицид,139-02-2349-1,14.08.2029,1 таб ./5 л,2 таб,Полив почвы под корень в период вегетации с интервалом 15 дней,,3,III,332
kornevaya-gnil,корневая гниль,болезнь,tsvety,цветы (общее),gliokladin,Глиокладин,фунгицид,139-02-2260-1,02.05.2029,1 таб./300 мл почвы,"33,3 таб",Внесение в почву вручную или с помощью дозатора на глубину не менее 1 см при посеве или высадке рассады или пересадке растений,,1,III,346
kornevaya-gnil,корневая гниль,болезнь,tsvety,цветы (общее),gliokladin,Глиокладин,фунгицид,139-02-2260-1,02.05.2029,1 таб./300 мл почвы,"33,3 таб",Внесение по почву вручную или с помощью дозатора на глубину не менее 1 см при посеве или высадке рассады или пересадке растений,,1,III,346
kornevaya-gnil,корневая гниль,болезнь,tsvety,цветы (общее),trihotsin,Трихоцин,фунгицид,139-02-4583-1,22.05.2034,6 г/100 м2,,Пролив почвы при высадке рассады,,1,III,349
kornevaya-gnil,корневая гниль,болезнь,tsvety,цветы (общее),fitosporin-m,Фитоспорин-М,фунгицид,016-02-2491-1,04.11.2029,6 мл/10 лводы,6 мл,Полив почвы под корень больного растения,,1,III,316
kornevaya-gnil,корневая гниль,болезнь,tsvety,цветы (общее),fitosporin-m,Фитоспорин-М,фунгицид,016-02-2491-1,04.11.2029,"0,6 мл/л воды",6 мл,Полив почвы под корень больного растения,,1,III,316
kornevaya-gnil,корневая гниль,болезнь,tsvety,цветы (общее),fitosporin-m,Фитоспорин-М,фунгицид,016-02-2490-1,04.12.2029,3 г/10 л воды,3 г,Полив почвы под корень больного растения,,1,III,318
kornevaya-gnil,корневая гниль,болезнь,tsvety,цветы (общее),fitosporin-m,Фитоспорин-М,фунгицид,016-02-2490-1,04.12.2029,"0,3 г/1 лводы",3 г,Полив почвы под корень больного растения,,1,III,318
kornevaya-gnil,корневая гниль,болезнь,tsvety,цветы (общее),fitosporin-m,Фитоспорин-М,фунгицид,016-02-2489-1,04.12.2029,3 г/10 л воды,3 г,Полив почвы под корень больного растения,,1,III,320
kornevaya-gnil,корневая гниль,болезнь,tsvety,цветы (общее),fitosporin-m,Фитоспорин-М,фунгицид,016-02-2489-1,04.12.2029,"0,3 г/л воды",3 г,Полив почвы под корень больного растения,,1,III,320
kornevye-gnili,корневые гнили,болезнь,goroh-fasol,горох / фасоль,fitosporin-as,Фитоспорин-АС,фунгицид,585-02-3649-1,21.04.2032,3 мл/кг семян,,Предпосевная обработка семян за 1-5 суток с последующей обработкой по вегетации,,1,III,336
kornevye-gnili,корневые гнили,болезнь,klubnika,клубника (земляника),fitosporin-m,Фитоспорин-М,фунгицид,016-02-2491-1,04.11.2029,4 мл/л воды,40 мл,"Погружение корневой системы в 0,4 %-й рабочий раствор препарата на 1-2 часа перед посадкой",,1,III,315
kornevye-gnili,корневые гнили,болезнь,komnatnye-rasteniya,комнатные растения (общее),alirin-b,Алирин-Б,фунгицид,139-02-2348-1,14.08.2029,1 таб./1 л,10 таб,Полив грунта в горшках с интервалом 7-14 дней,,3,III,326
kornevye-gnili,корневые гнили,болезнь,komnatnye-rasteniya,комнатные растения (общее),gamair,Гамаир,фунгицид,139-02-2349-1,14.08.2029,1 таб./1 л,10 таб,Полив грунта в горшках с интервалом 14 дней,,3,III,332
kornevye-gnili,корневые гнили,болезнь,komnatnye-rasteniya,комнатные растения (общее),gliokladin,Глиокладин,фунгицид,139-02-2260-1,02.05.2029,1 таб./300 мл почвы,"33,3 таб",Внесение в почву вручную или с помощью дозатора на глубину не менее 1 см при посеве или высадке рассады или пересадке растений,,1,III,346
kornevye-gnili,корневые гнили,болезнь,komnatnye-rasteniya,комнатные растения (общее),gliokladin,Глиокладин,фунгицид,139-02-2260-1,02.05.2029,1 таб./300 мл почвы,"33,3 таб",Внесение по почву вручную или с помощью дозатора на глубину не менее 1 см при посеве или высадке рассады или пересадке растений,,1,III,346
kornevye-gnili,корневые гнили,болезнь,komnatnye-rasteniya,комнатные растения (общее),fitosporin-m,Фитоспорин-М,фунгицид,016-02-2491-1,04.11.2029,"0,6 мл/л воды",6 мл,Полив почвы под корень больного растения,,1,III,316
kornevye-gnili,корневые гнили,болезнь,komnatnye-rasteniya,комнатные растения (общее),fitosporin-m,Фитоспорин-М,фунгицид,016-02-2490-1,04.12.2029,"0,3 г/1 лводы",3 г,Полив почвы под корень больного растения,,1,III,318
kornevye-gnili,корневые гнили,болезнь,komnatnye-rasteniya,комнатные растения (общее),fitosporin-m,Фитоспорин-М,фунгицид,016-02-2489-1,04.12.2029,"0,3 г/л воды",3 г,Полив почвы под корень больного растения,,1,III,320
kornevye-gnili,корневые гнили,болезнь,ogurets,огурец,bakterra,Бактерра,фунгицид,008-02-2339-1,25.07.2029,10-20 г/10 лводы,10–20 г,Опрыскивание в период вегетации с интервалом 20-30 дней,,2,III,304
kornevye-gnili,корневые гнили,болезнь,ogurets,огурец,bakterra,Бактерра,фунгицид,008-02-2339-1,25.07.2029,10-20 г/10 лводы,10–20 г,Опрыскивание в период вегетации с интервалом 20-30 дней,,2,III,305
kornevye-gnili,корневые гнили,болезнь,ogurets,огурец,biotrihoderma,Биотриходерма,фунгицид,186-02-4410-1,05.02.2034,1-2 г/100 мл воды,100–200 г,Замачивание семян в течение 2 часов в 1% суспензии,,1,III,356
kornevye-gnili,корневые гнили,болезнь,ogurets,огурец,gamair,Гамаир,фунгицид,139-02-2349-1,14.08.2029,1-2 таб./10 л,1–2 таб,Полив грунта за 1-3 суток до посева семян,,1,III,331
kornevye-gnili,корневые гнили,болезнь,ogurets,огурец,gamair,Гамаир,фунгицид,139-02-2349-1,14.08.2029,5-10 таб./15 л,"3,3–6,7 таб","Опрыскивание растений в период вегетации при появлении первых симптомов одного из заболеваний, затем с интервалом 15 дней",,2,III,331
kornevye-gnili,корневые гнили,болезнь,ogurets,огурец,gamair,Гамаир,фунгицид,139-02-2349-1,14.08.2029,1-2 таб./10 л,1–2 таб,Полив грунта за 1-3 суток перед посевом семян,,1,III,332
kornevye-gnili,корневые гнили,болезнь,ogurets,огурец,gliokladin,Глиокладин,фунгицид,139-02-2260-1,02.05.2029,1 таб./лунку,,Внесение в почву вручную или с помощью дозатора на глубину не менее 1 см при посеве или высадке рассады,,1,III,346
kornevye-gnili,корневые гнили,болезнь,ogurets,огурец,previkur-enerdzhi,Превикур Энерджи,фунгицид,019-02-3930-1,08.01.2033,"3,0 мл/2 лводы",15 мл,"Полив почвы (субстрата) сразу после высева семян или полив рассады под корень через 14 дней после высева семян 0,15%-й рабочей жидкостью",1,1,III,500
kornevye-gnili,корневые гнили,болезнь,ogurets,огурец,previkur-enerdzhi,Превикур Энерджи,фунгицид,019-02-3930-1,08.01.2033,30 мл/20 лводы,15 мл,"Полив растений под корень 0,15%-й рабочей жидкостью через 2-3 дня после высадки рассады на постоянное место, последующие поливы – с интервалом 14 дней",1,5,III,500
kornevye-gnili,корневые гнили,болезнь,ogurets,огурец,tetris,Тетрис,фунгицид,101(008)-02-3940-1,09.01.2033,3 г/10 л воды,3 г,Предпосевное замачивание семян в течение 1-2 часов с последующим просушиванием в тени,,1,III,358
kornevye-gnili,корневые гнили,болезнь,ogurets,огурец,tetris,Тетрис,фунгицид,101(008)-02-3940-1,09.01.2033,25 г/10 лводы,25 г,"Полив растений под корень в фазе 2-4-х настоящих листьев, повторный полив-через 2 недели",,2,III,358
kornevye-gnili,корневые гнили,болезнь,ogurets,огурец,tetris,Тетрис,фунгицид,101(008)-02-3940-1,09.01.2033,25 г/10 лводы,25 г,"Полив рассады при посадке в лунку, повторный полив через 2-3 недели",,2,III,358
kornevye-gnili,корневые гнили,болезнь,ogurets,огурец,trihodermaveride-471,ТриходермаВериде 471,фунгицид,008-02-1364-1,01.02.2027,3 г/10 л воды,3 г,Предпосевное замачивание семян в течение 1-2 часов с последующим просушиванием в тени.,,2,III,354
kornevye-gnili,корневые гнили,болезнь,ogurets,огурец,trihodermaveride-471,ТриходермаВериде 471,фунгицид,008-02-1364-1,01.02.2027,25-50 г/10 лводы,25–50 г,"Полив растений под корень в фазе 2-4-х настоящих листьев, последующий -через 2 недели.",,2,III,354
kornevye-gnili,корневые гнили,болезнь,ogurets,огурец,trihodermaveride-471,ТриходермаВериде 471,фунгицид,008-02-1364-1,01.02.2027,3 г/10 л воды,3 г,Предпосевное замачивание семян в течение 1 - 2 часов с последующим просушиванием в тени,,1,III,354
kornevye-gnili,корневые гнили,болезнь,ogurets,огурец,trihodermaveride-471,ТриходермаВериде 471,фунгицид,008-02-1364-1,01.02.2027,25-50 г/10 лводы,25–50 г,"Полив в лунку при посадке, последующий - под корень растения через 2-3 недели",,2,III,354
kornevye-gnili,корневые гнили,болезнь,ogurets,огурец,trihodermaveride-471,ТриходермаВериде 471,фунгицид,008-02-1364-1,01.02.2027,3 г/10 л воды,3 г,Предпосевное замачивание семян в течение 1-2 часов с последующим просушиванием в тени,,2,III,355
kornevye-gnili,корневые гнили,болезнь,ogurets,огурец,trihodermaveride-471,ТриходермаВериде 471,фунгицид,008-02-1364-1,01.02.2027,25-50 г/10 лводы,25–50 г,"Полив растений под корень в фазе 2-4-х настоящих листьев, последующий – через 2 недели",,2,III,355
kornevye-gnili,корневые гнили,болезнь,ogurets,огурец,trihodermaveride-471,ТриходермаВериде 471,фунгицид,008-02-1364-1,01.02.2027,3 г/10 л воды,3 г,Предпосевное замачивание семян в течение 1 – 2 часов с последующим просушиванием в тени,,1,III,355
kornevye-gnili,корневые гнили,болезнь,ogurets,огурец,trihodermaveride-471,ТриходермаВериде 471,фунгицид,008-02-1364-1,01.02.2027,25-50 г/10 лводы,25–50 г,"Полив в лунку при посадке, последующий – под корень растения через 2-3 недели",,2,III,356
kornevye-gnili,корневые гнили,болезнь,ogurets,огурец,trihotsin,Трихоцин,фунгицид,139-02-4583-1,22.05.2034,6 г/10 л,6 г,Полив грунта за 1-3 дня до высадки рассады,,1,III,350
kornevye-gnili,корневые гнили,болезнь,ogurets,огурец,trihotsin,Трихоцин,фунгицид,139-02-4583-1,22.05.2034,6 г/л,60 г,Полив под корень через 3-7 дней после высадки рассады,,1,III,350
kornevye-gnili,корневые гнили,болезнь,ogurets,огурец,fitobakterin,Фитобактерин+,фунгицид,033-02-3523-1,13.03.2032,20 г/20 л,10 г,Опрыскивание в период вегетации с интервалом 5-10 дней,,2,III,307
kornevye-gnili,корневые гнили,болезнь,ogurets,огурец,fitosporin-as,Фитоспорин-АС,фунгицид,585-02-3649-1,21.04.2032,4 мл/кг семян,,Предпосевное замачивание семян в течение 1-2 часов,,1,III,335
kornevye-gnili,корневые гнили,болезнь,ogurets,огурец,fitosporin-as,Фитоспорин-АС,фунгицид,585-02-3649-1,21.04.2032,40 мл/10 лводы,40 мл,Полив в фазу 3-4 настоящих листьев,,1,III,335
kornevye-gnili,корневые гнили,болезнь,ogurets,огурец,fitosporin-as,Фитоспорин-АС,фунгицид,585-02-3649-1,21.04.2032,4 мл/кг семян,,Предпосевное замачивание семян в суспензии препарата в течение 1-2 часов с последующей обработкой по вегетации,,1,III,335
kornevye-gnili,корневые гнили,болезнь,ogurets,огурец,fitosporin-as,Фитоспорин-АС,фунгицид,585-02-3649-1,21.04.2032,60 мл/10 лводы,60 мл,"Полив в лунку при высадке рассады на постоянное место, повторный - под корень с интервалом в 2 недели",,2,III,335
kornevye-gnili,корневые гнили,болезнь,ogurets,огурец,fitosporin-m,Фитоспорин-М,фунгицид,016-02-2491-1,04.11.2029,3 мл/л воды,30 мл,Замачивание семян перед посевом в течение 1-2 часов с последующим просушиванием в тени,,1,III,315
kornevye-gnili,корневые гнили,болезнь,ogurets,огурец,fitosporin-m,Фитоспорин-М,фунгицид,016-02-2491-1,04.11.2029,3 мл/л воды,30 мл,Замачивание семян перед посевом в течение 1-2 часов с последующим просушиванием в тени,,1,III,315
kornevye-gnili,корневые гнили,болезнь,ogurets,огурец,fitosporin-m,Фитоспорин-М,фунгицид,016-02-2491-1,04.11.2029,40-50 мл/10 лводы,40–50 мл,"Полив в лунку 0,4-0,5 % рабочей жидкостью при высадке рассады на постоянное место, повторный – под корень с интервалом 3 недели",,2,III,315
kornevye-gnili,корневые гнили,болезнь,ogurets,огурец,fitosporin-m,Фитоспорин-М,фунгицид,016-02-2490-1,04.12.2029,"1,5 г/л",15 г,Предпосевное замачивание семян в суспензии препарата в течение 1-2 часов с последующим просушиванием в тени,,1,III,317
kornevye-gnili,корневые гнили,болезнь,ogurets,огурец,fitosporin-m,Фитоспорин-М,фунгицид,016-02-2490-1,04.12.2029,"1,5 г/л воды",15 г,Предпосевное замачивание семян в суспензии в течение 1-2 часов с последующим просушиванием в тени,,1,III,317
kornevye-gnili,корневые гнили,болезнь,ogurets,огурец,fitosporin-m,Фитоспорин-М,фунгицид,016-02-2490-1,04.12.2029,20 г/10 лводы,20 г,"Полив в лунку 0,2%-й рабочей жидкостью при высадке рассады на постоянное место, повторный – под корень с интервалом 3 недели",,2,III,317
kornevye-gnili,корневые гнили,болезнь,ogurets,огурец,fitosporin-m,Фитоспорин-М,фунгицид,016-02-2489-1,04.12.2029,"0,4 г/л воды",4 г,Предпосевное замачивание семян в течение 1-2 часов с последующим просушиванием в тени,,1,III,319
kornevye-gnili,корневые гнили,болезнь,ogurets,огурец,fitosporin-m,Фитоспорин-М,фунгицид,016-02-2489-1,04.12.2029,"0,4 г/л воды",4 г,Предпосевное замачивание семян в течение 1-2 часов с последующим просушиванием в тени,,1,III,319
kornevye-gnili,корневые гнили,болезнь,ogurets,огурец,fitosporin-m,Фитоспорин-М,фунгицид,016-02-2489-1,04.12.2029,5 г/10 л воды,5 г,"Полив в лунку 0,05% рабочей жидкостью при высадке рассады на постоянное место, повторный – под корень с интервалом 3 недели",,2,III,319
kornevye-gnili,корневые гнили,болезнь,plodovye-derevya,плодовые деревья (общее),alirin-b,Алирин-Б,фунгицид,139-02-2348-1,14.08.2029,1 таб./5 л,2 таб,Полив грунта суспензией препарата перед посевом семян и пикировкой рассады с интервалом 15-20 дней,,2,III,326
kornevye-gnili,корневые гнили,болезнь,plodovye-derevya,плодовые деревья (общее),gliokladin,Глиокладин,фунгицид,139-02-2260-1,02.05.2029,1 таб./300 мл почвы,"33,3 таб",Внесение в почву вручную или с помощью дозатора на глубину не менее 1 см при посеве или высадке рассады или пересадке растений,,1,III,346
kornevye-gnili,корневые гнили,болезнь,plodovye-derevya,плодовые деревья (общее),gliokladin,Глиокладин,фунгицид,139-02-2260-1,02.05.2029,1 таб./300 мл почвы,"33,3 таб",Внесение по почву вручную или с помощью дозатора на глубину не менее 1 см при посеве или высадке рассады или пересадке растений,,1,III,346
kornevye-gnili,корневые гнили,болезнь,plodovye-derevya,плодовые деревья (общее),trihotsin,Трихоцин,фунгицид,139-02-4583-1,22.05.2034,6 г/100 м2,,Пролив почвы при высадке рассады,,1,III,349
kornevye-gnili,корневые гнили,болезнь,tomat,томат,alirin-b,Алирин-Б,фунгицид,139-02-2348-1,14.08.2029,1-2 таб./10 л,1–2 таб,"Полив грунта за 1-3 суток перед посевом семян, перед высадкой рассады и в рассадный период с интервалом 7-10 дней",,3,III,326
kornevye-gnili,корневые гнили,болезнь,tomat,томат,alirin-b,Алирин-Б,фунгицид,139-02-2348-1,14.08.2029,10-20 таб./15 л,"6,7–13,3 таб",Опрыскивание растений в фазы начало цветения – плодообразование с интервалом 7-14 дней,,3,III,326
kornevye-gnili,корневые гнили,болезнь,tomat,томат,bakterra,Бактерра,фунгицид,008-02-2339-1,25.07.2029,10-20 г/10 лводы,10–20 г,Опрыскивание в период вегетации с интервалом 20-30 дней,,2,III,304
kornevye-gnili,корневые гнили,болезнь,tomat,томат,bakterra,Бактерра,фунгицид,008-02-2339-1,25.07.2029,10-20 г/10 лводы,10–20 г,Опрыскивание в период вегетации с интервалом 20-30 дней,,2,III,305
kornevye-gnili,корневые гнили,болезнь,tomat,томат,gliokladin,Глиокладин,фунгицид,139-02-2260-1,02.05.2029,1 таб./лунку,,Внесение в почву вручную или с помощью дозатора на глубину не менее 1 см при посеве или высадке рассады,,1,III,346
kornevye-gnili,корневые гнили,болезнь,tomat,томат,previkur-enerdzhi,Превикур Энерджи,фунгицид,019-02-3930-1,08.01.2033,"3,0 мл/2 лводы",15 мл,"Полив почвы (субстрата) сразу после высева семян или полив рассады под корень через 14 дней после высева семян 0,15%-й рабочей жидкостью",1,1,III,500
kornevye-gnili,корневые гнили,болезнь,tomat,томат,previkur-enerdzhi,Превикур Энерджи,фунгицид,019-02-3930-1,08.01.2033,30 мл/20 лводы,15 мл,"Полив растений под корень 0,15%-й рабочей жидкостью через 2-3 дня после высадки рассады на постоянное место, последующие поливы –с интервалом 14 дней",1,5,III,500
kornevye-gnili,корневые гнили,болезнь,tomat,томат,tetris,Тетрис,фунгицид,101(008)-02-3940-1,09.01.2033,3 г/10 л воды,3 г,Предпосевное замачивание семян в течение 1-2 часов с последующим просушиванием в тени,,1,III,358
kornevye-gnili,корневые гнили,болезнь,tomat,томат,tetris,Тетрис,фунгицид,101(008)-02-3940-1,09.01.2033,25 г/10 лводы,25 г,"Полив растений под корень в фазе 3-5-ти настоящих листьев, повторный полив через 2 недели",,2,III,358
kornevye-gnili,корневые гнили,болезнь,tomat,томат,trihodermaveride-471,ТриходермаВериде 471,фунгицид,008-02-1364-1,01.02.2027,3 г/10 л воды,3 г,Предпосевное замачивание семян в течение 1-2 часов с последующим просушиванием в тени,,1,III,354
kornevye-gnili,корневые гнили,болезнь,tomat,томат,trihodermaveride-471,ТриходермаВериде 471,фунгицид,008-02-1364-1,01.02.2027,25-50 г/10 лводы,25–50 г,"Полив растений под корень в фазе 2-5 настоящих листьев, последующий - через 2 недели",,2,III,354
kornevye-gnili,корневые гнили,болезнь,tomat,томат,trihodermaveride-471,ТриходермаВериде 471,фунгицид,008-02-1364-1,01.02.2027,3 г/10 л воды,3 г,Предпосевное замачивание семян в течение 1 -2 часов с последующим просушиванием в тени,,1,III,355
kornevye-gnili,корневые гнили,болезнь,tomat,томат,trihodermaveride-471,ТриходермаВериде 471,фунгицид,008-02-1364-1,01.02.2027,25-50 г/10 лводы,25–50 г,"Полив 0,25%-й рабочей жидкостью в лунку при посадке, последующий - под корень растения через 2-3 недели",,2,III,355
kornevye-gnili,корневые гнили,болезнь,tomat,томат,trihodermaveride-471,ТриходермаВериде 471,фунгицид,008-02-1364-1,01.02.2027,25-50 г/10 лводы,25–50 г,"Полив растений под корень в фазе 2-5 настоящих листьев, последующий – через 2 недели",,2,III,355
kornevye-gnili,корневые гнили,болезнь,tomat,томат,trihotsin,Трихоцин,фунгицид,139-02-4583-1,22.05.2034,6 г/10 л,6 г,Полив грунта за 1-3 дня до высадки рассады,,1,III,349
kornevye-gnili,корневые гнили,болезнь,tomat,томат,trihotsin,Трихоцин,фунгицид,139-02-4583-1,22.05.2034,6 г/л,60 г,Полив под корень через 3-7 дней после высадки рассады,,1,III,349
kornevye-gnili,корневые гнили,болезнь,tomat,томат,fitolavin,Фитолавин,фунгицид,831-02-3795-1,13.09.2032,20 мл/10 лводы,20 мл,"Полив рассады под корень 0,2%-й концентрацией рабочей жидкости в фазе 2-3 настоящих листьев, последующие- после высадки растений на постоянное место с интервалом 15 дней",,2,III,622
kornevye-gnili,корневые гнили,болезнь,tomat,томат,fitolavin,Фитолавин,фунгицид,831-02-3795-1,13.09.2032,20 мл/10 лводы,20 мл,"Полив рассады под корень 0,2%-й концентрацией рабочей жидкости в фазе 2-3 настоящих листьев, последующие- после высадки растений на постоянное место с интервалом 15 дней (постоянное место)",,2,III,622
kornevye-gnili,корневые гнили,болезнь,tomat,томат,fitosporin-as,Фитоспорин-АС,фунгицид,585-02-3649-1,21.04.2032,3 мл/кг семян,,Предпосевное замачивание семян в течение 1-2 часов с последующей обработкой по вегетации,,1,III,335
kornevye-gnili,корневые гнили,болезнь,tomat,томат,fitosporin-as,Фитоспорин-АС,фунгицид,585-02-3649-1,21.04.2032,60 мл/10 лводы,60 мл,Полив в лунку рабочей жидкостью при высадке рассады на постоянное место,,1,III,335
kornevye-gnili,корневые гнили,болезнь,tomat,томат,fitosporin-as,Фитоспорин-АС,фунгицид,585-02-3649-1,21.04.2032,3 мл/кг семян,,Предпосевное замачивание семян в течение 1-2 часов с последующей обработкой по вегетации,,1,III,335
kornevye-gnili,корневые гнили,болезнь,tomat,томат,fitosporin-as,Фитоспорин-АС,фунгицид,585-02-3649-1,21.04.2032,60 мл/10 лводы,60 мл,Полив в лунку рабочей жидкостью при высадке рассады на постоянное место,,1,III,336
kornevye-gnili,корневые гнили,болезнь,tomat,томат,fitosporin-m,Фитоспорин-М,фунгицид,016-02-2491-1,04.11.2029,3 мл/л воды,30 мл,Замачивание семян перед посевом в течение 1-2 часов с последующим просушиванием в тени,,1,III,314
kornevye-gnili,корневые гнили,болезнь,tomat,томат,fitosporin-m,Фитоспорин-М,фунгицид,016-02-2491-1,04.11.2029,40-50 мл/10 лводы,40–50 мл,"Погружение корней рассады в рабочий раствор препарата на 1-2 часа перед высадкой в грунт или полив рассады под корень 0,4-0,5% рабочей жидкостью через 3 дня после высадки в грунт",,1,III,314
kornevye-gnili,корневые гнили,болезнь,tomat,томат,fitosporin-m,Фитоспорин-М,фунгицид,016-02-2491-1,04.11.2029,40-50 мл/10 лводы,40–50 мл,"Погружение корней рассады в рабочий раствор препарата на 1-2 часа перед высадкой в грунт или полив рассады под корень 0,4-0,5% рабочей жидкостью через 3 дня после высадки в грунт",,1,III,314
kornevye-gnili,корневые гнили,болезнь,tomat,томат,fitosporin-m,Фитоспорин-М,фунгицид,016-02-2491-1,04.11.2029,3 мл/л воды,30 мл,Замачивание семян перед посевом в течение 1-2 часов с последующим просушиванием в тени,,1,III,314
kornevye-gnili,корневые гнили,болезнь,tomat,томат,fitosporin-m,Фитоспорин-М,фунгицид,016-02-2491-1,04.11.2029,40-50 мл/10 лводы,40–50 мл,"Полив в лунку 0,4-0,5% рабочей жидкостью при высадке рассады на постоянное место",,1,III,315
kornevye-gnili,корневые гнили,болезнь,tomat,томат,fitosporin-m,Фитоспорин-М,фунгицид,016-02-2490-1,04.12.2029,"1,5 г/л воды",15 г,Предпосевное замачивание семян в течение 1-2 часов с последующим просушиванием в тени,,1,III,316
kornevye-gnili,корневые гнили,болезнь,tomat,томат,fitosporin-m,Фитоспорин-М,фунгицид,016-02-2490-1,04.12.2029,20-30 г/10 лводы,20–30 г,"Погружение корней рассады в суспензию препарата в течение 1-2 часов перед высадкой в грунт или полив рассады под корень 0,2% рабочей жидкостью через 3 дня после высадки в грунт",,1,III,317
kornevye-gnili,корневые гнили,болезнь,tomat,томат,fitosporin-m,Фитоспорин-М,фунгицид,016-02-2490-1,04.12.2029,20-30 г/10 лводы,20–30 г,"Погружение корней рассады в суспензию препарата в течение 1-2 часов перед высадкой в грунт или полив рассады под корень 0,2% рабочей жидкостью через 3 дня после высадки в грунт",,1,III,317
kornevye-gnili,корневые гнили,болезнь,tomat,томат,fitosporin-m,Фитоспорин-М,фунгицид,016-02-2490-1,04.12.2029,"1,5 г/л воды",15 г,Предпосевное замачивание семян в течение 1-2 часов с последующим просушиванием в тени,,1,III,317
kornevye-gnili,корневые гнили,болезнь,tomat,томат,fitosporin-m,Фитоспорин-М,фунгицид,016-02-2490-1,04.12.2029,20 г/10 лводы,20 г,"Полив в лунку 0,2%-й рабочей жидкостью при высадке рассады на постоянное место",,1,III,317
kornevye-gnili,корневые гнили,болезнь,tomat,томат,fitosporin-m,Фитоспорин-М,фунгицид,016-02-2489-1,04.12.2029,"0,2 г/л воды",2 г,Предпосевное замачивание семян в течение 1-2 часов с последующим просушиванием в тени,,1,III,318
kornevye-gnili,корневые гнили,болезнь,tomat,томат,fitosporin-m,Фитоспорин-М,фунгицид,016-02-2489-1,04.12.2029,5-6 г/10 лводы,5–6 г,"Погружение корней рассады в суспензию препарата на 1-2 часа перед высадкой в грунт или полив рассады под корень 0,05 % рабочей жидкостью через 3 дня после высадки в грунт",,1,III,319
kornevye-gnili,корневые гнили,болезнь,tomat,томат,fitosporin-m,Фитоспорин-М,фунгицид,016-02-2489-1,04.12.2029,5-6 г/10 лводы,5–6 г,"Погружение корней рассады в суспензию препарата на 1-2 часа перед высадкой в грунт или полив рассады под корень 0,05 % рабочей жидкостью через 3 дня после высадки в грунт",,1,III,319
kornevye-gnili,корневые гнили,болезнь,tomat,томат,fitosporin-m,Фитоспорин-М,фунгицид,016-02-2489-1,04.12.2029,"0,2 г/л воды",2 г,Предпосевное замачивание семян в течение 1-2 часов с последующим просушиванием в тени,,1,III,319
kornevye-gnili,корневые гнили,болезнь,tomat,томат,fitosporin-m,Фитоспорин-М,фунгицид,016-02-2489-1,04.12.2029,5-6 г/10 лводы,5–6 г,"Полив в лунку 0,05-0,06% рабочей жидкостью при высадке рассады на постоянное место",,1,III,319
kornevye-gnili,корневые гнили,болезнь,tsvety,цветы (общее),alirin-b,Алирин-Б,фунгицид,139-02-2348-1,14.08.2029,1 таб./5 л,2 таб,Полив грунта суспензией препарата перед посевом семян и пикировкой рассады с интервалом 15-20 дней,,2,III,326
kornevye-gnili,корневые гнили,болезнь,tsvety,цветы (общее),alirin-b,Алирин-Б,фунгицид,139-02-2348-1,14.08.2029,1 таб./1 л,10 таб,Полив грунта в горшках с интервалом 7-14 дней,,3,III,326
kornevye-gnili,корневые гнили,болезнь,tsvety,цветы (общее),alirin-b,Алирин-Б,фунгицид,139-02-2348-1,14.08.2029,1 таб./5 л,2 таб,Полив грунта под корень в период вегетации с интервалом 15 дней,,3,III,327
kornevye-gnili,корневые гнили,болезнь,tsvety,цветы (общее),gamair,Гамаир,фунгицид,139-02-2349-1,14.08.2029,1 таб./1 л,10 таб,Полив грунта в горшках с интервалом 14 дней,,3,III,332
kornevye-gnili,корневые гнили,болезнь,tsvety,цветы (общее),gamair,Гамаир,фунгицид,139-02-2349-1,14.08.2029,1 таб ./5 л,2 таб,Полив почвы под корень в период вегетации с интервалом 15 дней,,3,III,332
kornevye-gnili,корневые гнили,болезнь,tsvety,цветы (общее),gliokladin,Глиокладин,фунгицид,139-02-2260-1,02.05.2029,1 таб./300 мл почвы,"33,3 таб",Внесение в почву вручную или с помощью дозатора на глубину не менее 1 см при посеве или высадке рассады или пересадке растений,,1,III,346
kornevye-gnili,корневые гнили,болезнь,tsvety,цветы (общее),gliokladin,Глиокладин,фунгицид,139-02-2260-1,02.05.2029,1 таб./300 мл почвы,"33,3 таб",Внесение по почву вручную или с помощью дозатора на глубину не менее 1 см при посеве или высадке рассады или пересадке растений,,1,III,346
kornevye-gnili,корневые гнили,болезнь,tsvety,цветы (общее),trihotsin,Трихоцин,фунгицид,139-02-4583-1,22.05.2034,6 г/100 м2,,Пролив почвы при высадке рассады,,1,III,349
kornevye-gnili,корневые гнили,болезнь,tsvety,цветы (общее),fitosporin-m,Фитоспорин-М,фунгицид,016-02-2491-1,04.11.2029,6 мл/10 лводы,6 мл,Полив почвы под корень больного растения,,1,III,316
kornevye-gnili,корневые гнили,болезнь,tsvety,цветы (общее),fitosporin-m,Фитоспорин-М,фунгицид,016-02-2491-1,04.11.2029,"0,6 мл/л воды",6 мл,Полив почвы под корень больного растения,,1,III,316
kornevye-gnili,корневые гнили,болезнь,tsvety,цветы (общее),fitosporin-m,Фитоспорин-М,фунгицид,016-02-2490-1,04.12.2029,3 г/10 л воды,3 г,Полив почвы под корень больного растения,,1,III,318
kornevye-gnili,корневые гнили,болезнь,tsvety,цветы (общее),fitosporin-m,Фитоспорин-М,фунгицид,016-02-2490-1,04.12.2029,"0,3 г/1 лводы",3 г,Полив почвы под корень больного растения,,1,III,318
kornevye-gnili,корневые гнили,болезнь,tsvety,цветы (общее),fitosporin-m,Фитоспорин-М,фунгицид,016-02-2489-1,04.12.2029,3 г/10 л воды,3 г,Полив почвы под корень больного растения,,1,III,320
kornevye-gnili,корневые гнили,болезнь,tsvety,цветы (общее),fitosporin-m,Фитоспорин-М,фунгицид,016-02-2489-1,04.12.2029,"0,3 г/л воды",3 г,Полив почвы под корень больного растения,,1,III,320
krestotsvetnaya-bloshka,крестоцветная блошка,вредитель,ayva,айва,bitoksibatsillin,Битоксибациллин,инсектицид,034-01-2881-1,17.11.2030,40-50 г/10 лводы,40–50 г,Опрыскивание в период вегетации против каждого поколения вредителя с интервалом 7-8 дней. Во время цветения обработки запрещены,5,3,III,26
krestotsvetnaya-bloshka,крестоцветная блошка,вредитель,grusha,груша,bitoksibatsillin,Битоксибациллин,инсектицид,034-01-2881-1,17.11.2030,40-50 г/10 лводы,40–50 г,Опрыскивание в период вегетации против каждого поколения вредителя с интервалом 7-8 дней. Во время цветения обработки запрещены,5,3,III,26
krestotsvetnaya-bloshka,крестоцветная блошка,вредитель,kapusta,капуста,batrayder,Батрайдер,инсектицид,021-01-2591-1,12.03.2030,2 мл/3 л воды,"6,7 мл",Опрыскивание в период вегетации,20,1,I,63
krestotsvetnaya-bloshka,крестоцветная блошка,вредитель,kapusta,капуста,imiprid-duo,Имиприд Дуо,инсектицид,002-01-10053-0,28.07.2029,2 мл/100 м2,,Опрыскивание в период вегетации,20,2,I,171
krestotsvetnaya-bloshka,крестоцветная блошка,вредитель,kapusta,капуста,matrinbio,МатринБио,инсектицид,021-01-2672-1,12.05.2030,10-15 мл/3 лводы,"33,3–50 мл",Опрыскивание в период вегетации,3,3,III,222
krestotsvetnaya-bloshka,крестоцветная блошка,вредитель,kapusta,капуста,pochin,Почин,инсектицид,012-01-2615-1,18.03.2030,20 г/10 м2,,Внесение на поверхность почвы в районе корневой шейки с одновременной заделкой при высадке рассады,40,1,-,115
krestotsvetnaya-bloshka,крестоцветная блошка,вредитель,kapusta,капуста,pochin-m,Почин-М,инсектицид,012-01-4694-1,16.10.2034,20/10 м2,,Внесение на поверхность почвы в районе корневой шейки с одновременной заделкой при высадке рассады,105,1,-,158
krestotsvetnaya-bloshka,крестоцветная блошка,вредитель,redis,редис,tabazol,Табазол,инсектицид,560-01-2332-1,24.07.2029,"2,5-3,5 кг/100 м2",,Опрыскивание в период вегетации настоем 1:10,20,3,III,229
krestotsvetnaya-bloshka,крестоцветная блошка,вредитель,yablonya,яблоня,bitoksibatsillin,Битоксибациллин,инсектицид,034-01-2881-1,17.11.2030,40-50 г/10 лводы,40–50 г,Опрыскивание в период вегетации против каждого поколения вредителя с интервалом 7-8 дней. Во время цветения обработки запрещены,5,3,III,26
kurchavost-listev,курчавость листьев,болезнь,abrikos-persik,абрикос / персик,abiga-pik,Абига-Пик,фунгицид,407-02-1316-1,25.12.2026,40-50 г/10 лводы,40–50 г,Опрыскивание в период вегетации- 10л/100 м2,30,4,III,654
kurchavost-listev,курчавость листьев,болезнь,abrikos-persik,абрикос / персик,indigo,Индиго,фунгицид,018-02-2300-1,30.06.2029,40-50 мл/10 лводы,40–50 мл,Опрыскивание в период вегетации – при появлении первых признаков болезней (до цветения); последующие – с интервалом 7-10 дней,7,4,III,470
kurchavost-listev,курчавость листьев,болезнь,abrikos-persik,абрикос / персик,indigo,Индиго,фунгицид,018-02-2300-1,30.06.2029,40-50 мл/10 лводы,40–50 мл,Опрыскивание в период вегетации – при появлении первых признаков болезней (до цветения); последующие – с интервалом 7-10 дней,7,4,III,470
kurchavost-listev,курчавость листьев,болезнь,abrikos-persik,абрикос / персик,skor,Скор,фунгицид,041-02-4371-0,22.01.2027,2 мл/10 лводы,2 мл,Опрыскивание в период вегетации до и после цветения с интервалом не более 14 дней.,21,2,III,394
kurchavost-listev,курчавость листьев,болезнь,abrikos-persik,абрикос / персик,skoryy,Скорый,фунгицид,126-02-3456-1,27.12.2031,2 мл/10 лводы,2 мл,Опрыскивание в период вегетации до и после цветения с интервалом не более 14 дней,21,2,III,398
kurchavost-listev,курчавость листьев,болезнь,vishnya-chereshnya,вишня / черешня,abiga-pik,Абига-Пик,фунгицид,407-02-1316-1,25.12.2026,40-50 г/10 лводы,40–50 г,Опрыскивание в период вегетации- 10л/100 м2,30,4,III,654
kurchavost-listev,курчавость листьев,болезнь,vishnya-chereshnya,вишня / черешня,indigo,Индиго,фунгицид,018-02-2300-1,30.06.2029,40-50 мл/10 лводы,40–50 мл,Опрыскивание в период вегетации – при появлении первых признаков болезней (до цветения); последующие – с интервалом 7-10 дней,7,4,III,470
kurchavost-listev,курчавость листьев,болезнь,vishnya-chereshnya,вишня / черешня,indigo,Индиго,фунгицид,018-02-2300-1,30.06.2029,40-50 мл/10 лводы,40–50 мл,Опрыскивание в период вегетации – при появлении первых признаков болезней (до цветения); последующие – с интервалом 7-10 дней,7,4,III,470
kurchavost-listev,курчавость листьев,болезнь,vishnya-chereshnya,вишня / черешня,stakkato,Стаккато,фунгицид,018-02-10081-1,17.08.2036,50 мл/6-8 лводы,,"Опрыскивание в период вегетации, последнее – за 10 дней до уборки урожая.",,4,III,297
kurchavost-listev,курчавость листьев,болезнь,sliva,слива,abiga-pik,Абига-Пик,фунгицид,407-02-1316-1,25.12.2026,40-50 г/10 лводы,40–50 г,Опрыскивание в период вегетации- 10л/100 м2,30,4,III,654
kurchavost-listev,курчавость листьев,болезнь,sliva,слива,indigo,Индиго,фунгицид,018-02-2300-1,30.06.2029,40-50 мл/10 лводы,40–50 мл,Опрыскивание в период вегетации – при появлении первых признаков болезней (до цветения); последующие – с интервалом 7-10 дней,7,4,III,470
kurchavost-listev,курчавость листьев,болезнь,sliva,слива,indigo,Индиго,фунгицид,018-02-2300-1,30.06.2029,40-50 мл/10 лводы,40–50 мл,Опрыскивание в период вегетации – при появлении первых признаков болезней (до цветения); последующие – с интервалом 7-10 дней,7,4,III,470
kurchavost-listev,курчавость листьев,болезнь,sliva,слива,skor,Скор,фунгицид,041-02-4371-0,22.01.2027,2 мл/10 лводы,2 мл,Опрыскивание в период вегетации до и после цветения с интервалом не более 14 дней.,21,2,III,394
kurchavost-listev,курчавость листьев,болезнь,sliva,слива,skoryy,Скорый,фунгицид,126-02-3456-1,27.12.2031,2 мл/10 лводы,2 мл,Опрыскивание в период вегетации до и после цветения с интервалом не более 14 дней,21,2,III,398
kurchavost-listev,курчавость листьев,болезнь,sliva,слива,stakkato,Стаккато,фунгицид,018-02-10081-1,17.08.2036,50 мл/6-8 лводы,,"Опрыскивание в период вегетации, последнее – за 10 дней до уборки урожая.",,4,III,297
listovertka,листовертка,вредитель,ayva,айва,profilaktin-bio,Профилактин Био,инсектицид,021-01-2703-1,17.06.2030,"0,5 л/10 лводы","0,5 л",Опрыскивание весной до распускания почек при температуре не ниже +4˚С (в зависимости от возраста и объема кроны),,1,III,107
listovertka,листовертка,вредитель,ayva,айва,profilaktin-layt,Профилактин Лайт,инсектицид,021-01-2322-1,23.07.2029,"0,5 л/10 лводы","0,5 л",Опрыскивание весной до распускания почек при температуре не ниже +40С (в зависимости от возраста и объема кроны),,1,III,105
listovertka,листовертка,вредитель,ayva,айва,skarabey,Скарабей,инсектицид,021-01-3397-1,06.12.2031,"3,5-7 мл/10 лводы","3,5–7 мл","Опрыскивание в период вегетации. Концентрация – 0,07 %",28,2,I,138
listovertka,листовертка,вредитель,vinograd,виноград,avant,Авант,инсектицид,489-01-2706-1,18.06.2030,"3,0 мл/10 лводы",3 мл,Опрыскивание в период вегетации,10,2,I,175
listovertka,листовертка,вредитель,vinograd,виноград,batrayder,Батрайдер,инсектицид,021-01-2591-1,12.03.2030,2 мл/10 лводы,2 мл,Опрыскивание в период вегетации (в зависимости от возраста и типа формировки куста),20,1,I,63
listovertka,листовертка,вредитель,vinograd,виноград,bitotsid,Битоцид,инсектицид,034-01-10035-1,06.07.2036,30 мл/1-3 лводы,,Опрыскивание в период вегетации против каждого поколения вредителя с интервалом - 7-10 дней.,,2,III,36
listovertka,листовертка,вредитель,vinograd,виноград,imiprid-duo,Имиприд Дуо,инсектицид,002-01-10053-0,28.07.2029,"1,5 мл/ 10 лводы","1,5 мл",Опрыскивание в период вегетации.,30,2,I,172
listovertka,листовертка,вредитель,vinograd,виноград,insektokarb,Инсектокарб,инсектицид,966-01-4895-0,01.06.2028,"3,0 мл/10 лводы",3 мл,Опрыскивание в период вегетации.,22,2,I,177
listovertka,листовертка,вредитель,vinograd,виноград,kollayder,Коллайдер,инсектицид,021-01-4913-1,24.04.2026,"1,5-2,5 мл/10 л воды","1,5–2,5 мл",Опрыскивание в период вегетации,21,2,III,274
listovertka,листовертка,вредитель,vinograd,виноград,koragen,Кораген,инсектицид,489-01-2630-1,26.03.2030,"2,5 мл/10 лводы","2,5 мл",Опрыскивание в период вегетации,21,2,III,271
listovertka,листовертка,вредитель,vinograd,виноград,kropagen,Кропаген,инсектицид,966-01-4893-0,01.06.2028,"2,5 мл/10 лводы","2,5 мл",Опрыскивание в период вегетации.,21,2,II,275
listovertka,листовертка,вредитель,vinograd,виноград,matrinbio,МатринБио,инсектицид,021-01-2672-1,12.05.2030,10-15 мл/10 лводы,10–15 мл,Опрыскивание в период вегетации (в зависимости от возраста и типа формирования куста),3,3,III,222
listovertka,листовертка,вредитель,vinograd,виноград,movento-enerdzhi,Мовенто Энерджи,инсектицид,019-01-1232-1,18.09.2026,5 мл/10 лводы,5 мл,Опрыскивание в период вегетации,20,2,I,173
listovertka,листовертка,вредитель,vinograd,виноград,pampero,Памперо,инсектицид,002-01-9948-1,12.05.2036,"2,5 мл/ 10 лводы","2,5 мл",Опрыскивание в период вегетации.,21,2,III,273
listovertka,листовертка,вредитель,vinograd,виноград,porfir,Порфир,инсектицид,018-01-4868-0,14.05.2028,"2,0 мл/10 лводы",2 мл,Опрыскивание в период вегетации.,21,3,III,270
listovertka,листовертка,вредитель,vinograd,виноград,skarabey,Скарабей,инсектицид,021-01-3397-1,06.12.2031,3-6 мл/10 лводы,3–6 мл,"Опрыскивание в период вегетации. Концентрация – 0,06%",28,2,I,138
listovertka,листовертка,вредитель,vinograd,виноград,tvingo,Твинго,инсектицид,018-01-1919-1,20.05.2028,10 мл/10 лводы,10 мл,Опрыскивание в период вегетации,20,2,I,136
listovertka,листовертка,вредитель,vinograd,виноград,sharpey,Шарпей,инсектицид,021-01-2589-1,12.03.2030,"2,0 мл/5 лводы",4 мл,"Опрыскивание в период вегетации. Концентрация – 0,04%",25,3,I,287
listovertka,листовертка,вредитель,vinograd,виноград,shin-etsu-md-l,Шин-Етсу МД Л,феромон,313-23-1767-1,21.02.2028,5 диспенсеров/ 100 м2,,Развешивание диспенсеров на виноградных кустах перед началом лета перезимовавшего поколения,,1,-,1832
listovertka,листовертка,вредитель,vinograd,виноград,yunona,Юнона,инсектицид,018-01-2946-1,31.01.2024,4 мл/10 лводы,4 мл,Опрыскивание в период вегетации,7,2,I,291
listovertka,листовертка,вредитель,vinograd,виноград,yunona,Юнона,инсектицид,018-01-2946-1,31.01.2024,4 мл/10 лводы,4 мл,Опрыскивание в период вегетации,7,2,I,291
listovertka,листовертка,вредитель,vishnya-chereshnya,вишня / черешня,karbotsin,Карбоцин,инсектицид,441-01-1513-1,30.05.2027,1 таб./10 лводы,1 таб,Опрыскивание в период вегетации,30,2,I,289
listovertka,листовертка,вредитель,grusha,груша,karbotsin,Карбоцин,инсектицид,441-01-1513-1,30.05.2027,1 таб./10 лводы,1 таб,Опрыскивание в период вегетации,30,2,I,289
listovertka,листовертка,вредитель,grusha,груша,profilaktin-bio,Профилактин Био,инсектицид,021-01-2703-1,17.06.2030,"0,5 л/10 лводы","0,5 л",Опрыскивание весной до распускания почек при температуре не ниже +4˚С (в зависимости от возраста и объема кроны),,1,III,107
listovertka,листовертка,вредитель,grusha,груша,profilaktin-layt,Профилактин Лайт,инсектицид,021-01-2322-1,23.07.2029,"0,5 л/10 лводы","0,5 л",Опрыскивание весной до распускания почек при температуре не ниже +40С (в зависимости от возраста и объема кроны),,1,III,105
listovertka,листовертка,вредитель,grusha,груша,skarabey,Скарабей,инсектицид,021-01-3397-1,06.12.2031,"3,5-7 мл/10 лводы","3,5–7 мл","Опрыскивание в период вегетации. Концентрация – 0,07 %",28,2,I,138
listovertka,листовертка,вредитель,klubnika,клубника (земляника),doktor-harvest-forte-pro,Доктор Харвест Форте Про,инсектицид,909-01-4367-1,16.01.2034,10-50 мл/100 м2,,Опрыскивание в период вегетации,,5,I,232
listovertka,листовертка,вредитель,komnatnye-rasteniya,комнатные растения (общее),insektor-supra,Инсектор Супра,инсектицид,008-01-3332-1,07.10.2031,3 мл/100 м2,,Опрыскивание в период вегетации,,1,I,250
listovertka,листовертка,вредитель,kryzhovnik,крыжовник,karbotsin,Карбоцин,инсектицид,441-01-1513-1,30.05.2027,1 таб./10 лводы,1 таб,Опрыскивание в период вегетации,20,2,I,289
listovertka,листовертка,вредитель,kryzhovnik,крыжовник,lepidotsid,Лепидоцид,инсектицид,034-01-2886-1,09.12.2030,20-30 г/10 лводы,20–30 г,Опрыскивание в период вегетации против каждого поколения вредителя с интервалом 7-8 дней,5,2,III,32
listovertka,листовертка,вредитель,kryzhovnik,крыжовник,profilaktin-bio,Профилактин Био,инсектицид,021-01-2703-1,17.06.2030,"0,5 л/10 лводы","0,5 л",Опрыскивание весной до распускания почек при температуре не ниже +4˚С (в зависимости от возраста и типа формировки куста),,1,III,107
listovertka,листовертка,вредитель,kryzhovnik,крыжовник,profilaktin-layt,Профилактин Лайт,инсектицид,021-01-2322-1,23.07.2029,"0,5 л/10 лводы","0,5 л",Опрыскивание весной до распускания почек при температуре не ниже +40С (в зависимости от возраста и объема кроны),,1,III,106
listovertka,листовертка,вредитель,malina,малина,lepidotsid,Лепидоцид,инсектицид,034-01-2886-1,09.12.2030,20-30 г/10 лводы,20–30 г,Опрыскивание в период вегетации против каждого поколения вредителя с интервалом 7-8 дней,5,2,III,32
listovertka,листовертка,вредитель,plodovye-derevya,плодовые деревья (общее),lepidotsid,Лепидоцид,инсектицид,034-01-2886-1,09.12.2030,20-30 г/10 лводы,20–30 г,Опрыскивание в период массового отрождения гусениц против каждого поколения вредителя с интервалом 10-14 дней (на плодовых культурах – 7-8 дней),5,2,III,32
listovertka,листовертка,вредитель,ryabina,рябина,lepidotsid,Лепидоцид,инсектицид,034-01-2886-1,09.12.2030,20-30 г/10 лводы,20–30 г,Опрыскивание в период вегетации против каждого поколения вредителя с интервалом 7-8 дней,5,2,III,32
listovertka,листовертка,вредитель,sliva,слива,karbotsin,Карбоцин,инсектицид,441-01-1513-1,30.05.2027,1 таб./10 лводы,1 таб,Опрыскивание в период вегетации,30,2,I,289
listovertka,листовертка,вредитель,smorodina,смородина,batrayder,Батрайдер,инсектицид,021-01-2591-1,12.03.2030,2 мл/10 лводы,2 мл,Опрыскивание в период вегетации,30,1,I,63
listovertka,листовертка,вредитель,smorodina,смородина,gerold,Герольд,инсектицид,021-01-1679-1,11.01.2028,10 мл/10 лводы,10 мл,Опрыскивание в период вегетации,30,1,III,133
listovertka,листовертка,вредитель,smorodina,смородина,karbotsin,Карбоцин,инсектицид,441-01-1513-1,30.05.2027,1 таб./10 лводы,1 таб,Опрыскивание в период вегетации,20,2,I,289
listovertka,листовертка,вредитель,smorodina,смородина,lepidotsid,Лепидоцид,инсектицид,034-01-2886-1,09.12.2030,20-30 г/10 лводы,20–30 г,Опрыскивание в период вегетации против каждого поколения вредителя с интервалом 7-8 дней,5,2,III,32
listovertka,листовертка,вредитель,smorodina,смородина,profilaktin-bio,Профилактин Био,инсектицид,021-01-2703-1,17.06.2030,"0,5 л/10 лводы","0,5 л",Опрыскивание весной до распускания почек при температуре не ниже +4˚С (в зависимости от возраста и типа формировки куста),,1,III,107
listovertka,листовертка,вредитель,smorodina,смородина,profilaktin-layt,Профилактин Лайт,инсектицид,021-01-2322-1,23.07.2029,"0,5 л/10 лводы","0,5 л",Опрыскивание весной до распускания почек при температуре не ниже +40С (в зависимости от возраста и объема кроны),,1,III,106
listovertka,листовертка,вредитель,smorodina,смородина,fitoverm-forte,Фитоверм Форте,инсектицид,012-01-1326-1,12.01.2027,4 мл/10 лводы,4 мл,Опрыскивание в период вегетации,3,2,III,43
listovertka,листовертка,вредитель,hvoynye,"хвойные (туя, ель, можжевельник)",pinotsid,Пиноцид,инсектицид,021-01-1899-1,27.04.2028,2 мл/10 лводы,2 мл,Опрыскивание в период вегетации,,1,I,64
listovertka,листовертка,вредитель,hvoynye,"хвойные (туя, ель, можжевельник)",pinotsid,Пиноцид,инсектицид,021-01-1899-1,27.04.2028,2 мл/10 лводы,2 мл,Опрыскивание в период вегетации,,1,I,64
listovertka,листовертка,вредитель,hvoynye,"хвойные (туя, ель, можжевельник)",pinotsid,Пиноцид,инсектицид,021-01-1899-1,27.04.2028,2 мл/10 лводы,2 мл,Опрыскивание в период вегетации,,1,I,64
listovertka,листовертка,вредитель,hvoynye,"хвойные (туя, ель, можжевельник)",pinotsid,Пиноцид,инсектицид,021-01-1899-1,27.04.2028,2 мл/10 лводы,2 мл,Опрыскивание в период вегетации,,1,I,64
listovertka,листовертка,вредитель,yablonya,яблоня,avant,Авант,инсектицид,489-01-2706-1,18.06.2030,"4,0 мл/10 лводы",4 мл,Опрыскивание в период вегетации,10,2,I,175
listovertka,листовертка,вредитель,yablonya,яблоня,alfatsin,Альфацин,инсектицид,682(913)-01-4415-1,24.03.2032,3 мл/10 л,3 мл,Опрыскивание в период вегетации,54,2,I,54
listovertka,листовертка,вредитель,yablonya,яблоня,bitotsid,Битоцид,инсектицид,034-01-10035-1,06.07.2036,30 мл/1-3 лводы,,Опрыскивание в период вегетации против каждого поколения вредителя с интервалом - 7-10 дней.,,2,III,36
listovertka,листовертка,вредитель,yablonya,яблоня,gerold,Герольд,инсектицид,021-01-1679-1,11.01.2028,10 мл/10 лводы,10 мл,Опрыскивание в период вегетации,40,2,III,133
listovertka,листовертка,вредитель,yablonya,яблоня,imiprid-duo,Имиприд Дуо,инсектицид,002-01-10053-0,28.07.2029,2 мл/10 лводы,2 мл,Опрыскивание в период вегетации.,30,2,I,172
listovertka,листовертка,вредитель,yablonya,яблоня,insektokarb,Инсектокарб,инсектицид,966-01-4895-0,01.06.2028,"4,0 мл/10 лводы",4 мл,Опрыскивание в период вегетации.,13,2,I,177
listovertka,листовертка,вредитель,yablonya,яблоня,karachar,Карачар,инсектицид,018-01-3146-1,17.05.2031,4 мл/10 лводы,4 мл,Опрыскивание в период вегетации (в зависимости от объема кроны),21,2,I,196
listovertka,листовертка,вредитель,yablonya,яблоня,karbotsin,Карбоцин,инсектицид,441-01-1513-1,30.05.2027,1 таб./10 лводы,1 таб,Опрыскивание в период вегетации,30,2,I,289
listovertka,листовертка,вредитель,yablonya,яблоня,kinmiks,Кинмикс,инсектицид,262-01-9609-0,30.09.2028,"4,0-5,0",,Опрыскивание в период вегетации до или после цветения.,20,2,I,103
listovertka,листовертка,вредитель,yablonya,яблоня,kollayder,Коллайдер,инсектицид,021-01-4913-1,24.04.2026,"1,5-3 мл/10 лводы","1,5–3 мл",Опрыскивание в период вегетации,21,2,III,274
listovertka,листовертка,вредитель,yablonya,яблоня,koragen,Кораген,инсектицид,489-01-2630-1,26.03.2030,"0,2 мл/10 лводы","0,2 мл",Опрыскивание в период вегетации,21,2,III,271
listovertka,листовертка,вредитель,yablonya,яблоня,kropagen,Кропаген,инсектицид,966-01-4893-0,01.06.2028,"0,2 мл/10 лводы","0,2 мл",Опрыскивание в период вегетации.,21,2,II,275
listovertka,листовертка,вредитель,yablonya,яблоня,molniya-ekstra,Молния Экстра,инсектицид,046-01-5030-1,26.02.2027,2 мл/10 лводы,2 мл,Опрыскивание в период вегетации.,21,2,I,288
listovertka,листовертка,вредитель,yablonya,яблоня,pampero,Памперо,инсектицид,002-01-9948-1,12.05.2036,2 мл/ 10 лводы,2 мл,Опрыскивание в период вегетации.,21,2,III,273
listovertka,листовертка,вредитель,yablonya,яблоня,porfir,Порфир,инсектицид,018-01-4868-0,14.05.2028,"3,0 мл/10 лводы",3 мл,Опрыскивание в период вегетации.,21,3,III,270
listovertka,листовертка,вредитель,yablonya,яблоня,profilaktin-bio,Профилактин Био,инсектицид,021-01-2703-1,17.06.2030,"0,5 л/10 лводы","0,5 л",Опрыскивание весной до распускания почек при температуре не ниже +4˚С (в зависимости от возраста и объема кроны),,1,III,107
listovertka,листовертка,вредитель,yablonya,яблоня,profilaktin-layt,Профилактин Лайт,инсектицид,021-01-2322-1,23.07.2029,"0,5 л/10 лводы","0,5 л",Опрыскивание весной до распускания почек при температуре не ниже +40С (в зависимости от возраста и объема кроны),,1,III,105
listovertka,листовертка,вредитель,yablonya,яблоня,skarabey,Скарабей,инсектицид,021-01-3397-1,06.12.2031,"3,5-7 мл/10 лводы","3,5–7 мл","Опрыскивание в период вегетации. Концентрация – 0,07 %",28,2,I,138
listovertka,листовертка,вредитель,yablonya,яблоня,sumi-alfa,Суми-альфа,инсектицид,032-01-2058-1,15.11.2028,5 мл/10 лводы,5 мл,Опрыскивание в период вегетации,30,1,I,293
listovertka,листовертка,вредитель,yablonya,яблоня,tvingo,Твинго,инсектицид,018-01-1919-1,20.05.2028,10 мл/10 лводы,10 мл,Опрыскивание в период вегетации (в зависимости от объема кроны),20,2,I,136
listovertka,листовертка,вредитель,yablonya,яблоня,tvingo-evro,Твинго Евро,инсектицид,018-01-3283-1,02.09.2031,10 мл/10 лводы,10 мл,Опрыскивание в период вегетации,28,2,III,135
listovertka,листовертка,вредитель,yablonya,яблоня,tsi-alfa,Ци-Альфа,инсектицид,097-01-2546-1,27.02.2030,3 мл/10 лводы,3 мл,Опрыскивание в период вегетации,50,2,I,50
listovertka,листовертка,вредитель,yablonya,яблоня,sharpey,Шарпей,инсектицид,021-01-2589-1,12.03.2030,"1,5 мл/5 лводы",3 мл,"Опрыскивание в период вегетации. Концентрация – 0,03%",20,2,I,287
listovertka,листовертка,вредитель,yagodniki,ягодники (общее),profilaktin-bio,Профилактин Био,инсектицид,021-01-2703-1,17.06.2030,"0,5 л/10 лводы","0,5 л",Опрыскивание весной до распускания почек при температуре не ниже +4˚С (в зависимости от возраста и типа формировки куста),,1,III,108
listovertka,листовертка,вредитель,yagodniki,ягодники (общее),profilaktin-layt,Профилактин Лайт,инсектицид,021-01-2322-1,23.07.2029,"0,5 л/10 лводы","0,5 л",Опрыскивание весной до распускания почек при температуре не ниже +40С (в зависимости от возраста и объема кроны),,1,III,106
listogryzuschie-vrediteli,листогрызущие вредители,вредитель,klubnika,клубника (земляника),matrinbio-bau,МатринБио БАУ,инсектицид,021-01-4440-1,04.03.2034,700 мл/25 м2,,Опрыскивание с помощью флакона с курковым распылителем с готовым рабочим раствором в период вегетации при появлении вредителей,3,3,III,223
listogryzuschie-vrediteli,листогрызущие вредители,вредитель,lesnye-nasazhdeniya,лесные насаждения,espero,Эсперо,инсектицид,018-01-9697-0,30.11.2028,1,,Опрыскивание в период массового размножения вредителей.,,2,I,164
listogryzuschie-vrediteli,листогрызущие вредители,вредитель,luk,лук,matrinbio-bau,МатринБио БАУ,инсектицид,021-01-4440-1,04.03.2034,700 мл/10-30 растений,,Опрыскивание с помощью флакона с курковым распылителем с готовым рабочим раствором в период вегетации при появлении вредителей,3,3,III,223
listogryzuschie-vrediteli,листогрызущие вредители,вредитель,sparzha,спаржа,matrinbio,МатринБио,инсектицид,021-01-2672-1,12.05.2030,10-15 мл/3 лводы,"33,3–50 мл",Опрыскивание в период вегетации,3,3,III,222
lukovaya-muha,луковая муха,вредитель,luk,лук,zemlin,Землин,инсектицид,046-01-5072-1,17.12.2030,30 г/10 м2,,Внесение в почву на глубину 3-5 см при высадке луковиц с одновременным рыхлением,60,1,-,117
lukovaya-muha,луковая муха,вредитель,luk,лук,imiprid-duo,Имиприд Дуо,инсектицид,002-01-10053-0,28.07.2029,2 мл/100 м2,,Опрыскивание в период вегетации.,40,2,I,171
lukovaya-muha,луковая муха,вредитель,luk,лук,korado,Корадо,инсектицид,008-01-2131-1,03.03.2029,5 мл/5 л воды,10 мл,Опрыскивание в период вегетации в фазе 3-4 настоящих листьев (кроме лука на перо),20,1,I,146
lukovaya-muha,луковая муха,вредитель,luk,лук,matrinbio,МатринБио,инсектицид,021-01-2672-1,12.05.2030,10-15 мл/3 лводы,"33,3–50 мл",Опрыскивание в период вегетации,3,3,III,222
lukovaya-muha,луковая муха,вредитель,luk,лук,muhoed,Мухоед,инсектицид,021-01-2606-1,16.03.2030,50 г/10 м2,,Внесение на поверхность почвы при высадке луковиц с последующей заделкой путем рыхления почвы,60,1,-,116
lukovaya-muha,луковая муха,вредитель,luk,лук,sochva,Сочва,репеллент,012-09-3065-1,17.03.2031,30 мл/ 100 м2,,Опрыскивание в период лета луковой мухи с интервалом 7 дней,,6,III,1831
lukovaya-muha,луковая муха,вредитель,luk,лук,tabazol,Табазол,инсектицид,560-01-2332-1,24.07.2029,"0,8-2,0 кг/100 м2",,Опрыскивание в период вегетации настоем 1:10,20,2,III,229
lukovaya-muha,луковая муха,вредитель,luk,лук,tabu,Табу,инсектицид,005-01-2072-1,29.12.2022,1 мл/1 л воды,10 мл,"Обработка лука севка перед посадкой путем погружения в 0,1% раствор с экспозицией 2 часа",,1,-,143
lukovaya-muha,луковая муха,вредитель,luk,лук,tabu,Табу,инсектицид,005-01-2072-1,29.12.2022,1 мл/1 лводы,10 мл,"Обработка лука севка перед посадкой путем погружения в 0,1% раствор с экспозицией 2 часа.",,1,-,143
medvedka,медведка,вредитель,kapusta,капуста,bez-nazvaniya-reg-021-01-2995-1,"Без названия, рег. № 021-01-2995-1",инсектицид,021-01-2995-1,25.01.2031,20 г/10 м2),,"Внесение в почву на глубину 2-5 см в период высадки рассады, при необходимости повторно через 10-14 дней",60,2,-,116
medvedka,медведка,вредитель,kartofel,картофель,bez-nazvaniya-reg-021-01-2995-1,"Без названия, рег. № 021-01-2995-1",инсектицид,021-01-2995-1,25.01.2031,20 г/10 м2),,Внесение в почву при высадке клубней на глубину 2-5 см,60,1,-,116
medvedka,медведка,вредитель,kartofel,картофель,biorazryad,Биоразряд,инсектицид,033-01-10004-1,08.06.2036,2-5 г/м2,,Внесение в почву перед посадкой в сухом виде.,,1,I,38
medvedka,медведка,вредитель,kartofel,картофель,grom-m,Гром-М,инсектицид,012-01-4735-1,25.11.2034,30 г/10 м2,,Внесение в почву на глубину 3-5 см в период вегетации,62,1,-,158
medvedka,медведка,вредитель,kartofel,картофель,medvetoks,Медветокс,инсектицид,046-01-5045-1,02.03.2031,20-30 г/ 10 м2,,Внесение в почву не глубину 3-5 см в период вегетации,60,1,-,117
medvedka,медведка,вредитель,kartofel,картофель,razryad,Разряд,инсектицид,033-01-2093-1,31.01.2029,30 г/10 м2,,Внесение в посадочную лунку при высадке клубней,60,1,II,148
medvedka,медведка,вредитель,kartofel,картофель,rembek,Рембек,инсектицид,406-01-2014-1,09.10.2028,30 г/10 м2,,Внесение в посадочную лунку при высадке клубней,60,1,-,148
medvedka,медведка,вредитель,kartofel,картофель,rofatoks,Рофатокс,инсектицид,286-01-1641-1,06.12.2027,30 г/10 м2,,Внесение в посадочную лунку при высадке клубней,60,1,-,151
medvedka,медведка,вредитель,kartofel,картофель,rubezh,Рубеж,инсектицид,008-01-1664-1,17.12.2027,30 г/10 м2,,Внесение в посадочную лунку при высадке клубней,60,1,-,152
medvedka,медведка,вредитель,klubnika,клубника (земляника),bez-nazvaniya-reg-021-01-2995-1,"Без названия, рег. № 021-01-2995-1",инсектицид,021-01-2995-1,25.01.2031,20 г/10 м2),,Внесение в почву на глубину 2-5 см после сбора урожая,,,-,116
medvedka,медведка,вредитель,klubnika,клубника (земляника),grom-m,Гром-М,инсектицид,012-01-4735-1,25.11.2034,30 г/10 м2,,Внесение в почву на глубину 3-5 см в период вегетации,62,1,-,158
medvedka,медведка,вредитель,morkov,морковь,grom-m,Гром-М,инсектицид,012-01-4735-1,25.11.2034,30 г/10 м2,,Внесение в почву на глубину 3-5 см в период вегетации,62,1,-,158
medvedka,медведка,вредитель,tomat,томат,biorazryad,Биоразряд,инсектицид,033-01-10004-1,08.06.2036,2-5 г/м2,,Внесение в почву перед посадкой в сухом виде.,,1,I,38
medvedka,медведка,вредитель,tomat,томат,grom-m,Гром-М,инсектицид,012-01-4735-1,25.11.2034,30 г/10 м2,,Внесение в почву на глубину 3-5 см в период вегетации,62,1,-,158
medvedka,медведка,вредитель,tsvety,цветы (общее),grizli,Гризли,инсектицид,б/н Гризли,,20 г/10 м2),,Внесение в почву на глубину 2-5 см в период вегетации,,2,,115
medvedka,медведка,вредитель,tsvety,цветы (общее),medvetoks,Медветокс,инсектицид,046-01-5045-1,02.03.2031,20-30 г/ 10 м2,,Внесение в почву не глубину 3-5 см в период вегетации,,2,-,117
medvedka,медведка,вредитель,tsvety,цветы (общее),rembek,Рембек,инсектицид,406-01-2014-1,09.10.2028,30 г/10 м2,,Равномерное внесение в почву с последующей заделкой на глубину 3-5 см,,2,-,148
medvedka,медведка,вредитель,tsvety,цветы (общее),rofatoks,Рофатокс,инсектицид,286-01-1641-1,06.12.2027,30 г/10 м2,,Равномерное внесение в почву с последующей заделкой на глубину 3-5 см,,2,-,151
medvedka,медведка,вредитель,tsvety,цветы (общее),rubezh,Рубеж,инсектицид,008-01-1664-1,17.12.2027,30 г/10 м2,,Равномерное внесение в почву с последующей заделкой на глубину 3-5 см,,2,-,152
medyanitsa,медяница,вредитель,ayva,айва,bitoksibatsillin,Битоксибациллин,инсектицид,034-01-2881-1,17.11.2030,40-50 г/10 лводы,40–50 г,Опрыскивание в период вегетации против каждого поколения вредителя с интервалом 7-8 дней. Во время цветения обработки запрещены,5,3,III,26
medyanitsa,медяница,вредитель,ayva,айва,preparat-30-plyus,Препарат 30 Плюс,инсектицид,089-01-2641-1,05.04.2030,"0,5 л/10 лводы","0,5 л",Опрыскивание до распускания почек весной при температуре не ниже +4 ˚С,,1,III,106
medyanitsa,медяница,вредитель,ayva,айва,profilaktin-bio,Профилактин Био,инсектицид,021-01-2703-1,17.06.2030,"0,5 л/10 лводы","0,5 л",Опрыскивание весной до распускания почек при температуре не ниже +4˚С (в зависимости от возраста и объема кроны),,1,III,107
medyanitsa,медяница,вредитель,ayva,айва,profilaktin-layt,Профилактин Лайт,инсектицид,021-01-2322-1,23.07.2029,"0,5 л/10 лводы","0,5 л",Опрыскивание весной до распускания почек при температуре не ниже +40С (в зависимости от возраста и объема кроны),,1,III,105
medyanitsa,медяница,вредитель,vishnya-chereshnya,вишня / черешня,preparat-30-plyus,Препарат 30 Плюс,инсектицид,089-01-2641-1,05.04.2030,"0,5 л/10 лводы","0,5 л",Опрыскивание до распускания почек весной при температуре не ниже +4 ˚С,,1,III,106
medyanitsa,медяница,вредитель,grusha,груша,bitoksibatsillin,Битоксибациллин,инсектицид,034-01-2881-1,17.11.2030,40-50 г/10 лводы,40–50 г,Опрыскивание в период вегетации против каждого поколения вредителя с интервалом 7-8 дней. Во время цветения обработки запрещены,5,3,III,26
medyanitsa,медяница,вредитель,grusha,груша,karbotsin,Карбоцин,инсектицид,441-01-1513-1,30.05.2027,1 таб./10 лводы,1 таб,Опрыскивание в период вегетации,30,2,I,289
medyanitsa,медяница,вредитель,grusha,груша,movento-enerdzhi,Мовенто Энерджи,инсектицид,019-01-1232-1,18.09.2026,5 мл/10 лводы,5 мл,Опрыскивание в период вегетации,20,2,I,173
medyanitsa,медяница,вредитель,grusha,груша,preparat-30-plyus,Препарат 30 Плюс,инсектицид,089-01-2641-1,05.04.2030,"0,5 л/10 лводы","0,5 л",Опрыскивание до распускания почек весной при температуре не ниже +4 ˚С,,1,III,106
medyanitsa,медяница,вредитель,grusha,груша,profilaktin-bio,Профилактин Био,инсектицид,021-01-2703-1,17.06.2030,"0,5 л/10 лводы","0,5 л",Опрыскивание весной до распускания почек при температуре не ниже +4˚С (в зависимости от возраста и объема кроны),,1,III,107
medyanitsa,медяница,вредитель,grusha,груша,profilaktin-layt,Профилактин Лайт,инсектицид,021-01-2322-1,23.07.2029,"0,5 л/10 лводы","0,5 л",Опрыскивание весной до распускания почек при температуре не ниже +40С (в зависимости от возраста и объема кроны),,1,III,105
medyanitsa,медяница,вредитель,grusha,груша,tvingo,Твинго,инсектицид,018-01-1919-1,20.05.2028,10 мл/10 лводы,10 мл,Опрыскивание в период вегетации (в зависимости от объема кроны),20,2,I,136
medyanitsa,медяница,вредитель,kryzhovnik,крыжовник,preparat-30-plyus,Препарат 30 Плюс,инсектицид,089-01-2641-1,05.04.2030,"0,5 л/10 лводы","0,5 л",Опрыскивание до распускания почек весной при температуре не ниже +4 ˚С,,1,III,107
medyanitsa,медяница,вредитель,malina,малина,preparat-30-plyus,Препарат 30 Плюс,инсектицид,089-01-2641-1,05.04.2030,"0,5 л/10 лводы","0,5 л",Опрыскивание до распускания почек весной при температуре не ниже +4 ˚С,,1,III,107
medyanitsa,медяница,вредитель,sliva,слива,preparat-30-plyus,Препарат 30 Плюс,инсектицид,089-01-2641-1,05.04.2030,"0,5 л/10 лводы","0,5 л",Опрыскивание до распускания почек весной при температуре не ниже +4 ˚С,,1,III,106
medyanitsa,медяница,вредитель,smorodina,смородина,preparat-30-plyus,Препарат 30 Плюс,инсектицид,089-01-2641-1,05.04.2030,"0,5 л/10 лводы","0,5 л",Опрыскивание до распускания почек весной при температуре не ниже +4 ˚С,,1,III,107
medyanitsa,медяница,вредитель,tsvety,цветы (общее),preparat-30-plyus,Препарат 30 Плюс,инсектицид,089-01-2641-1,05.04.2030,"0,5 л/10 лводы","0,5 л","Опрыскивание – первое весной до распускания почек, при температуре не ниже +4 ˚С, второе – летом при появлении вредителей",,2,III,107
medyanitsa,медяница,вредитель,yablonya,яблоня,akardo,Акардо,инсектицид,018-01-2796-1,13.09.2030,4 мл/10 лводы,4 мл,Опрыскивание в период вегетации (в зависимости от возраста дерева и объема кроны),28,2,III,242
medyanitsa,медяница,вредитель,yablonya,яблоня,bitoksibatsillin,Битоксибациллин,инсектицид,034-01-2881-1,17.11.2030,40-50 г/10 лводы,40–50 г,Опрыскивание в период вегетации против каждого поколения вредителя с интервалом 7-8 дней. Во время цветения обработки запрещены,5,3,III,26
medyanitsa,медяница,вредитель,yablonya,яблоня,karbotsin,Карбоцин,инсектицид,441-01-1513-1,30.05.2027,1 таб./10 лводы,1 таб,Опрыскивание в период вегетации,30,2,I,289
medyanitsa,медяница,вредитель,yablonya,яблоня,preparat-30-plyus,Препарат 30 Плюс,инсектицид,089-01-2641-1,05.04.2030,"0,5 л/10 лводы","0,5 л",Опрыскивание до распускания почек весной при температуре не ниже +4 ˚С,,1,III,106
medyanitsa,медяница,вредитель,yablonya,яблоня,profilaktin-bio,Профилактин Био,инсектицид,021-01-2703-1,17.06.2030,"0,5 л/10 лводы","0,5 л",Опрыскивание весной до распускания почек при температуре не ниже +4˚С (в зависимости от возраста и объема кроны),,1,III,107
medyanitsa,медяница,вредитель,yablonya,яблоня,profilaktin-layt,Профилактин Лайт,инсектицид,021-01-2322-1,23.07.2029,"0,5 л/10 лводы","0,5 л",Опрыскивание весной до распускания почек при температуре не ниже +40С (в зависимости от возраста и объема кроны),,1,III,105
mildyu,милдью,болезнь,vinograd,виноград,abiga-pik,Абига-Пик,фунгицид,407-02-1316-1,25.12.2026,40 г/10 лводы,40 г,Опрыскивание в период вегетации- 10л/100 м2,30,6,III,654
mildyu,милдью,болезнь,vinograd,виноград,biokompozit-pro,Биокомпозит-Про,фунгицид,018-02-3837-1,24.10.2032,30 мл/10 лводы,30 мл,Опрыскивание растений в период вегетации и перед сбором урожая,7,4,III,339
mildyu,милдью,болезнь,vinograd,виноград,bordoskaya-smes-f,Бордоская смесь-Ф,фунгицид,149-02-4542-1,02.05.2034,400 г сульфатамеди +400 г извести/10 лводы,,Ранневесеннее «голубое» опрыскивание до распускания почек,,1,III,466
mildyu,милдью,болезнь,vinograd,виноград,indigo,Индиго,фунгицид,018-02-2300-1,30.06.2029,40-60 мл/10 лводы,40–60 мл,Опрыскивание в период вегетации – первое профилактическое; последующие – с интервалом 7-10 дней,20,4,III,469
mildyu,милдью,болезнь,vinograd,виноград,insayd,Инсайд,фунгицид,021-02-3198-1,04.07.2031,9-12 мл/10 лводы,9–12 мл,"Опрыскивание в период вегетации: первое профилактическое до цветения, последующие – с интервалом 10-14 дней",30,3,III,626
mildyu,милдью,болезнь,vinograd,виноград,kuprolyuks,Купролюкс,фунгицид,012-02-3844-1,28.11.2032,25-30 г/10 лводы,25–30 г,Опрыскивание в период вегетации,28,3,III,473
mildyu,милдью,болезнь,vinograd,виноград,kurzat-r,Курзат Р,фунгицид,029-02-2069-1,07.02.2029,25-30 г/10 лводы,25–30 г,"Опрыскивание в период вегетации: первое – профилактическое, последующие с интервалом 10-12 дней",28,3,III,655
mildyu,милдью,болезнь,vinograd,виноград,kurzat-r-ka,Курзат Р КА,фунгицид,866-02-4726-0,25.11.2027,25-30 г/10 лводы,25–30 г,"Опрыскивание в период вегетации: первое -профилактическое, последующие с интервалом 10-12 дней.",28,3,III,656
mildyu,милдью,болезнь,vinograd,виноград,libertador,Либертадор,фунгицид,021-02-3404-1,26.12.2025,4-10 мл/10 лводы,4–10 мл,"Опрыскивание в период вегетации: первое профилактическое, последующие с интервалом 10-14 дней.",21,3,III,660
mildyu,милдью,болезнь,vinograd,виноград,provizor,Провизор,фунгицид,046-02-5073-1,09.03.2030,6-8 мл/10 лводы,6–8 мл,"Опрыскивание в период вегетации: первое – профилактическое до цветения, последующее после цветения – с интервалом 7-14 дней",60,2,III,362
mildyu,милдью,болезнь,vinograd,виноград,profit-gold,Профит Голд,фунгицид,012-02-2111-1,05.02.2029,4 г/10 лводы,4 г,"Опрыскивание в период вегетации: первое – профилактическое, последующие с интервалом – 8-12 дней",30,3,III,619
mildyu,милдью,болезнь,vinograd,виноград,sanitar,Санитар,фунгицид,126-02-3620-1,12.04.2032,4 г/10 л воды,4 г,Опрыскивание в период вегетации,30,3,III,661
mildyu,милдью,болезнь,vinograd,виноград,silar,Силар,фунгицид,008-02-3711-1,07.06.2032,20 мл/л воды,200 мл,"Опрыскивание в период вегетации: первое – в фазу «видны соцветия» (51-53), последующие –с интервалом 7-10 дней после предыдущей обработки",12,3,III,498
mildyu,милдью,болезнь,vinograd,виноград,stakkato,Стаккато,фунгицид,018-02-10081-1,17.08.2036,80 мл/10 лводы,80 мл,Опрыскивание в период вегетации с интервалом 10-14 дней.,,5,III,297
mildyu,милдью,болезнь,vinograd,виноград,tanos-ka,Танос КА,фунгицид,866-02-4725-0,25.11.2027,4 г/10 л воды,4 г,"Опрыскивание растений в период вегетации: первое профилактическое, последующие с интервалом 8-12 дней.",30,3,III,620
mildyu,милдью,болезнь,vinograd,виноград,fitosporin-m,Фитоспорин-М,фунгицид,016-02-2491-1,04.11.2029,20 мл/10 лводы,20 мл,"Опрыскивание в период вегетации: первое – профилактическое, последующее – с интервалом 8-10 дней",,4,III,316
mildyu,милдью,болезнь,vinograd,виноград,flo-ti-flu,Фло-Ти-Флу,фунгицид,002-02-10099-0,25.08.2029,10-12 мл/10 лводы,10–12 мл,"Опрыскивание в период вегетации: первое профилактическое до цветения, последующее -с интервалом 10-14 дней.",21,2,III,626
mildyu,милдью,болезнь,vinograd,виноград,hom,Хом,фунгицид,046-02-5033-1,29.03.2028,40 г/10 лводы,40 г,"Опрыскивание растений в период вегетации 0,4 %-м рабочим раствором с интервалом 7-10 дней.",43,6,III,472
mildyu,милдью,болезнь,vinograd,виноград,shirma,Ширма,фунгицид,018-02-1433-1,29.03.2027,5-7 мл/10 лводы,5–7 мл,"Опрыскивание в период вегетации: первое опрыскивание профилактическое, последующие с интервалом 10-14 дней",20,3,III,623
miniruyuschaya-mol,минирующая моль,вредитель,kapusta,капуста,antitlin,Антитлин,инсектицид,560-01-2329-1,23.07.2029,"0,5 кг/10 лводы","0,5 кг",Опрыскивание в период вегетации настоем или отваром,20,2,III,229
miniruyuschaya-mol,минирующая моль,вредитель,kapusta,капуста,batrayder,Батрайдер,инсектицид,021-01-2591-1,12.03.2030,2 мл/3 л воды,"6,7 мл",Опрыскивание в период вегетации,20,1,I,63
miniruyuschaya-mol,минирующая моль,вредитель,kapusta,капуста,boveriks-zh,"Боверикс, Ж",инсектицид,585-01-9716-1,08.12.2035,100 мл/10 лводы,100 мл,Опрыскивание в период вегетации с интервалом 10-14 дней.,5,4,III,35
miniruyuschaya-mol,минирующая моль,вредитель,kapusta,капуста,gerold,Герольд,инсектицид,021-01-1679-1,11.01.2028,5 мл/10 лводы,5 мл,Опрыскивание в период вегетации,30,1,III,133
miniruyuschaya-mol,минирующая моль,вредитель,kapusta,капуста,imiprid-duo,Имиприд Дуо,инсектицид,002-01-10053-0,28.07.2029,2 мл/100 м2,,Опрыскивание в период вегетации,20,2,I,171
miniruyuschaya-mol,минирующая моль,вредитель,kapusta,капуста,karbotsin,Карбоцин,инсектицид,441-01-1513-1,30.05.2027,1 таб./10 лводы,1 таб,Опрыскивание растений в период вегетации,25,2,I,289
miniruyuschaya-mol,минирующая моль,вредитель,kapusta,капуста,kinmiks,Кинмикс,инсектицид,262-01-9609-0,30.09.2028,"2,0-3,0",,Опрыскивание в период вегетации.,20,2,I,103
miniruyuschaya-mol,минирующая моль,вредитель,kapusta,капуста,kollayder,Коллайдер,инсектицид,021-01-4913-1,24.04.2026,"1,5-3 мл/3 лводы",5–10 мл,Опрыскивание в период вегетации,7,2,III,274
miniruyuschaya-mol,минирующая моль,вредитель,kapusta,капуста,lepidotsid,Лепидоцид,инсектицид,034-01-2886-1,09.12.2030,20-30 г/10 лводы,20–30 г,Опрыскивание в период вегетации против каждого поколения вредителя с интервалом 7-8 дней,5,2,III,31
miniruyuschaya-mol,минирующая моль,вредитель,kapusta,капуста,lepidotsid,Лепидоцид,инсектицид,034-01-2882-1,13.12.2030,20-30 мл/10 лводы,20–30 мл,Опрыскивание в период вегетации против каждого поколения вредителя с интервалом 7-8 дней,5,2,III,34
miniruyuschaya-mol,минирующая моль,вредитель,kapusta,капуста,matrinbio,МатринБио,инсектицид,021-01-2672-1,12.05.2030,10-15 мл/3 лводы,"33,3–50 мл",Опрыскивание в период вегетации,3,3,III,222
miniruyuschaya-mol,минирующая моль,вредитель,kapusta,капуста,molniya-ekstra,Молния Экстра,инсектицид,046-01-5030-1,26.02.2027,"1,5 мл/100 м2",,Опрыскивание в период вегетации.,20,2,I,288
miniruyuschaya-mol,минирующая моль,вредитель,kapusta,капуста,skarabey,Скарабей,инсектицид,021-01-3397-1,06.12.2031,2-4 мл/3 лводы,"6,7–13,3 мл",Опрыскивание в период вегетации,21,1,I,138
miniruyuschaya-mol,минирующая моль,вредитель,kapusta,капуста,tabazol,Табазол,инсектицид,560-01-2332-1,24.07.2029,"0,5-1,0 кг/100 м2",,Опрыскивание в период вегетации настоем 1:10,20,3,III,229
miniruyuschaya-mol,минирующая моль,вредитель,kapusta,капуста,tabachnaya-pyl,Табачная пыль,инсектицид,560-01-2328-1,23.07.2029,"0,4 кг/5 лводы","0,8 кг",Опрыскивание в период вегетации настоем или отваром,20,3,III,230
miniruyuschaya-mol,минирующая моль,вредитель,kapusta,капуста,turinbash,ТуринБаш,инсектицид,585-01-9829-1,11.03.2036,200 мл/10 лводы,200 мл,Опрыскивание в период вегетации против каждого поколения вредителя с интервалом 7-10 дней.,,5,III,5
miniruyuschaya-mol,минирующая моль,вредитель,kapusta,капуста,sharpey,Шарпей,инсектицид,021-01-2589-1,12.03.2030,"1,5 мл/3 лводы",5 мл,Опрыскивание в период вегетации,25,3,I,287
miniruyuschaya-mol,минирующая моль,вредитель,kartofel,картофель,karbotsin,Карбоцин,инсектицид,441-01-1513-1,30.05.2027,1 таб./10 лводы,1 таб,Опрыскивание в период вегетации,20,2,I,289
miniruyuschaya-mol,минирующая моль,вредитель,kartofel,картофель,moletoks,Молетокс,инсектицид,021-01-3034-1,24.02.2031,5 мл/10 лводы,5 мл,Опрыскивание в период вегетации,7,1,I,293
miniruyuschaya-mol,минирующая моль,вредитель,kartofel,картофель,sharpey,Шарпей,инсектицид,021-01-2589-1,12.03.2030,"1,5 мл/3 лводы",5 мл,Опрыскивание в период вегетации,20,2,I,287
miniruyuschaya-mol,минирующая моль,вредитель,plodovye-derevya,плодовые деревья (общее),lepidotsid,Лепидоцид,инсектицид,034-01-2886-1,09.12.2030,20-30 г/10 лводы,20–30 г,Опрыскивание в период массового отрождения гусениц против каждого поколения вредителя с интервалом 10-14 дней (на плодовых культурах – 7-8 дней),5,2,III,32
miniruyuschaya-mol,минирующая моль,вредитель,smorodina,смородина,gerold,Герольд,инсектицид,021-01-1679-1,11.01.2028,10 мл/10 лводы,10 мл,Опрыскивание в период вегетации,30,1,III,133
miniruyuschaya-mol,минирующая моль,вредитель,tomat,томат,batardo,Батардо,инсектицид,018-01-9868-0,25.03.2029,"4,0 мл/10 лводы",4 мл,Опрыскивание в период вегетации.,3,2,I,15
miniruyuschaya-mol,минирующая моль,вредитель,tsvety,цветы (общее),gerold,Герольд,инсектицид,021-01-1679-1,11.01.2028,5 мл/10 лводы,5 мл,Опрыскивание в период вегетации,,1,III,133
monilioz,монилиоз (ожог),болезнь,abrikos-persik,абрикос / персик,horton,Хортон,фунгицид,008-02-3302-1,16.09.2031,6-10 мл/10 лводы,6–10 мл,"Опрыскивание в период вегетации: первое – до цветения, последующее – с интервалом 7-10 дней",15,2,III,663
monilioz,монилиоз (ожог),болезнь,abrikos-persik,абрикос / персик,horton,Хортон,фунгицид,008-02-3302-1,16.09.2031,"3,5 г/10 лводы","3,5 г","Опрыскивание в период вегетации: первое - до цветения, последующее - с интервалом 7-10 дней",15,2,III,664
monilioz,монилиоз (ожог),болезнь,abrikos-persik,абрикос / персик,horton,Хортон,фунгицид,008-02-3302-1,16.09.2031,"3,5 г/10 лводы","3,5 г","Опрыскивание в период вегетации: первое - при появлении первых признаков заболевания, второе - за 14 дней до уборки урожая",15,2,III,664
monilioz,монилиоз (ожог),болезнь,abrikos-persik,абрикос / персик,horus,Хорус,фунгицид,041-02-4412-0,14.02.2027,"3,5 г/10 лводы","3,5 г","Опрыскивание в период вегетации: первое - до цветения, последующее - с интервалом 7-10 дней.",15,2,III,665
monilioz,монилиоз (ожог),болезнь,abrikos-persik,абрикос / персик,horus,Хорус,фунгицид,041-02-4412-0,14.02.2027,"3,5 г/10 лводы","3,5 г","Опрыскивание в период вегетации: первое - при появлении первых признаков заболевания, второе - за 14 дней до уборки урожая.",15,2,III,665
monilioz,монилиоз (ожог),болезнь,vishnya-chereshnya,вишня / черешня,plantenol-neo,Плантенол Нео,фунгицид,021-02-4358-1,11.01.2034,3-5 г/ 10 лводы,3–5 г,"Опрыскивание в период вегетации: первое- до цветения, последующее –с интервалом 7-10 дней (в зависимости от возраста и объема кроны)",5,2,III,662
monilioz,монилиоз (ожог),болезнь,vishnya-chereshnya,вишня / черешня,horton,Хортон,фунгицид,008-02-3302-1,16.09.2031,6-10 мл/10 лводы,6–10 мл,"Опрыскивание в период вегетации: первое – до цветения, последующее – с интервалом 7-10 дней",15,2,III,663
monilioz,монилиоз (ожог),болезнь,vishnya-chereshnya,вишня / черешня,horton,Хортон,фунгицид,008-02-3302-1,16.09.2031,"3,5 г/10 лводы","3,5 г","Опрыскивание в период вегетации: первое - до цветения, последующее - с интервалом 7-10 дней",15,2,III,664
monilioz,монилиоз (ожог),болезнь,vishnya-chereshnya,вишня / черешня,horton,Хортон,фунгицид,008-02-3302-1,16.09.2031,"3,5 г/10 лводы","3,5 г","Опрыскивание в период вегетации: первое - при появлении первых признаков заболевания, второе - за 14 дней до уборки урожая",15,2,III,664
monilioz,монилиоз (ожог),болезнь,vishnya-chereshnya,вишня / черешня,horus,Хорус,фунгицид,041-02-4412-0,14.02.2027,"3,5 г/10 лводы","3,5 г","Опрыскивание в период вегетации: первое - до цветения, последующее - с интервалом 7-10 дней.",15,2,III,665
monilioz,монилиоз (ожог),болезнь,vishnya-chereshnya,вишня / черешня,horus,Хорус,фунгицид,041-02-4412-0,14.02.2027,"3,5 г/10 лводы","3,5 г","Опрыскивание в период вегетации: первое - при появлении первых признаков заболевания, второе - за 14 дней до уборки урожая.",15,2,III,665
monilioz,монилиоз (ожог),болезнь,grusha,груша,ralli,Ралли,фунгицид,021-02-9607-0,30.09.2028,10 мл/10 лводы,10 мл,"Опрыскивание в период вегетации в фазе созревания плодов, но не позднее 10 дней до сбора урожай.",12,2,III,389
monilioz,монилиоз (ожог),болезнь,sliva,слива,plantenol-neo,Плантенол Нео,фунгицид,021-02-4358-1,11.01.2034,3-5 г/ 10 лводы,3–5 г,"Опрыскивание в период вегетации: первое- до цветения, последующее –с интервалом 7-10 дней (в зависимости от возраста и объема кроны)",5,2,III,662
monilioz,монилиоз (ожог),болезнь,sliva,слива,horton,Хортон,фунгицид,008-02-3302-1,16.09.2031,6-10 мл/10 лводы,6–10 мл,"Опрыскивание в период вегетации: первое – до цветения, последующее – с интервалом 7-10 дней",15,2,III,663
monilioz,монилиоз (ожог),болезнь,sliva,слива,horton,Хортон,фунгицид,008-02-3302-1,16.09.2031,"3,5 г/10 лводы","3,5 г","Опрыскивание в период вегетации: первое - до цветения, последующее - с интервалом 7-10 дней",15,2,III,664
monilioz,монилиоз (ожог),болезнь,sliva,слива,horton,Хортон,фунгицид,008-02-3302-1,16.09.2031,"3,5 г/10 лводы","3,5 г","Опрыскивание в период вегетации: первое - при появлении первых признаков заболевания, второе - за 14 дней до уборки урожая",15,2,III,664
monilioz,монилиоз (ожог),болезнь,sliva,слива,horus,Хорус,фунгицид,041-02-4412-0,14.02.2027,"3,5 г/10 лводы","3,5 г","Опрыскивание в период вегетации: первое - до цветения, последующее - с интервалом 7-10 дней.",15,2,III,665
monilioz,монилиоз (ожог),болезнь,sliva,слива,horus,Хорус,фунгицид,041-02-4412-0,14.02.2027,"3,5 г/10 лводы","3,5 г","Опрыскивание в период вегетации: первое - при появлении первых признаков заболевания, второе - за 14 дней до уборки урожая.",15,2,III,665
monilioz,монилиоз (ожог),болезнь,yablonya,яблоня,biokompozit-pro,Биокомпозит-Про,фунгицид,018-02-3837-1,24.10.2032,30 мл/10 лводы,30 мл,Опрыскивание растений в период вегетации и перед сбором урожая,7,4,III,339
monilioz,монилиоз (ожог),болезнь,yablonya,яблоня,kleymor,Клеймор,фунгицид,021-02-3060-1,26.12.2025,10 мл/10 лводы,10 мл,Опрыскивание в период вегетации в фазе созревания плодов (за 21 и 10 дней до уборки урожая),12,2,III,628
monilioz,монилиоз (ожог),болезнь,yablonya,яблоня,kleymor,Клеймор,фунгицид,021-02-3060-1,26.12.2025,10 мл/10 лводы,10 мл,Опрыскивание в период вегетации в фазе созревания плодов (за 21 и 10 дней до уборки урожая) (в зависимости от возраста и объема кроны),12,2,III,628
monilioz,монилиоз (ожог),болезнь,yablonya,яблоня,medeya,Медея,фунгицид,018-02-4498-1,31.03.2034,10 мл/10 лводы,10 мл,"Опрыскивание в период вегетации: первое – профилактическое или при появлении первых признаков болезней, последующие с интервалом – 7-10 дней",28,4,III,412
monilioz,монилиоз (ожог),болезнь,yablonya,яблоня,medeya,Медея,фунгицид,018-02-4498-1,31.03.2034,10 мл/10 лводы,10 мл,"Опрыскивание в период вегетации: первое – профилактическое или при появлении первых признаков болезней, последующие с интервалом – 7-10 дней",28,4,III,412
monilioz,монилиоз (ожог),болезнь,yablonya,яблоня,ralli,Ралли,фунгицид,021-02-9607-0,30.09.2028,10 мл/10 лводы,10 мл,"Опрыскивание в период вегетации в фазе созревания плодов, но не позднее 10 дней до сбора урожай.",12,2,III,389
monilioz,монилиоз (ожог),болезнь,yablonya,яблоня,fitosporin-m,Фитоспорин-М,фунгицид,016-02-2491-1,04.11.2029,20 мл/10 лводы,20 мл,Опрыскивание плодоносящих деревьев за сутки или в день снятия плодов,,1,III,316
monilioz,монилиоз (ожог),болезнь,yablonya,яблоня,fitosporin-m,Фитоспорин-М,фунгицид,016-02-2491-1,04.11.2029,100 мл/лводы,,Обработка плодов перед закладкой на хранение с последующим просушиванием,,1,III,316
morkovnaya-muha,морковная муха,вредитель,morkov,морковь,batrayder,Батрайдер,инсектицид,021-01-2591-1,12.03.2030,2 мл/3 л воды,"6,7 мл",Опрыскивание в период откладки яиц,,1,I,64
morkovnaya-muha,морковная муха,вредитель,morkov,морковь,korado,Корадо,инсектицид,008-01-2131-1,03.03.2029,5 мл/5 л воды,10 мл,Опрыскивание в период вегетации в фазе 2-4 настоящих листьев (кроме пучковой). Вторая обработка через 20 дней,20,2,I,146
morkovnaya-muha,морковная муха,вредитель,morkov,морковь,sochva,Сочва,репеллент,012-09-3065-1,17.03.2031,30 мл/ 100 м2,,Опрыскивание в период лета морковной мухи с интервалом 7 дней,,3,III,1831
moh,мох,сорняк,komnatnye-rasteniya,комнатные растения (общее),insektor-supra,Инсектор Супра,инсектицид,008-01-3332-1,07.10.2031,3 мл/100 м2,,Опрыскивание в период вегетации,,1,I,250
muravi,муравьи,вредитель,gazon,газон,muraved-bio,Муравьед Био,инсектицид,021-01-4775-1,09.01.2035,15 мл/ 2 лводы,75 мл,Внесение в почву методом полива в места скопления муравьев в период вегетации,,1,-,242
muravi,муравьи,вредитель,klubnika,клубника (земляника),muraved-bio,Муравьед Био,инсектицид,021-01-4775-1,09.01.2035,15 мл/ 2 лводы,75 мл,Внесение в почву методом полива в места скопления муравьев в период вегетации,,1,-,242
muravi,муравьи,вредитель,luk,лук,muraved-bio,Муравьед Био,инсектицид,021-01-4775-1,09.01.2035,15 мл/ 2 лводы,75 мл,Внесение в почву методом полива в места скопления муравьев в период вегетации,,1,-,242
muravi,муравьи,вредитель,tomat,томат,muravin-forte,Муравьин Форте,инсектицид,046-01-5065-1,10.01.2032,30 г/10 м2,,Равномерное внесение в почву с последующей заделкой на глубину 3-5 см в период вегетации после высадки рассады в грунт,5,1,-,160
muravi,муравьи,вредитель,uchastok,участок (муравейники),grom-2m,Гром-2М,инсектицид,012-01-4686-0,02.10.2027,30 г/10 м2,,Внесение в муравейник на глубину 2-3 см,,1,-,157
muravi,муравьи,вредитель,uchastok,участок (муравейники),grom-m,Гром-М,инсектицид,012-01-4735-1,25.11.2034,30 г/10 м2,,Внесение в муравейник на глубину 2-3 см,,1,-,158
muravi,муравьи,вредитель,uchastok,участок (муравейники),pochin,Почин,инсектицид,012-01-2615-1,18.03.2030,30 г/10 м2,,Муравьи,,1,-,115
muravi,муравьи,вредитель,uchastok,участок (муравейники),pochin-m,Почин-М,инсектицид,012-01-4694-1,16.10.2034,30 г/10 м2,,Внесение в муравейник на глубину 2-3 см,,1,-,158
muravi,муравьи,вредитель,tsvety,цветы (общее),barguzin,Баргузин,инсектицид,002-01-2108-1,05.02.2029,1 г/м2,,Внесение в муравейник на глубину 2-3 см,,1,-,115
muchnistaya-rosa,мучнистая роса,болезнь,gortenziya,гортензия,skoryy,Скорый,фунгицид,126-02-3456-1,27.12.2031,2-5 мл/10 лводы,2–5 мл,"Опрыскивание в период вегетации при появлении первых признаков болезней, последующее – с интервалом 14 дней",,2,III,398
muchnistaya-rosa,мучнистая роса,болезнь,gortenziya,гортензия,skoryy,Скорый,фунгицид,126-02-3456-1,27.12.2031,2-5 мл/10 лводы,2–5 мл,"Опрыскивание в период вегетации при появлении первых признаков болезней, последующее – с интервалом 14 дней",,2,III,399
muchnistaya-rosa,мучнистая роса,болезнь,grusha,груша,gekata,Геката,фунгицид,021-02-3255-1,04.08.2031,4-7 мл/ 10 лводы,4–7 мл,"Опрыскивание в период вегетации: первое в фазу «зеленый конус», последующие – с интервалом 7-14 дней (в зависимости от возраста и объема кроны)",60,3,III,410
muchnistaya-rosa,мучнистая роса,болезнь,grusha,груша,diskor,Дискор,фунгицид,002-02-3369-1,15.11.2031,2 мл/10 лводы,2 мл,"Опрыскивание в период вегетации в фазах: «зеленый конус», «розовый бутон», последующие – после цветения с интервалом 10-15 дней",28,4,III,395
muchnistaya-rosa,мучнистая роса,болезнь,grusha,груша,diskor,Дискор,фунгицид,002-02-3369-1,15.11.2031,2 мл/10 лводы,2 мл,"Опрыскивание в период вегетации в фазах: «зеленый конус», «розовый бутон», последующие – после цветения с интервалом 10-15 дней (в зависимости от возраста и сорта)",28,4,III,395
muchnistaya-rosa,мучнистая роса,болезнь,grusha,груша,plantenol-neo,Плантенол Нео,фунгицид,021-02-4358-1,11.01.2034,3 г/ 10 лводы,3 г,Опрыскивание в период вегетации в фазы: «зеленый конус» - конец цветения с интервалом 7-10 дней (в зависимости от возраста и объема кроны),60,2,III,662
muchnistaya-rosa,мучнистая роса,болезнь,grusha,груша,ralli,Ралли,фунгицид,021-02-9607-0,30.09.2028,10 мл/10 лводы,10 мл,Опрыскивание в период вегетации от фазы обособления бутона до фазы «сформировавшийся плод» с интервалом 10-14 дней.,12,4,III,389
muchnistaya-rosa,мучнистая роса,болезнь,grusha,груша,rangoli-kursor,Ранголи-Курсор,фунгицид,134-02-1406-1,09.03.2027,2 мл/10 лводы,2 мл,Опрыскивание в период вегетации до и после цветения с интервалом не более 14 дней,28,4,III,400
muchnistaya-rosa,мучнистая роса,болезнь,grusha,груша,raek,Раёк,фунгицид,021-02-2611-1,18.03.2030,"1,5-2 мл/10 лводы","1,5–2 мл","Опрыскивание в период вегетации в фазах: «зеленый конус», «розовый бутон», последующие – после цветения с интервалом 10-15 дней",20,4,III,397
muchnistaya-rosa,мучнистая роса,болезнь,grusha,груша,sera-400,Сера 400,инсектицид,046-01(02)-5059-1,04.07.2032,100 мл/10 лводы,100 мл,"Опрыскивание в период вегетации: первое опрыскивание в фазу «зелёный конус», второе в фазу «розовый бутон» последующие – с интервалом 7-10 дней (в зависимости от возраста дерева и объема кроны)",,6,-,239
muchnistaya-rosa,мучнистая роса,болезнь,grusha,груша,sera-400,Сера 400,инсектицид,046-01(02)-5059-1,04.07.2032,100 мл/10 лводы,100 мл,"Опрыскивание в период вегетации: первое опрыскивание в фазу «зелёный конус», второе в фазу «розовый бутон» последующие – с интервалом 7-10 дней (в зависимости от возраста дерева и объема кроны)",,6,-,239
muchnistaya-rosa,мучнистая роса,болезнь,grusha,груша,sera-400,Сера 400,фунгицид,018-01(02)-3725-1,04.07.2032,100 мл/10 лводы,100 мл,"Опрыскивание в период вегетации: первое опрыскивание в фазу «зелёный конус», второе в фазу «розовый бутон» последующие – с интервалом 7-10 дней",,6,III,551
muchnistaya-rosa,мучнистая роса,болезнь,grusha,груша,sera-400,Сера 400,фунгицид,018-01(02)-3725-1,04.07.2032,100 мл/10 лводы,100 мл,"Опрыскивание в период вегетации: первое опрыскивание в фазу «зелёный конус», второе в фазу «розовый бутон» последующие – с интервалом 7-10 дней (в зависимости от возраста дерева и объема кроны)",,6,III,552
muchnistaya-rosa,мучнистая роса,болезнь,grusha,груша,sera-900,Сера 900,фунгицид,1017-02(01)-10111-1,02.09.2036,50 мл/10 лводы,50 мл,Опрыскивание в период вегетации.,,4,III,553
muchnistaya-rosa,мучнистая роса,болезнь,grusha,груша,skor,Скор,фунгицид,041-02-4371-0,22.01.2027,2 мл/10 лводы,2 мл,Опрыскивание в период вегетации до и после цветения с интервалом не более 14 дней,20,3,III,394
muchnistaya-rosa,мучнистая роса,болезнь,grusha,груша,skoryy,Скорый,фунгицид,126-02-3456-1,27.12.2031,"3,5 мл/10 лводы","3,5 мл",Опрыскивание в период вегетации до и после цветения с интервалом не более 14 дней,20,3,III,398
muchnistaya-rosa,мучнистая роса,болезнь,grusha,груша,horton,Хортон,фунгицид,008-02-3302-1,16.09.2031,6 мл/10 лводы,6 мл,Опрыскивание в период вегетации в фазы: «зеленый конус» - конец цветения с интервалом 7-10 дней,28,2,III,663
muchnistaya-rosa,мучнистая роса,болезнь,grusha,груша,horton,Хортон,фунгицид,008-02-3302-1,16.09.2031,2 г/10 л воды,2 г,Опрыскивание в период вегетации в фазы: «зеленый конус» - конец цветения с интервалом 7-10 дней,28,2,III,664
muchnistaya-rosa,мучнистая роса,болезнь,grusha,груша,horus,Хорус,фунгицид,041-02-4412-0,14.02.2027,2 г/10 лводы,2 г,Опрыскивание в период вегетации в фазы: «зеленый конус» - конец цветения с интервалом 7-10 дней.,28,2,III,665
muchnistaya-rosa,мучнистая роса,болезнь,grusha,груша,shrilank,Шриланк,фунгицид,021-02-4134-1,20.06.2033,"3,0 -3,5 мл/10 л вода","3–3,5 мл",Опрыскивание в период вегетации до и после цветения с интервалом не более 10-14 дней (в зависимости от возраста и объема кроны),21,3,III,461
muchnistaya-rosa,мучнистая роса,болезнь,klubnika,клубника (земляника),prognoz,Прогноз,фунгицид,046-02-5040-1,31.10.2032,10 мл/10 лводы,10 мл,Опрыскивание в период вегетации до цветения и после уборки урожая,21,2,III,510
muchnistaya-rosa,мучнистая роса,болезнь,klubnika,клубника (земляника),profi,Профи,фунгицид,097(002)-02-2635-1,30.03.2030,7-10 мл/10 лводы,7–10 мл,Опрыскивание в период вегетации до цветения и после уборки урожая,20,2,III,504
muchnistaya-rosa,мучнистая роса,болезнь,klubnika,клубника (земляника),serpen,Серпень,фунгицид,008-02-3238-1,20.07.2031,5 мл/5 л воды,10 мл,Опрыскивание до цветения и после сбора урожая,10,2,III,479
muchnistaya-rosa,мучнистая роса,болезнь,klubnika,клубника (земляника),silar,Силар,фунгицид,008-02-3711-1,07.06.2032,20 мл/л воды,200 мл,"Опрыскивание в период вегетации: первое- в фазу бутонизации, последующие с интервалом 7-12 дней после предыдущей обработки",12,3,III,498
muchnistaya-rosa,мучнистая роса,болезнь,klubnika,клубника (земляника),stakkato,Стаккато,фунгицид,018-02-10081-1,17.08.2036,50 мл/6-8 лводы,,"Опрыскивание в период вегетации, последнее – за 10 дней до уборки урожая.",,4,III,297
muchnistaya-rosa,мучнистая роса,болезнь,komnatnye-rasteniya,комнатные растения (общее),alirin-b,Алирин-Б,фунгицид,139-02-2348-1,14.08.2029,2 таб./1 л,20 таб,Опрыскивание в период вегетации с интервалом 14 дней,,3,III,327
muchnistaya-rosa,мучнистая роса,болезнь,komnatnye-rasteniya,комнатные растения (общее),fitosporin-m,Фитоспорин-М,фунгицид,016-02-2491-1,04.11.2029,"0,6 мл/л воды",6 мл,Опрыскивание растений в период вегетации,,1,III,316
muchnistaya-rosa,мучнистая роса,болезнь,komnatnye-rasteniya,комнатные растения (общее),fitosporin-m,Фитоспорин-М,фунгицид,016-02-2490-1,04.12.2029,"0,3 г/1 лводы",3 г,Опрыскивание растений в период вегетации,,1,III,318
muchnistaya-rosa,мучнистая роса,болезнь,komnatnye-rasteniya,комнатные растения (общее),fitosporin-m,Фитоспорин-М,фунгицид,016-02-2489-1,04.12.2029,"0,2 г/л воды",2 г,Опрыскивание растений в период вегетации,,1,III,320
muchnistaya-rosa,мучнистая роса,болезнь,kryzhovnik,крыжовник,profi,Профи,фунгицид,097(002)-02-2635-1,30.03.2030,7-10 мл/10 лводы,7–10 мл,Опрыскивание в период вегетации до цветения и после уборки урожая,20,2,III,504
muchnistaya-rosa,мучнистая роса,болезнь,kryzhovnik,крыжовник,silar,Силар,фунгицид,008-02-3711-1,07.06.2032,20 мл/л воды,200 мл,Опрыскивание в период вегетации с интервалом 15 – 20 дней,12,3,III,498
muchnistaya-rosa,мучнистая роса,болезнь,liliya-tyulpan-lukovichnye,лилия / тюльпан / луковичные,skoryy,Скорый,фунгицид,126-02-3456-1,27.12.2031,2-5 мл/10 лводы,2–5 мл,"Опрыскивание в период вегетации при появлении первых признаков болезней, последующее – с интервалом 14 дней",,2,III,398
muchnistaya-rosa,мучнистая роса,болезнь,liliya-tyulpan-lukovichnye,лилия / тюльпан / луковичные,skoryy,Скорый,фунгицид,126-02-3456-1,27.12.2031,2-5 мл/10 лводы,2–5 мл,"Опрыскивание в период вегетации при появлении первых признаков болезней, последующее – с интервалом 14 дней",,2,III,399
muchnistaya-rosa,мучнистая роса,болезнь,luk,лук,diskor,Дискор,фунгицид,002-02-3369-1,15.11.2031,4 мл/10 лводы,4 мл,Опрыскивание в период вегетации при появлении первых признаков болезни с интервалом 14 дней,,4,III,396
muchnistaya-rosa,мучнистая роса,болезнь,ogurets,огурец,alirin-b,Алирин-Б,фунгицид,139-02-2348-1,14.08.2029,5-10 таб./15 л,"3,3–6,7 таб",Опрыскивание растений в фазы начало цветения – плодообразование с интервалом 7-10 дней,,3,III,326
muchnistaya-rosa,мучнистая роса,болезнь,ogurets,огурец,alirin-b,Алирин-Б,фунгицид,139-02-2348-1,14.08.2029,5-10 таб./10 л,5–10 таб,Опрыскивание растений суспензией препарата в фазах начало цветения – плодообра-зование с интервалом 7-14 дней,,3,III,326
muchnistaya-rosa,мучнистая роса,болезнь,ogurets,огурец,baktofit,Бактофит,фунгицид,034-02-3860-1,13.05.2024,7-14,,Опрыскивание в период вегетации профилактически или при появлении первых признаков болезни с интервалом 7-10 дней,,6,III,330
muchnistaya-rosa,мучнистая роса,болезнь,ogurets,огурец,biotrihoderma,Биотриходерма,фунгицид,186-02-4410-1,05.02.2034,1-2 г/100 мл воды,100–200 г,Замачивание семян в течение 2 часов в 1% суспензии,,1,III,356
muchnistaya-rosa,мучнистая роса,болезнь,ogurets,огурец,doktor-harvest-metoksin,Доктор Харвест Метоксин,фунгицид,909-02-9755-1,13.01.2036,"1,2 мл/1,5 лводы",8 мл,Опрыскивание в период вегетации.,1,5,III,459
muchnistaya-rosa,мучнистая роса,болезнь,ogurets,огурец,orgamika-f,Оргамика Ф,фунгицид,173-02-2477-1,19.11.2029,40 мл/15 лводы,"26,7 мл","Опрыскивание в период вегетации: первое -профилактическое, второе - с интервалом 7-10 дней.",,2,III,345
muchnistaya-rosa,мучнистая роса,болезнь,ogurets,огурец,provizor,Провизор,фунгицид,046-02-5073-1,09.03.2030,4-6 мл/15 лводы,"2,7–4 мл","Опрыскивание в период вегетации: первое – профилактическое до цветения, последующее после цветения – с интервалом 7-14 дней",5,2,III,362
muchnistaya-rosa,мучнистая роса,болезнь,ogurets,огурец,serpen,Серпень,фунгицид,008-02-3238-1,20.07.2031,5 мл/5 л воды,10 мл,"Опрыскивание в период вегетации: 1 – в фазу цветения – роста плодов, 2 – с интервалом 10-14 дней после первого",14,2,III,479
muchnistaya-rosa,мучнистая роса,болезнь,ogurets,огурец,fitosporin-as,Фитоспорин-АС,фунгицид,585-02-3649-1,21.04.2032,40 мл/10 лводы,40 мл,Опрыскивание в период вегетации: первое – профилактическое в фазах смыкание рядков-бутонизация; повторно – с интервалом 10-15 дней,,3,III,335
muchnistaya-rosa,мучнистая роса,болезнь,ogurets,огурец,fitosporin-as,Фитоспорин-АС,фунгицид,585-02-3649-1,21.04.2032,40 мл/10 лводы,40 мл,"Опрыскивание в период вегетации: первое -профилактическое, последующие - с интервалом 7-10 дней",,4,III,335
muchnistaya-rosa,мучнистая роса,болезнь,ogurets,огурец,fitosporin-m,Фитоспорин-М,фунгицид,016-02-2491-1,04.11.2029,40-60 мл/15-20 лводы,,"Опрыскивание в период вегетации: первое -профилактическое, последующие – с интервалом 7-10 дней",,2,III,315
muchnistaya-rosa,мучнистая роса,болезнь,ogurets,огурец,fitosporin-m,Фитоспорин-М,фунгицид,016-02-2490-1,04.12.2029,20-30 г/15-20 л воды,,"Опрыскивание в период вегетации: первое – профилактическое, последующие – с интервалом 7-10 дней",,2,III,318
muchnistaya-rosa,мучнистая роса,болезнь,ogurets,огурец,fitosporin-m,Фитоспорин-М,фунгицид,016-02-2489-1,04.12.2029,2 г/15-20 лводы,,"Опрыскивание в период вегетации: первое -профилактическое, последующие – с интервалом 7-10 дней",,2,III,320
muchnistaya-rosa,мучнистая роса,болезнь,petuniya-odnoletniki,петуния / однолетники,skoryy,Скорый,фунгицид,126-02-3456-1,27.12.2031,2-5 мл/10 лводы,2–5 мл,"Опрыскивание в период вегетации при появлении первых признаков болезней, последующее – с интервалом 14 дней",,2,III,398
muchnistaya-rosa,мучнистая роса,болезнь,petuniya-odnoletniki,петуния / однолетники,skoryy,Скорый,фунгицид,126-02-3456-1,27.12.2031,2-5 мл/10 лводы,2–5 мл,"Опрыскивание в период вегетации при появлении первых признаков болезней, последующее – с интервалом 14 дней",,2,III,399
muchnistaya-rosa,мучнистая роса,болезнь,plodovye-derevya,плодовые деревья (общее),diskor,Дискор,фунгицид,002-02-3369-1,15.11.2031,4 мл/10 лводы,4 мл,Опрыскивание в период вегетации при появлении первых признаков болезни с интервалом 14 дней,,4,III,396
muchnistaya-rosa,мучнистая роса,болезнь,roza,роза,serpen,Серпень,фунгицид,008-02-3238-1,20.07.2031,5 мл/5 л воды,10 мл,"Опрыскивание в период вегетации: 1 – в фазу бутонизации, последующие с интервалом 14 дней",,3,III,479
muchnistaya-rosa,мучнистая роса,болезнь,roza,роза,skor,Скор,фунгицид,041-02-4371-0,22.01.2027,2 мл/10 лводы,2 мл,"Опрыскивание в период вегетации при появлении первых признаков болезней, последующие – с интервалом 14 дней.",,2,III,394
muchnistaya-rosa,мучнистая роса,болезнь,roza,роза,skoryy,Скорый,фунгицид,126-02-3456-1,27.12.2031,2-5 мл/10 лводы,2–5 мл,"Опрыскивание в период вегетации при появлении первых признаков болезней, последующее – с интервалом 14 дней",,2,III,398
muchnistaya-rosa,мучнистая роса,болезнь,roza,роза,skoryy,Скорый,фунгицид,126-02-3456-1,27.12.2031,2-5 мл/10 лводы,2–5 мл,"Опрыскивание в период вегетации при появлении первых признаков болезней, последующее – с интервалом 14 дней",,2,III,399
muchnistaya-rosa,мучнистая роса,болезнь,roza,роза,fitosporin-m,Фитоспорин-М,фунгицид,016-02-2490-1,04.12.2029,3 г/10 л воды,3 г,Опрыскивание растений в период вегетации: профилактическое до цветения и повторно через 10-15 дней,,2,III,318
muchnistaya-rosa,мучнистая роса,болезнь,smorodina,смородина,prognoz,Прогноз,фунгицид,046-02-5040-1,31.10.2032,10 мл/10 лводы,10 мл,Опрыскивание в период вегетации до цветения и после уборки урожая,27,2,III,510
muchnistaya-rosa,мучнистая роса,болезнь,smorodina,смородина,profi,Профи,фунгицид,097(002)-02-2635-1,30.03.2030,7-10 мл/10 лводы,7–10 мл,Опрыскивание в период вегетации до цветения и после уборки урожая,20,2,III,504
muchnistaya-rosa,мучнистая роса,болезнь,smorodina,смородина,serpen,Серпень,фунгицид,008-02-3238-1,20.07.2031,5 мл/5 л воды,10 мл,"Опрыскивание в период вегетации: 1 – при первых признаках заболевания, 2 – после сбора урожая",10,2,III,479
muchnistaya-rosa,мучнистая роса,болезнь,smorodina,смородина,silar,Силар,фунгицид,008-02-3711-1,07.06.2032,20 мл/л воды,200 мл,Опрыскивание в период вегетации с интервалом 15 – 20 дней,12,3,III,498
muchnistaya-rosa,мучнистая роса,болезнь,smorodina,смородина,fitosporin-m,Фитоспорин-М,фунгицид,016-02-2490-1,04.12.2029,3 г/10 л воды,3 г,Опрыскивание растений в период вегетации до цветения и после цветения с интервалом 10-15 дней,,2,III,318
muchnistaya-rosa,мучнистая роса,болезнь,tomat,томат,baktofit,Бактофит,фунгицид,034-02-3860-1,13.05.2024,7-14,,Опрыскивание в период вегетации профилактически или при появлении первых признаков болезни с интервалом 7-10 дней,,6,III,330
muchnistaya-rosa,мучнистая роса,болезнь,tomat,томат,biokompozit-pro,Биокомпозит-Про,фунгицид,018-02-3837-1,24.10.2032,100 мл/10 лводы,100 мл,Опрыскивание в период вегетации с интервалом 20 дней,7,4,III,339
muchnistaya-rosa,мучнистая роса,болезнь,tomat,томат,doktor-harvest-metoksin,Доктор Харвест Метоксин,фунгицид,909-02-9755-1,13.01.2036,"1,2 мл/1,5 лводы",8 мл,Опрыскивание в период вегетации.,1,5,III,459
muchnistaya-rosa,мучнистая роса,болезнь,tomat,томат,provizor,Провизор,фунгицид,046-02-5073-1,09.03.2030,8-10 мл/10 лводы,8–10 мл,"Опрыскивание в период вегетации: первое – профилактическое после цветения 1-2 кистей, последующее – с интервалом 7-14 дней",10,2,III,362
muchnistaya-rosa,мучнистая роса,болезнь,tomat,томат,stakkato,Стаккато,фунгицид,018-02-10081-1,17.08.2036,50 мл/2-4 лводы,,Опрыскивание в период вегетации с интервалом 10-14 дней.,,4,III,296
muchnistaya-rosa,мучнистая роса,болезнь,hvoynye,"хвойные (туя, ель, можжевельник)",pinotsid,Пиноцид,инсектицид,021-01-1899-1,27.04.2028,2 мл/10 лводы,2 мл,Опрыскивание в период вегетации,,1,I,64
muchnistaya-rosa,мучнистая роса,болезнь,hvoynye,"хвойные (туя, ель, можжевельник)",pinotsid,Пиноцид,инсектицид,021-01-1899-1,27.04.2028,2 мл/10 лводы,2 мл,Опрыскивание в период вегетации,,1,I,64
muchnistaya-rosa,мучнистая роса,болезнь,hvoynye,"хвойные (туя, ель, можжевельник)",pinotsid,Пиноцид,инсектицид,021-01-1899-1,27.04.2028,2 мл/10 лводы,2 мл,Опрыскивание в период вегетации,,1,I,64
muchnistaya-rosa,мучнистая роса,болезнь,hvoynye,"хвойные (туя, ель, можжевельник)",pinotsid,Пиноцид,инсектицид,021-01-1899-1,27.04.2028,2 мл/10 лводы,2 мл,Опрыскивание в период вегетации,,1,I,64
muchnistaya-rosa,мучнистая роса,болезнь,tsvety,цветы (общее),alirin-b,Алирин-Б,фунгицид,139-02-2348-1,14.08.2029,2 таб./1 л,20 таб,Опрыскивание в период вегетации с интервалом 14 дней,,3,III,327
muchnistaya-rosa,мучнистая роса,болезнь,tsvety,цветы (общее),alirin-b,Алирин-Б,фунгицид,139-02-2348-1,14.08.2029,2 таб./1 л,20 таб,Опрыскивание в период вегетации с интервалом 15 дней,,3,III,327
muchnistaya-rosa,мучнистая роса,болезнь,tsvety,цветы (общее),baktofit,Бактофит,фунгицид,034-02-3860-1,13.05.2024,"5,0 г/л",50 г,Опрыскивание в период вегетации,,3,III,330
muchnistaya-rosa,мучнистая роса,болезнь,tsvety,цветы (общее),skor,Скор,фунгицид,041-02-4371-0,22.01.2027,2 мл/10 лводы,2 мл,"Опрыскивание в период вегетации при появлении первых признаков болезней, последующее – с интервалом 14 дней.",,2,III,394
muchnistaya-rosa,мучнистая роса,болезнь,tsvety,цветы (общее),fitosporin-m,Фитоспорин-М,фунгицид,016-02-2491-1,04.11.2029,6 мл/10 лводы,6 мл,Опрыскивание растений в период вегетации,,1,III,316
muchnistaya-rosa,мучнистая роса,болезнь,tsvety,цветы (общее),fitosporin-m,Фитоспорин-М,фунгицид,016-02-2491-1,04.11.2029,"0,6 мл/л воды",6 мл,Опрыскивание растений в период вегетации,,1,III,316
muchnistaya-rosa,мучнистая роса,болезнь,tsvety,цветы (общее),fitosporin-m,Фитоспорин-М,фунгицид,016-02-2490-1,04.12.2029,3 г/10 л воды,3 г,Опрыскивание растений в период вегетации,,1,III,318
muchnistaya-rosa,мучнистая роса,болезнь,tsvety,цветы (общее),fitosporin-m,Фитоспорин-М,фунгицид,016-02-2490-1,04.12.2029,"0,3 г/1 лводы",3 г,Опрыскивание растений в период вегетации,,1,III,318
muchnistaya-rosa,мучнистая роса,болезнь,tsvety,цветы (общее),fitosporin-m,Фитоспорин-М,фунгицид,016-02-2489-1,04.12.2029,2 г/10 л воды,2 г,Опрыскивание растений в период вегетации,,1,III,320
muchnistaya-rosa,мучнистая роса,болезнь,tsvety,цветы (общее),fitosporin-m,Фитоспорин-М,фунгицид,016-02-2489-1,04.12.2029,"0,2 г/л воды",2 г,Опрыскивание растений в период вегетации,,1,III,320
muchnistaya-rosa,мучнистая роса,болезнь,tsvety,цветы (общее),chistotsvet,Чистоцвет,фунгицид,021-02-3506-1,01.03.2032,2 мл/3 л воды,"6,7 мл",Опрыскивание в период вегетации при появлении первых признаков болезни и с интервалом 14 дней,,2,III,393
muchnistaya-rosa,мучнистая роса,болезнь,tsvety,цветы (общее),chistotsvet-bau,Чистоцвет БАУ,фунгицид,021-02-4326-1,19.12.2033,700 мл/7-28 растений,,Опрыскивание в период вегетации готовым рабочим раствором из флакона с курковым распылителем,,1,III,503
muchnistaya-rosa,мучнистая роса,болезнь,yablonya,яблоня,baktofit,Бактофит,фунгицид,034-02-2049-1,11.11.2028,30-50 мл/10 лводы,30–50 мл,"Опрыскивание в период вегетации: первое – профилактическое, последующее – с интервалом 8-10 дней",,3,III,329
muchnistaya-rosa,мучнистая роса,болезнь,yablonya,яблоня,biokompozit-pro,Биокомпозит-Про,фунгицид,018-02-3837-1,24.10.2032,30 мл/10 лводы,30 мл,Опрыскивание растений в период вегетации и перед сбором урожая,7,4,III,339
muchnistaya-rosa,мучнистая роса,болезнь,yablonya,яблоня,gekata,Геката,фунгицид,021-02-3255-1,04.08.2031,4-7 мл/ 10 лводы,4–7 мл,"Опрыскивание в период вегетации: первое в фазу «зеленый конус», последующие – с интервалом 7-14 дней (в зависимости от возраста и объема кроны)",60,3,III,410
muchnistaya-rosa,мучнистая роса,болезнь,yablonya,яблоня,diskor,Дискор,фунгицид,002-02-3369-1,15.11.2031,2 мл/10 лводы,2 мл,"Опрыскивание в период вегетации в фазах: «зеленый конус», «розовый бутон», последующие – после цветения с интервалом 10-15 дней",28,4,III,395
muchnistaya-rosa,мучнистая роса,болезнь,yablonya,яблоня,diskor,Дискор,фунгицид,002-02-3369-1,15.11.2031,2 мл/10 лводы,2 мл,"Опрыскивание в период вегетации в фазах: «зеленый конус», «розовый бутон», последующие – после цветения с интервалом 10-15 дней (в зависимости от возраста и сорта)",28,4,III,395
muchnistaya-rosa,мучнистая роса,болезнь,yablonya,яблоня,medeya,Медея,фунгицид,018-02-4498-1,31.03.2034,10 мл/10 лводы,10 мл,"Опрыскивание в период вегетации: первое – профилактическое или при появлении первых признаков болезней, последующие с интервалом – 7-10 дней",28,4,III,412
muchnistaya-rosa,мучнистая роса,болезнь,yablonya,яблоня,medeya,Медея,фунгицид,018-02-4498-1,31.03.2034,10 мл/10 лводы,10 мл,"Опрыскивание в период вегетации: первое – профилактическое или при появлении первых признаков болезней, последующие с интервалом – 7-10 дней",28,4,III,412
muchnistaya-rosa,мучнистая роса,болезнь,yablonya,яблоня,plantenol-neo,Плантенол Нео,фунгицид,021-02-4358-1,11.01.2034,3 г/ 10 лводы,3 г,Опрыскивание в период вегетации в фазы: «зеленый конус» - конец цветения с интервалом 7-10 дней (в зависимости от возраста и объема кроны),60,2,III,662
muchnistaya-rosa,мучнистая роса,болезнь,yablonya,яблоня,ralli,Ралли,фунгицид,021-02-9607-0,30.09.2028,10 мл/10 лводы,10 мл,Опрыскивание в период вегетации от фазы обособления бутона до фазы «сформировавшийся плод» с интервалом 10-14 дней.,12,4,III,389
muchnistaya-rosa,мучнистая роса,болезнь,yablonya,яблоня,rangoli-kursor,Ранголи-Курсор,фунгицид,134-02-1406-1,09.03.2027,2 мл/10 лводы,2 мл,Опрыскивание в период вегетации до и после цветения с интервалом не более 14 дней,28,4,III,400
muchnistaya-rosa,мучнистая роса,болезнь,yablonya,яблоня,raek,Раёк,фунгицид,021-02-2611-1,18.03.2030,"1,5-2 мл/10 лводы","1,5–2 мл","Опрыскивание в период вегетации в фазах: «зеленый конус», «розовый бутон», последующие – после цветения с интервалом 10-15 дней",20,4,III,397
muchnistaya-rosa,мучнистая роса,болезнь,yablonya,яблоня,sera-400,Сера 400,инсектицид,046-01(02)-5059-1,04.07.2032,100 мл/10 лводы,100 мл,"Опрыскивание в период вегетации: первое опрыскивание в фазу «зелёный конус», второе в фазу «розовый бутон» последующие – с интервалом 7-10 дней (в зависимости от возраста дерева и объема кроны)",,6,-,239
muchnistaya-rosa,мучнистая роса,болезнь,yablonya,яблоня,sera-400,Сера 400,инсектицид,046-01(02)-5059-1,04.07.2032,100 мл/10 лводы,100 мл,"Опрыскивание в период вегетации: первое опрыскивание в фазу «зелёный конус», второе в фазу «розовый бутон» последующие – с интервалом 7-10 дней (в зависимости от возраста дерева и объема кроны)",,6,-,239
muchnistaya-rosa,мучнистая роса,болезнь,yablonya,яблоня,sera-400,Сера 400,фунгицид,018-01(02)-3725-1,04.07.2032,100 мл/10 лводы,100 мл,"Опрыскивание в период вегетации: первое опрыскивание в фазу «зелёный конус», второе в фазу «розовый бутон» последующие – с интервалом 7-10 дней",,6,III,551
muchnistaya-rosa,мучнистая роса,болезнь,yablonya,яблоня,sera-400,Сера 400,фунгицид,018-01(02)-3725-1,04.07.2032,100 мл/10 лводы,100 мл,"Опрыскивание в период вегетации: первое опрыскивание в фазу «зелёный конус», второе в фазу «розовый бутон» последующие – с интервалом 7-10 дней (в зависимости от возраста дерева и объема кроны)",,6,III,552
muchnistaya-rosa,мучнистая роса,болезнь,yablonya,яблоня,sera-900,Сера 900,фунгицид,1017-02(01)-10111-1,02.09.2036,50 мл/10 лводы,50 мл,Опрыскивание в период вегетации.,,4,III,553
muchnistaya-rosa,мучнистая роса,болезнь,yablonya,яблоня,skor,Скор,фунгицид,041-02-4371-0,22.01.2027,2 мл/10 лводы,2 мл,Опрыскивание в период вегетации до и после цветения с интервалом не более 14 дней,20,3,III,394
muchnistaya-rosa,мучнистая роса,болезнь,yablonya,яблоня,skoryy,Скорый,фунгицид,126-02-3456-1,27.12.2031,"3,5 мл/10 лводы","3,5 мл",Опрыскивание в период вегетации до и после цветения с интервалом не более 14 дней,20,3,III,398
muchnistaya-rosa,мучнистая роса,болезнь,yablonya,яблоня,stakkato,Стаккато,фунгицид,018-02-10081-1,17.08.2036,80 мл/10 лводы,80 мл,Опрыскивание в период вегетации с интервалом 10-14 дней.,,5,III,297
muchnistaya-rosa,мучнистая роса,болезнь,yablonya,яблоня,fitosporin-m,Фитоспорин-М,фунгицид,016-02-2491-1,04.11.2029,20 мл/10 лводы,20 мл,"Опрыскивание в период вегетации в фазы: розовый бутон, начало цветения, после цветения, завязь размером до 1,5 см, плод размером с «лещину»",,5,III,316
muchnistaya-rosa,мучнистая роса,болезнь,yablonya,яблоня,horton,Хортон,фунгицид,008-02-3302-1,16.09.2031,6 мл/10 лводы,6 мл,Опрыскивание в период вегетации в фазы: «зеленый конус» - конец цветения с интервалом 7-10 дней,28,2,III,663
muchnistaya-rosa,мучнистая роса,болезнь,yablonya,яблоня,horton,Хортон,фунгицид,008-02-3302-1,16.09.2031,2 г/10 л воды,2 г,Опрыскивание в период вегетации в фазы: «зеленый конус» - конец цветения с интервалом 7-10 дней,28,2,III,664
muchnistaya-rosa,мучнистая роса,болезнь,yablonya,яблоня,horus,Хорус,фунгицид,041-02-4412-0,14.02.2027,2 г/10 лводы,2 г,Опрыскивание в период вегетации в фазы: «зеленый конус» - конец цветения с интервалом 7-10 дней.,28,2,III,665
muchnistaya-rosa,мучнистая роса,болезнь,yablonya,яблоня,shrilank,Шриланк,фунгицид,021-02-4134-1,20.06.2033,"3,0 -3,5 мл/10 л вода","3–3,5 мл",Опрыскивание в период вегетации до и после цветения с интервалом не более 10-14 дней (в зависимости от возраста и объема кроны),21,3,III,461
muchnistaya-rosa,мучнистая роса,болезнь,yagodniki,ягодники (общее),diskor,Дискор,фунгицид,002-02-3369-1,15.11.2031,4 мл/10 лводы,4 мл,Опрыскивание в период вегетации при появлении первых признаков болезни с интервалом 14 дней,,4,III,396
muchnistaya-rosa,мучнистая роса,болезнь,yagodniki,ягодники (общее),skor,Скор,фунгицид,041-02-4371-0,22.01.2027,2 мл/10 лводы,2 мл,"Опрыскивание в период вегетации при появлении первых признаков болезней, последующие– с интервалом 14 дней.",,2,III,395
muchnistaya-rosa,мучнистая роса,болезнь,yagodniki,ягодники (общее),chistotsvet,Чистоцвет,фунгицид,021-02-3506-1,01.03.2032,2 мл/10 лводы,2 мл,Опрыскивание в период вегетации при появлении первых признаков болезни и с интервалом 14 дней,,2,III,393
muchnistaya-rosa,мучнистая роса,болезнь,yagodniki,ягодники (общее),chistotsvet-bau,Чистоцвет БАУ,фунгицид,021-02-4326-1,19.12.2033,700 мл /1-7 кустов,,Опрыскивание в период вегетации готовым рабочим раствором из флакона с курковым распылителем,,1,III,503
muchnistyy-chervets,мучнистый червец,вредитель,ayva,айва,preparat-30-plyus,Препарат 30 Плюс,инсектицид,089-01-2641-1,05.04.2030,"0,5 л/10 лводы","0,5 л",Опрыскивание до распускания почек весной при температуре не ниже +4 ˚С,,1,III,106
muchnistyy-chervets,мучнистый червец,вредитель,vinograd,виноград,preparat-30-plyus,Препарат 30 Плюс,инсектицид,089-01-2641-1,05.04.2030,"0,5 л/10 лводы","0,5 л",Опрыскивание до распускания почек весной,,1,III,107
muchnistyy-chervets,мучнистый червец,вредитель,vishnya-chereshnya,вишня / черешня,preparat-30-plyus,Препарат 30 Плюс,инсектицид,089-01-2641-1,05.04.2030,"0,5 л/10 лводы","0,5 л",Опрыскивание до распускания почек весной при температуре не ниже +4 ˚С,,1,III,106
muchnistyy-chervets,мучнистый червец,вредитель,grusha,груша,preparat-30-plyus,Препарат 30 Плюс,инсектицид,089-01-2641-1,05.04.2030,"0,5 л/10 лводы","0,5 л",Опрыскивание до распускания почек весной при температуре не ниже +4 ˚С,,1,III,106
muchnistyy-chervets,мучнистый червец,вредитель,komnatnye-rasteniya,комнатные растения (общее),doktor,Доктор,инсектицид,012-01-1444-1,06.04.2027,2-5 брикетов/горшок,,Внесение брикетов под растения с неодревесневшими стеблями высотой до 30-40 см на расстоянии 2-3 см от стебля в предварительно политую водой почву,,1,-,247
muchnistyy-chervets,мучнистый червец,вредитель,limon-tsitrusy,комнатные: лимон / цитрусы,preparat-30-plyus,Препарат 30 Плюс,инсектицид,089-01-2641-1,05.04.2030,"0,5 л/10 лводы","0,5 л",Опрыскивание в период относительного покоя культуры при температуре не ниже +4 ˚С,,1,III,107
muchnistyy-chervets,мучнистый червец,вредитель,kryzhovnik,крыжовник,preparat-30-plyus,Препарат 30 Плюс,инсектицид,089-01-2641-1,05.04.2030,"0,5 л/10 лводы","0,5 л",Опрыскивание до распускания почек весной при температуре не ниже +4 ˚С,,1,III,107
muchnistyy-chervets,мучнистый червец,вредитель,malina,малина,preparat-30-plyus,Препарат 30 Плюс,инсектицид,089-01-2641-1,05.04.2030,"0,5 л/10 лводы","0,5 л",Опрыскивание до распускания почек весной при температуре не ниже +4 ˚С,,1,III,107
muchnistyy-chervets,мучнистый червец,вредитель,sliva,слива,preparat-30-plyus,Препарат 30 Плюс,инсектицид,089-01-2641-1,05.04.2030,"0,5 л/10 лводы","0,5 л",Опрыскивание до распускания почек весной при температуре не ниже +4 ˚С,,1,III,106
muchnistyy-chervets,мучнистый червец,вредитель,smorodina,смородина,preparat-30-plyus,Препарат 30 Плюс,инсектицид,089-01-2641-1,05.04.2030,"0,5 л/10 лводы","0,5 л",Опрыскивание до распускания почек весной при температуре не ниже +4 ˚С,,1,III,107
muchnistyy-chervets,мучнистый червец,вредитель,hvoynye,"хвойные (туя, ель, можжевельник)",pinotsid,Пиноцид,инсектицид,021-01-1899-1,27.04.2028,2 мл/10 лводы,2 мл,Опрыскивание в период вегетации,,1,I,64
muchnistyy-chervets,мучнистый червец,вредитель,hvoynye,"хвойные (туя, ель, можжевельник)",pinotsid,Пиноцид,инсектицид,021-01-1899-1,27.04.2028,2 мл/10 лводы,2 мл,Опрыскивание в период вегетации,,1,I,64
muchnistyy-chervets,мучнистый червец,вредитель,hvoynye,"хвойные (туя, ель, можжевельник)",pinotsid,Пиноцид,инсектицид,021-01-1899-1,27.04.2028,2 мл/10 лводы,2 мл,Опрыскивание в период вегетации,,1,I,64
muchnistyy-chervets,мучнистый червец,вредитель,hvoynye,"хвойные (туя, ель, можжевельник)",pinotsid,Пиноцид,инсектицид,021-01-1899-1,27.04.2028,2 мл/10 лводы,2 мл,Опрыскивание в период вегетации,,1,I,64
muchnistyy-chervets,мучнистый червец,вредитель,tsvety,цветы (общее),doktor,Доктор,инсектицид,012-01-1444-1,06.04.2027,2-5 брикетов/горшок,,Внесение брикетов под растения с неодревесневшими стеблями высотой до 30-40 см на расстоянии 2-3 см от стебля в предварительно политую водой почву,,1,-,247
muchnistyy-chervets,мучнистый червец,вредитель,tsvety,цветы (общее),doktor,Доктор,инсектицид,012-01-1444-1,06.04.2027,2-3 брикета/растение,,Внесение брикетов под растения с неодревесневшими стеблями высотой до 30-40 см на расстоянии 2-3 см от стебля в предварительно политую водой почву,,1,-,247
muchnistyy-chervets,мучнистый червец,вредитель,tsvety,цветы (общее),preparat-30-plyus,Препарат 30 Плюс,инсектицид,089-01-2641-1,05.04.2030,"0,5 л/10 лводы","0,5 л","Опрыскивание – первое весной до распускания почек, при температуре не ниже +4 ˚С, второе – летом при появлении вредителей",,2,III,107
muchnistyy-chervets,мучнистый червец,вредитель,yablonya,яблоня,preparat-30-plyus,Препарат 30 Плюс,инсектицид,089-01-2641-1,05.04.2030,"0,5 л/10 лводы","0,5 л",Опрыскивание до распускания почек весной при температуре не ниже +4 ˚С,,1,III,106
myshi-i-gryzuny,мыши и грызуны,вредитель,vinograd,виноград,varat,Варат,родентицид,141-06-3509-1,01.03.2032,"5 г в нору или иную укрытую точку раскладки, 0,2 кг/100 м2",,"Внесение в норы и другие укрытия грызунов с помощью аппликаторов ложечного или трубчатого типов, обработки по мере хозяйственной необходимости. Однократно в течение 2-х недель. В дальнейшем рекомендуется не более 1-2 обработок без замены другим препаратом. В последствии в течение нескольких месяцев с использованием препаратов иного механизма действия. Контроль за наличием приманки проводить 1-2 раза в неделю с перерывом 2-3 дня между раскладками. Обеспечение недоступности к препарату детей, домашних животных, диких нецелевых птиц и зверей",,1,-,1281
myshi-i-gryzuny,мыши и грызуны,вредитель,vinograd,виноград,varat,Варат,родентицид,141-06-3509-1,01.03.2032,"5 г в нору или иную укрытую точку раскладки, 0,2 кг/100 м2",,"Внесение в норы и другие укрытия грызунов с помощью аппликаторов ложечного или трубчатого типов, обработки по мере хозяйственной необходимости. Однократно в течение 2-х недель. В дальнейшем рекомендуется не более 1-2 обработок без замены другим препаратом. В последствии в течение нескольких месяцев с использованием препаратов иного механизма действия. Контроль за наличием приманки проводить 1-2 раза в неделю с перерывом 2-3 дня между раскладками. Обеспечение недоступности к препарату детей, домашних животных, диких нецелевых птиц и зверей",,1,-,1282
myshi-i-gryzuny,мыши и грызуны,вредитель,vinograd,виноград,varat,Варат,родентицид,141-06-3509-1,01.03.2032,от 5 до 40 г в приманочный ящик или трубку,,"Внесение в норы и другие укрытия грызунов с помощью аппликаторов ложечного или трубчатого типов, обработки по мере хозяйственной необходимости. Однократно в течение 2-х недель. В дальнейшем рекомендуется не более 1-2 обработок без замены другим препаратом. В последствии в течение нескольких месяцев с использованием препаратов иного механизма действия. Контроль за наличием приманки проводить 1-2 раза в неделю с перерывом 2-3 дня между раскладками. Обеспечение недоступности к препарату детей, домашних животных, диких нецелевых птиц и зверей",,1,-,1285
myshi-i-gryzuny,мыши и грызуны,вредитель,vinograd,виноград,varat,Варат,родентицид,141-06-3618-1,11.04.2032,"1 брикет (3,6 г) в нору или иную укрытую точку раскладки, 0,2 кг/100 м2",,"Внесение в норы и другие укрытия грызунов с помощью аппликаторов ложечного или трубчатого типов, обработки по мере хозяйственной необходимости. Однократно в течение 2-х недель. В дальнейшем рекомендуется не более 1-2 обработок без смены препарата. Впоследствии в течение нескольких месяцев с исполь-зованием препаратов иного механизма действия. Контроль за наличием приманки проводить 1-2 раза в неделю с перерывом 2-3 дня между раскладками. Обеспечение недоступности к препарату детей, домашних животных, диких нецелевых птиц и зверей",,1,-,1291
myshi-i-gryzuny,мыши и грызуны,вредитель,vinograd,виноград,varat,Варат,родентицид,141-06-3618-1,11.04.2032,"1 брикет (3,6 г) в нору или иную укрытую точку раскладки, 0,2 кг/100 м2",,"Внесение в норы и другие укрытия грызунов с помощью аппликаторов ложечного или трубчатого типов, обработки по мере хозяйственной необходимости. Однократно в течение 2-х недель. В дальнейшем рекомендуется не более 1-2 обработок без смены препарата. Впоследствии в течение нескольких месяцев с исполь-зованием препаратов иного механизма действия. Контроль за наличием приманки проводить 1-2 раза в неделю с перерывом 2-3 дня между раскладками. Обеспечение недоступности к препарату детей, домашних животных, диких нецелевых птиц и зверей",,1,-,1292
myshi-i-gryzuny,мыши и грызуны,вредитель,vinograd,виноград,varat,Варат,родентицид,141-06-3618-1,11.04.2032,от 5 до 30 г в приманочный ящик или трубку,,"Внесение в норы и другие укрытия грызунов с помощью аппликаторов ложечного или трубчатого типов, обработки по мере хозяйственной необходимости. Однократно в течение 2-х недель. В дальнейшем рекомендуется не более 1-2 обработок без смены препарата. Впоследствии в течение нескольких месяцев с исполь-зованием препаратов иного механизма действия. Контроль за наличием приманки проводить 1-2 раза в неделю с перерывом 2-3 дня между раскладками. Обеспечение недоступности к препарату детей, домашних животных, диких нецелевых птиц и зверей",,1,-,1295
myshi-i-gryzuny,мыши и грызуны,вредитель,vinograd,виноград,varat,Варат,родентицид,141-06-3619-1,11.04.2032,от 5 до 40 г в приманочный ящик или трубку,,"Внесение в норы и другие укрытия грызунов вручную (руки защищены резиновыми перчатками) или с помощью ложечного аппликатора, обработки по мере хозяйственной необходимости. Однократно в течение 2-х недель. В дальнейшем рекомендуется не более 1-2 обработок без смены препарата. Впоследствии в течение нескольких месяцев с использованием препаратов иного механизма действия Контроль за наличием приманки проводить 1-2 раза в неделю с перерывом 2-3 дня между раскладками. Обеспечение недоступности к препарату детей, домашних животных, диких нецелевых птиц и зверей.",,1,-,1297
myshi-i-gryzuny,мыши и грызуны,вредитель,vinograd,виноград,varat,Варат,родентицид,141-06-3619-1,11.04.2032,"1 брикет (13 г) на две близко расположенные норы или иные укрытые точки раскладки, 0,2 кг/100 м2",,"Внесение в норы и другие укрытия грызунов вручную (руки защищены резиновыми перчатками) или с помощью ложечного аппликатора, обработки по мере хозяйственной необходимости. Однократно в течение 2-х недель. В дальнейшем рекомендуется не более 1-2 обработок без смены препарата. Впоследствии в течение нескольких месяцев с использованием препаратов иного механизма действия Контроль за наличием приманки проводить 1-2 раза в неделю с перерывом 2-3 дня между раскладками. Обеспечение недоступности к препарату детей, домашних животных, диких нецелевых птиц и зверей.",,1,-,1302
myshi-i-gryzuny,мыши и грызуны,вредитель,vinograd,виноград,varat,Варат,родентицид,141-06-3619-1,11.04.2032,"1 брикет (13 г) на две близко расположенные норы или иные укрытые точки раскладки, 0,2 кг/100 м2",,"Внесение в норы и другие укрытия грызунов вручную (руки защищены резиновыми перчатками) или с помощью ложечного аппликатора, обработки по мере хозяйственной необходимости. Однократно в течение 2-х недель. В дальнейшем рекомендуется не более 1-2 обработок без смены препарата. Впоследствии в течение нескольких месяцев с использованием препаратов иного механизма действия Контроль за наличием приманки проводить 1-2 раза в неделю с перерывом 2-3 дня между раскладками. Обеспечение недоступности к препарату детей, домашних животных, диких нецелевых птиц и зверей.",,1,-,1303
myshi-i-gryzuny,мыши и грызуны,вредитель,vinograd,виноград,norat,Норат,родентицид,141-06-3560-1,21.03.2032,"5 г в нору или иную укрытую точку раскладки, 0,2 кг/100 м2",,"Внесение в норы и другие укрытия грызунов с помощью аппликаторов ложечного или трубчатого типов, обработки по мере хозяйственной необходимости. Однократно в течение 2-х недель. В дальнейшем рекомендуется не более 1-2 обработок без смены препарата. Впоследствии в течение нескольких месяцев с использованием препаратов иного механизма действия.Контроль за наличием приманки проводить 1-2 раза в неделю с перерывом 2-3 дня между раскладками. Обеспечение недоступности к препарату детей, домашних животных, диких нецелевых птиц и зверей.",,1,-,1340
myshi-i-gryzuny,мыши и грызуны,вредитель,vinograd,виноград,norat,Норат,родентицид,141-06-3560-1,21.03.2032,"5 г в нору или иную укрытую точку раскладки, 0,2 кг/100 м2",,"Внесение в норы и другие укрытия грызунов с помощью аппликаторов ложечного или трубчатого типов, обработки по мере хозяйственной необходимости. Однократно в течение 2-х недель. В дальнейшем рекомендуется не более 1-2 обработок без смены препарата. Впоследствии в течение нескольких месяцев с использованием препаратов иного механизма действия.Контроль за наличием приманки проводить 1-2 раза в неделю с перерывом 2-3 дня между раскладками. Обеспечение недоступности к препарату детей, домашних животных, диких нецелевых птиц и зверей.",,1,-,1341
myshi-i-gryzuny,мыши и грызуны,вредитель,vinograd,виноград,norat,Норат,родентицид,141-06-3560-1,21.03.2032,от 5 до 40 г в приманочный ящик или трубку,,"Внесение в норы и другие укрытия грызунов с помощью аппликаторов ложечного или трубчатого типов, обработки по мере хозяйственной необходимости. Однократно в течение 2-х недель. В дальнейшем рекомендуется не более 1-2 обработок без смены препарата. Впоследствии в течение нескольких месяцев с использованием препаратов иного механизма действия.Контроль за наличием приманки проводить 1-2 раза в неделю с перерывом 2-3 дня между раскладками. Обеспечение недоступности к препарату детей, домашних животных, диких нецелевых птиц и зверей.",,1,-,1344
myshi-i-gryzuny,мыши и грызуны,вредитель,vinograd,виноград,rattidion,Раттидион,родентицид,141-06-3542-1,17.03.2032,5 г в нору или иную укрытую точку раскладки,,"Внесение в норы и другие укрытия грызунов с помощью аппликаторов ложечного или трубчатого типов, обработки по мере хозяйственной необходимости. Однократно в течение 2-х недель. В дальнейшем рекомендуется не более 1-2 обработок без смены препарата. Впоследствии в течение нескольких месяцев с использованием препаратов иного механизма действия.Контроль за наличием приманки проводить 1-2 раза в неделю с перерывом 2-3 дня между раскладками. Обеспечение недоступности к препарату детей, домашних животных, диких нецелевых птиц и зверей.",,1,-,1348
myshi-i-gryzuny,мыши и грызуны,вредитель,vinograd,виноград,rattidion,Раттидион,родентицид,141-06-3542-1,17.03.2032,от 5 до 40 г в приманочный ящик или трубку,,"Внесение в норы и другие укрытия грызунов с помощью аппликаторов ложечного или трубчатого типов, обработки по мере хозяйственной необходимости. Однократно в течение 2-х недель. В дальнейшем рекомендуется не более 1-2 обработок без смены препарата. Впоследствии в течение нескольких месяцев с использованием препаратов иного механизма действия.Контроль за наличием приманки проводить 1-2 раза в неделю с перерывом 2-3 дня между раскладками. Обеспечение недоступности к препарату детей, домашних животных, диких нецелевых птиц и зверей.",,1,-,1350
myshi-i-gryzuny,мыши и грызуны,вредитель,zernovye,зерновые (прочие),varat,Варат,родентицид,141-06-3509-1,01.03.2032,"5 г в нору или иную укрытую точку раскладки, 0,2 кг/100 м2",,"Внесение в норы и другие укрытия грызунов с помощью аппликаторов ложечного или трубчатого типов, обработки по мере хозяйственной необходимости. Однократно в течение 2-х недель. В дальнейшем рекомендуется не более 1-2 обработок без замены другим препаратом. В последствии в течение нескольких месяцев с использованием препаратов иного механизма действия. Контроль за наличием приманки проводить 1-2 раза в неделю с перерывом 2-3 дня между раскладками. Обеспечение недоступности к препарату детей, домашних животных, диких нецелевых птиц и зверей",,1,-,1281
myshi-i-gryzuny,мыши и грызуны,вредитель,zernovye,зерновые (прочие),varat,Варат,родентицид,141-06-3509-1,01.03.2032,"5 г в нору или иную укрытую точку раскладки, 0,2 кг/100 м2",,"Внесение в норы и другие укрытия грызунов с помощью аппликаторов ложечного или трубчатого типов, обработки по мере хозяйственной необходимости. Однократно в течение 2-х недель. В дальнейшем рекомендуется не более 1-2 обработок без замены другим препаратом. В последствии в течение нескольких месяцев с использованием препаратов иного механизма действия. Контроль за наличием приманки проводить 1-2 раза в неделю с перерывом 2-3 дня между раскладками. Обеспечение недоступности к препарату детей, домашних животных, диких нецелевых птиц и зверей",,1,-,1282
myshi-i-gryzuny,мыши и грызуны,вредитель,zernovye,зерновые (прочие),varat,Варат,родентицид,141-06-3509-1,01.03.2032,от 5 до 40 г в приманочный ящик или трубку,,"Внесение в норы и другие укрытия грызунов с помощью аппликаторов ложечного или трубчатого типов, обработки по мере хозяйственной необходимости. Однократно в течение 2-х недель. В дальнейшем рекомендуется не более 1-2 обработок без замены другим препаратом. В последствии в течение нескольких месяцев с использованием препаратов иного механизма действия. Контроль за наличием приманки проводить 1-2 раза в неделю с перерывом 2-3 дня между раскладками. Обеспечение недоступности к препарату детей, домашних животных, диких нецелевых птиц и зверей",,1,-,1285
myshi-i-gryzuny,мыши и грызуны,вредитель,zernovye,зерновые (прочие),varat,Варат,родентицид,141-06-3618-1,11.04.2032,"1 брикет (3,6 г) в нору или иную укрытую точку раскладки, 0,2 кг/100 м2",,"Внесение в норы и другие укрытия грызунов с помощью аппликаторов ложечного или трубчатого типов, обработки по мере хозяйственной необходимости. Однократно в течение 2-х недель. В дальнейшем рекомендуется не более 1-2 обработок без смены препарата. Впоследствии в течение нескольких месяцев с исполь-зованием препаратов иного механизма действия. Контроль за наличием приманки проводить 1-2 раза в неделю с перерывом 2-3 дня между раскладками. Обеспечение недоступности к препарату детей, домашних животных, диких нецелевых птиц и зверей",,1,-,1291
myshi-i-gryzuny,мыши и грызуны,вредитель,zernovye,зерновые (прочие),varat,Варат,родентицид,141-06-3618-1,11.04.2032,"1 брикет (3,6 г) в нору или иную укрытую точку раскладки, 0,2 кг/100 м2",,"Внесение в норы и другие укрытия грызунов с помощью аппликаторов ложечного или трубчатого типов, обработки по мере хозяйственной необходимости. Однократно в течение 2-х недель. В дальнейшем рекомендуется не более 1-2 обработок без смены препарата. Впоследствии в течение нескольких месяцев с исполь-зованием препаратов иного механизма действия. Контроль за наличием приманки проводить 1-2 раза в неделю с перерывом 2-3 дня между раскладками. Обеспечение недоступности к препарату детей, домашних животных, диких нецелевых птиц и зверей",,1,-,1292
myshi-i-gryzuny,мыши и грызуны,вредитель,zernovye,зерновые (прочие),varat,Варат,родентицид,141-06-3618-1,11.04.2032,от 5 до 30 г в приманочный ящик или трубку,,"Внесение в норы и другие укрытия грызунов с помощью аппликаторов ложечного или трубчатого типов, обработки по мере хозяйственной необходимости. Однократно в течение 2-х недель. В дальнейшем рекомендуется не более 1-2 обработок без смены препарата. Впоследствии в течение нескольких месяцев с исполь-зованием препаратов иного механизма действия. Контроль за наличием приманки проводить 1-2 раза в неделю с перерывом 2-3 дня между раскладками. Обеспечение недоступности к препарату детей, домашних животных, диких нецелевых птиц и зверей",,1,-,1295
myshi-i-gryzuny,мыши и грызуны,вредитель,zernovye,зерновые (прочие),varat,Варат,родентицид,141-06-3619-1,11.04.2032,от 5 до 40 г в приманочный ящик или трубку,,"Внесение в норы и другие укрытия грызунов вручную (руки защищены резиновыми перчатками) или с помощью ложечного аппликатора, обработки по мере хозяйственной необходимости. Однократно в течение 2-х недель. В дальнейшем рекомендуется не более 1-2 обработок без смены препарата. Впоследствии в течение нескольких месяцев с использованием препаратов иного механизма действия Контроль за наличием приманки проводить 1-2 раза в неделю с перерывом 2-3 дня между раскладками. Обеспечение недоступности к препарату детей, домашних животных, диких нецелевых птиц и зверей.",,1,-,1297
myshi-i-gryzuny,мыши и грызуны,вредитель,zernovye,зерновые (прочие),varat,Варат,родентицид,141-06-3619-1,11.04.2032,"1 брикет (13 г) на две близко расположенные норы или иные укрытые точки раскладки, 0,2 кг/100 м2",,"Внесение в норы и другие укрытия грызунов вручную (руки защищены резиновыми перчатками) или с помощью ложечного аппликатора, обработки по мере хозяйственной необходимости. Однократно в течение 2-х недель. В дальнейшем рекомендуется не более 1-2 обработок без смены препарата. Впоследствии в течение нескольких месяцев с использованием препаратов иного механизма действия Контроль за наличием приманки проводить 1-2 раза в неделю с перерывом 2-3 дня между раскладками. Обеспечение недоступности к препарату детей, домашних животных, диких нецелевых птиц и зверей.",,1,-,1302
myshi-i-gryzuny,мыши и грызуны,вредитель,zernovye,зерновые (прочие),varat,Варат,родентицид,141-06-3619-1,11.04.2032,"1 брикет (13 г) на две близко расположенные норы или иные укрытые точки раскладки, 0,2 кг/100 м2",,"Внесение в норы и другие укрытия грызунов вручную (руки защищены резиновыми перчатками) или с помощью ложечного аппликатора, обработки по мере хозяйственной необходимости. Однократно в течение 2-х недель. В дальнейшем рекомендуется не более 1-2 обработок без смены препарата. Впоследствии в течение нескольких месяцев с использованием препаратов иного механизма действия Контроль за наличием приманки проводить 1-2 раза в неделю с перерывом 2-3 дня между раскладками. Обеспечение недоступности к препарату детей, домашних животных, диких нецелевых птиц и зверей.",,1,-,1303
myshi-i-gryzuny,мыши и грызуны,вредитель,zernovye,зерновые (прочие),norat,Норат,родентицид,141-06-3560-1,21.03.2032,"5 г в нору или иную укрытую точку раскладки, 0,2 кг/100 м2",,"Внесение в норы и другие укрытия грызунов с помощью аппликаторов ложечного или трубчатого типов, обработки по мере хозяйственной необходимости. Однократно в течение 2-х недель. В дальнейшем рекомендуется не более 1-2 обработок без смены препарата. Впоследствии в течение нескольких месяцев с использованием препаратов иного механизма действия.Контроль за наличием приманки проводить 1-2 раза в неделю с перерывом 2-3 дня между раскладками. Обеспечение недоступности к препарату детей, домашних животных, диких нецелевых птиц и зверей.",,1,-,1340
myshi-i-gryzuny,мыши и грызуны,вредитель,zernovye,зерновые (прочие),norat,Норат,родентицид,141-06-3560-1,21.03.2032,"5 г в нору или иную укрытую точку раскладки, 0,2 кг/100 м2",,"Внесение в норы и другие укрытия грызунов с помощью аппликаторов ложечного или трубчатого типов, обработки по мере хозяйственной необходимости. Однократно в течение 2-х недель. В дальнейшем рекомендуется не более 1-2 обработок без смены препарата. Впоследствии в течение нескольких месяцев с использованием препаратов иного механизма действия.Контроль за наличием приманки проводить 1-2 раза в неделю с перерывом 2-3 дня между раскладками. Обеспечение недоступности к препарату детей, домашних животных, диких нецелевых птиц и зверей.",,1,-,1341
myshi-i-gryzuny,мыши и грызуны,вредитель,zernovye,зерновые (прочие),norat,Норат,родентицид,141-06-3560-1,21.03.2032,от 5 до 40 г в приманочный ящик или трубку,,"Внесение в норы и другие укрытия грызунов с помощью аппликаторов ложечного или трубчатого типов, обработки по мере хозяйственной необходимости. Однократно в течение 2-х недель. В дальнейшем рекомендуется не более 1-2 обработок без смены препарата. Впоследствии в течение нескольких месяцев с использованием препаратов иного механизма действия.Контроль за наличием приманки проводить 1-2 раза в неделю с перерывом 2-3 дня между раскладками. Обеспечение недоступности к препарату детей, домашних животных, диких нецелевых птиц и зверей.",,1,-,1344
myshi-i-gryzuny,мыши и грызуны,вредитель,zernovye,зерновые (прочие),rattidion,Раттидион,родентицид,141-06-3542-1,17.03.2032,5 г в нору или иную укрытую точку раскладки,,"Внесение в норы и другие укрытия грызунов с помощью аппликаторов ложечного или трубчатого типов, обработки по мере хозяйственной необходимости. Однократно в течение 2-х недель. В дальнейшем рекомендуется не более 1-2 обработок без смены препарата. Впоследствии в течение нескольких месяцев с использованием препаратов иного механизма действия.Контроль за наличием приманки проводить 1-2 раза в неделю с перерывом 2-3 дня между раскладками. Обеспечение недоступности к препарату детей, домашних животных, диких нецелевых птиц и зверей.",,1,-,1348
myshi-i-gryzuny,мыши и грызуны,вредитель,zernovye,зерновые (прочие),rattidion,Раттидион,родентицид,141-06-3542-1,17.03.2032,от 5 до 40 г в приманочный ящик или трубку,,"Внесение в норы и другие укрытия грызунов с помощью аппликаторов ложечного или трубчатого типов, обработки по мере хозяйственной необходимости. Однократно в течение 2-х недель. В дальнейшем рекомендуется не более 1-2 обработок без смены препарата. Впоследствии в течение нескольких месяцев с использованием препаратов иного механизма действия.Контроль за наличием приманки проводить 1-2 раза в неделю с перерывом 2-3 дня между раскладками. Обеспечение недоступности к препарату детей, домашних животных, диких нецелевых птиц и зверей.",,1,-,1350
myshi-i-gryzuny,мыши и грызуны,вредитель,krupyanye,"крупяные (гречиха, просо, сорго)",varat,Варат,родентицид,141-06-3509-1,01.03.2032,"5 г в нору или иную укрытую точку раскладки, 0,2 кг/100 м2",,"Внесение в норы и другие укрытия грызунов с помощью аппликаторов ложечного или трубчатого типов, обработки по мере хозяйственной необходимости. Однократно в течение 2-х недель. В дальнейшем рекомендуется не более 1-2 обработок без замены другим препаратом. В последствии в течение нескольких месяцев с использованием препаратов иного механизма действия. Контроль за наличием приманки проводить 1-2 раза в неделю с перерывом 2-3 дня между раскладками. Обеспечение недоступности к препарату детей, домашних животных, диких нецелевых птиц и зверей",,1,-,1281
myshi-i-gryzuny,мыши и грызуны,вредитель,krupyanye,"крупяные (гречиха, просо, сорго)",varat,Варат,родентицид,141-06-3509-1,01.03.2032,"5 г в нору или иную укрытую точку раскладки, 0,2 кг/100 м2",,"Внесение в норы и другие укрытия грызунов с помощью аппликаторов ложечного или трубчатого типов, обработки по мере хозяйственной необходимости. Однократно в течение 2-х недель. В дальнейшем рекомендуется не более 1-2 обработок без замены другим препаратом. В последствии в течение нескольких месяцев с использованием препаратов иного механизма действия. Контроль за наличием приманки проводить 1-2 раза в неделю с перерывом 2-3 дня между раскладками. Обеспечение недоступности к препарату детей, домашних животных, диких нецелевых птиц и зверей",,1,-,1282
myshi-i-gryzuny,мыши и грызуны,вредитель,krupyanye,"крупяные (гречиха, просо, сорго)",varat,Варат,родентицид,141-06-3509-1,01.03.2032,от 5 до 40 г в приманочный ящик или трубку,,"Внесение в норы и другие укрытия грызунов с помощью аппликаторов ложечного или трубчатого типов, обработки по мере хозяйственной необходимости. Однократно в течение 2-х недель. В дальнейшем рекомендуется не более 1-2 обработок без замены другим препаратом. В последствии в течение нескольких месяцев с использованием препаратов иного механизма действия. Контроль за наличием приманки проводить 1-2 раза в неделю с перерывом 2-3 дня между раскладками. Обеспечение недоступности к препарату детей, домашних животных, диких нецелевых птиц и зверей",,1,-,1285
myshi-i-gryzuny,мыши и грызуны,вредитель,krupyanye,"крупяные (гречиха, просо, сорго)",varat,Варат,родентицид,141-06-3618-1,11.04.2032,"1 брикет (3,6 г) в нору или иную укрытую точку раскладки, 0,2 кг/100 м2",,"Внесение в норы и другие укрытия грызунов с помощью аппликаторов ложечного или трубчатого типов, обработки по мере хозяйственной необходимости. Однократно в течение 2-х недель. В дальнейшем рекомендуется не более 1-2 обработок без смены препарата. Впоследствии в течение нескольких месяцев с исполь-зованием препаратов иного механизма действия. Контроль за наличием приманки проводить 1-2 раза в неделю с перерывом 2-3 дня между раскладками. Обеспечение недоступности к препарату детей, домашних животных, диких нецелевых птиц и зверей",,1,-,1291
myshi-i-gryzuny,мыши и грызуны,вредитель,krupyanye,"крупяные (гречиха, просо, сорго)",varat,Варат,родентицид,141-06-3618-1,11.04.2032,"1 брикет (3,6 г) в нору или иную укрытую точку раскладки, 0,2 кг/100 м2",,"Внесение в норы и другие укрытия грызунов с помощью аппликаторов ложечного или трубчатого типов, обработки по мере хозяйственной необходимости. Однократно в течение 2-х недель. В дальнейшем рекомендуется не более 1-2 обработок без смены препарата. Впоследствии в течение нескольких месяцев с исполь-зованием препаратов иного механизма действия. Контроль за наличием приманки проводить 1-2 раза в неделю с перерывом 2-3 дня между раскладками. Обеспечение недоступности к препарату детей, домашних животных, диких нецелевых птиц и зверей",,1,-,1292
myshi-i-gryzuny,мыши и грызуны,вредитель,krupyanye,"крупяные (гречиха, просо, сорго)",varat,Варат,родентицид,141-06-3618-1,11.04.2032,от 5 до 30 г в приманочный ящик или трубку,,"Внесение в норы и другие укрытия грызунов с помощью аппликаторов ложечного или трубчатого типов, обработки по мере хозяйственной необходимости. Однократно в течение 2-х недель. В дальнейшем рекомендуется не более 1-2 обработок без смены препарата. Впоследствии в течение нескольких месяцев с исполь-зованием препаратов иного механизма действия. Контроль за наличием приманки проводить 1-2 раза в неделю с перерывом 2-3 дня между раскладками. Обеспечение недоступности к препарату детей, домашних животных, диких нецелевых птиц и зверей",,1,-,1295
myshi-i-gryzuny,мыши и грызуны,вредитель,krupyanye,"крупяные (гречиха, просо, сорго)",varat,Варат,родентицид,141-06-3619-1,11.04.2032,от 5 до 40 г в приманочный ящик или трубку,,"Внесение в норы и другие укрытия грызунов вручную (руки защищены резиновыми перчатками) или с помощью ложечного аппликатора, обработки по мере хозяйственной необходимости. Однократно в течение 2-х недель. В дальнейшем рекомендуется не более 1-2 обработок без смены препарата. Впоследствии в течение нескольких месяцев с использованием препаратов иного механизма действия Контроль за наличием приманки проводить 1-2 раза в неделю с перерывом 2-3 дня между раскладками. Обеспечение недоступности к препарату детей, домашних животных, диких нецелевых птиц и зверей.",,1,-,1297
myshi-i-gryzuny,мыши и грызуны,вредитель,krupyanye,"крупяные (гречиха, просо, сорго)",varat,Варат,родентицид,141-06-3619-1,11.04.2032,"1 брикет (13 г) на две близко расположенные норы или иные укрытые точки раскладки, 0,2 кг/100 м2",,"Внесение в норы и другие укрытия грызунов вручную (руки защищены резиновыми перчатками) или с помощью ложечного аппликатора, обработки по мере хозяйственной необходимости. Однократно в течение 2-х недель. В дальнейшем рекомендуется не более 1-2 обработок без смены препарата. Впоследствии в течение нескольких месяцев с использованием препаратов иного механизма действия Контроль за наличием приманки проводить 1-2 раза в неделю с перерывом 2-3 дня между раскладками. Обеспечение недоступности к препарату детей, домашних животных, диких нецелевых птиц и зверей.",,1,-,1302
myshi-i-gryzuny,мыши и грызуны,вредитель,krupyanye,"крупяные (гречиха, просо, сорго)",varat,Варат,родентицид,141-06-3619-1,11.04.2032,"1 брикет (13 г) на две близко расположенные норы или иные укрытые точки раскладки, 0,2 кг/100 м2",,"Внесение в норы и другие укрытия грызунов вручную (руки защищены резиновыми перчатками) или с помощью ложечного аппликатора, обработки по мере хозяйственной необходимости. Однократно в течение 2-х недель. В дальнейшем рекомендуется не более 1-2 обработок без смены препарата. Впоследствии в течение нескольких месяцев с использованием препаратов иного механизма действия Контроль за наличием приманки проводить 1-2 раза в неделю с перерывом 2-3 дня между раскладками. Обеспечение недоступности к препарату детей, домашних животных, диких нецелевых птиц и зверей.",,1,-,1303
myshi-i-gryzuny,мыши и грызуны,вредитель,krupyanye,"крупяные (гречиха, просо, сорго)",norat,Норат,родентицид,141-06-3560-1,21.03.2032,"5 г в нору или иную укрытую точку раскладки, 0,2 кг/100 м2",,"Внесение в норы и другие укрытия грызунов с помощью аппликаторов ложечного или трубчатого типов, обработки по мере хозяйственной необходимости. Однократно в течение 2-х недель. В дальнейшем рекомендуется не более 1-2 обработок без смены препарата. Впоследствии в течение нескольких месяцев с использованием препаратов иного механизма действия.Контроль за наличием приманки проводить 1-2 раза в неделю с перерывом 2-3 дня между раскладками. Обеспечение недоступности к препарату детей, домашних животных, диких нецелевых птиц и зверей.",,1,-,1340
myshi-i-gryzuny,мыши и грызуны,вредитель,krupyanye,"крупяные (гречиха, просо, сорго)",norat,Норат,родентицид,141-06-3560-1,21.03.2032,"5 г в нору или иную укрытую точку раскладки, 0,2 кг/100 м2",,"Внесение в норы и другие укрытия грызунов с помощью аппликаторов ложечного или трубчатого типов, обработки по мере хозяйственной необходимости. Однократно в течение 2-х недель. В дальнейшем рекомендуется не более 1-2 обработок без смены препарата. Впоследствии в течение нескольких месяцев с использованием препаратов иного механизма действия.Контроль за наличием приманки проводить 1-2 раза в неделю с перерывом 2-3 дня между раскладками. Обеспечение недоступности к препарату детей, домашних животных, диких нецелевых птиц и зверей.",,1,-,1341
myshi-i-gryzuny,мыши и грызуны,вредитель,krupyanye,"крупяные (гречиха, просо, сорго)",norat,Норат,родентицид,141-06-3560-1,21.03.2032,от 5 до 40 г в приманочный ящик или трубку,,"Внесение в норы и другие укрытия грызунов с помощью аппликаторов ложечного или трубчатого типов, обработки по мере хозяйственной необходимости. Однократно в течение 2-х недель. В дальнейшем рекомендуется не более 1-2 обработок без смены препарата. Впоследствии в течение нескольких месяцев с использованием препаратов иного механизма действия.Контроль за наличием приманки проводить 1-2 раза в неделю с перерывом 2-3 дня между раскладками. Обеспечение недоступности к препарату детей, домашних животных, диких нецелевых птиц и зверей.",,1,-,1344
myshi-i-gryzuny,мыши и грызуны,вредитель,krupyanye,"крупяные (гречиха, просо, сорго)",rattidion,Раттидион,родентицид,141-06-3542-1,17.03.2032,5 г в нору или иную укрытую точку раскладки,,"Внесение в норы и другие укрытия грызунов с помощью аппликаторов ложечного или трубчатого типов, обработки по мере хозяйственной необходимости. Однократно в течение 2-х недель. В дальнейшем рекомендуется не более 1-2 обработок без смены препарата. Впоследствии в течение нескольких месяцев с использованием препаратов иного механизма действия.Контроль за наличием приманки проводить 1-2 раза в неделю с перерывом 2-3 дня между раскладками. Обеспечение недоступности к препарату детей, домашних животных, диких нецелевых птиц и зверей.",,1,-,1348
myshi-i-gryzuny,мыши и грызуны,вредитель,krupyanye,"крупяные (гречиха, просо, сорго)",rattidion,Раттидион,родентицид,141-06-3542-1,17.03.2032,от 5 до 40 г в приманочный ящик или трубку,,"Внесение в норы и другие укрытия грызунов с помощью аппликаторов ложечного или трубчатого типов, обработки по мере хозяйственной необходимости. Однократно в течение 2-х недель. В дальнейшем рекомендуется не более 1-2 обработок без смены препарата. Впоследствии в течение нескольких месяцев с использованием препаратов иного механизма действия.Контроль за наличием приманки проводить 1-2 раза в неделю с перерывом 2-3 дня между раскладками. Обеспечение недоступности к препарату детей, домашних животных, диких нецелевых птиц и зверей.",,1,-,1350
myshi-i-gryzuny,мыши и грызуны,вредитель,sklady-i-zernohranilischa,склады и зернохранилища,varat,Варат,родентицид,141-06-3509-1,01.03.2032,"5 г в нору или иную укрытую точку раскладки, 0,2 кг/100 м2",,"Внесение в норы и другие укрытия грызунов с помощью аппликаторов ложечного или трубчатого типов, обработки по мере хозяйственной необходимости. Однократно в течение 2-х недель. В дальнейшем рекомендуется не более 1-2 обработок без замены другим препаратом. В последствии в течение нескольких месяцев с использованием препаратов иного механизма действия. Контроль за наличием приманки проводить 1-2 раза в неделю с перерывом 2-3 дня между раскладками. Обеспечение недоступности к препарату детей, домашних животных, диких нецелевых птиц и зверей",,1,-,1281
myshi-i-gryzuny,мыши и грызуны,вредитель,sklady-i-zernohranilischa,склады и зернохранилища,varat,Варат,родентицид,141-06-3509-1,01.03.2032,"5 г в нору или иную укрытую точку раскладки, 0,2 кг/100 м2",,"Внесение в норы и другие укрытия грызунов с помощью аппликаторов ложечного или трубчатого типов, обработки по мере хозяйственной необходимости. Однократно в течение 2-х недель. В дальнейшем рекомендуется не более 1-2 обработок без замены другим препаратом. В последствии в течение нескольких месяцев с использованием препаратов иного механизма действия. Контроль за наличием приманки проводить 1-2 раза в неделю с перерывом 2-3 дня между раскладками. Обеспечение недоступности к препарату детей, домашних животных, диких нецелевых птиц и зверей",,1,-,1282
myshi-i-gryzuny,мыши и грызуны,вредитель,sklady-i-zernohranilischa,склады и зернохранилища,varat,Варат,родентицид,141-06-3509-1,01.03.2032,от 5 до 40 г в приманочный ящик или трубку,,"Внесение в норы и другие укрытия грызунов с помощью аппликаторов ложечного или трубчатого типов, обработки по мере хозяйственной необходимости. Однократно в течение 2-х недель. В дальнейшем рекомендуется не более 1-2 обработок без замены другим препаратом. В последствии в течение нескольких месяцев с использованием препаратов иного механизма действия. Контроль за наличием приманки проводить 1-2 раза в неделю с перерывом 2-3 дня между раскладками. Обеспечение недоступности к препарату детей, домашних животных, диких нецелевых птиц и зверей",,1,-,1285
myshi-i-gryzuny,мыши и грызуны,вредитель,sklady-i-zernohranilischa,склады и зернохранилища,varat,Варат,родентицид,141-06-3618-1,11.04.2032,"1 брикет (3,6 г) в нору или иную укрытую точку раскладки, 0,2 кг/100 м2",,"Внесение в норы и другие укрытия грызунов с помощью аппликаторов ложечного или трубчатого типов, обработки по мере хозяйственной необходимости. Однократно в течение 2-х недель. В дальнейшем рекомендуется не более 1-2 обработок без смены препарата. Впоследствии в течение нескольких месяцев с исполь-зованием препаратов иного механизма действия. Контроль за наличием приманки проводить 1-2 раза в неделю с перерывом 2-3 дня между раскладками. Обеспечение недоступности к препарату детей, домашних животных, диких нецелевых птиц и зверей",,1,-,1291
myshi-i-gryzuny,мыши и грызуны,вредитель,sklady-i-zernohranilischa,склады и зернохранилища,varat,Варат,родентицид,141-06-3618-1,11.04.2032,"1 брикет (3,6 г) в нору или иную укрытую точку раскладки, 0,2 кг/100 м2",,"Внесение в норы и другие укрытия грызунов с помощью аппликаторов ложечного или трубчатого типов, обработки по мере хозяйственной необходимости. Однократно в течение 2-х недель. В дальнейшем рекомендуется не более 1-2 обработок без смены препарата. Впоследствии в течение нескольких месяцев с исполь-зованием препаратов иного механизма действия. Контроль за наличием приманки проводить 1-2 раза в неделю с перерывом 2-3 дня между раскладками. Обеспечение недоступности к препарату детей, домашних животных, диких нецелевых птиц и зверей",,1,-,1292
myshi-i-gryzuny,мыши и грызуны,вредитель,sklady-i-zernohranilischa,склады и зернохранилища,varat,Варат,родентицид,141-06-3618-1,11.04.2032,от 5 до 30 г в приманочный ящик или трубку,,"Внесение в норы и другие укрытия грызунов с помощью аппликаторов ложечного или трубчатого типов, обработки по мере хозяйственной необходимости. Однократно в течение 2-х недель. В дальнейшем рекомендуется не более 1-2 обработок без смены препарата. Впоследствии в течение нескольких месяцев с исполь-зованием препаратов иного механизма действия. Контроль за наличием приманки проводить 1-2 раза в неделю с перерывом 2-3 дня между раскладками. Обеспечение недоступности к препарату детей, домашних животных, диких нецелевых птиц и зверей",,1,-,1295
myshi-i-gryzuny,мыши и грызуны,вредитель,sklady-i-zernohranilischa,склады и зернохранилища,varat,Варат,родентицид,141-06-3619-1,11.04.2032,от 5 до 40 г в приманочный ящик или трубку,,"Внесение в норы и другие укрытия грызунов вручную (руки защищены резиновыми перчатками) или с помощью ложечного аппликатора, обработки по мере хозяйственной необходимости. Однократно в течение 2-х недель. В дальнейшем рекомендуется не более 1-2 обработок без смены препарата. Впоследствии в течение нескольких месяцев с использованием препаратов иного механизма действия Контроль за наличием приманки проводить 1-2 раза в неделю с перерывом 2-3 дня между раскладками. Обеспечение недоступности к препарату детей, домашних животных, диких нецелевых птиц и зверей.",,1,-,1297
myshi-i-gryzuny,мыши и грызуны,вредитель,sklady-i-zernohranilischa,склады и зернохранилища,varat,Варат,родентицид,141-06-3619-1,11.04.2032,"1 брикет (13 г) на две близко расположенные норы или иные укрытые точки раскладки, 0,2 кг/100 м2",,"Внесение в норы и другие укрытия грызунов вручную (руки защищены резиновыми перчатками) или с помощью ложечного аппликатора, обработки по мере хозяйственной необходимости. Однократно в течение 2-х недель. В дальнейшем рекомендуется не более 1-2 обработок без смены препарата. Впоследствии в течение нескольких месяцев с использованием препаратов иного механизма действия Контроль за наличием приманки проводить 1-2 раза в неделю с перерывом 2-3 дня между раскладками. Обеспечение недоступности к препарату детей, домашних животных, диких нецелевых птиц и зверей.",,1,-,1302
myshi-i-gryzuny,мыши и грызуны,вредитель,sklady-i-zernohranilischa,склады и зернохранилища,varat,Варат,родентицид,141-06-3619-1,11.04.2032,"1 брикет (13 г) на две близко расположенные норы или иные укрытые точки раскладки, 0,2 кг/100 м2",,"Внесение в норы и другие укрытия грызунов вручную (руки защищены резиновыми перчатками) или с помощью ложечного аппликатора, обработки по мере хозяйственной необходимости. Однократно в течение 2-х недель. В дальнейшем рекомендуется не более 1-2 обработок без смены препарата. Впоследствии в течение нескольких месяцев с использованием препаратов иного механизма действия Контроль за наличием приманки проводить 1-2 раза в неделю с перерывом 2-3 дня между раскладками. Обеспечение недоступности к препарату детей, домашних животных, диких нецелевых птиц и зверей.",,1,-,1303
myshi-i-gryzuny,мыши и грызуны,вредитель,sklady-i-zernohranilischa,склады и зернохранилища,norat,Норат,родентицид,141-06-3560-1,21.03.2032,"5 г в нору или иную укрытую точку раскладки, 0,2 кг/100 м2",,"Внесение в норы и другие укрытия грызунов с помощью аппликаторов ложечного или трубчатого типов, обработки по мере хозяйственной необходимости. Однократно в течение 2-х недель. В дальнейшем рекомендуется не более 1-2 обработок без смены препарата. Впоследствии в течение нескольких месяцев с использованием препаратов иного механизма действия.Контроль за наличием приманки проводить 1-2 раза в неделю с перерывом 2-3 дня между раскладками. Обеспечение недоступности к препарату детей, домашних животных, диких нецелевых птиц и зверей.",,1,-,1340
myshi-i-gryzuny,мыши и грызуны,вредитель,sklady-i-zernohranilischa,склады и зернохранилища,norat,Норат,родентицид,141-06-3560-1,21.03.2032,"5 г в нору или иную укрытую точку раскладки, 0,2 кг/100 м2",,"Внесение в норы и другие укрытия грызунов с помощью аппликаторов ложечного или трубчатого типов, обработки по мере хозяйственной необходимости. Однократно в течение 2-х недель. В дальнейшем рекомендуется не более 1-2 обработок без смены препарата. Впоследствии в течение нескольких месяцев с использованием препаратов иного механизма действия.Контроль за наличием приманки проводить 1-2 раза в неделю с перерывом 2-3 дня между раскладками. Обеспечение недоступности к препарату детей, домашних животных, диких нецелевых птиц и зверей.",,1,-,1341
myshi-i-gryzuny,мыши и грызуны,вредитель,sklady-i-zernohranilischa,склады и зернохранилища,norat,Норат,родентицид,141-06-3560-1,21.03.2032,от 5 до 40 г в приманочный ящик или трубку,,"Внесение в норы и другие укрытия грызунов с помощью аппликаторов ложечного или трубчатого типов, обработки по мере хозяйственной необходимости. Однократно в течение 2-х недель. В дальнейшем рекомендуется не более 1-2 обработок без смены препарата. Впоследствии в течение нескольких месяцев с использованием препаратов иного механизма действия.Контроль за наличием приманки проводить 1-2 раза в неделю с перерывом 2-3 дня между раскладками. Обеспечение недоступности к препарату детей, домашних животных, диких нецелевых птиц и зверей.",,1,-,1344
myshi-i-gryzuny,мыши и грызуны,вредитель,sklady-i-zernohranilischa,склады и зернохранилища,rattidion,Раттидион,родентицид,141-06-3542-1,17.03.2032,5 г в нору или иную укрытую точку раскладки,,"Внесение в норы и другие укрытия грызунов с помощью аппликаторов ложечного или трубчатого типов, обработки по мере хозяйственной необходимости. Однократно в течение 2-х недель. В дальнейшем рекомендуется не более 1-2 обработок без смены препарата. Впоследствии в течение нескольких месяцев с использованием препаратов иного механизма действия.Контроль за наличием приманки проводить 1-2 раза в неделю с перерывом 2-3 дня между раскладками. Обеспечение недоступности к препарату детей, домашних животных, диких нецелевых птиц и зверей.",,1,-,1348
myshi-i-gryzuny,мыши и грызуны,вредитель,sklady-i-zernohranilischa,склады и зернохранилища,rattidion,Раттидион,родентицид,141-06-3542-1,17.03.2032,от 5 до 40 г в приманочный ящик или трубку,,"Внесение в норы и другие укрытия грызунов с помощью аппликаторов ложечного или трубчатого типов, обработки по мере хозяйственной необходимости. Однократно в течение 2-х недель. В дальнейшем рекомендуется не более 1-2 обработок без смены препарата. Впоследствии в течение нескольких месяцев с использованием препаратов иного механизма действия.Контроль за наличием приманки проводить 1-2 раза в неделю с перерывом 2-3 дня между раскладками. Обеспечение недоступности к препарату детей, домашних животных, диких нецелевых птиц и зверей.",,1,-,1350
myshi-i-gryzuny,мыши и грызуны,вредитель,hvoynye,"хвойные (туя, ель, можжевельник)",varat,Варат,родентицид,141-06-3509-1,01.03.2032,"5 г в нору или иную укрытую точку раскладки, 0,2 кг/100 м2",,"Внесение в норы и другие укрытия грызунов с помощью аппликаторов ложечного или трубчатого типов, обработки по мере хозяйственной необходимости. Однократно в течение 2-х недель. В дальнейшем рекомендуется не более 1-2 обработок без замены другим препаратом. В последствии в течение нескольких месяцев с использованием препаратов иного механизма действия. Контроль за наличием приманки проводить 1-2 раза в неделю с перерывом 2-3 дня между раскладками. Обеспечение недоступности к препарату детей, домашних животных, диких нецелевых птиц и зверей",,1,-,1281
myshi-i-gryzuny,мыши и грызуны,вредитель,hvoynye,"хвойные (туя, ель, можжевельник)",varat,Варат,родентицид,141-06-3509-1,01.03.2032,"5 г в нору или иную укрытую точку раскладки, 0,2 кг/100 м2",,"Внесение в норы и другие укрытия грызунов с помощью аппликаторов ложечного или трубчатого типов, обработки по мере хозяйственной необходимости. Однократно в течение 2-х недель. В дальнейшем рекомендуется не более 1-2 обработок без замены другим препаратом. В последствии в течение нескольких месяцев с использованием препаратов иного механизма действия. Контроль за наличием приманки проводить 1-2 раза в неделю с перерывом 2-3 дня между раскладками. Обеспечение недоступности к препарату детей, домашних животных, диких нецелевых птиц и зверей",,1,-,1282
myshi-i-gryzuny,мыши и грызуны,вредитель,hvoynye,"хвойные (туя, ель, можжевельник)",varat,Варат,родентицид,141-06-3509-1,01.03.2032,от 5 до 40 г в приманочный ящик или трубку,,"Внесение в норы и другие укрытия грызунов с помощью аппликаторов ложечного или трубчатого типов, обработки по мере хозяйственной необходимости. Однократно в течение 2-х недель. В дальнейшем рекомендуется не более 1-2 обработок без замены другим препаратом. В последствии в течение нескольких месяцев с использованием препаратов иного механизма действия. Контроль за наличием приманки проводить 1-2 раза в неделю с перерывом 2-3 дня между раскладками. Обеспечение недоступности к препарату детей, домашних животных, диких нецелевых птиц и зверей",,1,-,1285
myshi-i-gryzuny,мыши и грызуны,вредитель,hvoynye,"хвойные (туя, ель, можжевельник)",varat,Варат,родентицид,141-06-3618-1,11.04.2032,"1 брикет (3,6 г) в нору или иную укрытую точку раскладки, 0,2 кг/100 м2",,"Внесение в норы и другие укрытия грызунов с помощью аппликаторов ложечного или трубчатого типов, обработки по мере хозяйственной необходимости. Однократно в течение 2-х недель. В дальнейшем рекомендуется не более 1-2 обработок без смены препарата. Впоследствии в течение нескольких месяцев с исполь-зованием препаратов иного механизма действия. Контроль за наличием приманки проводить 1-2 раза в неделю с перерывом 2-3 дня между раскладками. Обеспечение недоступности к препарату детей, домашних животных, диких нецелевых птиц и зверей",,1,-,1291
myshi-i-gryzuny,мыши и грызуны,вредитель,hvoynye,"хвойные (туя, ель, можжевельник)",varat,Варат,родентицид,141-06-3618-1,11.04.2032,"1 брикет (3,6 г) в нору или иную укрытую точку раскладки, 0,2 кг/100 м2",,"Внесение в норы и другие укрытия грызунов с помощью аппликаторов ложечного или трубчатого типов, обработки по мере хозяйственной необходимости. Однократно в течение 2-х недель. В дальнейшем рекомендуется не более 1-2 обработок без смены препарата. Впоследствии в течение нескольких месяцев с исполь-зованием препаратов иного механизма действия. Контроль за наличием приманки проводить 1-2 раза в неделю с перерывом 2-3 дня между раскладками. Обеспечение недоступности к препарату детей, домашних животных, диких нецелевых птиц и зверей",,1,-,1292
myshi-i-gryzuny,мыши и грызуны,вредитель,hvoynye,"хвойные (туя, ель, можжевельник)",varat,Варат,родентицид,141-06-3618-1,11.04.2032,от 5 до 30 г в приманочный ящик или трубку,,"Внесение в норы и другие укрытия грызунов с помощью аппликаторов ложечного или трубчатого типов, обработки по мере хозяйственной необходимости. Однократно в течение 2-х недель. В дальнейшем рекомендуется не более 1-2 обработок без смены препарата. Впоследствии в течение нескольких месяцев с исполь-зованием препаратов иного механизма действия. Контроль за наличием приманки проводить 1-2 раза в неделю с перерывом 2-3 дня между раскладками. Обеспечение недоступности к препарату детей, домашних животных, диких нецелевых птиц и зверей",,1,-,1295
myshi-i-gryzuny,мыши и грызуны,вредитель,hvoynye,"хвойные (туя, ель, можжевельник)",varat,Варат,родентицид,141-06-3619-1,11.04.2032,от 5 до 40 г в приманочный ящик или трубку,,"Внесение в норы и другие укрытия грызунов вручную (руки защищены резиновыми перчатками) или с помощью ложечного аппликатора, обработки по мере хозяйственной необходимости. Однократно в течение 2-х недель. В дальнейшем рекомендуется не более 1-2 обработок без смены препарата. Впоследствии в течение нескольких месяцев с использованием препаратов иного механизма действия Контроль за наличием приманки проводить 1-2 раза в неделю с перерывом 2-3 дня между раскладками. Обеспечение недоступности к препарату детей, домашних животных, диких нецелевых птиц и зверей.",,1,-,1297
myshi-i-gryzuny,мыши и грызуны,вредитель,hvoynye,"хвойные (туя, ель, можжевельник)",varat,Варат,родентицид,141-06-3619-1,11.04.2032,"1 брикет (13 г) на две близко расположенные норы или иные укрытые точки раскладки, 0,2 кг/100 м2",,"Внесение в норы и другие укрытия грызунов вручную (руки защищены резиновыми перчатками) или с помощью ложечного аппликатора, обработки по мере хозяйственной необходимости. Однократно в течение 2-х недель. В дальнейшем рекомендуется не более 1-2 обработок без смены препарата. Впоследствии в течение нескольких месяцев с использованием препаратов иного механизма действия Контроль за наличием приманки проводить 1-2 раза в неделю с перерывом 2-3 дня между раскладками. Обеспечение недоступности к препарату детей, домашних животных, диких нецелевых птиц и зверей.",,1,-,1302
myshi-i-gryzuny,мыши и грызуны,вредитель,hvoynye,"хвойные (туя, ель, можжевельник)",varat,Варат,родентицид,141-06-3619-1,11.04.2032,"1 брикет (13 г) на две близко расположенные норы или иные укрытые точки раскладки, 0,2 кг/100 м2",,"Внесение в норы и другие укрытия грызунов вручную (руки защищены резиновыми перчатками) или с помощью ложечного аппликатора, обработки по мере хозяйственной необходимости. Однократно в течение 2-х недель. В дальнейшем рекомендуется не более 1-2 обработок без смены препарата. Впоследствии в течение нескольких месяцев с использованием препаратов иного механизма действия Контроль за наличием приманки проводить 1-2 раза в неделю с перерывом 2-3 дня между раскладками. Обеспечение недоступности к препарату детей, домашних животных, диких нецелевых птиц и зверей.",,1,-,1303
myshi-i-gryzuny,мыши и грызуны,вредитель,hvoynye,"хвойные (туя, ель, можжевельник)",norat,Норат,родентицид,141-06-3560-1,21.03.2032,"5 г в нору или иную укрытую точку раскладки, 0,2 кг/100 м2",,"Внесение в норы и другие укрытия грызунов с помощью аппликаторов ложечного или трубчатого типов, обработки по мере хозяйственной необходимости. Однократно в течение 2-х недель. В дальнейшем рекомендуется не более 1-2 обработок без смены препарата. Впоследствии в течение нескольких месяцев с использованием препаратов иного механизма действия.Контроль за наличием приманки проводить 1-2 раза в неделю с перерывом 2-3 дня между раскладками. Обеспечение недоступности к препарату детей, домашних животных, диких нецелевых птиц и зверей.",,1,-,1340
myshi-i-gryzuny,мыши и грызуны,вредитель,hvoynye,"хвойные (туя, ель, можжевельник)",norat,Норат,родентицид,141-06-3560-1,21.03.2032,"5 г в нору или иную укрытую точку раскладки, 0,2 кг/100 м2",,"Внесение в норы и другие укрытия грызунов с помощью аппликаторов ложечного или трубчатого типов, обработки по мере хозяйственной необходимости. Однократно в течение 2-х недель. В дальнейшем рекомендуется не более 1-2 обработок без смены препарата. Впоследствии в течение нескольких месяцев с использованием препаратов иного механизма действия.Контроль за наличием приманки проводить 1-2 раза в неделю с перерывом 2-3 дня между раскладками. Обеспечение недоступности к препарату детей, домашних животных, диких нецелевых птиц и зверей.",,1,-,1341
myshi-i-gryzuny,мыши и грызуны,вредитель,hvoynye,"хвойные (туя, ель, можжевельник)",norat,Норат,родентицид,141-06-3560-1,21.03.2032,от 5 до 40 г в приманочный ящик или трубку,,"Внесение в норы и другие укрытия грызунов с помощью аппликаторов ложечного или трубчатого типов, обработки по мере хозяйственной необходимости. Однократно в течение 2-х недель. В дальнейшем рекомендуется не более 1-2 обработок без смены препарата. Впоследствии в течение нескольких месяцев с использованием препаратов иного механизма действия.Контроль за наличием приманки проводить 1-2 раза в неделю с перерывом 2-3 дня между раскладками. Обеспечение недоступности к препарату детей, домашних животных, диких нецелевых птиц и зверей.",,1,-,1344
myshi-i-gryzuny,мыши и грызуны,вредитель,hvoynye,"хвойные (туя, ель, можжевельник)",rattidion,Раттидион,родентицид,141-06-3542-1,17.03.2032,5 г в нору или иную укрытую точку раскладки,,"Внесение в норы и другие укрытия грызунов с помощью аппликаторов ложечного или трубчатого типов, обработки по мере хозяйственной необходимости. Однократно в течение 2-х недель. В дальнейшем рекомендуется не более 1-2 обработок без смены препарата. Впоследствии в течение нескольких месяцев с использованием препаратов иного механизма действия.Контроль за наличием приманки проводить 1-2 раза в неделю с перерывом 2-3 дня между раскладками. Обеспечение недоступности к препарату детей, домашних животных, диких нецелевых птиц и зверей.",,1,-,1348
myshi-i-gryzuny,мыши и грызуны,вредитель,hvoynye,"хвойные (туя, ель, можжевельник)",rattidion,Раттидион,родентицид,141-06-3542-1,17.03.2032,от 5 до 40 г в приманочный ящик или трубку,,"Внесение в норы и другие укрытия грызунов с помощью аппликаторов ложечного или трубчатого типов, обработки по мере хозяйственной необходимости. Однократно в течение 2-х недель. В дальнейшем рекомендуется не более 1-2 обработок без смены препарата. Впоследствии в течение нескольких месяцев с использованием препаратов иного механизма действия.Контроль за наличием приманки проводить 1-2 раза в неделю с перерывом 2-3 дня между раскладками. Обеспечение недоступности к препарату детей, домашних животных, диких нецелевых птиц и зверей.",,1,-,1350
oblepihovaya-muha,облепиховая муха,вредитель,oblepiha,облепиха,fitoverm-forte,Фитоверм Форте,инсектицид,012-01-1326-1,12.01.2027,30 мл/10 лводы,30 мл,Опрыскивание в период вегетации по личинкам вредителя,3,2,III,43
ognevka,огневка,вредитель,kapusta,капуста,lepidotsid,Лепидоцид,инсектицид,034-01-2886-1,09.12.2030,20-30 г/10 лводы,20–30 г,Опрыскивание в период вегетации против каждого поколения вредителя с интервалом 7-8 дней,5,2,III,31
ognevka,огневка,вредитель,kryzhovnik,крыжовник,karbotsin,Карбоцин,инсектицид,441-01-1513-1,30.05.2027,1 таб./10 лводы,1 таб,Опрыскивание в период вегетации,20,2,I,289
ognevka,огневка,вредитель,kryzhovnik,крыжовник,lepidotsid,Лепидоцид,инсектицид,034-01-2886-1,09.12.2030,20-30 г/10 лводы,20–30 г,Опрыскивание в период вегетации против каждого поколения вредителя с интервалом 7-8 дней,5,2,III,32
ognevka,огневка,вредитель,malina,малина,lepidotsid,Лепидоцид,инсектицид,034-01-2886-1,09.12.2030,20-30 г/10 лводы,20–30 г,Опрыскивание в период вегетации против каждого поколения вредителя с интервалом 7-8 дней,5,2,III,32
ognevka,огневка,вредитель,ryabina,рябина,lepidotsid,Лепидоцид,инсектицид,034-01-2886-1,09.12.2030,20-30 г/10 лводы,20–30 г,Опрыскивание в период вегетации против каждого поколения вредителя с интервалом 7-8 дней,5,2,III,32
ognevka,огневка,вредитель,smorodina,смородина,karbotsin,Карбоцин,инсектицид,441-01-1513-1,30.05.2027,1 таб./10 лводы,1 таб,Опрыскивание в период вегетации,20,2,I,289
ognevka,огневка,вредитель,smorodina,смородина,lepidotsid,Лепидоцид,инсектицид,034-01-2886-1,09.12.2030,20-30 г/10 лводы,20–30 г,Опрыскивание в период вегетации против каждого поколения вредителя с интервалом 7-8 дней,5,2,III,32
oduvanchik,одуванчик,сорняк,gazon,газон,bis-300,Бис-300,гербицид,002-03-2636-1,29.12.2023,6 мл/5 лводы,12 мл,Опрыскивание по вегетирующим сорнякам после первого укоса. Срок безопасного выхода на обработанные площади не ранее 3-х дней,,1,III,959
oduvanchik,одуванчик,сорняк,gazon,газон,gerbimaks,Гербимакс,гербицид,008-03-4377-0,23.01.2027,6 мл/5 лводы,12 мл,Опрыскивание газонов по вегетирующим сорным растениям после первого укоса,,1,III,957
oduvanchik,одуванчик,сорняк,gazon,газон,lornet,Лорнет,гербицид,018-03-2800-1,15.09.2030,6 мл/5 лводы,12 мл,Опрыскивание по вегетирующим растениям после первого укоса. Срок безопасного выхода пользователей на обработанные препаратом площади не ранее 3-х дней после обработки,,1,III,957
oduvanchik,одуванчик,сорняк,gazon,газон,haker,Хакер,гербицид,021-03-4292-1,06.12.2033,2 г/3 лводы,"6,7 г",Опрыскивание газонов по вегетирующим сорным растениям через 1-2 дня после первого укоса. Запрещается пребывание людей на обработанных газонах в течение 3 дней после обработки,,1,III,964
oduvanchik,одуванчик,сорняк,gazon,газон,haker-300,Хакер 300,гербицид,021-03-3602-1,06.04.2032,"1,6-3,3 мл/ 3 л воды","5,3–11 мл",Опрыскивание газонов по вегетирующим сорным растениям после первого укоса. Запрещается пребывание людей на обработанных газонах в течение 3 дней,,1,III,966
oduvanchik,одуванчик,сорняк,zemli-neselhoznaznacheniya,земли несельхозназначения,ankor-85,Анкор-85,гербицид,111-03-2523-1,27.03.2026,"2,4 г/100м2",,Опрыскивание вегетирующих сорняков.,,1,III,1101
oduvanchik,одуванчик,сорняк,klubnika,клубника (земляника),gerbimaks,Гербимакс,гербицид,008-03-4377-0,23.01.2027,3 мл/3 лводы,10 мл,Опрыскивание вегетирующих сорных растений после сбора урожая,,1,III,957
oduvanchik,одуванчик,сорняк,klubnika,клубника (земляника),lornet,Лорнет,гербицид,018-03-2800-1,15.09.2030,3 мл/3 лводы,10 мл,Опрыскивание вегетирующих сорных растений после сбора урожая,,1,III,956
oduvanchik,одуванчик,сорняк,klubnika,клубника (земляника),haker-300,Хакер 300,гербицид,021-03-3602-1,06.04.2032,5-6 мл/ 3 лводы,"16,7–20 мл",Опрыскивание вегетирующих сорных растений после сбора урожая,,1,III,966
oduvanchik,одуванчик,сорняк,kormovye-travy,кормовые травы,gerbimaks,Гербимакс,гербицид,008-03-4377-0,23.01.2027,6 мл/5 лводы,12 мл,Опрыскивание газонов по вегетирующим сорным растениям после первого укоса,,1,III,957
oduvanchik,одуванчик,сорняк,kormovye-travy,кормовые травы,lornet,Лорнет,гербицид,018-03-2800-1,15.09.2030,6 мл/5 лводы,12 мл,Опрыскивание по вегетирующим растениям после первого укоса. Срок безопасного выхода пользователей на обработанные препаратом площади не ранее 3-х дней после обработки,,1,III,957
oidium,оидиум,болезнь,vinograd,виноград,albit,Альбит,фунгицид,081-02-2950-1,22.12.2030,3 мл/10 лводы,3 мл,"Опрыскивание в период вегетации в фазы: перед цветением, в начале формирования ягод (ягода размером с крупинку), смыкание ягод в грозди, окрашивание ягод",,4,III,436
oidium,оидиум,болезнь,vinograd,виноград,baktofit,Бактофит,фунгицид,034-02-2049-1,11.11.2028,30 мл/10 лводы,30 мл,"Опрыскивание в период вегетации: первое – профилактическое, последующие – с интервалом 8-10 дней",,3,III,329
oidium,оидиум,болезнь,vinograd,виноград,biokompozit-pro,Биокомпозит-Про,фунгицид,018-02-3837-1,24.10.2032,30 мл/10 лводы,30 мл,Опрыскивание растений в период вегетации и перед сбором урожая,7,4,III,339
oidium,оидиум,болезнь,vinograd,виноград,gekata,Геката,фунгицид,021-02-3255-1,04.08.2031,5-7 мл/ 10 лводы,5–7 мл,"Опрыскивание в пе¬риод вегетации: первая обработка – вес¬ной в фазе бутонизация – цветение, вторая – до смыкания ягод в грозди, дальнейшие обработки с интервалом 10-14 дней",30,4,III,411
oidium,оидиум,болезнь,vinograd,виноград,diskor,Дискор,фунгицид,002-02-3369-1,15.11.2031,4 мл/10 лводы,4 мл,"Опрыскивание в период вегетации. Первая обработка – весной в фазе бутонизация – цветение, вторая – до смыкания ягод в грозди, дальнейшие обработки с интервалом 10-14 дней",27,4,III,396
oidium,оидиум,болезнь,vinograd,виноград,medeya,Медея,фунгицид,018-02-4498-1,31.03.2034,10 мл/10 лводы,10 мл,"Опрыскивание в период вегетации: первое – профилактическое или при появлении первых признаков болезней, последующие с интервалом – 7-10 дней",28,4,III,413
oidium,оидиум,болезнь,vinograd,виноград,provizor,Провизор,фунгицид,046-02-5073-1,09.03.2030,6-8 мл/10 лводы,6–8 мл,"Опрыскивание в период вегетации: первое – профилактическое до цветения, последующее после цветения – с интервалом 7-14 дней",60,2,III,362
oidium,оидиум,болезнь,vinograd,виноград,ralli,Ралли,фунгицид,021-02-9607-0,30.09.2028,4-7 мл/10 лводы,4–7 мл,"Опрыскивание в период вегетации: первое опрыскивание -профилактическое в фазе видимое образование соцветия, последующие - с интервалом 10-12 дней.",30,3,III,389
oidium,оидиум,болезнь,vinograd,виноград,sera-400,Сера 400,инсектицид,046-01(02)-5059-1,04.07.2032,100 мл/10 лводы,100 мл,"Опрыскивание в период вегетации: первое опрыскивание – профилактическое, последующие – с интервалом 7-10 дней",,6,-,239
oidium,оидиум,болезнь,vinograd,виноград,sera-400,Сера 400,инсектицид,046-01(02)-5059-1,04.07.2032,100 мл/10 лводы,100 мл,"Опрыскивание в период вегетации: первое опрыскивание – профилактическое, последующие – с интервалом 7-10 дней",,6,-,239
oidium,оидиум,болезнь,vinograd,виноград,sera-400,Сера 400,фунгицид,018-01(02)-3725-1,04.07.2032,100 мл/10 лводы,100 мл,"Опрыскивание в период вегетации: первое опрыскивание – профилактическое, последующие – с интервалом 7-10 дней",,6,III,552
oidium,оидиум,болезнь,vinograd,виноград,sera-400,Сера 400,фунгицид,018-01(02)-3725-1,04.07.2032,100 мл/10 лводы,100 мл,"Опрыскивание в период вегетации: первое опрыскивание – профилактическое, последующие – с интервалом 7-10 дней",,6,III,552
oidium,оидиум,болезнь,vinograd,виноград,sera-900,Сера 900,фунгицид,1017-02(01)-10111-1,02.09.2036,50 мл/10 лводы,50 мл,Опрыскивание в период вегетации.,,4,III,553
oidium,оидиум,болезнь,vinograd,виноград,serpen,Серпень,фунгицид,008-02-3238-1,20.07.2031,5 мл/5 л воды,10 мл,"Опрыскивание в период вегетации: 1 – профилактическое, последующие с интервалом 10-14 дней",14,3,III,479
oidium,оидиум,болезнь,vinograd,виноград,silar,Силар,фунгицид,008-02-3711-1,07.06.2032,20 мл/л воды,200 мл,"Опрыскивание в период вегетации: первое – в фазу «видны соцветия» (51-53), последующие –с интервалом 7-10 дней после предыдущей обработки",12,3,III,498
oidium,оидиум,болезнь,vinograd,виноград,stakkato,Стаккато,фунгицид,018-02-10081-1,17.08.2036,80 мл/10 лводы,80 мл,Опрыскивание в период вегетации с интервалом 10-14 дней.,,5,III,297
oidium,оидиум,болезнь,vinograd,виноград,fitosporin-m,Фитоспорин-М,фунгицид,016-02-2491-1,04.11.2029,20 мл/10 лводы,20 мл,"Опрыскивание в период вегетации: первое – профилактическое, последующее – с интервалом 8-10 дней",,4,III,316
oidium,оидиум,болезнь,vinograd,виноград,shrilank,Шриланк,фунгицид,021-02-4134-1,20.06.2033,"5,0-7,0 мл/10 л воды",5–7 мл,"Опрыскивание в период вегетации: первая обработка весной в фазе бутонизация – цветение, вторая – до смыкания ягод в грозди, дальнейшие обработки с интервалом 10-14 дней",12,4,III,461
osot,осот,сорняк,kapusta,капуста,haker-300,Хакер 300,гербицид,021-03-3602-1,06.04.2032,4 мл/ 3 лводы,"13,3 мл",Опрыскивание посадок после высадки рассады в грунт в фазу розетки у многолетних двудольных сорняков,60,1,III,966
osot,осот,сорняк,klubnika,клубника (земляника),gerbimaks,Гербимакс,гербицид,008-03-4377-0,23.01.2027,3 мл/3 лводы,10 мл,Опрыскивание вегетирующих сорных растений после сбора урожая,,1,III,957
osot,осот,сорняк,klubnika,клубника (земляника),lornet,Лорнет,гербицид,018-03-2800-1,15.09.2030,3 мл/3 лводы,10 мл,Опрыскивание вегетирующих сорных растений после сбора урожая,,1,III,956
osot,осот,сорняк,klubnika,клубника (земляника),haker-300,Хакер 300,гербицид,021-03-3602-1,06.04.2032,5-6 мл/ 3 лводы,"16,7–20 мл",Опрыскивание вегетирующих сорных растений после сбора урожая,,1,III,966
parsha,парша,болезнь,ayva,айва,abiga-pik,Абига-Пик,фунгицид,407-02-1316-1,25.12.2026,50 г/10 лводы,50 г,Опрыскивание в период вегетации- 10л/100 м2,30,4,III,654
parsha,парша,болезнь,grusha,груша,abiga-pik,Абига-Пик,фунгицид,407-02-1316-1,25.12.2026,50 г/10 лводы,50 г,Опрыскивание в период вегетации- 10л/100 м2,30,4,III,654
parsha,парша,болезнь,grusha,груша,bordoskaya-zhidkost,Бордоская жидкость,фунгицид,021-02-3994-1,01.03.2033,250 мл/10 лводы,250 мл,Ранневесеннее опрыскивание в фазе «зеленого конуса»,60,1,II,467
parsha,парша,болезнь,grusha,груша,bordoskaya-zhidkost,Бордоская жидкость,фунгицид,021-02-3994-1,01.03.2033,100 мл/10 лводы,100 мл,Опрыскивание по вегетации: первое после цветения; последующие – с интервалом 7 дней,38,3,II,468
parsha,парша,болезнь,grusha,груша,gekata,Геката,фунгицид,021-02-3255-1,04.08.2031,4-7 мл/ 10 лводы,4–7 мл,"Опрыскивание в период вегетации: первое в фазу «зеленый конус», последующие – с интервалом 7-14 дней (в зависимости от возраста и объема кроны)",60,3,III,410
parsha,парша,болезнь,grusha,груша,diskor,Дискор,фунгицид,002-02-3369-1,15.11.2031,2 мл/10 лводы,2 мл,"Опрыскивание в период вегетации в фазах: «зеленый конус», «розовый бутон», последующие – после цветения с интервалом 10-15 дней",28,4,III,395
parsha,парша,болезнь,grusha,груша,diskor,Дискор,фунгицид,002-02-3369-1,15.11.2031,2 мл/10 лводы,2 мл,"Опрыскивание в период вегетации в фазах: «зеленый конус», «розовый бутон», последующие – после цветения с интервалом 10-15 дней (в зависимости от возраста и сорта)",28,4,III,395
parsha,парша,болезнь,grusha,груша,indigo,Индиго,фунгицид,018-02-2300-1,30.06.2029,30-50 мл/10 лводы,30–50 мл,"Опрыскивание в период вегетации – первое в фазу «зелёный конус», последующие – с интервалом 7-10 дней",15,4,III,469
parsha,парша,болезнь,grusha,груша,indigo,Индиго,фунгицид,018-02-2300-1,30.06.2029,30-50 мл/10 лводы,30–50 мл,"Опрыскивание в период вегетации – первое в фазу «зелёный конус», последующие – с интервалом 7-10 дней",15,4,III,469
parsha,парша,болезнь,grusha,груша,plantenol-neo,Плантенол Нео,фунгицид,021-02-4358-1,11.01.2034,3 г/ 10 лводы,3 г,Опрыскивание в период вегетации в фазы: «зеленый конус» - конец цветения с интервалом 7-10 дней (в зависимости от возраста и объема кроны),60,2,III,662
parsha,парша,болезнь,grusha,груша,ralli,Ралли,фунгицид,021-02-9607-0,30.09.2028,10 мл/10 лводы,10 мл,Опрыскивание в период вегетации от фазы обособления бутона до фазы «сформировавшийся плод» с интервалом 10-14 дней.,12,4,III,389
parsha,парша,болезнь,grusha,груша,rangoli-kursor,Ранголи-Курсор,фунгицид,134-02-1406-1,09.03.2027,2 мл/10 лводы,2 мл,Опрыскивание в период вегетации до и после цветения с интервалом не более 14 дней,28,4,III,400
parsha,парша,болезнь,grusha,груша,raek,Раёк,фунгицид,021-02-2611-1,18.03.2030,"1,5-2 мл/10 лводы","1,5–2 мл","Опрыскивание в период вегетации в фазах: «зеленый конус», «розовый бутон», последующие – после цветения с интервалом 10-15 дней",20,4,III,397
parsha,парша,болезнь,grusha,груша,sera-400,Сера 400,инсектицид,046-01(02)-5059-1,04.07.2032,100 мл/10 лводы,100 мл,"Опрыскивание в период вегетации: первое опрыскивание в фазу «зелёный конус», второе в фазу «розовый бутон» последующие – с интервалом 7-10 дней (в зависимости от возраста дерева и объема кроны)",,6,-,239
parsha,парша,болезнь,grusha,груша,sera-400,Сера 400,инсектицид,046-01(02)-5059-1,04.07.2032,100 мл/10 лводы,100 мл,"Опрыскивание в период вегетации: первое опрыскивание в фазу «зелёный конус», второе в фазу «розовый бутон» последующие – с интервалом 7-10 дней (в зависимости от возраста дерева и объема кроны)",,6,-,239
parsha,парша,болезнь,grusha,груша,sera-400,Сера 400,фунгицид,018-01(02)-3725-1,04.07.2032,100 мл/10 лводы,100 мл,"Опрыскивание в период вегетации: первое опрыскивание в фазу «зелёный конус», второе в фазу «розовый бутон» последующие – с интервалом 7-10 дней",,6,III,551
parsha,парша,болезнь,grusha,груша,sera-400,Сера 400,фунгицид,018-01(02)-3725-1,04.07.2032,100 мл/10 лводы,100 мл,"Опрыскивание в период вегетации: первое опрыскивание в фазу «зелёный конус», второе в фазу «розовый бутон» последующие – с интервалом 7-10 дней (в зависимости от возраста дерева и объема кроны)",,6,III,552
parsha,парша,болезнь,grusha,груша,sera-900,Сера 900,фунгицид,1017-02(01)-10111-1,02.09.2036,50 мл/10 лводы,50 мл,Опрыскивание в период вегетации.,,4,III,553
parsha,парша,болезнь,grusha,груша,skor,Скор,фунгицид,041-02-4371-0,22.01.2027,2 мл/10 лводы,2 мл,Опрыскивание в период вегетации до и после цветения с интервалом не более 14 дней,20,3,III,394
parsha,парша,болезнь,grusha,груша,skoryy,Скорый,фунгицид,126-02-3456-1,27.12.2031,"3,5 мл/10 лводы","3,5 мл",Опрыскивание в период вегетации до и после цветения с интервалом не более 14 дней,20,3,III,398
parsha,парша,болезнь,grusha,груша,stilus,Стилус,фунгицид,021-02-10006-0,09.06.2029,25-30 мл/10 лводы,25–30 мл,"Опрыскивание в период вегетации: первое в фазу ""зеленый конус"", последующие через 7-10 дней.",15,5,III,392
parsha,парша,болезнь,grusha,груша,horton,Хортон,фунгицид,008-02-3302-1,16.09.2031,6 мл/10 лводы,6 мл,Опрыскивание в период вегетации в фазы: «зеленый конус» - конец цветения с интервалом 7-10 дней,28,2,III,663
parsha,парша,болезнь,grusha,груша,horton,Хортон,фунгицид,008-02-3302-1,16.09.2031,2 г/10 л воды,2 г,Опрыскивание в период вегетации в фазы: «зеленый конус» - конец цветения с интервалом 7-10 дней,28,2,III,664
parsha,парша,болезнь,grusha,груша,horus,Хорус,фунгицид,041-02-4412-0,14.02.2027,2 г/10 лводы,2 г,Опрыскивание в период вегетации в фазы: «зеленый конус» - конец цветения с интервалом 7-10 дней.,28,2,III,665
parsha,парша,болезнь,grusha,груша,shrilank,Шриланк,фунгицид,021-02-4134-1,20.06.2033,"3,0 -3,5 мл/10 л вода","3–3,5 мл",Опрыскивание в период вегетации до и после цветения с интервалом не более 10-14 дней (в зависимости от возраста и объема кроны),21,3,III,461
parsha,парша,болезнь,kartofel,картофель,maksim,Максим,фунгицид,041-02-4335-0,24.12.2026,40 мл/1лводы,400 мл,Обработка клубней перед посадкой,,1,-,629
parsha,парша,болезнь,kartofel,картофель,prestizh,Престиж,фунгицид,019-02-2401-1,17.09.2029,70-100 мл/лводы,,Обработка клубней до посадки,,1,-,429
parsha,парша,болезнь,kartofel,картофель,prestizh-top,Престиж Топ,инсектицид,561-01-4296-1,10.12.2033,70-100 мл/лводы,,Обработка семян перед посевом,,1,-,231
parsha,парша,болезнь,kartofel,картофель,stakkato,Стаккато,фунгицид,018-02-10081-1,17.08.2036,30 мл/30 мл воды,,Обработка при закладке на хранение.,,1,III,297
parsha,парша,болезнь,yablonya,яблоня,abiga-pik,Абига-Пик,фунгицид,407-02-1316-1,25.12.2026,50 г/10 лводы,50 г,Опрыскивание в период вегетации- 10л/100 м2,30,4,III,654
parsha,парша,болезнь,yablonya,яблоня,baktofit,Бактофит,фунгицид,034-02-2049-1,11.11.2028,30-50 мл/10 лводы,30–50 мл,"Опрыскивание в период вегетации: первое – профилактическое, последующее – с интервалом 8-10 дней",,3,III,329
parsha,парша,болезнь,yablonya,яблоня,biokompozit-pro,Биокомпозит-Про,фунгицид,018-02-3837-1,24.10.2032,30 мл/10 лводы,30 мл,Опрыскивание растений в период вегетации и перед сбором урожая,7,4,III,339
parsha,парша,болезнь,yablonya,яблоня,bordoskaya-zhidkost,Бордоская жидкость,фунгицид,021-02-3994-1,01.03.2033,250 мл/10 лводы,250 мл,Ранневесеннее опрыскивание в фазе «зеленого конуса»,60,1,II,467
parsha,парша,болезнь,yablonya,яблоня,bordoskaya-zhidkost,Бордоская жидкость,фунгицид,021-02-3994-1,01.03.2033,100 мл/10 лводы,100 мл,Опрыскивание по вегетации: первое после цветения; последующие – с интервалом 7 дней,38,3,II,468
parsha,парша,болезнь,yablonya,яблоня,bordoskaya-smes-f,Бордоская смесь-Ф,фунгицид,149-02-4542-1,02.05.2034,100 г сульфатамеди +100 г кальция гидроксида/1 0 л воды,,Опрыскивание в период вегетации 1% рабочим раствором,25,6,III,465
parsha,парша,болезнь,yablonya,яблоня,gamair,Гамаир,фунгицид,139-02-2349-1,14.08.2029,5-10 таб. /10 л,5–10 таб,"Опрыскивание растений в период вегетации в фазах розовый бутон, после цветения, плод размером с лесной орех",,3,III,332
parsha,парша,болезнь,yablonya,яблоня,gekata,Геката,фунгицид,021-02-3255-1,04.08.2031,4-7 мл/ 10 лводы,4–7 мл,"Опрыскивание в период вегетации: первое в фазу «зеленый конус», последующие – с интервалом 7-14 дней (в зависимости от возраста и объема кроны)",60,3,III,410
parsha,парша,болезнь,yablonya,яблоня,diskor,Дискор,фунгицид,002-02-3369-1,15.11.2031,2 мл/10 лводы,2 мл,"Опрыскивание в период вегетации в фазах: «зеленый конус», «розовый бутон», последующие – после цветения с интервалом 10-15 дней",28,4,III,395
parsha,парша,болезнь,yablonya,яблоня,diskor,Дискор,фунгицид,002-02-3369-1,15.11.2031,2 мл/10 лводы,2 мл,"Опрыскивание в период вегетации в фазах: «зеленый конус», «розовый бутон», последующие – после цветения с интервалом 10-15 дней (в зависимости от возраста и сорта)",28,4,III,395
parsha,парша,болезнь,yablonya,яблоня,indigo,Индиго,фунгицид,018-02-2300-1,30.06.2029,30-50 мл/10 лводы,30–50 мл,"Опрыскивание в период вегетации – первое в фазу «зелёный конус», последующие – с интервалом 7-10 дней",15,4,III,469
parsha,парша,болезнь,yablonya,яблоня,indigo,Индиго,фунгицид,018-02-2300-1,30.06.2029,30-50 мл/10 лводы,30–50 мл,"Опрыскивание в период вегетации – первое в фазу «зелёный конус», последующие – с интервалом 7-10 дней",15,4,III,469
parsha,парша,болезнь,yablonya,яблоня,kleymor,Клеймор,фунгицид,021-02-3060-1,26.12.2025,10 мл/10 лводы,10 мл,Опрыскивание в период вегетации в фазе созревания плодов (за 21 и 10 дней до уборки урожая),12,2,III,628
parsha,парша,болезнь,yablonya,яблоня,kleymor,Клеймор,фунгицид,021-02-3060-1,26.12.2025,10 мл/10 лводы,10 мл,Опрыскивание в период вегетации в фазе созревания плодов (за 21 и 10 дней до уборки урожая) (в зависимости от возраста и объема кроны),12,2,III,628
parsha,парша,болезнь,yablonya,яблоня,medeya,Медея,фунгицид,018-02-4498-1,31.03.2034,10 мл/10 лводы,10 мл,"Опрыскивание в период вегетации: первое – профилактическое или при появлении первых признаков болезней, последующие с интервалом – 7-10 дней",28,4,III,412
parsha,парша,болезнь,yablonya,яблоня,medeya,Медея,фунгицид,018-02-4498-1,31.03.2034,10 мл/10 лводы,10 мл,"Опрыскивание в период вегетации: первое – профилактическое или при появлении первых признаков болезней, последующие с интервалом – 7-10 дней",28,4,III,412
parsha,парша,болезнь,yablonya,яблоня,plantenol-neo,Плантенол Нео,фунгицид,021-02-4358-1,11.01.2034,3 г/ 10 лводы,3 г,Опрыскивание в период вегетации в фазы: «зеленый конус» - конец цветения с интервалом 7-10 дней (в зависимости от возраста и объема кроны),60,2,III,662
parsha,парша,болезнь,yablonya,яблоня,ralli,Ралли,фунгицид,021-02-9607-0,30.09.2028,10 мл/10 лводы,10 мл,Опрыскивание в период вегетации от фазы обособления бутона до фазы «сформировавшийся плод» с интервалом 10-14 дней.,12,4,III,389
parsha,парша,болезнь,yablonya,яблоня,rangoli-kursor,Ранголи-Курсор,фунгицид,134-02-1406-1,09.03.2027,2 мл/10 лводы,2 мл,Опрыскивание в период вегетации до и после цветения с интервалом не более 14 дней,28,4,III,400
parsha,парша,болезнь,yablonya,яблоня,raek,Раёк,фунгицид,021-02-2611-1,18.03.2030,"1,5-2 мл/10 лводы","1,5–2 мл","Опрыскивание в период вегетации в фазах: «зеленый конус», «розовый бутон», последующие – после цветения с интервалом 10-15 дней",20,4,III,397
parsha,парша,болезнь,yablonya,яблоня,sera-400,Сера 400,инсектицид,046-01(02)-5059-1,04.07.2032,100 мл/10 лводы,100 мл,"Опрыскивание в период вегетации: первое опрыскивание в фазу «зелёный конус», второе в фазу «розовый бутон» последующие – с интервалом 7-10 дней (в зависимости от возраста дерева и объема кроны)",,6,-,239
parsha,парша,болезнь,yablonya,яблоня,sera-400,Сера 400,инсектицид,046-01(02)-5059-1,04.07.2032,100 мл/10 лводы,100 мл,"Опрыскивание в период вегетации: первое опрыскивание в фазу «зелёный конус», второе в фазу «розовый бутон» последующие – с интервалом 7-10 дней (в зависимости от возраста дерева и объема кроны)",,6,-,239
parsha,парша,болезнь,yablonya,яблоня,sera-400,Сера 400,фунгицид,018-01(02)-3725-1,04.07.2032,100 мл/10 лводы,100 мл,"Опрыскивание в период вегетации: первое опрыскивание в фазу «зелёный конус», второе в фазу «розовый бутон» последующие – с интервалом 7-10 дней",,6,III,551
parsha,парша,болезнь,yablonya,яблоня,sera-400,Сера 400,фунгицид,018-01(02)-3725-1,04.07.2032,100 мл/10 лводы,100 мл,"Опрыскивание в период вегетации: первое опрыскивание в фазу «зелёный конус», второе в фазу «розовый бутон» последующие – с интервалом 7-10 дней (в зависимости от возраста дерева и объема кроны)",,6,III,552
parsha,парша,болезнь,yablonya,яблоня,sera-900,Сера 900,фунгицид,1017-02(01)-10111-1,02.09.2036,50 мл/10 лводы,50 мл,Опрыскивание в период вегетации.,,4,III,553
parsha,парша,болезнь,yablonya,яблоня,silar,Силар,фунгицид,008-02-3711-1,07.06.2032,20 мл/л воды,200 мл,"Опрыскивание растений в период вегетации: первое – при появлении первых признаков болезней, последующие с интервалом 7-10 дней",12,3,III,498
parsha,парша,болезнь,yablonya,яблоня,skor,Скор,фунгицид,041-02-4371-0,22.01.2027,2 мл/10 лводы,2 мл,Опрыскивание в период вегетации до и после цветения с интервалом не более 14 дней,20,3,III,394
parsha,парша,болезнь,yablonya,яблоня,skoryy,Скорый,фунгицид,126-02-3456-1,27.12.2031,"3,5 мл/10 лводы","3,5 мл",Опрыскивание в период вегетации до и после цветения с интервалом не более 14 дней,20,3,III,398
parsha,парша,болезнь,yablonya,яблоня,stakkato,Стаккато,фунгицид,018-02-10081-1,17.08.2036,80 мл/10 лводы,80 мл,Опрыскивание в период вегетации с интервалом 10-14 дней.,,5,III,297
parsha,парша,болезнь,yablonya,яблоня,stilus,Стилус,фунгицид,021-02-10006-0,09.06.2029,25-30 мл/10 лводы,25–30 мл,"Опрыскивание в период вегетации: первое в фазу ""зеленый конус"", последующие через 7-10 дней.",15,5,III,392
parsha,парша,болезнь,yablonya,яблоня,fitosporin-m,Фитоспорин-М,фунгицид,016-02-2491-1,04.11.2029,20 мл/10 лводы,20 мл,"Опрыскивание в период вегетации в фазы: розовый бутон, начало цветения, после цветения, завязь размером до 1,5 см, плод размером с «лещину»",,5,III,316
parsha,парша,болезнь,yablonya,яблоня,horton,Хортон,фунгицид,008-02-3302-1,16.09.2031,6 мл/10 лводы,6 мл,Опрыскивание в период вегетации в фазы: «зеленый конус» - конец цветения с интервалом 7-10 дней,28,2,III,663
parsha,парша,болезнь,yablonya,яблоня,horton,Хортон,фунгицид,008-02-3302-1,16.09.2031,2 г/10 л воды,2 г,Опрыскивание в период вегетации в фазы: «зеленый конус» - конец цветения с интервалом 7-10 дней,28,2,III,664
parsha,парша,болезнь,yablonya,яблоня,horus,Хорус,фунгицид,041-02-4412-0,14.02.2027,2 г/10 лводы,2 г,Опрыскивание в период вегетации в фазы: «зеленый конус» - конец цветения с интервалом 7-10 дней.,28,2,III,665
parsha,парша,болезнь,yablonya,яблоня,shirma,Ширма,фунгицид,018-02-1433-1,29.03.2027,5-7 мл/10 лводы,5–7 мл,"Опрыскивание в период вегетации: первое опрыскивание профилактическое в фазу «зеленый конус» или «розовый бутон», последующие с интервалом 7-10 дней",30,3,III,623
parsha,парша,болезнь,yablonya,яблоня,shrilank,Шриланк,фунгицид,021-02-4134-1,20.06.2033,"3,0 -3,5 мл/10 л вода","3–3,5 мл",Опрыскивание в период вегетации до и после цветения с интервалом не более 10-14 дней (в зависимости от возраста и объема кроны),21,3,III,461
pautinnyy-klesch,паутинный клещ,вредитель,baklazhan,баклажан,fitoverm-forte,Фитоверм Форте,инсектицид,012-01-1326-1,12.01.2027,20 мл/10 лводы,20 мл,Опрыскивание в период вегетации,3,3,III,43
pautinnyy-klesch,паутинный клещ,вредитель,vinograd,виноград,karachar,Карачар,инсектицид,018-01-3146-1,17.05.2031,4 мл/10 лводы,4 мл,Опрыскивание в период вегетации (в зависимости от типа формировки куста и облист-венности),30,2,I,197
pautinnyy-klesch,паутинный клещ,вредитель,vinograd,виноград,matrinbio,МатринБио,инсектицид,021-01-2672-1,12.05.2030,10-15 мл/10 лводы,10–15 мл,Опрыскивание в период вегетации (в зависимости от возраста и типа формирования куста),3,3,III,222
pautinnyy-klesch,паутинный клещ,вредитель,vinograd,виноград,sera-400,Сера 400,инсектицид,046-01(02)-5059-1,04.07.2032,100 мл/10 лводы,100 мл,Опрыскивание в период вегетации,,6,-,239
pautinnyy-klesch,паутинный клещ,вредитель,vinograd,виноград,sera-400,Сера 400,инсектицид,046-01(02)-5059-1,04.07.2032,100 мл/10 лводы,100 мл,Опрыскивание в период вегетации,,6,-,239
pautinnyy-klesch,паутинный клещ,вредитель,vinograd,виноград,sera-400,Сера 400,фунгицид,018-01(02)-3725-1,04.07.2032,100 мл/10 лводы,100 мл,Опрыскивание в период вегетации,,6,III,552
pautinnyy-klesch,паутинный клещ,вредитель,vinograd,виноград,sera-400,Сера 400,фунгицид,018-01(02)-3725-1,04.07.2032,100 мл/10 лводы,100 мл,Опрыскивание в период вегетации,,6,III,552
pautinnyy-klesch,паутинный клещ,вредитель,vinograd,виноград,sera-900,Сера 900,фунгицид,1017-02(01)-10111-1,02.09.2036,50 мл/10 лводы,50 мл,Опрыскивание в период вегетации.,,4,III,1834
pautinnyy-klesch,паутинный клещ,вредитель,klubnika,клубника (земляника),doktor-harvest-forte-pro,Доктор Харвест Форте Про,инсектицид,909-01-4367-1,16.01.2034,10-50 мл/100 м2,,Опрыскивание в период вегетации,,5,I,232
pautinnyy-klesch,паутинный клещ,вредитель,klubnika,клубника (земляника),fitoverm,Фитоверм,инсектицид,930-01-4745-1,02.12.2034,10-30 мл/100 м2,,"Опрыскивание в период вегетации в концентрации 0,2%",15,2,I,46
pautinnyy-klesch,паутинный клещ,вредитель,komnatnye-rasteniya,комнатные растения (общее),matrinbio,МатринБио,инсектицид,021-01-2672-1,12.05.2030,"1,5 мл/л воды",15 мл,Опрыскивание при появлении вредителей,,3,III,222
pautinnyy-klesch,паутинный клещ,вредитель,komnatnye-rasteniya,комнатные растения (общее),matrinbio-bau,МатринБио БАУ,инсектицид,021-01-4440-1,04.03.2034,700 мл/10-30 растений,,Опрыскивание с помощью флакона с курковым распылителем с готовым рабочим раствором в период вегетации при появлении вредителей,3,3,III,223
pautinnyy-klesch,паутинный клещ,вредитель,komnatnye-rasteniya,комнатные растения (общее),fitoverm,Фитоверм,инсектицид,930-01-4625-1,23.06.2034,10 мл/лводы,100 мл,Опрыскивание по мере появления вредителей,1,4,III,42
pautinnyy-klesch,паутинный клещ,вредитель,luk,лук,matrinbio-bau,МатринБио БАУ,инсектицид,021-01-4440-1,04.03.2034,700 мл/10-30 растений,,Опрыскивание с помощью флакона с курковым распылителем с готовым рабочим раствором в период вегетации при появлении вредителей,3,3,III,223
pautinnyy-klesch,паутинный клещ,вредитель,ogurets,огурец,biovert,Биоверт,инсектицид,034-01-1314-1,22.12.2026,7-10 г/10 м2,,Опрыскивание в период вегетации,1,3,III,38
pautinnyy-klesch,паутинный клещ,вредитель,ogurets,огурец,biorazryad,Биоразряд,инсектицид,033-01-10004-1,08.06.2036,20 г/10 лводы,20 г,"Опрыскивание растений при появлении вредителей, интервал 5-7 дней.",7,2,I,38
pautinnyy-klesch,паутинный клещ,вредитель,ogurets,огурец,biorazryad,Биоразряд,инсектицид,033-01-10004-1,08.06.2036,20 г/10 лводы,20 г,"Опрыскивание растений при появлении вредителей, интервал 5-7 дней.",7,2,I,38
pautinnyy-klesch,паутинный клещ,вредитель,ogurets,огурец,bitoksibatsillin,Битоксибациллин,инсектицид,034-01-2881-1,17.11.2030,50 г/10 лводы,50 г,"Опрыскивание в период вегетации 0,5% рабочим раствором с интервалом 8-10 дней",5,6,III,26
pautinnyy-klesch,паутинный клещ,вредитель,ogurets,огурец,doktor-harvest-forte-pro,Доктор Харвест Форте Про,инсектицид,909-01-4367-1,16.01.2034,14-40 мл/100 м2,,Опрыскивание в период вегетации,,5,I,231
pautinnyy-klesch,паутинный клещ,вредитель,ogurets,огурец,insektobakterin,Инсектобактерин,инсектицид,033-01(02)-3392-1,02.12.2031,10 г/10 л,10 г,Опрыскивание в период вегетации с интервалом 5-10 дней,7,4,III,28
pautinnyy-klesch,паутинный клещ,вредитель,ogurets,огурец,matrinbio,МатринБио,инсектицид,021-01-2672-1,12.05.2030,10-15 мл/10 лводы,10–15 мл,Опрыскивание в период вегетации,3,3,III,222
pautinnyy-klesch,паутинный клещ,вредитель,ogurets,огурец,matrinbio-bau,МатринБио БАУ,инсектицид,021-01-4440-1,04.03.2034,700 мл/10-30 растений,,Опрыскивание с помощью флакона с курковым распылителем с готовым рабочим раствором в период вегетации при появлении вредителей,3,3,III,223
pautinnyy-klesch,паутинный клещ,вредитель,ogurets,огурец,metavayt,Метавайт,инсектицид,196-01-3937-1,09.01.2033,20-80 мл/10 лводы,20–80 мл,Опрыскивание в период вегетации,,3,III,39
pautinnyy-klesch,паутинный клещ,вредитель,ogurets,огурец,otrava-doktor-harvest,Отрава Доктор Харвест,инсектицид,769-01-3326-1,04.10.2031,14-40 мл/100 м2,,Опрыскивание в период вегетации,5,5,I,290
pautinnyy-klesch,паутинный клещ,вредитель,ogurets,огурец,fitoverm,Фитоверм,инсектицид,930-01-4625-1,23.06.2034,10 мл/лводы,100 мл,Опрыскивание в период вегетации,3,2,III,42
pautinnyy-klesch,паутинный клещ,вредитель,ogurets,огурец,fitoverm-forte,Фитоверм Форте,инсектицид,012-01-1326-1,12.01.2027,20 мл/10 лводы,20 мл,Опрыскивание в период вегетации,3,3,III,43
pautinnyy-klesch,паутинный клещ,вредитель,perets,перец,fitoverm-forte,Фитоверм Форте,инсектицид,012-01-1326-1,12.01.2027,20 мл/10 лводы,20 мл,Опрыскивание в период вегетации,3,3,III,43
pautinnyy-klesch,паутинный клещ,вредитель,roza,роза,matrinbio,МатринБио,инсектицид,021-01-2672-1,12.05.2030,10-15 мл/10 лводы,10–15 мл,Опрыскивание в период вегетации,,3,III,222
pautinnyy-klesch,паутинный клещ,вредитель,roza,роза,fitoverm-forte,Фитоверм Форте,инсектицид,012-01-1326-1,12.01.2027,4 мл/10 лводы,4 мл,Опрыскивание в период вегетации,2,3,III,43
pautinnyy-klesch,паутинный клещ,вредитель,tomat,томат,doktor-harvest-forte-pro,Доктор Харвест Форте Про,инсектицид,909-01-4367-1,16.01.2034,14-40 мл/100 м2,,Опрыскивание в период вегетации,,5,I,231
pautinnyy-klesch,паутинный клещ,вредитель,tomat,томат,matrinbio,МатринБио,инсектицид,021-01-2672-1,12.05.2030,10-15 мл/10 лводы,10–15 мл,Опрыскивание в период вегетации,3,3,III,222
pautinnyy-klesch,паутинный клещ,вредитель,tomat,томат,matrinbio-bau,МатринБио БАУ,инсектицид,021-01-4440-1,04.03.2034,700 мл/10-30 растений,,Опрыскивание с помощью флакона с курковым распылителем с готовым рабочим раствором в период вегетации при появлении вредителей,3,3,III,223
pautinnyy-klesch,паутинный клещ,вредитель,tomat,томат,otrava-doktor-harvest,Отрава Доктор Харвест,инсектицид,769-01-3326-1,04.10.2031,14-40 мл/100 м2,,Опрыскивание в период вегетации,5,5,I,290
pautinnyy-klesch,паутинный клещ,вредитель,tomat,томат,fitoverm,Фитоверм,инсектицид,930-01-4625-1,23.06.2034,10 мл/лводы,100 мл,Опрыскивание в период вегетации,3,3,III,42
pautinnyy-klesch,паутинный клещ,вредитель,tomat,томат,fitoverm-forte,Фитоверм Форте,инсектицид,012-01-1326-1,12.01.2027,20 мл/10 лводы,20 мл,Опрыскивание в период вегетации,3,3,III,43
pautinnyy-klesch,паутинный клещ,вредитель,tsvety,цветы (общее),fitoverm,Фитоверм,инсектицид,930-01-4625-1,23.06.2034,2 мл/лводы,20 мл,Опрыскивание по мере появления вредителей,1,3,III,42
pautinnyy-klesch,паутинный клещ,вредитель,tsvety,цветы (общее),fitoverm,Фитоверм,инсектицид,930-01-4625-1,23.06.2034,2 мл/лводы,20 мл,Опрыскивание по мере появления вредителей,1,4,III,42
peronosporoz,пероноспороз,болезнь,goroh-fasol,горох / фасоль,fitosporin-as,Фитоспорин-АС,фунгицид,585-02-3649-1,21.04.2032,3 мл/кг семян,,Предпосевная обработка семян за 1-5 суток с последующей обработкой по вегетации,,1,III,336
peronosporoz,пероноспороз,болезнь,luk,лук,abiga-pik,Абига-Пик,фунгицид,407-02-1316-1,25.12.2026,50 г/10 лводы,50 г,Опрыскивание в период вегетации- 10л/100 м2,20,3,III,654
peronosporoz,пероноспороз,болезнь,luk,лук,indigo,Индиго,фунгицид,018-02-2300-1,30.06.2029,50 мл/4-6 лводы,,"Опрыскивание в период вегетации: первое профилактическое, последующие с интервалом 7-12 дней",7,3,III,470
peronosporoz,пероноспороз,болезнь,luk,лук,insayd,Инсайд,фунгицид,021-02-3198-1,04.07.2031,10 мл/ 3 лводы,"33,3 мл","Опрыскивание в период вегетации: первое опрыскивание – профилактическое, последующие – с интервалом 7-10 дней",20,3,III,625
peronosporoz,пероноспороз,болезнь,luk,лук,konsento-top,Консенто Топ,фунгицид,561-02-4379-1,23.01.2034,20 мл/5 лводы,40 мл,"Опрыскивание в период вегетации: первое -профилактическое, последующие - с интервалом 7-10 дней",21,4,III,502
peronosporoz,пероноспороз,болезнь,luk,лук,kuprolyuks,Купролюкс,фунгицид,012-02-3844-1,28.11.2032,25-30 г/5 л,50–60 г,Опрыскивание в период вегетации,21,4,III,472
peronosporoz,пероноспороз,болезнь,luk,лук,kurzat-r,Курзат Р,фунгицид,029-02-2069-1,07.02.2029,50-60 г/10 лводы,50–60 г,"Опрыскивание в период вегетации: первое – профилактическое, последующие с интервалом 10-12 дней",21,3,III,655
peronosporoz,пероноспороз,болезнь,luk,лук,kurzat-r-ka,Курзат Р КА,фунгицид,866-02-4726-0,25.11.2027,50-60 г/10 лводы,50–60 г,"Опрыскивание в период вегетации: первое-профилактическое, последующие с интервалом 10-12 дней.",21,3,III,656
peronosporoz,пероноспороз,болезнь,luk,лук,profit-gold,Профит Голд,фунгицид,012-02-2111-1,05.02.2029,12 г/10 л,12 г,"Опрыскивание в период вегетации: первое – профилактическое, последующие с интервалом – 8-12 дней",21,3,III,619
peronosporoz,пероноспороз,болезнь,luk,лук,ralli,Ралли,фунгицид,021-02-9607-0,30.09.2028,13-20 мл/3 лводы,"43,3–66,7 мл","Опрыскивание в период вегетации: первое-профилактическое, последующее через 7-12 дней.",14,2,III,388
peronosporoz,пероноспороз,болезнь,luk,лук,revus,Ревус,фунгицид,041-02-3558-1,21.03.2032,6 мл/5 л воды,12 мл,"Опрыскивание в период вегетации: первое опрыскивание – профилактическое, последующие – с интервалом 7-14 дней",15,2,III,451
peronosporoz,пероноспороз,болезнь,luk,лук,sanitar,Санитар,фунгицид,126-02-3620-1,12.04.2032,12 г/10 лводы,12 г,"Опрыскивание в период вегетации: первое-профилактическое, последующие с интервалом 8 – 12 дней",21,3,III,661
peronosporoz,пероноспороз,болезнь,luk,лук,silar,Силар,фунгицид,008-02-3711-1,07.06.2032,20 мл/л воды,200 мл,Опрыскивание в период вегетации в фазу 4-5 настоящих листьев; второе и третье – через 10 -14 дней после предыдущей обработки,12,3,III,498
peronosporoz,пероноспороз,болезнь,luk,лук,spayk,Спайк,фунгицид,021-02-9687-0,23.11.2028,18-20,,"Опрыскивание растений в период вегетации: первое – профилактическое, последующие с интервалом 7-10 дней.",28,4,III,503
peronosporoz,пероноспороз,болезнь,luk,лук,stakkato,Стаккато,фунгицид,018-02-10081-1,17.08.2036,50 мл/2-4 лводы,,Опрыскивание в период вегетации с интервалом 10-14 дней.,,4,III,297
peronosporoz,пероноспороз,болезнь,luk,лук,tanos-ka,Танос КА,фунгицид,866-02-4725-0,25.11.2027,12 г/10 лводы,12 г,"Опрыскивание в период вегетации: первое-профилактическое (до цветения), последующие с и интервалом 8-12 дней.",21,3,III,620
peronosporoz,пероноспороз,болезнь,luk,лук,famoks,Фамокс,фунгицид,097-02-2528-1,30.01.2030,12 г/10 лводы,12 г,"Опрыскивание в период вегетации: первое – профилактическое, последующие – с интервалом 8-12 дней",21,3,III,618
peronosporoz,пероноспороз,болезнь,luk,лук,tselitel,Целитель,фунгицид,175-02-1534-1,27.07.2027,12 г/10 лводы,12 г,"Опрыскивание в период вегетации: первое – профилактическое, последующие – с интервалом 8-12 дней",21,3,III,661
peronosporoz,пероноспороз,болезнь,ogurets,огурец,abiga-pik,Абига-Пик,фунгицид,407-02-1316-1,25.12.2026,50 г/10 лводы,50 г,Опрыскивание в период вегетации,20,3,III,654
peronosporoz,пероноспороз,болезнь,ogurets,огурец,biotrihoderma,Биотриходерма,фунгицид,186-02-4410-1,05.02.2034,1-2 г/100 мл воды,100–200 г,Замачивание семян в течение 2 часов в 1% суспензии,,1,III,356
peronosporoz,пероноспороз,болезнь,ogurets,огурец,gamair,Гамаир,фунгицид,139-02-2349-1,14.08.2029,5-10 таб./10л,5–10 таб,"Опрыскивание растений в период вегетации при появлении первых симптомовзаболевания, затем - с интервалом 15 дней",,3,III,332
peronosporoz,пероноспороз,болезнь,ogurets,огурец,indigo,Индиго,фунгицид,018-02-2300-1,30.06.2029,50 мл/6-8 лводы,,"Опрыскивание в период вегетации: первое профилактическое, последующие с интервалом 7-10 дней",7,3,III,470
peronosporoz,пероноспороз,болезнь,ogurets,огурец,konsento-top,Консенто Топ,фунгицид,561-02-4379-1,23.01.2034,20 мл/5 лводы,40 мл,"Опрыскивание в период вегетации: первое -профилактическое, последующие - с интервалом 7-10 дней",21,4,III,502
peronosporoz,пероноспороз,болезнь,ogurets,огурец,kuprolyuks,Купролюкс,фунгицид,012-02-3844-1,28.11.2032,25-30 г /10 лводы,25–30 г,"Опрыскивание в период вегетации: первое – профилактическое, последующие с интервалом 10-12 дней",5,3,III,472
peronosporoz,пероноспороз,болезнь,ogurets,огурец,kurzat-r,Курзат Р,фунгицид,029-02-2069-1,07.02.2029,25-30 г/10 лводы,25–30 г,"Опрыскивание в период вегетации: первое – профилактическое, последующие с интервалом 10-12 дней",5,3,III,655
peronosporoz,пероноспороз,болезнь,ogurets,огурец,kurzat-r-ka,Курзат Р КА,фунгицид,866-02-4726-0,25.11.2027,25-30 г/10 лводы,25–30 г,"Опрыскивание в период вегетации: первое -профилактическое, последующие с интервалом 10-12 дней",5,3,III,656
peronosporoz,пероноспороз,болезнь,ogurets,огурец,orgamika-f,Оргамика Ф,фунгицид,173-02-2477-1,19.11.2029,40 мл/15 лводы,"26,7 мл","Опрыскивание в период вегетации: первое -профилактическое, второе - с интервалом 7-10 дней.",,2,III,345
peronosporoz,пероноспороз,болезнь,ogurets,огурец,ordan,Ордан,фунгицид,021-02-2610-1,18.03.2030,25 г/5 л воды,50 г,"Опрыскивание в период вегетации: первое – профилактическое в стадии 4-6 настоящих листьев или не позднее двух суток после инфицирования растений, последующие с интервалом 7-10 дней",5,3,III,474
peronosporoz,пероноспороз,болезнь,ogurets,огурец,ordan,Ордан,фунгицид,021-02-2610-1,18.03.2030,25 г/8 л воды,"31,2 г","Опрыскивание в период вегетации: первое – профилактическое в стадии 4-6 настоящих листьев или не позднее двух суток после инфицирования растений, последующие с интервалом 7-10 дней",3,3,III,474
peronosporoz,пероноспороз,болезнь,ogurets,огурец,previkur-enerdzhi,Превикур Энерджи,фунгицид,019-02-3930-1,08.01.2033,"3,0 мл/2 лводы",15 мл,"Полив почвы (субстрата) сразу после высева семян или полив рассады под корень через 14 дней после высева семян 0,15%-й рабочей жидкостью",1,1,III,500
peronosporoz,пероноспороз,болезнь,ogurets,огурец,previkur-enerdzhi,Превикур Энерджи,фунгицид,019-02-3930-1,08.01.2033,30 мл/20 лводы,15 мл,"Полив растений под корень 0,15%-й рабочей жидкостью через 2-3 дня после высадки рассады на постоянное место, последующие поливы – с интервалом 14 дней",1,5,III,500
peronosporoz,пероноспороз,болезнь,ogurets,огурец,provizor,Провизор,фунгицид,046-02-5073-1,09.03.2030,4-6 мл/15 лводы,"2,7–4 мл","Опрыскивание в период вегетации: первое – профилактическое до цветения, последующее после цветения – с интервалом 7-14 дней",5,2,III,362
peronosporoz,пероноспороз,болезнь,ogurets,огурец,ralli,Ралли,фунгицид,021-02-9607-0,30.09.2028,15-20 мл/3 лводы,"50–66,7 мл","Опрыскивание в период вегетации: первое – профилактическое, последующее через 7-12 дней.",7,2,III,388
peronosporoz,пероноспороз,болезнь,ogurets,огурец,silar,Силар,фунгицид,008-02-3711-1,07.06.2032,20 мл/л воды,200 мл,Опрыскивание в фазе бутонизации и после сбора урожая,12,3,III,498
peronosporoz,пероноспороз,болезнь,ogurets,огурец,spayk,Спайк,фунгицид,021-02-9687-0,23.11.2028,18-20,,"Опрыскивание растений в период вегетации: первое – профилактическое, последующие с интервалом 7-10 дней.",28,4,III,503
peronosporoz,пероноспороз,болезнь,ogurets,огурец,trihodermaveride-471,ТриходермаВериде 471,фунгицид,008-02-1364-1,01.02.2027,30 г/10 лводы,30 г,Опрыскивание в период начало цветения -плодоношение,,1,III,354
peronosporoz,пероноспороз,болезнь,ogurets,огурец,trihodermaveride-471,ТриходермаВериде 471,фунгицид,008-02-1364-1,01.02.2027,30 г/10 лводы,30 г,Опрыскивание в период начало цветения – плодоношение,,1,III,355
peronosporoz,пероноспороз,болезнь,ogurets,огурец,fitosporin-as,Фитоспорин-АС,фунгицид,585-02-3649-1,21.04.2032,40 мл/10 лводы,40 мл,Опрыскивание в период вегетации: первое – профилактическое в фазах смыкание рядков-бутонизация; повторно – с интервалом 10-15 дней,,3,III,335
peronosporoz,пероноспороз,болезнь,ogurets,огурец,fitosporin-as,Фитоспорин-АС,фунгицид,585-02-3649-1,21.04.2032,40 мл/10 лводы,40 мл,"Опрыскивание в период вегетации: первое -профилактическое, последующие - с интервалом 7-10 дней",,4,III,335
peronosporoz,пероноспороз,болезнь,ogurets,огурец,fitosporin-m,Фитоспорин-М,фунгицид,016-02-2491-1,04.11.2029,40-50 мл/6-8 л воды,,"Опрыскивание растений в период вегетации: первое -профилактическое, последующие – с интервалом 10-15 дней",,3,III,315
peronosporoz,пероноспороз,болезнь,ogurets,огурец,fitosporin-m,Фитоспорин-М,фунгицид,016-02-2491-1,04.11.2029,40-60 мл/15-20 лводы,,"Опрыскивание в период вегетации: первое -профилактическое, последующие – с интервалом 7-10 дней",,2,III,315
peronosporoz,пероноспороз,болезнь,ogurets,огурец,fitosporin-m,Фитоспорин-М,фунгицид,016-02-2490-1,04.12.2029,20-30 г/6-8 лводы,,"Опрыскивание в период вегетации: первое – профилактическое, последующие – с интервалом 10-15 дней",,3,III,317
peronosporoz,пероноспороз,болезнь,ogurets,огурец,fitosporin-m,Фитоспорин-М,фунгицид,016-02-2490-1,04.12.2029,20-30 г/15-20 л воды,,"Опрыскивание в период вегетации: первое – профилактическое, последующие – с интервалом 7-10 дней",,2,III,318
peronosporoz,пероноспороз,болезнь,ogurets,огурец,fitosporin-m,Фитоспорин-М,фунгицид,016-02-2489-1,04.12.2029,2 г/6-8 лводы,,"Опрыскивание растений в период вегетации: первое – профилактическое, последующие – с интервалом 10-15 дней",,3,III,319
peronosporoz,пероноспороз,болезнь,ogurets,огурец,fitosporin-m,Фитоспорин-М,фунгицид,016-02-2489-1,04.12.2029,2 г/15-20 лводы,,"Опрыскивание в период вегетации: первое -профилактическое, последующие – с интервалом 7-10 дней",,2,III,320
peronosporoz,пероноспороз,болезнь,ogurets,огурец,hom,Хом,фунгицид,046-02-5033-1,29.03.2028,40 г/10 лводы,40 г,"Опрыскивание в период вегетации: первое опрыскивание профилактическое, последующие с интервалом 7-10 дней.",2,3,III,472
peronosporoz,пероноспороз,болезнь,chesnok,чеснок,stakkato,Стаккато,фунгицид,018-02-10081-1,17.08.2036,50 мл/2-4 лводы,,Опрыскивание в период вегетации с интервалом 10-14 дней.,,4,III,297
pililschik,пилильщик,вредитель,vishnya-chereshnya,вишня / черешня,karbotsin,Карбоцин,инсектицид,441-01-1513-1,30.05.2027,1 таб./10 лводы,1 таб,Опрыскивание в период вегетации,30,2,I,289
pililschik,пилильщик,вредитель,grusha,груша,karbotsin,Карбоцин,инсектицид,441-01-1513-1,30.05.2027,1 таб./10 лводы,1 таб,Опрыскивание в период вегетации,30,2,I,289
pililschik,пилильщик,вредитель,kryzhovnik,крыжовник,karbotsin,Карбоцин,инсектицид,441-01-1513-1,30.05.2027,1 таб./10 лводы,1 таб,Опрыскивание в период вегетации,20,2,I,289
pililschik,пилильщик,вредитель,kryzhovnik,крыжовник,lepidotsid,Лепидоцид,инсектицид,034-01-2886-1,09.12.2030,20-30 г/10 лводы,20–30 г,Опрыскивание в период вегетации против каждого поколения вредителя с интервалом 7-8 дней,5,2,III,32
pililschik,пилильщик,вредитель,malina,малина,lepidotsid,Лепидоцид,инсектицид,034-01-2886-1,09.12.2030,20-30 г/10 лводы,20–30 г,Опрыскивание в период вегетации против каждого поколения вредителя с интервалом 7-8 дней,5,2,III,32
pililschik,пилильщик,вредитель,ryabina,рябина,lepidotsid,Лепидоцид,инсектицид,034-01-2886-1,09.12.2030,20-30 г/10 лводы,20–30 г,Опрыскивание в период вегетации против каждого поколения вредителя с интервалом 7-8 дней,5,2,III,32
pililschik,пилильщик,вредитель,sliva,слива,karbotsin,Карбоцин,инсектицид,441-01-1513-1,30.05.2027,1 таб./10 лводы,1 таб,Опрыскивание в период вегетации,30,2,I,289
pililschik,пилильщик,вредитель,smorodina,смородина,karbotsin,Карбоцин,инсектицид,441-01-1513-1,30.05.2027,1 таб./10 лводы,1 таб,Опрыскивание в период вегетации,20,2,I,289
pililschik,пилильщик,вредитель,smorodina,смородина,lepidotsid,Лепидоцид,инсектицид,034-01-2886-1,09.12.2030,20-30 г/10 лводы,20–30 г,Опрыскивание в период вегетации против каждого поколения вредителя с интервалом 7-8 дней,5,2,III,32
pililschik,пилильщик,вредитель,hvoynye,"хвойные (туя, ель, можжевельник)",pinotsid,Пиноцид,инсектицид,021-01-1899-1,27.04.2028,2 мл/10 лводы,2 мл,Опрыскивание в период вегетации,,1,I,64
pililschik,пилильщик,вредитель,hvoynye,"хвойные (туя, ель, можжевельник)",pinotsid,Пиноцид,инсектицид,021-01-1899-1,27.04.2028,2 мл/10 лводы,2 мл,Опрыскивание в период вегетации,,1,I,64
pililschik,пилильщик,вредитель,hvoynye,"хвойные (туя, ель, можжевельник)",pinotsid,Пиноцид,инсектицид,021-01-1899-1,27.04.2028,2 мл/10 лводы,2 мл,Опрыскивание в период вегетации,,1,I,64
pililschik,пилильщик,вредитель,hvoynye,"хвойные (туя, ель, можжевельник)",pinotsid,Пиноцид,инсектицид,021-01-1899-1,27.04.2028,2 мл/10 лводы,2 мл,Опрыскивание в период вегетации,,1,I,64
pililschik,пилильщик,вредитель,yablonya,яблоня,karbotsin,Карбоцин,инсектицид,441-01-1513-1,30.05.2027,1 таб./10 лводы,1 таб,Опрыскивание в период вегетации,30,2,I,289
plesnevenie-semyan,плесневение семян,болезнь,goroh-fasol,горох / фасоль,fitosporin-as,Фитоспорин-АС,фунгицид,585-02-3649-1,21.04.2032,3 мл/кг семян,,Предпосевная обработка семян за 1-5 суток с последующей обработкой по вегетации,,1,III,336
plodovaya-gnil-monilioz,плодовая гниль / монилиоз,болезнь,abrikos-persik,абрикос / персик,abiga-pik,Абига-Пик,фунгицид,407-02-1316-1,25.12.2026,40-50 г/10 лводы,40–50 г,Опрыскивание в период вегетации- 10л/100 м2,30,4,III,654
plodovaya-gnil-monilioz,плодовая гниль / монилиоз,болезнь,abrikos-persik,абрикос / персик,bordoskaya-zhidkost,Бордоская жидкость,фунгицид,021-02-3994-1,01.03.2033,250 мл/10 лводы,250 мл,Ранневесеннее опрыскивание в фазе «зеленого конуса»,60,1,II,467
plodovaya-gnil-monilioz,плодовая гниль / монилиоз,болезнь,abrikos-persik,абрикос / персик,bordoskaya-zhidkost,Бордоская жидкость,фунгицид,021-02-3994-1,01.03.2033,100 мл/10 лводы,100 мл,Опрыскивание по вегетации: первое после цветения; последующие – с интервалом 7 дней,28,3,II,468
plodovaya-gnil-monilioz,плодовая гниль / монилиоз,болезнь,abrikos-persik,абрикос / персик,indigo,Индиго,фунгицид,018-02-2300-1,30.06.2029,40-50 мл/10 лводы,40–50 мл,Опрыскивание в период вегетации – при появлении первых признаков болезней (до цветения); последующие – с интервалом 7-10 дней,7,4,III,470
plodovaya-gnil-monilioz,плодовая гниль / монилиоз,болезнь,abrikos-persik,абрикос / персик,indigo,Индиго,фунгицид,018-02-2300-1,30.06.2029,40-50 мл/10 лводы,40–50 мл,Опрыскивание в период вегетации – при появлении первых признаков болезней (до цветения); последующие – с интервалом 7-10 дней,7,4,III,470
plodovaya-gnil-monilioz,плодовая гниль / монилиоз,болезнь,abrikos-persik,абрикос / персик,horton,Хортон,фунгицид,008-02-3302-1,16.09.2031,10 мл/10 лводы,10 мл,"Опрыскивание в период вегетации: первое – при появлении первых признаков заболевания, второе – за 14 дней до уборки урожая",15,2,III,663
plodovaya-gnil-monilioz,плодовая гниль / монилиоз,болезнь,abrikos-persik,абрикос / персик,horton,Хортон,фунгицид,008-02-3302-1,16.09.2031,"3,5 г/10 лводы","3,5 г","Опрыскивание в период вегетации: первое - при появлении первых признаков заболевания, второе - за 14 дней до уборки урожая",15,2,III,664
plodovaya-gnil-monilioz,плодовая гниль / монилиоз,болезнь,abrikos-persik,абрикос / персик,horus,Хорус,фунгицид,041-02-4412-0,14.02.2027,"3,5 г/10 лводы","3,5 г","Опрыскивание в период вегетации: первое - при появлении первых признаков заболевания, второе - за 14 дней до уборки урожая.",15,2,III,665
plodovaya-gnil-monilioz,плодовая гниль / монилиоз,болезнь,ayva,айва,abiga-pik,Абига-Пик,фунгицид,407-02-1316-1,25.12.2026,50 г/10 лводы,50 г,Опрыскивание в период вегетации- 10л/100 м2,30,4,III,654
plodovaya-gnil-monilioz,плодовая гниль / монилиоз,болезнь,vishnya-chereshnya,вишня / черешня,abiga-pik,Абига-Пик,фунгицид,407-02-1316-1,25.12.2026,40-50 г/10 лводы,40–50 г,Опрыскивание в период вегетации- 10л/100 м2,30,4,III,654
plodovaya-gnil-monilioz,плодовая гниль / монилиоз,болезнь,vishnya-chereshnya,вишня / черешня,bordoskaya-zhidkost,Бордоская жидкость,фунгицид,021-02-3994-1,01.03.2033,250 мл/10 лводы,250 мл,Ранневесеннее опрыскивание в фазе «зеленого конуса»,60,1,II,467
plodovaya-gnil-monilioz,плодовая гниль / монилиоз,болезнь,vishnya-chereshnya,вишня / черешня,bordoskaya-zhidkost,Бордоская жидкость,фунгицид,021-02-3994-1,01.03.2033,100 мл/10 лводы,100 мл,Опрыскивание по вегетации: первое после цветения; последующие – с интервалом 7 дней,28,3,II,468
plodovaya-gnil-monilioz,плодовая гниль / монилиоз,болезнь,vishnya-chereshnya,вишня / черешня,indigo,Индиго,фунгицид,018-02-2300-1,30.06.2029,40-50 мл/10 лводы,40–50 мл,Опрыскивание в период вегетации – при появлении первых признаков болезней (до цветения); последующие – с интервалом 7-10 дней,7,4,III,470
plodovaya-gnil-monilioz,плодовая гниль / монилиоз,болезнь,vishnya-chereshnya,вишня / черешня,indigo,Индиго,фунгицид,018-02-2300-1,30.06.2029,40-50 мл/10 лводы,40–50 мл,Опрыскивание в период вегетации – при появлении первых признаков болезней (до цветения); последующие – с интервалом 7-10 дней,7,4,III,470
plodovaya-gnil-monilioz,плодовая гниль / монилиоз,болезнь,vishnya-chereshnya,вишня / черешня,plantenol-neo,Плантенол Нео,фунгицид,021-02-4358-1,11.01.2034,5 г/ 10 лводы,5 г,"Опрыскивание в период вегетации: первое– при появлении первых признаков заболевания, второе –за 14 дней до уборки урожая",5,2,III,662
plodovaya-gnil-monilioz,плодовая гниль / монилиоз,болезнь,vishnya-chereshnya,вишня / черешня,stakkato,Стаккато,фунгицид,018-02-10081-1,17.08.2036,50 мл/6-8 лводы,,"Опрыскивание в период вегетации, последнее – за 10 дней до уборки урожая.",,4,III,297
plodovaya-gnil-monilioz,плодовая гниль / монилиоз,болезнь,vishnya-chereshnya,вишня / черешня,horton,Хортон,фунгицид,008-02-3302-1,16.09.2031,10 мл/10 лводы,10 мл,"Опрыскивание в период вегетации: первое – при появлении первых признаков заболевания, второе – за 14 дней до уборки урожая",15,2,III,663
plodovaya-gnil-monilioz,плодовая гниль / монилиоз,болезнь,vishnya-chereshnya,вишня / черешня,horton,Хортон,фунгицид,008-02-3302-1,16.09.2031,"3,5 г/10 лводы","3,5 г","Опрыскивание в период вегетации: первое - при появлении первых признаков заболевания, второе - за 14 дней до уборки урожая",15,2,III,664
plodovaya-gnil-monilioz,плодовая гниль / монилиоз,болезнь,vishnya-chereshnya,вишня / черешня,horus,Хорус,фунгицид,041-02-4412-0,14.02.2027,"3,5 г/10 лводы","3,5 г","Опрыскивание в период вегетации: первое - при появлении первых признаков заболевания, второе - за 14 дней до уборки урожая.",15,2,III,665
plodovaya-gnil-monilioz,плодовая гниль / монилиоз,болезнь,grusha,груша,abiga-pik,Абига-Пик,фунгицид,407-02-1316-1,25.12.2026,50 г/10 лводы,50 г,Опрыскивание в период вегетации- 10л/100 м2,30,4,III,654
plodovaya-gnil-monilioz,плодовая гниль / монилиоз,болезнь,grusha,груша,bordoskaya-zhidkost,Бордоская жидкость,фунгицид,021-02-3994-1,01.03.2033,250 мл/10 лводы,250 мл,Ранневесеннее опрыскивание в фазе «зеленого конуса»,60,1,II,467
plodovaya-gnil-monilioz,плодовая гниль / монилиоз,болезнь,grusha,груша,bordoskaya-zhidkost,Бордоская жидкость,фунгицид,021-02-3994-1,01.03.2033,100 мл/10 лводы,100 мл,Опрыскивание по вегетации: первое после цветения; последующие – с интервалом 7 дней,38,3,II,468
plodovaya-gnil-monilioz,плодовая гниль / монилиоз,болезнь,grusha,груша,indigo,Индиго,фунгицид,018-02-2300-1,30.06.2029,30-50 мл/10 лводы,30–50 мл,"Опрыскивание в период вегетации – первое в фазу «зелёный конус», последующие – с интервалом 7-10 дней",15,4,III,469
plodovaya-gnil-monilioz,плодовая гниль / монилиоз,болезнь,grusha,груша,indigo,Индиго,фунгицид,018-02-2300-1,30.06.2029,30-50 мл/10 лводы,30–50 мл,"Опрыскивание в период вегетации – первое в фазу «зелёный конус», последующие – с интервалом 7-10 дней",15,4,III,469
plodovaya-gnil-monilioz,плодовая гниль / монилиоз,болезнь,grusha,груша,plantenol-neo,Плантенол Нео,фунгицид,021-02-4358-1,11.01.2034,3 г/ 10 лводы,3 г,Опрыскивание в период вегетации в фазы: «зеленый конус» - конец цветения с интервалом 7-10 дней (в зависимости от возраста и объема кроны),60,2,III,662
plodovaya-gnil-monilioz,плодовая гниль / монилиоз,болезнь,grusha,груша,horton,Хортон,фунгицид,008-02-3302-1,16.09.2031,6 мл/10 лводы,6 мл,Опрыскивание в период вегетации в фазы: «зеленый конус» - конец цветения с интервалом 7-10 дней,28,2,III,663
plodovaya-gnil-monilioz,плодовая гниль / монилиоз,болезнь,grusha,груша,horton,Хортон,фунгицид,008-02-3302-1,16.09.2031,2 г/10 л воды,2 г,Опрыскивание в период вегетации в фазы: «зеленый конус» - конец цветения с интервалом 7-10 дней,28,2,III,664
plodovaya-gnil-monilioz,плодовая гниль / монилиоз,болезнь,sliva,слива,abiga-pik,Абига-Пик,фунгицид,407-02-1316-1,25.12.2026,40-50 г/10 лводы,40–50 г,Опрыскивание в период вегетации- 10л/100 м2,30,4,III,654
plodovaya-gnil-monilioz,плодовая гниль / монилиоз,болезнь,sliva,слива,bordoskaya-zhidkost,Бордоская жидкость,фунгицид,021-02-3994-1,01.03.2033,250 мл/10 лводы,250 мл,Ранневесеннее опрыскивание в фазе «зеленого конуса»,60,1,II,467
plodovaya-gnil-monilioz,плодовая гниль / монилиоз,болезнь,sliva,слива,bordoskaya-zhidkost,Бордоская жидкость,фунгицид,021-02-3994-1,01.03.2033,100 мл/10 лводы,100 мл,Опрыскивание по вегетации: первое после цветения; последующие – с интервалом 7 дней,28,3,II,468
plodovaya-gnil-monilioz,плодовая гниль / монилиоз,болезнь,sliva,слива,indigo,Индиго,фунгицид,018-02-2300-1,30.06.2029,40-50 мл/10 лводы,40–50 мл,Опрыскивание в период вегетации – при появлении первых признаков болезней (до цветения); последующие – с интервалом 7-10 дней,7,4,III,470
plodovaya-gnil-monilioz,плодовая гниль / монилиоз,болезнь,sliva,слива,indigo,Индиго,фунгицид,018-02-2300-1,30.06.2029,40-50 мл/10 лводы,40–50 мл,Опрыскивание в период вегетации – при появлении первых признаков болезней (до цветения); последующие – с интервалом 7-10 дней,7,4,III,470
plodovaya-gnil-monilioz,плодовая гниль / монилиоз,болезнь,sliva,слива,plantenol-neo,Плантенол Нео,фунгицид,021-02-4358-1,11.01.2034,5 г/ 10 лводы,5 г,"Опрыскивание в период вегетации: первое– при появлении первых признаков заболевания, второе –за 14 дней до уборки урожая",5,2,III,662
plodovaya-gnil-monilioz,плодовая гниль / монилиоз,болезнь,sliva,слива,silar,Силар,фунгицид,008-02-3711-1,07.06.2032,20 мл/л воды,200 мл,Опрыскивание в период вегетации с интервалом 15 – 20 дней,12,3,III,498
plodovaya-gnil-monilioz,плодовая гниль / монилиоз,болезнь,sliva,слива,stakkato,Стаккато,фунгицид,018-02-10081-1,17.08.2036,50 мл/6-8 лводы,,"Опрыскивание в период вегетации, последнее – за 10 дней до уборки урожая.",,4,III,297
plodovaya-gnil-monilioz,плодовая гниль / монилиоз,болезнь,sliva,слива,horton,Хортон,фунгицид,008-02-3302-1,16.09.2031,10 мл/10 лводы,10 мл,"Опрыскивание в период вегетации: первое – при появлении первых признаков заболевания, второе – за 14 дней до уборки урожая",15,2,III,663
plodovaya-gnil-monilioz,плодовая гниль / монилиоз,болезнь,sliva,слива,horton,Хортон,фунгицид,008-02-3302-1,16.09.2031,"3,5 г/10 лводы","3,5 г","Опрыскивание в период вегетации: первое - при появлении первых признаков заболевания, второе - за 14 дней до уборки урожая",15,2,III,664
plodovaya-gnil-monilioz,плодовая гниль / монилиоз,болезнь,sliva,слива,horus,Хорус,фунгицид,041-02-4412-0,14.02.2027,"3,5 г/10 лводы","3,5 г","Опрыскивание в период вегетации: первое - при появлении первых признаков заболевания, второе - за 14 дней до уборки урожая.",15,2,III,665
plodovaya-gnil-monilioz,плодовая гниль / монилиоз,болезнь,yablonya,яблоня,abiga-pik,Абига-Пик,фунгицид,407-02-1316-1,25.12.2026,50 г/10 лводы,50 г,Опрыскивание в период вегетации- 10л/100 м2,30,4,III,654
plodovaya-gnil-monilioz,плодовая гниль / монилиоз,болезнь,yablonya,яблоня,biokompozit-pro,Биокомпозит-Про,фунгицид,018-02-3837-1,24.10.2032,30 мл/10 лводы,30 мл,Опрыскивание растений в период вегетации и перед сбором урожая,7,4,III,339
plodovaya-gnil-monilioz,плодовая гниль / монилиоз,болезнь,yablonya,яблоня,bordoskaya-zhidkost,Бордоская жидкость,фунгицид,021-02-3994-1,01.03.2033,250 мл/10 лводы,250 мл,Ранневесеннее опрыскивание в фазе «зеленого конуса»,60,1,II,467
plodovaya-gnil-monilioz,плодовая гниль / монилиоз,болезнь,yablonya,яблоня,bordoskaya-zhidkost,Бордоская жидкость,фунгицид,021-02-3994-1,01.03.2033,100 мл/10 лводы,100 мл,Опрыскивание по вегетации: первое после цветения; последующие – с интервалом 7 дней,38,3,II,468
plodovaya-gnil-monilioz,плодовая гниль / монилиоз,болезнь,yablonya,яблоня,gamair,Гамаир,фунгицид,139-02-2349-1,14.08.2029,5-10 таб. /10 л,5–10 таб,"Опрыскивание растений в период вегетации в фазах розовый бутон, после цветения, плод размером с лесной орех",,3,III,332
plodovaya-gnil-monilioz,плодовая гниль / монилиоз,болезнь,yablonya,яблоня,gekata,Геката,фунгицид,021-02-3255-1,04.08.2031,6 мл/10 лводы,6 мл,Опрыскивание в период созревания плодов,40,2,III,410
plodovaya-gnil-monilioz,плодовая гниль / монилиоз,болезнь,yablonya,яблоня,indigo,Индиго,фунгицид,018-02-2300-1,30.06.2029,30-50 мл/10 лводы,30–50 мл,"Опрыскивание в период вегетации – первое в фазу «зелёный конус», последующие – с интервалом 7-10 дней",15,4,III,469
plodovaya-gnil-monilioz,плодовая гниль / монилиоз,болезнь,yablonya,яблоня,indigo,Индиго,фунгицид,018-02-2300-1,30.06.2029,30-50 мл/10 лводы,30–50 мл,"Опрыскивание в период вегетации – первое в фазу «зелёный конус», последующие – с интервалом 7-10 дней",15,4,III,469
plodovaya-gnil-monilioz,плодовая гниль / монилиоз,болезнь,yablonya,яблоня,medeya,Медея,фунгицид,018-02-4498-1,31.03.2034,10 мл/10 лводы,10 мл,"Опрыскивание в период вегетации: первое – профилактическое или при появлении первых признаков болезней, последующие с интервалом – 7-10 дней",28,4,III,412
plodovaya-gnil-monilioz,плодовая гниль / монилиоз,болезнь,yablonya,яблоня,medeya,Медея,фунгицид,018-02-4498-1,31.03.2034,10 мл/10 лводы,10 мл,"Опрыскивание в период вегетации: первое – профилактическое или при появлении первых признаков болезней, последующие с интервалом – 7-10 дней",28,4,III,412
plodovaya-gnil-monilioz,плодовая гниль / монилиоз,болезнь,yablonya,яблоня,plantenol-neo,Плантенол Нео,фунгицид,021-02-4358-1,11.01.2034,3 г/ 10 лводы,3 г,Опрыскивание в период вегетации в фазы: «зеленый конус» - конец цветения с интервалом 7-10 дней (в зависимости от возраста и объема кроны),60,2,III,662
plodovaya-gnil-monilioz,плодовая гниль / монилиоз,болезнь,yablonya,яблоня,fitosporin-m,Фитоспорин-М,фунгицид,016-02-2491-1,04.11.2029,20 мл/10 лводы,20 мл,"Опрыскивание в период вегетации в фазы: розовый бутон, начало цветения, после цветения, завязь размером до 1,5 см, плод размером с «лещину»",,5,III,316
plodovaya-gnil-monilioz,плодовая гниль / монилиоз,болезнь,yablonya,яблоня,horton,Хортон,фунгицид,008-02-3302-1,16.09.2031,6 мл/10 лводы,6 мл,Опрыскивание в период вегетации в фазы: «зеленый конус» - конец цветения с интервалом 7-10 дней,28,2,III,663
plodovaya-gnil-monilioz,плодовая гниль / монилиоз,болезнь,yablonya,яблоня,horton,Хортон,фунгицид,008-02-3302-1,16.09.2031,2 г/10 л воды,2 г,Опрыскивание в период вегетации в фазы: «зеленый конус» - конец цветения с интервалом 7-10 дней,28,2,III,664
plodozhorka,плодожорка,вредитель,abrikos-persik,абрикос / персик,karpovirusin,Карповирусин,инсектицид,201-01-1488-1,01.05.2027,10 мл/10 лводы,10 мл,Опрыскивание в период вегетации (в зависимости от возраста и сорта),,6,III,108
plodozhorka,плодожорка,вредитель,ayva,айва,inta-vir,Инта-Вир,инсектицид,149-01-4581-1,20.05.2034,1 таб./10 лводы,1 таб,Опрыскивание в период вегетации,7,1,I,284
plodozhorka,плодожорка,вредитель,ayva,айва,inta-vir,Инта-Вир,инсектицид,149-01-4581-1,20.05.2034,1 таб./10 лводы,1 таб,Опрыскивание в период вегетации,7,1,I,284
plodozhorka,плодожорка,вредитель,ayva,айва,skarabey,Скарабей,инсектицид,021-01-3397-1,06.12.2031,"3,5-7 мл/10 лводы","3,5–7 мл","Опрыскивание в период вегетации. Концентрация – 0,07 %",28,2,I,138
plodozhorka,плодожорка,вредитель,vishnya-chereshnya,вишня / черешня,karbotsin,Карбоцин,инсектицид,441-01-1513-1,30.05.2027,1 таб./10 лводы,1 таб,Опрыскивание в период вегетации,30,2,I,289
plodozhorka,плодожорка,вредитель,grusha,груша,inta-vir,Инта-Вир,инсектицид,149-01-4581-1,20.05.2034,1 таб./10 лводы,1 таб,Опрыскивание в период вегетации,7,1,I,284
plodozhorka,плодожорка,вредитель,grusha,груша,inta-vir,Инта-Вир,инсектицид,149-01-4581-1,20.05.2034,1 таб./10 лводы,1 таб,Опрыскивание в период вегетации,7,1,I,284
plodozhorka,плодожорка,вредитель,grusha,груша,karbotsin,Карбоцин,инсектицид,441-01-1513-1,30.05.2027,1 таб./10 лводы,1 таб,Опрыскивание в период вегетации,30,2,I,289
plodozhorka,плодожорка,вредитель,grusha,груша,skarabey,Скарабей,инсектицид,021-01-3397-1,06.12.2031,"3,5-7 мл/10 лводы","3,5–7 мл","Опрыскивание в период вегетации. Концентрация – 0,07 %",28,2,I,138
plodozhorka,плодожорка,вредитель,kryzhovnik,крыжовник,karbotsin,Карбоцин,инсектицид,441-01-1513-1,30.05.2027,1 таб./10 лводы,1 таб,Опрыскивание в период вегетации,20,2,I,289
plodozhorka,плодожорка,вредитель,sliva,слива,karbotsin,Карбоцин,инсектицид,441-01-1513-1,30.05.2027,1 таб./10 лводы,1 таб,Опрыскивание в период вегетации,30,2,I,289
plodozhorka,плодожорка,вредитель,smorodina,смородина,karbotsin,Карбоцин,инсектицид,441-01-1513-1,30.05.2027,1 таб./10 лводы,1 таб,Опрыскивание в период вегетации,20,2,I,289
plodozhorka,плодожорка,вредитель,yablonya,яблоня,avant,Авант,инсектицид,489-01-2706-1,18.06.2030,"4,0 мл/10 лводы",4 мл,Опрыскивание в период вегетации,10,2,I,175
plodozhorka,плодожорка,вредитель,yablonya,яблоня,alfatsin,Альфацин,инсектицид,682(913)-01-4415-1,24.03.2032,3 мл/10 л,3 мл,Опрыскивание в период вегетации,54,2,I,54
plodozhorka,плодожорка,вредитель,yablonya,яблоня,apeks,Апекс,инсектицид,018-01-3914-1,18.12.2032,5 мл/10 лводы,5 мл,Опрыскивание в период вегетации,15,3,III,235
plodozhorka,плодожорка,вредитель,yablonya,яблоня,bitotsid,Битоцид,инсектицид,034-01-10035-1,06.07.2036,30 мл/1-3 лводы,,Опрыскивание в период вегетации против каждого поколения вредителя с интервалом - 7-10 дней.,,2,III,36
plodozhorka,плодожорка,вредитель,yablonya,яблоня,gerold,Герольд,инсектицид,021-01-1679-1,11.01.2028,10 мл/10 лводы,10 мл,Опрыскивание в период вегетации,40,2,III,133
plodozhorka,плодожорка,вредитель,yablonya,яблоня,insektokarb,Инсектокарб,инсектицид,966-01-4895-0,01.06.2028,"4,0 мл/10 лводы",4 мл,Опрыскивание в период вегетации.,13,2,I,177
plodozhorka,плодожорка,вредитель,yablonya,яблоня,insetim,Инсетим,инсектицид,430-1-2118-1,21.02.2029,50 мл/10 лводы,50 мл,Опрыскивание в период вегетации,5,4,II,23
plodozhorka,плодожорка,вредитель,yablonya,яблоня,inta-vir,Инта-Вир,инсектицид,149-01-4581-1,20.05.2034,1 таб./10 лводы,1 таб,Опрыскивание в период вегетации,7,1,I,284
plodozhorka,плодожорка,вредитель,yablonya,яблоня,inta-vir,Инта-Вир,инсектицид,149-01-4581-1,20.05.2034,1 таб./10 лводы,1 таб,Опрыскивание в период вегетации,7,1,I,284
plodozhorka,плодожорка,вредитель,yablonya,яблоня,karachar,Карачар,инсектицид,018-01-3146-1,17.05.2031,4 мл/10 лводы,4 мл,Опрыскивание в период вегетации (в зависимости от объема кроны),21,2,I,196
plodozhorka,плодожорка,вредитель,yablonya,яблоня,karbotsin,Карбоцин,инсектицид,441-01-1513-1,30.05.2027,1 таб./10 лводы,1 таб,Опрыскивание в период вегетации,30,2,I,289
plodozhorka,плодожорка,вредитель,yablonya,яблоня,karpovirusin,Карповирусин,инсектицид,201-01-1488-1,01.05.2027,10 мл/10 лводы,10 мл,Опрыскивание в период вегетации (в зависимости от возраста и сорта),,6,III,108
plodozhorka,плодожорка,вредитель,yablonya,яблоня,kinmiks,Кинмикс,инсектицид,262-01-9609-0,30.09.2028,"4,0-5,0",,Опрыскивание в период вегетации до или после цветения.,20,2,I,103
plodozhorka,плодожорка,вредитель,yablonya,яблоня,kollayder,Коллайдер,инсектицид,021-01-4913-1,24.04.2026,"1,5-3 мл/10 лводы","1,5–3 мл",Опрыскивание в период вегетации,21,2,III,274
plodozhorka,плодожорка,вредитель,yablonya,яблоня,koragen,Кораген,инсектицид,489-01-2630-1,26.03.2030,"0,2 мл/10 лводы","0,2 мл",Опрыскивание в период вегетации,21,2,III,271
plodozhorka,плодожорка,вредитель,yablonya,яблоня,kropagen,Кропаген,инсектицид,966-01-4893-0,01.06.2028,"0,2 мл/10 лводы","0,2 мл",Опрыскивание в период вегетации.,21,2,II,275
plodozhorka,плодожорка,вредитель,yablonya,яблоня,lepidotsid,Лепидоцид,инсектицид,034-01-2886-1,09.12.2030,20-30 г/10 лводы,20–30 г,Опрыскивание в период массового отрождения гусениц против каждого поколения вредителя с интервалом 10-14 дней (на плодовых культурах – 7-8 дней),5,3,III,31
plodozhorka,плодожорка,вредитель,yablonya,яблоня,lepidotsid,Лепидоцид,инсектицид,034-01-2882-1,13.12.2030,20-30 мл/10 лводы,20–30 мл,Опрыскивание в период массового отрождения гусениц против каждого поколения вредителя с интервалом 10-14 дней,5,3,III,34
plodozhorka,плодожорка,вредитель,yablonya,яблоня,molniya-ekstra,Молния Экстра,инсектицид,046-01-5030-1,26.02.2027,2 мл/10 лводы,2 мл,Опрыскивание в период вегетации.,21,2,I,288
plodozhorka,плодожорка,вредитель,yablonya,яблоня,pampero,Памперо,инсектицид,002-01-9948-1,12.05.2036,2 мл/ 10 лводы,2 мл,Опрыскивание в период вегетации.,21,2,III,273
plodozhorka,плодожорка,вредитель,yablonya,яблоня,porfir,Порфир,инсектицид,018-01-4868-0,14.05.2028,"3,0 мл/10 лводы",3 мл,Опрыскивание в период вегетации.,21,3,III,270
plodozhorka,плодожорка,вредитель,yablonya,яблоня,skarabey,Скарабей,инсектицид,021-01-3397-1,06.12.2031,"3,5-7 мл/10 лводы","3,5–7 мл","Опрыскивание в период вегетации. Концентрация – 0,07 %",28,2,I,138
plodozhorka,плодожорка,вредитель,yablonya,яблоня,sumi-alfa,Суми-альфа,инсектицид,032-01-2058-1,15.11.2028,5 мл/10 лводы,5 мл,Опрыскивание в период вегетации,30,1,I,293
plodozhorka,плодожорка,вредитель,yablonya,яблоня,tvingo,Твинго,инсектицид,018-01-1919-1,20.05.2028,10 мл/10 лводы,10 мл,Опрыскивание в период вегетации (в зависимости от объема кроны),20,2,I,136
plodozhorka,плодожорка,вредитель,yablonya,яблоня,tvingo-evro,Твинго Евро,инсектицид,018-01-3283-1,02.09.2031,10 мл/10 лводы,10 мл,Опрыскивание в период вегетации,28,2,III,135
plodozhorka,плодожорка,вредитель,yablonya,яблоня,fitoverm-forte,Фитоверм Форте,инсектицид,012-01-1326-1,12.01.2027,4 мл/10 лводы,4 мл,Опрыскивание в период вегетации по личинкам вредителя,3,1,III,43
plodozhorka,плодожорка,вредитель,yablonya,яблоня,tsi-alfa,Ци-Альфа,инсектицид,097-01-2546-1,27.02.2030,3 мл/10 лводы,3 мл,Опрыскивание в период вегетации,50,2,I,50
plodozhorka,плодожорка,вредитель,yablonya,яблоня,sharpey,Шарпей,инсектицид,021-01-2589-1,12.03.2030,"1,5 мл/5 лводы",3 мл,"Опрыскивание в период вегетации. Концентрация – 0,03%",20,2,I,287
plodozhorka,плодожорка,вредитель,yablonya,яблоня,yunona,Юнона,инсектицид,018-01-2946-1,31.01.2024,5 мл/10 лводы,5 мл,Опрыскивание в период вегетации,10,3,I,291
provolochnik,проволочник,вредитель,kartofel,картофель,barguzin,Баргузин,инсектицид,002-01-2108-1,05.02.2029,150 г/100 м2,,Внесение в почву при посадке,40,1,-,115
provolochnik,проволочник,вредитель,kartofel,картофель,biorazryad,Биоразряд,инсектицид,033-01-10004-1,08.06.2036,2-5 г/м2,,Внесение в почву перед посадкой в сухом виде.,,1,I,38
provolochnik,проволочник,вредитель,kartofel,картофель,biofort,Биофорт,инсектицид,046-01-5066-1,24.01.2034,100-300 г/ 100 м2,,Внесение в почву при посадке..вручную с последующей заделкой,,1,III,39
provolochnik,проволочник,вредитель,kartofel,картофель,drakor,Дракор,инсектицид,008-01-3303-1,16.09.2031,120-180 мл/л,,Обработка клубней до посадки,,1,I,180
provolochnik,проволочник,вредитель,kartofel,картофель,zemlin,Землин,инсектицид,046-01-5072-1,17.12.2030,30 г/10 м2,,Внесение в почву при посадке,60,1,-,117
provolochnik,проволочник,вредитель,kartofel,картофель,imidor-pro,Имидор Про,инсектицид,018-01-3536-1,17.03.2032,20-25 мл/лводы,200–250 мл,Обработка клубней до посадки,,1,-,141
provolochnik,проволочник,вредитель,kartofel,картофель,klotiamet-s,Клотиамет-С,инсектицид,002-01-4791-1,28.08.2035,20-22 мл/1лводы,200–220 мл,Обработка клубней перед посадкой,,1,I,180
provolochnik,проволочник,вредитель,kartofel,картофель,komandor,Командор,инсектицид,046-01-5061-1,09.04.2028,20-25 мл/лводы,200–250 мл,Обработка клубней до посадки,,1,I,159
provolochnik,проволочник,вредитель,kartofel,картофель,metavayt,Метавайт,инсектицид,196-01-3937-1,09.01.2033,20-50 мл/литр воды,,Обработка клубней и дна борозды при посадке картофеля,,1,III,39
provolochnik,проволочник,вредитель,kartofel,картофель,pochin,Почин,инсектицид,012-01-2615-1,18.03.2030,30 г/10 м2,,Внесение в почву при посадке,40,1,-,115
provolochnik,проволочник,вредитель,kartofel,картофель,pochin-m,Почин-М,инсектицид,012-01-4694-1,16.10.2034,30/10 м2,,Внесение в почву при посадке,94,1,-,158
provolochnik,проволочник,вредитель,kartofel,картофель,prestizh,Престиж,инсектицид,019-01-2400-1,17.09.2029,70-100 мл/лводы,,Обработка клубней до посадки,,1,-,172
provolochnik,проволочник,вредитель,kartofel,картофель,prestizh-top,Престиж Топ,инсектицид,561-01-4296-1,10.12.2033,70-100 мл/лводы,,Обработка семян перед посевом,,1,-,231
provolochnik,проволочник,вредитель,kartofel,картофель,provotoks,Провотокс,инсектицид,021-01-2700-1,07.06.2030,40 г/10 м2,,Проволочники,,1,-,115
provolochnik,проволочник,вредитель,kartofel,картофель,razryad,Разряд,инсектицид,033-01-2093-1,31.01.2029,30 г/10 м2,,Внесение в посадочную лунку при высадке клубней,60,1,II,148
provolochnik,проволочник,вредитель,kartofel,картофель,rembek,Рембек,инсектицид,406-01-2014-1,09.10.2028,30 г/10 м2,,Внесение в посадочную лунку при высадке клубней,60,1,-,148
provolochnik,проволочник,вредитель,kartofel,картофель,rofatoks,Рофатокс,инсектицид,286-01-1641-1,06.12.2027,30 г/10 м2,,Внесение в посадочную лунку при высадке клубней,60,1,-,151
provolochnik,проволочник,вредитель,kartofel,картофель,rubezh,Рубеж,инсектицид,008-01-1664-1,17.12.2027,30 г/10 м2,,Внесение в посадочную лунку при высадке клубней,60,1,-,152
provolochnik,проволочник,вредитель,kartofel,картофель,tabu,Табу,инсектицид,005-01-2072-1,29.12.2022,8 мл /1 лводы,80 мл,Обработка клубней перед посадкой,,1,-,143
provolochnik,проволочник,вредитель,kartofel,картофель,tabu,Табу,инсектицид,005-01-2072-1,29.12.2022,4 мл /100 м2,,Опрыскивание дна борозды во время посадки,90,1,-,143
provolochnik,проволочник,вредитель,lesnye-nasazhdeniya,лесные насаждения,vallar,Валлар,инсектицид,021-01-2745-1,15.07.2030,40-50 г/10 м2,,Поверхностное внесение препарата после высадки растений в грунт с последующей заделкой на глубину 5-10 см,,2,-,116
provolochnik,проволочник,вредитель,sazhentsy-i-posadochnyy-material,саженцы и посадочный материал,vallar,Валлар,инсектицид,021-01-2745-1,15.07.2030,40-50 г/10 м2,,Поверхностное внесение препарата после высадки растений в грунт с последующей заделкой на глубину 5-10 см,,2,-,116
provolochnik,проволочник,вредитель,tomat,томат,biorazryad,Биоразряд,инсектицид,033-01-10004-1,08.06.2036,2-5 г/м2,,Внесение в почву перед посадкой в сухом виде.,,1,I,38
provolochnik,проволочник,вредитель,hvoynye,"хвойные (туя, ель, можжевельник)",vallar,Валлар,инсектицид,021-01-2745-1,15.07.2030,40-50 г/10 м2,,Поверхностное внесение препарата после высадки растений в грунт с последующей заделкой на глубину 5-10 см,,2,-,116
provolochnik,проволочник,вредитель,tsvety,цветы (общее),pochin,Почин,инсектицид,012-01-2615-1,18.03.2030,30 г/10 м2,,Проволочники,,1,-,115
provolochnik,проволочник,вредитель,tsvety,цветы (общее),pochin-m,Почин-М,инсектицид,012-01-4694-1,16.10.2034,30/10 м2,,Внесение в почву перед посадкой,,1,-,158
provolochnik,проволочник,вредитель,tsvety,цветы (общее),rembek,Рембек,инсектицид,406-01-2014-1,09.10.2028,30 г/10 м2,,Равномерное внесение в почву с последующей заделкой на глубину 5-10 см,,2,-,148
provolochnik,проволочник,вредитель,tsvety,цветы (общее),rofatoks,Рофатокс,инсектицид,286-01-1641-1,06.12.2027,30 г/10 м2,,Равномерное внесение в почву с последующей заделкой на глубину 5-10 см,,2,-,151
provolochnik,проволочник,вредитель,tsvety,цветы (общее),rubezh,Рубеж,инсектицид,008-01-1664-1,17.12.2027,30 г/10 м2,,Равномерное внесение в почву с последующей заделкой на глубину 5-10 см,,2,-,152
pyrey,пырей,сорняк,kapusta,капуста,klefopp,Клефопп,гербицид,046-03-4998-0,07.07.2028,8 мл/3 лводы,"26,7 мл","Опрыскивание посевов при высоте пырея ползучего 10-20 см, независимо от фазы развития культуры.",60,1,III,948
pyrey,пырей,сорняк,kapusta,капуста,miura,Миура,гербицид,021-03-2604-1,16.03.2030,8 мл/5 лводы,16 мл,Опрыскивание вегетирующих сорняков при высоте 10-15 см,60,1,III,1217
pyrey,пырей,сорняк,kartofel,картофель,klefopp,Клефопп,гербицид,046-03-4998-0,07.07.2028,8 мл/3 лводы,"26,7 мл","Опрыскивание посевов при высоте пырея ползучего 10-20 см, независимо от фазы развития культуры.",45,1,III,948
pyrey,пырей,сорняк,kartofel,картофель,miura,Миура,гербицид,021-03-2604-1,16.03.2030,8 мл/5 лводы,16 мл,Опрыскивание вегетирующих сорняков при высоте 10-15 см,60,1,III,1217
pyrey,пырей,сорняк,luk,лук,klefopp,Клефопп,гербицид,046-03-4998-0,07.07.2028,8 мл/3 лводы,"26,7 мл","Опрыскивание посевов при высоте пырея ползучего 10-20 см, независимо от фазы",59,1,III,948
pyrey,пырей,сорняк,luk,лук,miura,Миура,гербицид,021-03-2604-1,16.03.2030,8 мл/5 лводы,16 мл,Опрыскивание вегетирующих сорняков при высоте 10-15 см,60,1,III,1217
pyrey,пырей,сорняк,morkov,морковь,miura,Миура,гербицид,021-03-2604-1,16.03.2030,8 мл/5 лводы,16 мл,Опрыскивание вегетирующих сорняков при высоте 10-15 см,20,1,III,1216
pyatnistost,пятнистость (общее),болезнь,gortenziya,гортензия,skoryy,Скорый,фунгицид,126-02-3456-1,27.12.2031,2-5 мл/10 лводы,2–5 мл,"Опрыскивание в период вегетации при появлении первых признаков болезней, последующие – с интервалом 14 дней",,4,III,399
pyatnistost,пятнистость (общее),болезнь,gortenziya,гортензия,skoryy,Скорый,фунгицид,126-02-3456-1,27.12.2031,2-5 мл/10 лводы,2–5 мл,"Опрыскивание в период вегетации при появлении первых признаков болезней, последующие – с интервалом 14 дней",,4,III,399
pyatnistost,пятнистость (общее),болезнь,klubnika,клубника (земляника),bordoskaya-zhidkost,Бордоская жидкость,фунгицид,021-02-3994-1,01.03.2033,100 мл/10 лводы,100 мл,"Опрыскивание в период вегетации: первое – при появлении первых признаководного из заболеваний, последующие – с интервалом 7 дней.",7,3,II,468
pyatnistost,пятнистость (общее),болезнь,klubnika,клубника (земляника),stakkato,Стаккато,фунгицид,018-02-10081-1,17.08.2036,50 мл/6-8 лводы,,"Опрыскивание в период вегетации, последнее – за 10 дней до уборки урожая.",,4,III,297
pyatnistost,пятнистость (общее),болезнь,komnatnye-rasteniya,комнатные растения (общее),fitosporin-m,Фитоспорин-М,фунгицид,016-02-2491-1,04.11.2029,"0,6 мл/л воды",6 мл,Опрыскивание растений в период вегетации,,1,III,316
pyatnistost,пятнистость (общее),болезнь,komnatnye-rasteniya,комнатные растения (общее),fitosporin-m,Фитоспорин-М,фунгицид,016-02-2490-1,04.12.2029,"0,3 г/1 лводы",3 г,Опрыскивание растений в период вегетации,,1,III,318
pyatnistost,пятнистость (общее),болезнь,komnatnye-rasteniya,комнатные растения (общее),fitosporin-m,Фитоспорин-М,фунгицид,016-02-2489-1,04.12.2029,"0,2 г/л воды",2 г,Опрыскивание растений в период вегетации,,1,III,320
pyatnistost,пятнистость (общее),болезнь,kryzhovnik,крыжовник,profi,Профи,фунгицид,097(002)-02-2635-1,30.03.2030,7-10 мл/10 лводы,7–10 мл,Опрыскивание в период вегетации до цветения и после уборки урожая,20,2,III,504
pyatnistost,пятнистость (общее),болезнь,liliya-tyulpan-lukovichnye,лилия / тюльпан / луковичные,skoryy,Скорый,фунгицид,126-02-3456-1,27.12.2031,2-5 мл/10 лводы,2–5 мл,"Опрыскивание в период вегетации при появлении первых признаков болезней, последующие – с интервалом 14 дней",,4,III,399
pyatnistost,пятнистость (общее),болезнь,liliya-tyulpan-lukovichnye,лилия / тюльпан / луковичные,skoryy,Скорый,фунгицид,126-02-3456-1,27.12.2031,2-5 мл/10 лводы,2–5 мл,"Опрыскивание в период вегетации при появлении первых признаков болезней, последующие – с интервалом 14 дней",,4,III,399
pyatnistost,пятнистость (общее),болезнь,luk,лук,diskor,Дискор,фунгицид,002-02-3369-1,15.11.2031,4 мл/10 лводы,4 мл,Опрыскивание в период вегетации при появлении первых признаков болезни с интервалом 14 дней,,4,III,396
pyatnistost,пятнистость (общее),болезнь,malina,малина,profi,Профи,фунгицид,097(002)-02-2635-1,30.03.2030,7-10 мл/10 лводы,7–10 мл,Опрыскивание в период вегетации до цветения и после уборки урожая,20,2,III,504
pyatnistost,пятнистость (общее),болезнь,ogurets,огурец,biotrihoderma,Биотриходерма,фунгицид,186-02-4410-1,05.02.2034,1-2 г/100 мл воды,100–200 г,Замачивание семян в течение 2 часов в 1% суспензии,,1,III,356
pyatnistost,пятнистость (общее),болезнь,ogurets,огурец,fitolavin,Фитолавин,фунгицид,831-02-3795-1,13.09.2032,20 мл/10 лводы,20 мл,Опрыскивание в период вегетации при появлении первых симптомов,,1,III,622
pyatnistost,пятнистость (общее),болезнь,plodovye-derevya,плодовые деревья (общее),diskor,Дискор,фунгицид,002-02-3369-1,15.11.2031,4 мл/10 лводы,4 мл,Опрыскивание в период вегетации при появлении первых признаков болезни с интервалом 14 дней,,4,III,396
pyatnistost,пятнистость (общее),болезнь,roza,роза,bordoskaya-zhidkost,Бордоская жидкость,фунгицид,021-02-3994-1,01.03.2033,100 мл/10 лводы,100 мл,"Опрыскивание в период вегетации: первое – при появлении первых признаководного из заболеваний, последующие – с интервалом 7 дней.",,3,II,468
pyatnistost,пятнистость (общее),болезнь,smorodina,смородина,profi,Профи,фунгицид,097(002)-02-2635-1,30.03.2030,7-10 мл/10 лводы,7–10 мл,Опрыскивание в период вегетации до цветения и после уборки урожая,20,2,III,504
pyatnistost,пятнистость (общее),болезнь,tomat,томат,bisolbitsid,Бисолбицид,фунгицид,174-02-1916-1,15.05.2028,2 мл/л воды,20 мл,"Опрыскивание растений в период вегетации 0,4%-м рабочим раствором с интервалом 7-10 дней.",,1,III,328
pyatnistost,пятнистость (общее),болезнь,tomat,томат,bisolbitsid,Бисолбицид,фунгицид,174-02-1916-1,15.05.2028,10 мл/10 лводы,10 мл,"Полив рассады под корень 0,1%-й рабочей жидкостью перед высадкой в грунт",,1,III,328
pyatnistost,пятнистость (общее),болезнь,tomat,томат,bisolbitsid,Бисолбицид,фунгицид,174-02-1916-1,15.05.2028,2-3 мл/4 лводы,"5–7,5 мл","Опрыскивание растений в период вегетации: первое через 10 дней после высадки рассады на постоянное место, последующие – с интервалом 10-15 дней",,3,III,328
pyatnistost,пятнистость (общее),болезнь,tomat,томат,bisolbitsid,Бисолбицид,фунгицид,174-02-1916-1,15.05.2028,2 мл/л воды,20 мл,"Опрыскивание растений в период вегетации 0,4%-м рабочим раствором с интервалом 7-10 дней",,1,III,328
pyatnistost,пятнистость (общее),болезнь,tomat,томат,bisolbitsid,Бисолбицид,фунгицид,174-02-1916-1,15.05.2028,2-3 мл/4 лводы,"5–7,5 мл","Опрыскивание растений в период вегетации: первое через 10 дней после высадки рассады на постоянное место, последующие – с интервалом 10-15 дней",,3,III,328
pyatnistost,пятнистость (общее),болезнь,tomat,томат,fitolavin,Фитолавин,фунгицид,831-02-3795-1,13.09.2032,20 мл/10 лводы,20 мл,Опрыскивание в период вегетации с интервалом 15 дней,,2,III,622
pyatnistost,пятнистость (общее),болезнь,tsvety,цветы (общее),abiga-pik,Абига-Пик,фунгицид,407-02-1316-1,25.12.2026,40-50 г/10 лводы,40–50 г,Опрыскивание в период вегетации- 10л/100 м2,,2,III,654
pyatnistost,пятнистость (общее),болезнь,tsvety,цветы (общее),fitosporin-m,Фитоспорин-М,фунгицид,016-02-2491-1,04.11.2029,6 мл/10 лводы,6 мл,Опрыскивание растений в период вегетации,,1,III,316
pyatnistost,пятнистость (общее),болезнь,tsvety,цветы (общее),fitosporin-m,Фитоспорин-М,фунгицид,016-02-2491-1,04.11.2029,"0,6 мл/л воды",6 мл,Опрыскивание растений в период вегетации,,1,III,316
pyatnistost,пятнистость (общее),болезнь,tsvety,цветы (общее),fitosporin-m,Фитоспорин-М,фунгицид,016-02-2490-1,04.12.2029,3 г/10 л воды,3 г,Опрыскивание растений в период вегетации,,1,III,318
pyatnistost,пятнистость (общее),болезнь,tsvety,цветы (общее),fitosporin-m,Фитоспорин-М,фунгицид,016-02-2490-1,04.12.2029,"0,3 г/1 лводы",3 г,Опрыскивание растений в период вегетации,,1,III,318
pyatnistost,пятнистость (общее),болезнь,tsvety,цветы (общее),fitosporin-m,Фитоспорин-М,фунгицид,016-02-2489-1,04.12.2029,2 г/10 л воды,2 г,Опрыскивание растений в период вегетации,,1,III,320
pyatnistost,пятнистость (общее),болезнь,tsvety,цветы (общее),fitosporin-m,Фитоспорин-М,фунгицид,016-02-2489-1,04.12.2029,"0,2 г/л воды",2 г,Опрыскивание растений в период вегетации,,1,III,320
pyatnistost,пятнистость (общее),болезнь,tsvety,цветы (общее),chistotsvet,Чистоцвет,фунгицид,021-02-3506-1,01.03.2032,4 мл/3 л воды,"13,3 мл",Опрыскивание в период вегетации при появлении первых признаков болезни и с интервалом 14 дней,,4,III,393
pyatnistost,пятнистость (общее),болезнь,yagodniki,ягодники (общее),diskor,Дискор,фунгицид,002-02-3369-1,15.11.2031,4 мл/10 лводы,4 мл,Опрыскивание в период вегетации при появлении первых признаков болезни с интервалом 14 дней,,4,III,396
pyatnistost,пятнистость (общее),болезнь,yagodniki,ягодники (общее),skor,Скор,фунгицид,041-02-4371-0,22.01.2027,5 мл/10 лводы,5 мл,"Опрыскивание в период вегетации при появлении первых признаков болезней, последующие– с интервалом 14 дней",,4,III,395
pyatnistost,пятнистость (общее),болезнь,yagodniki,ягодники (общее),chistotsvet,Чистоцвет,фунгицид,021-02-3506-1,01.03.2032,4 мл/10 лводы,4 мл,Опрыскивание в период вегетации при появлении первых признаков болезни и с интервалом 14 дней,,4,III,393
regulyator-dekorativnost-i-tsvetenie,регулятор: декоративность и цветение,регулятор,gazon,газон,agrostimul-ve,"АгроСтимул, ВЭ",регулятор роста,002-07-4818-0,10.03.2028,"1,0-1,5 мл/3 лводы","3,3–5 мл","Опрыскивание растений: 1-е – весной¸ в период отрастания; 2-е, 3-е, 4-е – с интервалом 10-15 дней (после скашивания травостоя).",,3,III,1567
regulyator-dekorativnost-i-tsvetenie,регулятор: декоративность и цветение,регулятор,gazon,газон,etamon-bio,Этамон Био,регулятор роста,427-07-2227-1,19.05.2029,"5-7,5 г/лводы",50–75 г,"Опрыскивание растений: первое – весной в период возобновления вегетации или в фазе 3-4 листьев (новые посевы), второе и третье– последовательно после каждого укоса, или с интервалом 14 дней",,3,III,1449
regulyator-dekorativnost-i-tsvetenie,регулятор: декоративность и цветение,регулятор,komnatnye-rasteniya,комнатные растения (общее),agat-25-super,Агат-25 Супер,регулятор роста,471-07-1781-1,04.03.2028,1-3 г/10 лводы,1–3 г,Опрыскивание или полив растений 2 раза в месяц при опрыскивании,,2,III,1401
regulyator-dekorativnost-i-tsvetenie,регулятор: декоративность и цветение,регулятор,komnatnye-rasteniya,комнатные растения (общее),botanik,Ботаник,регулятор роста,008-07-3673-1,28.04.2032,1-10 мл/лводы,10–100 мл,Полив растений или погружение корневой системы в раствор на 5-6 часов: 1-е – в фазе выхода соцветий; 2-е - через 15 дней после первого полива (погружения),,2,III,1417
regulyator-dekorativnost-i-tsvetenie,регулятор: декоративность и цветение,регулятор,komnatnye-rasteniya,комнатные растения (общее),botanik,Ботаник,регулятор роста,008-07-3673-1,28.04.2032,1-10 мл/лводы,10–100 мл,Опрыскивание растений: 1-е – в фазе выхода соцветий; 2-е - через 15 дней после первого опрыскивания,,2,III,1417
regulyator-dekorativnost-i-tsvetenie,регулятор: декоративность и цветение,регулятор,komnatnye-rasteniya,комнатные растения (общее),buton,Бутон,регулятор роста,046-07-5054-1,08.04.2028,2 г/л воды,20 г,"Опрыскивание растений: 1-е - в фазе бутонизации, 2-е - в фазе начала цветения",,2,III,1505
regulyator-dekorativnost-i-tsvetenie,регулятор: декоративность и цветение,регулятор,komnatnye-rasteniya,комнатные растения (общее),immunotsitofit,Иммуноцитофит,регулятор роста,121-07-3951-1,11.01.2033,"1 табл./ 1,5 лводы","6,7 табл","Опрыскивание растений: 1-е - в фазе формирования бутонов или новых листьев, 2-е – через 20-30 дней после первого опрыскивания, 3-е -через 20-30 дней после второго опрыскивания; в период покоя (осень-зима) с интервалом 1 месяц",,3,III,1822
regulyator-dekorativnost-i-tsvetenie,регулятор: декоративность и цветение,регулятор,komnatnye-rasteniya,комнатные растения (общее),korney,Корней,регулятор роста,012-07-3073-1,24.03.2031,1 г/л воды,10 г,Полив растений под корень сразу после посадки,,1,III,1414
regulyator-dekorativnost-i-tsvetenie,регулятор: декоративность и цветение,регулятор,komnatnye-rasteniya,комнатные растения (общее),krepen,Крепень,регулятор роста,008-07-1585-1,06.11.2027,1 мл/100-200 мл воды,,"Полив в фазу сформированных, но ещё не окрашенных бутонов",,1,III,1783
regulyator-dekorativnost-i-tsvetenie,регулятор: декоративность и цветение,регулятор,komnatnye-rasteniya,комнатные растения (общее),reggi,Рэгги,регулятор роста,021-07-4836-1,25.03.2035,1 мл/100 мл воды,100 мл,"Полив растений: 1-й - в фазе сформированных, но ещё не окрашенных бутонов, 2-й – через 5-6 месяцев после первого полива.",,2,III,1780
regulyator-dekorativnost-i-tsvetenie,регулятор: декоративность и цветение,регулятор,lesnye-nasazhdeniya,лесные насаждения,korennik,Коренник,регулятор роста,018-07-1869-1,11.04.2028,1 г/л воды,10 г,Полив под корень сразу после высадки рассады,,1,-,1411
regulyator-dekorativnost-i-tsvetenie,регулятор: декоративность и цветение,регулятор,lesnye-nasazhdeniya,лесные насаждения,korney,Корней,регулятор роста,012-07-3073-1,24.03.2031,1 г/л воды,10 г,Полив растений под корень сразу после посадки,,1,III,1413
regulyator-dekorativnost-i-tsvetenie,регулятор: декоративность и цветение,регулятор,liliya-tyulpan-lukovichnye,лилия / тюльпан / луковичные,geteroauksin,Гетероауксин,регулятор роста,046-07-5038-1,04.10.2026,1 табл. /лводы,10 табл,Замачивание посадочного материала перед посадкой на 16-20 часов,,1,III,1365
regulyator-dekorativnost-i-tsvetenie,регулятор: декоративность и цветение,регулятор,liliya-tyulpan-lukovichnye,лилия / тюльпан / луковичные,geteroauksin,Гетероауксин,регулятор роста,046-07-5039-1,04.10.2026,1 г/10 лводы,1 г,Замачивание посадочного материала перед посадкой на 16-20 часов,,1,III,1368
regulyator-dekorativnost-i-tsvetenie,регулятор: декоративность и цветение,регулятор,luk,лук,agrostimul-ve,"АгроСтимул, ВЭ",регулятор роста,002-07-4818-0,10.03.2028,"1,0-1,5 мл/3 лводы","3,3–5 мл",Опрыскивание растений в период формирования бутонов.,,1,III,1567
regulyator-dekorativnost-i-tsvetenie,регулятор: декоративность и цветение,регулятор,luk,лук,buton,Бутон,регулятор роста,046-07-5054-1,08.04.2028,1-2 г/лводы,10–20 г,Замачивание посадочного материала перед посадкой на 5 часов,,1,III,1506
regulyator-dekorativnost-i-tsvetenie,регулятор: декоративность и цветение,регулятор,luk,лук,geteroauksin,Гетероауксин,регулятор роста,046-07-5038-1,04.10.2026,1 табл. /лводы,10 табл,Замачивание посадочного материала перед посадкой на 16-20 часов,,1,III,1365
regulyator-dekorativnost-i-tsvetenie,регулятор: декоративность и цветение,регулятор,luk,лук,geteroauksin,Гетероауксин,регулятор роста,046-07-5039-1,04.10.2026,1 г/10 лводы,1 г,Замачивание посадочного материала перед посадкой на 16-20 часов,,1,III,1368
regulyator-dekorativnost-i-tsvetenie,регулятор: декоративность и цветение,регулятор,luk,лук,obepeg,ОбеpeгЪ,регулятор роста,033-07-1377-1,26.02.2027,"0,2 мл/лводы",2 мл,Опрыскивание посадочного материала перед посадкой,,1,III,1469
regulyator-dekorativnost-i-tsvetenie,регулятор: декоративность и цветение,регулятор,luk,лук,obepeg,ОбеpeгЪ,регулятор роста,033-07-1377-1,26.02.2027,"0,4 мл/2 лводы",2 мл,Опрыскивание в фазе выдвижения бутонов,,1,III,1469
regulyator-dekorativnost-i-tsvetenie,регулятор: декоративность и цветение,регулятор,ogorod,огород (общее),korney,Корней,регулятор роста,012-07-3073-1,24.03.2031,1 г/л воды,10 г,Полив растений под корень сразу после посадки,,1,III,1413
regulyator-dekorativnost-i-tsvetenie,регулятор: декоративность и цветение,регулятор,plodovye-derevya,плодовые деревья (общее),albit,Альбит,регулятор роста,081-07-9800-1,03.03.2036,1 мл/10 лводы,1 мл,"Опрыскивание растений: 1-е – в период возобновления вегетации (весной), 2-е через - 15 дней после первого опрыскивания.",,2,III,1730
regulyator-dekorativnost-i-tsvetenie,регулятор: декоративность и цветение,регулятор,plodovye-derevya,плодовые деревья (общее),korney,Корней,регулятор роста,012-07-3073-1,24.03.2031,1 г/л воды,10 г,Полив растений под корень сразу после посадки,,1,III,1413
regulyator-dekorativnost-i-tsvetenie,регулятор: декоративность и цветение,регулятор,plodovye-derevya,плодовые деревья (общее),ekogel-ekstra,Экогель экстра,регулятор роста,074-07-3127-1,26.04.2031,15-70 мл/лводы,150–700 мл,"Полив растений под корень: 1-й - при пересадке или в начале возобновления вегетации, 2-й – через 15-30 дней после первого полива",,2,III,1623
regulyator-dekorativnost-i-tsvetenie,регулятор: декоративность и цветение,регулятор,plodovye-derevya,плодовые деревья (общее),ekopin,Экопин,регулятор роста,012-07-2246-1,27.05.2029,"0,5-5 г/ лводы",5–50 г,"Опрыскивание растений: первое – в период возобновления вегетации (весной), второе и (или) третье - с интервалом 15 дней",,2,III,1630
regulyator-dekorativnost-i-tsvetenie,регулятор: декоративность и цветение,регулятор,roza,роза,grin-deyl,Грин Дейл,регулятор роста,008-07-3511-1,02.03.2032,8-12 мл/лводы,80–120 мл,Замачивание черенков перед посадкой на 4 часа,,1,III,1824
regulyator-dekorativnost-i-tsvetenie,регулятор: декоративность и цветение,регулятор,roza,роза,obepeg,ОбеpeгЪ,регулятор роста,033-07-1377-1,26.02.2027,"0,3 мл/1,5 лводы",2 мл,"Опрыскивание: 1-е после посадки (или в начале отрастания побегов), 2-е – в фазе выдвижения бутонов",,2,III,1469
regulyator-dekorativnost-i-tsvetenie,регулятор: декоративность и цветение,регулятор,sazhentsy-i-posadochnyy-material,саженцы и посадочный материал,grin-deyl,Грин Дейл,регулятор роста,008-07-3511-1,02.03.2032,8-12 мл/10 лводы,8–12 мл,Обмакивание корневой системы растений перед посадкой,,1,III,1824
regulyator-dekorativnost-i-tsvetenie,регулятор: декоративность и цветение,регулятор,tsvety,цветы (общее),agat-25-super,Агат-25 Супер,регулятор роста,471-07-1781-1,04.03.2028,1-3 г/10 лводы,1–3 г,"Опрыскивание растений: 1- е - в начале вегетации, 2-е - в период бутонизации - начала цветения",,2,III,1401
regulyator-dekorativnost-i-tsvetenie,регулятор: декоративность и цветение,регулятор,tsvety,цветы (общее),agat-25-super,Агат-25 Супер,регулятор роста,471-07-1781-1,04.03.2028,1-3 г/10 лводы,1–3 г,Опрыскивание или полив растений 2 раза в месяц при опрыскивании,,2,III,1401
regulyator-dekorativnost-i-tsvetenie,регулятор: декоративность и цветение,регулятор,tsvety,цветы (общее),agrostimul-ve,"АгроСтимул, ВЭ",регулятор роста,002-07-4818-0,10.03.2028,"0,6 мл/4 лводы","1,5 мл","Опрыскивание растений: 1-е – в начале вегетации, 2-е – через 10 дней после первого опрыскивания, 3-е - через 10 дней после второго опрыскивания.",,3,III,1567
regulyator-dekorativnost-i-tsvetenie,регулятор: декоративность и цветение,регулятор,tsvety,цветы (общее),albit,Альбит,регулятор роста,081-07-9800-1,03.03.2036,1 мл/10 лводы,1 мл,"Опрыскивание растений: 1-е – в период возобновления вегетации (весной), 2-е через - 15 дней после первого опрыскивания.",,2,III,1730
regulyator-dekorativnost-i-tsvetenie,регулятор: декоративность и цветение,регулятор,tsvety,цветы (общее),albit,Альбит,регулятор роста,081-07-9800-1,03.03.2036,1 мл/10 лводы,1 мл,"Опрыскивание растений: 1-е – в фазе бутонизации, 2-е -через 15 дней после первого опрыскивания.",,2,III,1730
regulyator-dekorativnost-i-tsvetenie,регулятор: декоративность и цветение,регулятор,tsvety,цветы (общее),botanik,Ботаник,регулятор роста,008-07-3673-1,28.04.2032,1 - 3 мл/лводы,10–30 мл,"Опрыскивание растений: 1-е - через 10 дней после высадки, 2-е - через 15 дней после первого опрыскивания",,2,III,1417
regulyator-dekorativnost-i-tsvetenie,регулятор: декоративность и цветение,регулятор,tsvety,цветы (общее),botanik,Ботаник,регулятор роста,008-07-3673-1,28.04.2032,1-10 мл/лводы,10–100 мл,Полив растений или погружение корневой системы в раствор на 5-6 часов: 1-е – в фазе выхода соцветий; 2-е - через 15 дней после первого полива (погружения),,2,III,1417
regulyator-dekorativnost-i-tsvetenie,регулятор: декоративность и цветение,регулятор,tsvety,цветы (общее),botanik,Ботаник,регулятор роста,008-07-3673-1,28.04.2032,1-10 мл/лводы,10–100 мл,Опрыскивание растений: 1-е – в фазе выхода соцветий; 2-е - через 15 дней после первого опрыскивания,,2,III,1417
regulyator-dekorativnost-i-tsvetenie,регулятор: декоративность и цветение,регулятор,tsvety,цветы (общее),buton,Бутон,регулятор роста,046-07-5054-1,08.04.2028,2 г/л воды,20 г,"Опрыскивание растений: 1-е - в фазе бутонизации, 2-е - в фазе начала цветения",,2,III,1505
regulyator-dekorativnost-i-tsvetenie,регулятор: декоративность и цветение,регулятор,tsvety,цветы (общее),buton,Бутон,регулятор роста,046-07-5054-1,08.04.2028,2 г/л воды,20 г,"Опрыскивание растений: 1-е - в фазе бутонизации, 2-е - в фазе начала цветения",,2,III,1506
regulyator-dekorativnost-i-tsvetenie,регулятор: декоративность и цветение,регулятор,tsvety,цветы (общее),giberelon,Гиберелон,регулятор роста,427-07-2226-1,19.05.2029,5-20 г/10 лводы,5–20 г,"Опрыскивание растений: 1-е в фазе бутонизации, 2-е в фазе начала цветения",,2,III,1497
regulyator-dekorativnost-i-tsvetenie,регулятор: декоративность и цветение,регулятор,tsvety,цветы (общее),immunotsitofit,Иммуноцитофит,регулятор роста,121-07-3951-1,11.01.2033,1 табл./10-15 мл воды,,Замачивание семян перед посевом на 2-3 часа,,1,III,1821
regulyator-dekorativnost-i-tsvetenie,регулятор: декоративность и цветение,регулятор,tsvety,цветы (общее),immunotsitofit,Иммуноцитофит,регулятор роста,121-07-3951-1,11.01.2033,1 табл./140-16 0 мл воды,,Опрыскивание посадочного материала перед посадкой,,1,III,1822
regulyator-dekorativnost-i-tsvetenie,регулятор: декоративность и цветение,регулятор,tsvety,цветы (общее),immunotsitofit,Иммуноцитофит,регулятор роста,121-07-3951-1,11.01.2033,"1 табл./ 1,5 лводы","6,7 табл",Опрыскивание растений: 1-е - в фазе формирования бутонов; 2-е - через 15-20 дней после первого опрыскивания,,2,III,1822
regulyator-dekorativnost-i-tsvetenie,регулятор: декоративность и цветение,регулятор,tsvety,цветы (общее),immunotsitofit,Иммуноцитофит,регулятор роста,121-07-3951-1,11.01.2033,"1 табл./ 1,5 лводы","6,7 табл","Опрыскивание растений: 1-е - в фазе формирования бутонов или новых листьев, 2-е – через 20-30 дней после первого опрыскивания, 3-е -через 20-30 дней после второго опрыскивания; в период покоя (осень-зима) с интервалом 1 месяц",,3,III,1822
regulyator-dekorativnost-i-tsvetenie,регулятор: декоративность и цветение,регулятор,tsvety,цветы (общее),korney,Корней,регулятор роста,012-07-3073-1,24.03.2031,1 г/л воды,10 г,Полив растений под корень сразу после посадки,,1,III,1414
regulyator-dekorativnost-i-tsvetenie,регулятор: декоративность и цветение,регулятор,tsvety,цветы (общее),krepen,Крепень,регулятор роста,008-07-1585-1,06.11.2027,1 мл/100-200 мл воды,,"Полив в фазу сформированных, но ещё не окрашенных бутонов",,1,III,1783
regulyator-dekorativnost-i-tsvetenie,регулятор: декоративность и цветение,регулятор,tsvety,цветы (общее),obepeg,ОбеpeгЪ,регулятор роста,033-07-1377-1,26.02.2027,"0,3 мл/1,5 лводы",2 мл,"Опрыскивание растений: 1-е в фазе полных всходов (или в начале отрастания побегов), 2-е – в фазе выдвижения бутонов",,2,III,1469
regulyator-dekorativnost-i-tsvetenie,регулятор: декоративность и цветение,регулятор,tsvety,цветы (общее),obepeg,ОбеpeгЪ,регулятор роста,033-07-1377-1,26.02.2027,"0,3 мл/1,5 лводы",2 мл,"Опрыскивание: 1-е после посадки (или в начале отрастания побегов), 2-е – в период интенсивного роста побегов, 3-е – в фазе выдвижения бутонов",,3,III,1470
regulyator-dekorativnost-i-tsvetenie,регулятор: декоративность и цветение,регулятор,tsvety,цветы (общее),regular,Регулар,регулятор роста,427(175)-07-1711-1,30.01.2028,3-6 г/лводы,30–60 г,"Опрыскивание растений: 1-е - при длине боковых побегов 5-10 см, 2-е - через 14-17 дней после первого опрыскивания",,2,II,1558
regulyator-dekorativnost-i-tsvetenie,регулятор: декоративность и цветение,регулятор,tsvety,цветы (общее),regular,Регулар,регулятор роста,427(175)-07-1711-1,30.01.2028,3-6 г/лводы,30–60 г,"Опрыскивание растений: 1-е – в фазе сформированных, неокрашенных бутонов, 2-е – через 7-10 дней, после первого опрыскивания",,2,II,1559
regulyator-dekorativnost-i-tsvetenie,регулятор: декоративность и цветение,регулятор,tsvety,цветы (общее),regular,Регулар,регулятор роста,427(175)-07-1711-1,30.01.2028,3-6 г/лводы,30–60 г,"Опрыскивание растений: 1-е - при длине боковых побегов 5-10 см, 2-е - через 14-17 дней после первого опрыскивания",,2,II,1559
regulyator-dekorativnost-i-tsvetenie,регулятор: декоративность и цветение,регулятор,tsvety,цветы (общее),reggi,Рэгги,регулятор роста,021-07-4836-1,25.03.2035,1 мл/100 мл воды,100 мл,"Полив растений: 1-й - в фазе сформированных, но ещё не окрашенных бутонов, 2-й – через 5-6 месяцев после первого полива.",,2,III,1780
regulyator-dekorativnost-i-tsvetenie,регулятор: декоративность и цветение,регулятор,tsvety,цветы (общее),ekogel-ekstra,Экогель экстра,регулятор роста,074-07-3127-1,26.04.2031,15-70 мл/лводы,150–700 мл,"Полив растений под корень: 1-й - при пересадке или в начале возобновления вегетации, 2-й – через 15-30 дней после первого полива",,2,III,1623
regulyator-dekorativnost-i-tsvetenie,регулятор: декоративность и цветение,регулятор,tsvety,цветы (общее),ekopin,Экопин,регулятор роста,012-07-2246-1,27.05.2029,"0,5-5 г/ лводы",5–50 г,"Опрыскивание растений: первое – в период возобновления вегетации (весной), второе и (или) третье - с интервалом 15 дней",,2,III,1630
regulyator-dekorativnost-i-tsvetenie,регулятор: декоративность и цветение,регулятор,tsvety,цветы (общее),ekopin,Экопин,регулятор роста,012-07-2246-1,27.05.2029,1 г/10 лводы,1 г,"Опрыскивание растений: первое - в начале фазы бутонизации, второе - через 15 дней после первого опрыскивания",,2,III,1630
regulyator-dekorativnost-i-tsvetenie,регулятор: декоративность и цветение,регулятор,tsvety,цветы (общее),etamon-bio,Этамон Био,регулятор роста,427-07-2227-1,19.05.2029,"5-7,5 г/лводы",50–75 г,"Опрыскивание растений: первое – весной в период возобновления вегетации, второе и третье с интервалом 14 дней",,3,III,1449
regulyator-dekorativnost-i-tsvetenie,регулятор: декоративность и цветение,регулятор,tsvety,цветы (общее),yantarin,Янтарин,регулятор роста,021-07-9747-1,22.12.2035,15 мл/10 лводы,15 мл,"Полив под корень: 1-й - в фазе 2- х настоящих листьев, 2-й, 3-й и 4-й - с интервалом 20 дней.",,4,III,1828
regulyator-dekorativnost-i-tsvetenie,регулятор: декоративность и цветение,регулятор,tsvety,цветы (общее),yantarin,Янтарин,регулятор роста,021-07-9747-1,22.12.2035,30-50 мл/10 лводы,30–50 мл,"Полив под корень: 1- й -весной в фазе возобновления вегетации, 2-й и 3-й - с интервалом 20 дней.",,3,III,1828
regulyator-dekorativnost-i-tsvetenie,регулятор: декоративность и цветение,регулятор,tsvety,цветы (общее),yantarnaya-kislota,Янтарная кислота,регулятор роста,033-07-2821-1,04.10.2030,10 г/20 лводы,5 г,Полив растений после появления всходов или весной в начале возобновления вегетации,,1,III,1827
regulyator-dekorativnost-i-tsvetenie,регулятор: декоративность и цветение,регулятор,tsvety,цветы (общее),yantarnaya-kislota,Янтарная кислота,регулятор роста,033-07-2821-1,04.10.2030,10 г/20 лводы,5 г,"Опрыскивание растений: 1-е – в начале фазы бутонизации, 2-е – в начале фазы цветения",,2,III,1827
regulyator-dekorativnost-i-tsvetenie,регулятор: декоративность и цветение,регулятор,yagodniki,ягодники (общее),albit,Альбит,регулятор роста,081-07-9800-1,03.03.2036,1 мл/10 лводы,1 мл,"Опрыскивание растений: 1-е – в период возобновления вегетации (весной), 2-е через - 15 дней после первого опрыскивания.",,2,III,1730
regulyator-dekorativnost-i-tsvetenie,регулятор: декоративность и цветение,регулятор,yagodniki,ягодники (общее),krepen,Крепень,регулятор роста,008-07-1585-1,06.11.2027,"1,5 мл/1 лводы",15 мл,"Опрыскивание: 1-е – в фазе сформированных, неокрашенных бутонов, 2-е через 5-8 дней, после первой обработки",,2,III,1783
regulyator-dekorativnost-i-tsvetenie,регулятор: декоративность и цветение,регулятор,yagodniki,ягодники (общее),obepeg,ОбеpeгЪ,регулятор роста,033-07-1377-1,26.02.2027,"0,3 мл/1,5 лводы",2 мл,"Опрыскивание: 1-е после посадки (или в начале отрастания побегов), 2-е – в период интенсивного роста побегов, 3-е – в фазе выдвижения бутонов",,3,III,1470
regulyator-dekorativnost-i-tsvetenie,регулятор: декоративность и цветение,регулятор,yagodniki,ягодники (общее),regular,Регулар,регулятор роста,427(175)-07-1711-1,30.01.2028,3-6 г/лводы,30–60 г,"Опрыскивание растений: 1-е – в фазе сформированных, неокрашенных бутонов, 2-е – через 7-10 дней, после первого опрыскивания",,2,II,1559
regulyator-dekorativnost-i-tsvetenie,регулятор: декоративность и цветение,регулятор,yagodniki,ягодники (общее),ekogel-ekstra,Экогель экстра,регулятор роста,074-07-3127-1,26.04.2031,15-70 мл/лводы,150–700 мл,"Полив растений под корень: 1-й - при пересадке или в начале возобновления вегетации, 2-й – через 15-30 дней после первого полива",,2,III,1623
regulyator-dekorativnost-i-tsvetenie,регулятор: декоративность и цветение,регулятор,yagodniki,ягодники (общее),ekopin,Экопин,регулятор роста,012-07-2246-1,27.05.2029,"0,5-5 г/ лводы",5–50 г,"Опрыскивание растений: первое – в период возобновления вегетации (весной), второе и (или) третье - с интервалом 15 дней",,2,III,1630
regulyator-zavyaz-i-opadenie-plodov,регулятор: завязь и опадение плодов,регулятор,baklazhan,баклажан,tsveten,Цветень,регулятор роста,012-07-9886-1,05.04.2036,5 г/3 лводы,"16,7 г","Опрыскивание растений: 1-е - в фазе бутонизации, 2-е - в фазе начала цветения.",,2,III,1644
regulyator-zavyaz-i-opadenie-plodov,регулятор: завязь и опадение плодов,регулятор,vinograd,виноград,albit,Альбит,регулятор роста,081-07-9800-1,03.03.2036,3 мл/10 лводы,3 мл,"Опрыскивание растений: 1-е – в фазе бутонизации, 2-е – после цветения, 3-е – в фазе начала роста ягод, 4-е – в фазе смыкания ягод в грозди, 5-е – в фазе окрашиванияягод.",,5,III,1729
regulyator-zavyaz-i-opadenie-plodov,регулятор: завязь и опадение плодов,регулятор,vinograd,виноград,ekopin,Экопин,регулятор роста,012-07-2246-1,27.05.2029,1 г/10 лводы,1 г,"Опрыскивание растений: первое – в фазе бутонизации, второе - после цветения, третье – в фазе начала роста ягод, четвертое – в фазе смыкания ягод в грозди, пятое – в фазе окрашиванияягод",,5,III,1631
regulyator-zavyaz-i-opadenie-plodov,регулятор: завязь и опадение плодов,регулятор,goroh-fasol,горох / фасоль,tsveten,Цветень,регулятор роста,012-07-9886-1,05.04.2036,5 г/3 лводы,"16,7 г","Опрыскивание растений: 1-е - в фазе бутонизации, 2-е - в фазе начала цветения.",,2,III,1644
regulyator-zavyaz-i-opadenie-plodov,регулятор: завязь и опадение плодов,регулятор,kapusta,капуста,tsveten,Цветень,регулятор роста,012-07-9886-1,05.04.2036,"2,5 г/3 лводы","8,3 г","Опрыскивание растений: 1-е - в фазе 6-8 листьев, 2-е - в фазе завязывания кочана.",,2,III,1644
regulyator-zavyaz-i-opadenie-plodov,регулятор: завязь и опадение плодов,регулятор,ogurets,огурец,tsveten,Цветень,регулятор роста,012-07-9886-1,05.04.2036,5 г/3 лводы,"16,7 г","Опрыскивание растений: 1-е - в фазе бутонизации, 2-е - в фазе массового цветения.",,2,III,1644
regulyator-zavyaz-i-opadenie-plodov,регулятор: завязь и опадение плодов,регулятор,perets,перец,tsveten,Цветень,регулятор роста,012-07-9886-1,05.04.2036,5 г/3 лводы,"16,7 г","Опрыскивание растений: 1-е - в фазе бутонизации, 2-е - в фазе начала цветения.",,2,III,1644
regulyator-zavyaz-i-opadenie-plodov,регулятор: завязь и опадение плодов,регулятор,smorodina,смородина,albit,Альбит,регулятор роста,081-07-9800-1,03.03.2036,1 мл/10 лводы,1 мл,"Опрыскивание растений: 1-е – в фазе бутонизации, 2-е и 3-е – с интервалом 15 дней.",,3,III,1729
regulyator-zavyaz-i-opadenie-plodov,регулятор: завязь и опадение плодов,регулятор,smorodina,смородина,ekopin,Экопин,регулятор роста,012-07-2246-1,27.05.2029,"0,5 г/лводы",5 г,"Опрыскивание растений: первое – в фазе бутонизации, второе и третье с интервалом 15 дней",,3,III,1629
regulyator-zavyaz-i-opadenie-plodov,регулятор: завязь и опадение плодов,регулятор,tomat,томат,tsveten,Цветень,регулятор роста,012-07-9886-1,05.04.2036,5 г/3 лводы,"16,7 г","Опрыскивание растений: 1-е - в начале цветения 1-ой кисти, 2-е - в начале цветения 2-ой кисти, 3-е - в начале цветения 3-ей кисти.",,3,III,1643
regulyator-zavyaz-i-opadenie-plodov,регулятор: завязь и опадение плодов,регулятор,yablonya,яблоня,mival-agro,Мивал-Агро,регулятор роста,467-07-1697-1,30.01.2028,"0,2 г/ 8 лводы","0,2 г","Опрыскивание растений: 1-е - в фазе «разрыхления бутонов», 2-е - в фазе «смыкание чашелистиков»",,2,III,1669
regulyator-immunitet-i-ustoychivost,регулятор: иммунитет и устойчивость,регулятор,abrikos-persik,абрикос / персик,agrostimul-ve,"АгроСтимул, ВЭ",регулятор роста,002-07-4818-0,10.03.2028,"4,0 мл/10 лводы",4 мл,"Опрыскивание растений: 1-е – в фазе бутонизации, 2-е – в начале образования завязей.",,2,III,1567
regulyator-immunitet-i-ustoychivost,регулятор: иммунитет и устойчивость,регулятор,abrikos-persik,абрикос / персик,kornerost-m,Корнерост М,регулятор роста,046-07-5079-1,13.03.2029,1-2 г/10 черенков,,Обработка предварительно увлажненного базального среза черенка,,1,III,1415
regulyator-immunitet-i-ustoychivost,регулятор: иммунитет и устойчивость,регулятор,abrikos-persik,абрикос / персик,plantarel,Плантарел,регулятор роста,734-07-3223-1,14.07.2031,5-10 мл/ 10 лводы,5–10 мл,"Опрыскивание растений: 1-е-в фазе бутонизации, 2-е – через 10-15 дней после цветения, 3-е — в фазе созревания плодов",,3,III,1620
regulyator-immunitet-i-ustoychivost,регулятор: иммунитет и устойчивость,регулятор,baklazhan,баклажан,albit,Альбит,регулятор роста,081-07-9800-1,03.03.2036,2 мл/лводы,20 мл,Замачивание семян перед посевом на 3 часа.,,1,III,1726
regulyator-immunitet-i-ustoychivost,регулятор: иммунитет и устойчивость,регулятор,baklazhan,баклажан,albit,Альбит,регулятор роста,081-07-9800-1,03.03.2036,1 мл/10 лводы,1 мл,"Опрыскивание растений: 1-е – в фазе 2-3 листьев, 2-е -через 15 дней после первого опрыскивания.",,2,III,1726
regulyator-immunitet-i-ustoychivost,регулятор: иммунитет и устойчивость,регулятор,baklazhan,баклажан,geteroauksin,Гетероауксин+,регулятор роста,033-07-3057-1,17.03.2031,4 г/10 лводы,4 г,Обмакивание корневой системы растений перед высадкой в грунт,,1,III,1409
regulyator-immunitet-i-ustoychivost,регулятор: иммунитет и устойчивость,регулятор,baklazhan,баклажан,zavyaz,Завязь,регулятор роста,186-07-4808-1,11.02.2035,20 г/10 лводы,20 г,"Опрыскивание растений: 1-е – в фазе начала бутонизации, 2-е – в фазе начала цветения.",,2,III,1509
regulyator-immunitet-i-ustoychivost,регулятор: иммунитет и устойчивость,регулятор,baklazhan,баклажан,plantarel,Плантарел,регулятор роста,734-07-3223-1,14.07.2031,1 мл/100 мл воды,100 мл,Замачивание семян перед посевом,,1,III,1618
regulyator-immunitet-i-ustoychivost,регулятор: иммунитет и устойчивость,регулятор,baklazhan,баклажан,plantarel,Плантарел,регулятор роста,734-07-3223-1,14.07.2031,5-10 мл/ 10 лводы,5–10 мл,"Опрыскивание растений: 1-е-после пикировки рассады (в фазе 1 -2 пар настоящих листьев), 2-е - в фазе бутонизации, 3-е – в фазе налива плодов",,3,III,1619
regulyator-immunitet-i-ustoychivost,регулятор: иммунитет и устойчивость,регулятор,baklazhan,баклажан,ekopin,Экопин,регулятор роста,012-07-2246-1,27.05.2029,2 г/л воды,20 г,Замачивание семян в течение 3-х часов,,1,III,1624
regulyator-immunitet-i-ustoychivost,регулятор: иммунитет и устойчивость,регулятор,baklazhan,баклажан,ekopin,Экопин,регулятор роста,012-07-2246-1,27.05.2029,1 г/10 лводы,1 г,"Опрыскивание растений: первое - в фазе 2-3 листьев, второе - через 15 дней после первого опрыскивания",,2,III,1624
regulyator-immunitet-i-ustoychivost,регулятор: иммунитет и устойчивость,регулятор,baklazhan,баклажан,etamon-bio,Этамон Био,регулятор роста,427-07-2227-1,19.05.2029,5 г/л воды,50 г,"Опрыскивание растений: первое - в фазе 3-6 листьев, второе через",,2,III,1447
regulyator-immunitet-i-ustoychivost,регулятор: иммунитет и устойчивость,регулятор,baklazhan,баклажан,etamon-bio,Этамон Био,регулятор роста,427-07-2227-1,19.05.2029,"5-7,5 г/лводы",50–75 г,"Опрыскивание растений: певрое - после высадки рассады в грунт, второе – в фазе массового цветения, третье - через 7-10 дней после второго опрыскивания",,3,III,1447
regulyator-immunitet-i-ustoychivost,регулятор: иммунитет и устойчивость,регулятор,vinograd,виноград,agat-25-super,Агат-25 Супер,регулятор роста,471-07-1781-1,04.03.2028,2 г/10 лводы,2 г,Опрыскивание растений в фазе начала цветения,,1,III,1400
regulyator-immunitet-i-ustoychivost,регулятор: иммунитет и устойчивость,регулятор,vinograd,виноград,agrostimul-ve,"АгроСтимул, ВЭ",регулятор роста,002-07-4818-0,10.03.2028,"2,5 мл/8-10 лводы",,"Опрыскивание растений: 1-е – в фазе цветения, 2-е – через 15-25 дней после первого опрыскивания.",,2,III,1567
regulyator-immunitet-i-ustoychivost,регулятор: иммунитет и устойчивость,регулятор,vinograd,виноград,albit,Альбит,регулятор роста,081-07-9800-1,03.03.2036,3 мл/10 лводы,3 мл,"Опрыскивание растений: 1-е – в фазе бутонизации, 2-е – после цветения, 3-е – в фазе начала роста ягод, 4-е – в фазе смыкания ягод в грозди, 5-е – в фазе окрашиванияягод.",,5,III,1729
regulyator-immunitet-i-ustoychivost,регулятор: иммунитет и устойчивость,регулятор,vinograd,виноград,bioagro-rr,Биоагро-РР,регулятор роста,591(526)-07-2502-1,11.12.2029,5 мл/лводы,50 мл,Замачивание корневой системы саженцев перед посадкой в течение 1 часа,,1,III,1445
regulyator-immunitet-i-ustoychivost,регулятор: иммунитет и устойчивость,регулятор,vinograd,виноград,bioagro-rr,Биоагро-РР,регулятор роста,591(526)-07-2502-1,11.12.2029,500 мл/10 лводы,500 мл,Опрыскивание растений: 1-е – в период нарастания листьев; 2-е – в фазе бутонизации,,2,III,1445
regulyator-immunitet-i-ustoychivost,регулятор: иммунитет и устойчивость,регулятор,vinograd,виноград,bioagro-rr,Биоагро-РР,регулятор роста,591(526)-07-2502-1,11.12.2029,5 мл/лводы,50 мл,Замачивание корневой системы саженцев перед посадкой в течение 1 часа,,1,III,1446
regulyator-immunitet-i-ustoychivost,регулятор: иммунитет и устойчивость,регулятор,vinograd,виноград,biosil,Биосил,регулятор роста,347-07-1440-1,05.04.2027,"0,5 мл/100 м2",,"Опрыскивание: 1-е - в фазе цветения, 2-е – через 12 дней после первого опрыскивания",,2,III,1760
regulyator-immunitet-i-ustoychivost,регулятор: иммунитет и устойчивость,регулятор,vinograd,виноград,geteroauksin,Гетероауксин,регулятор роста,046-07-5038-1,04.10.2026,1-3 табл. /100 мл воды,100–300 табл,Замачивание базальной части привоя и верхней части подвоя перед прививкой на 2-3 секунды,,1,III,1364
regulyator-immunitet-i-ustoychivost,регулятор: иммунитет и устойчивость,регулятор,vinograd,виноград,geteroauksin,Гетероауксин,регулятор роста,046-07-5039-1,04.10.2026,1-3 г/лводы,10–30 г,Замачивание базальной части привоя и верхней части подвоя перед прививкой на 2-3 секунды,,1,III,1368
regulyator-immunitet-i-ustoychivost,регулятор: иммунитет и устойчивость,регулятор,vinograd,виноград,geteroauksin,Гетероауксин+,регулятор роста,033-07-3057-1,17.03.2031,20-30 г/лводы,200–300 г,Замачивание базальной части привоя и верхней части подвоя перед прививкой на 2-3 секунды,,1,III,1410
regulyator-immunitet-i-ustoychivost,регулятор: иммунитет и устойчивость,регулятор,vinograd,виноград,karbonado,Карбонадо,регулятор роста,764-07-3293-1,15.09.2031,1 г/10 лводы,1 г,"Опрыскивание растений: 1-е - в фазе бутонизации, 2-е -после цветения, 3-е - в фазе начала роста ягод, 4-е - в фазе смыкания ягод в грозди, 5-е - в фазе окрашиванияягод",,5,III,1698
regulyator-immunitet-i-ustoychivost,регулятор: иммунитет и устойчивость,регулятор,vinograd,виноград,mival-agro,Мивал-Агро,регулятор роста,467-07-1697-1,30.01.2028,"0,2 г/ 8 лводы","0,2 г","Опрыскивание растений: 1-е - в фазе распускания листьев, 2-е - в фазе бутонизации, 3-е – в фазе формирования грозди",,3,III,1668
regulyator-immunitet-i-ustoychivost,регулятор: иммунитет и устойчивость,регулятор,vinograd,виноград,mival-agro,Мивал-Агро,регулятор роста,467-07-1697-1,30.01.2028,"0,2 г/ 8 лводы","0,2 г","Опрыскивание растений: 1-е - в фазе распускания листьев, 2-е - в фазе бутонизации, 3-е – в фазе формирования грозди, 4-е – в фазе созревания ягод",,4,III,1669
regulyator-immunitet-i-ustoychivost,регулятор: иммунитет и устойчивость,регулятор,vinograd,виноград,obepeg,ОбеpeгЪ,регулятор роста,033-07-1377-1,26.02.2027,"1,6 мл/8 лводы",2 мл,"Опрыскивание: 1-е – в фазе бутонизации, 2-е - через 20 дней после первого опрыскивания",,2,III,1468
regulyator-immunitet-i-ustoychivost,регулятор: иммунитет и устойчивость,регулятор,vinograd,виноград,plantarel,Плантарел,регулятор роста,734-07-3223-1,14.07.2031,5-10 мл/ 10 лводы,5–10 мл,"Опрыскивание растений: 1-е - в фазе цветения, 2-е - через 15-20 дней после первого опрыскивания, 3-е-через 15-20 дней после второго опрыскивания",,3,III,1619
regulyator-immunitet-i-ustoychivost,регулятор: иммунитет и устойчивость,регулятор,vinograd,виноград,silatsin-krp,"Силацин, КРП",регулятор роста,324-07-2045-1,05.11.2028,1 табл./500 мл воды,20 табл,Замачивание черенков перед посадкой на 8-12 часов,,1,III,1800
regulyator-immunitet-i-ustoychivost,регулятор: иммунитет и устойчивость,регулятор,vinograd,виноград,ekopin,Экопин,регулятор роста,012-07-2246-1,27.05.2029,1 г/10 лводы,1 г,"Опрыскивание растений: первое – в фазе бутонизации, второе - после цветения, третье – в фазе начала роста ягод, четвертое – в фазе смыкания ягод в грозди, пятое – в фазе окрашиванияягод",,5,III,1631
regulyator-immunitet-i-ustoychivost,регулятор: иммунитет и устойчивость,регулятор,vinograd,виноград,energiya-m-krp,"Энергия-М, КРП",регулятор роста,124-07-1881-1,25.04.2028,1 табл./500 мл воды,20 табл,Замачивание черенков перед посадкой на 8-12 часов,,1,III,1670
regulyator-immunitet-i-ustoychivost,регулятор: иммунитет и устойчивость,регулятор,vishnya-chereshnya,вишня / черешня,albit,Альбит,регулятор роста,081-07-9800-1,03.03.2036,1 мл/10 лводы,1 мл,"Опрыскивание растений: 1-е – в фазе бутонизации, 2-е и 3-е – с интервалом 15 дней.",,3,III,1729
regulyator-immunitet-i-ustoychivost,регулятор: иммунитет и устойчивость,регулятор,vishnya-chereshnya,вишня / черешня,geteroauksin,Гетероауксин,регулятор роста,046-07-5038-1,04.10.2026,2 табл. /10 лводы,2 табл,"Обмакивание или замачивание на 1-2 часа корневой системы растений перед посадкой в водном растворе препарата, или обмакивание корневой системы растений в сметанообразную массу, состоящую из глины и торфяной крошки, замешанных на растворе гетероауксина Полив растений под корень после посадки",,1,III,1364
regulyator-immunitet-i-ustoychivost,регулятор: иммунитет и устойчивость,регулятор,vishnya-chereshnya,вишня / черешня,geteroauksin,Гетероауксин,регулятор роста,046-07-5038-1,04.10.2026,2 табл. /10 лводы,2 табл,Полив растений под корень после посадки,,1,III,1364
regulyator-immunitet-i-ustoychivost,регулятор: иммунитет и устойчивость,регулятор,vishnya-chereshnya,вишня / черешня,geteroauksin,Гетероауксин,регулятор роста,046-07-5038-1,04.10.2026,2 табл. /10 лводы,2 табл,"Полив растений под корень: 1-й – весной, в период распускания почек; 2-й – осенью, в период пожелтения листьев",,2,III,1364
regulyator-immunitet-i-ustoychivost,регулятор: иммунитет и устойчивость,регулятор,vishnya-chereshnya,вишня / черешня,geteroauksin,Гетероауксин,регулятор роста,046-07-5039-1,04.10.2026,"0,2 г/10 лводы","0,2 г","Обмакивание или замачивание на 1-2 часа корневой системы растений перед посадкой в водном растворе препарата, или обмакивание корневой системы растений в сметанообразную массу, состоящую из глины и торфяной крошки, замешанную на растворе гетероауксина",,1,III,1367
regulyator-immunitet-i-ustoychivost,регулятор: иммунитет и устойчивость,регулятор,vishnya-chereshnya,вишня / черешня,geteroauksin,Гетероауксин,регулятор роста,046-07-5039-1,04.10.2026,"0,2 г/10 лводы","0,2 г",Полив растений под корень после посадки,,1,III,1367
regulyator-immunitet-i-ustoychivost,регулятор: иммунитет и устойчивость,регулятор,vishnya-chereshnya,вишня / черешня,geteroauksin,Гетероауксин,регулятор роста,046-07-5039-1,04.10.2026,"0,2 г/10 лводы","0,2 г","Полив растений под корень: 1-й – весной, в период распускания почек; 2-й – осенью, в период пожелтения листьев",,2,III,1367
regulyator-immunitet-i-ustoychivost,регулятор: иммунитет и устойчивость,регулятор,vishnya-chereshnya,вишня / черешня,geteroauksin,Гетероауксин+,регулятор роста,033-07-3057-1,17.03.2031,4 г/л воды,40 г,Замачивание черенков перед посадкой на 10-16 часов,,1,III,1409
regulyator-immunitet-i-ustoychivost,регулятор: иммунитет и устойчивость,регулятор,vishnya-chereshnya,вишня / черешня,geteroauksin,Гетероауксин+,регулятор роста,033-07-3057-1,17.03.2031,10 г/10 лводы,10 г,Обмакивание корневой системы растений перед посадкой,,1,III,1410
regulyator-immunitet-i-ustoychivost,регулятор: иммунитет и устойчивость,регулятор,vishnya-chereshnya,вишня / черешня,geteroauksin,Гетероауксин+,регулятор роста,033-07-3057-1,17.03.2031,10 г/10 лводы,10 г,Полив растений под корень через 5 дней после посадки,,1,III,1410
regulyator-immunitet-i-ustoychivost,регулятор: иммунитет и устойчивость,регулятор,vishnya-chereshnya,вишня / черешня,geteroauksin,Гетероауксин+,регулятор роста,033-07-3057-1,17.03.2031,10 г/10 лводы,10 г,Обмакивание корневой системы растений перед посадкой,,1,III,1410
regulyator-immunitet-i-ustoychivost,регулятор: иммунитет и устойчивость,регулятор,vishnya-chereshnya,вишня / черешня,geteroauksin,Гетероауксин+,регулятор роста,033-07-3057-1,17.03.2031,10 г/10 лводы,10 г,Полив растений под корень через 5 дней после посадки,,1,III,1410
regulyator-immunitet-i-ustoychivost,регулятор: иммунитет и устойчивость,регулятор,vishnya-chereshnya,вишня / черешня,kornerost-m,Корнерост М,регулятор роста,046-07-5079-1,13.03.2029,1-2 г/10 черенков,,Обработка предварительно увлажненного базального среза черенка,,1,III,1415
regulyator-immunitet-i-ustoychivost,регулятор: иммунитет и устойчивость,регулятор,vishnya-chereshnya,вишня / черешня,plantarel,Плантарел,регулятор роста,734-07-3223-1,14.07.2031,5-10 мл/ 10 лводы,5–10 мл,"Опрыскивание растений: 1-е - в фазе бутонизации, 2-е -через 10-15 дней после цветения, 3-е - в фазе налива ягод",,3,III,1620
regulyator-immunitet-i-ustoychivost,регулятор: иммунитет и устойчивость,регулятор,vishnya-chereshnya,вишня / черешня,ekopin,Экопин,регулятор роста,012-07-2246-1,27.05.2029,1 г/5 лводы,2 г,"Опрыскивание растений: первое - в фазе бутонизации, второе и третье – с интервалом 15 дней",,3,III,1630
regulyator-immunitet-i-ustoychivost,регулятор: иммунитет и устойчивость,регулятор,gazon,газон,agrostimul-ve,"АгроСтимул, ВЭ",регулятор роста,002-07-4818-0,10.03.2028,"1,0-1,5 мл/3 лводы","3,3–5 мл","Опрыскивание растений: 1-е – весной¸ в период отрастания; 2-е, 3-е, 4-е – с интервалом 10-15 дней (после скашивания травостоя).",,3,III,1567
regulyator-immunitet-i-ustoychivost,регулятор: иммунитет и устойчивость,регулятор,gazon,газон,albit,Альбит,регулятор роста,081-07-9800-1,03.03.2036,1 мл/10 лводы,1 мл,"Опрыскивание растений: 1-е – в начале возобновления вегетации (после перезимовки), 2-е – после скашивания травостоя.",,1,III,1730
regulyator-immunitet-i-ustoychivost,регулятор: иммунитет и устойчивость,регулятор,gazon,газон,ekopin,Экопин,регулятор роста,012-07-2246-1,27.05.2029,1 г/10 лводы,1 г,"Опрыскивание растений: первое – в начале возобновления вегетации (после перезимовки), второе – после скашивания травостоя",,1,III,1631
regulyator-immunitet-i-ustoychivost,регулятор: иммунитет и устойчивость,регулятор,gazon,газон,etamon-bio,Этамон Био,регулятор роста,427-07-2227-1,19.05.2029,"5-7,5 г/лводы",50–75 г,"Опрыскивание растений: первое – весной в период возобновления вегетации или в фазе 3-4 листьев (новые посевы), второе и третье– последовательно после каждого укоса, или с интервалом 14 дней",,3,III,1449
regulyator-immunitet-i-ustoychivost,регулятор: иммунитет и устойчивость,регулятор,goroh-fasol,горох / фасоль,agrostimul-ve,"АгроСтимул, ВЭ",регулятор роста,002-07-4818-0,10.03.2028,"1,0-1,5 мл/лводы",10–15 мл,Замачивание семян перед посевом на 2 часа.,,1,III,1565
regulyator-immunitet-i-ustoychivost,регулятор: иммунитет и устойчивость,регулятор,goroh-fasol,горох / фасоль,agrostimul-ve,"АгроСтимул, ВЭ",регулятор роста,002-07-4818-0,10.03.2028,"1,0 мл/3 лводы","3,3 мл","Опрыскивание растений: 1-е – в фазе 2-10 листьев, 2-е – в фазе бутонизации.",,2,III,1566
regulyator-immunitet-i-ustoychivost,регулятор: иммунитет и устойчивость,регулятор,goroh-fasol,горох / фасоль,grin-deyl,Грин Дейл,регулятор роста,008-07-3511-1,02.03.2032,6-10 мл/лводы,60–100 мл,Замачивание семян перед посевом на 1-2 часа,,1,III,1823
regulyator-immunitet-i-ustoychivost,регулятор: иммунитет и устойчивость,регулятор,goroh-fasol,горох / фасоль,novosil,Новосил,регулятор роста,128-07-4761-1,22.12.2034,"0,2 мл/ 3 лводы","0,7 мл","Опрыскивание растений: 1-е – в фазе начала цветения, 2-е - в фазе массового цветения, 3-е - через 7 дней после второго опрыскивания.",,3,III,1773
regulyator-immunitet-i-ustoychivost,регулятор: иммунитет и устойчивость,регулятор,goroh-fasol,горох / фасоль,obepeg,ОбеpeгЪ,регулятор роста,033-07-1377-1,26.02.2027,"0,02 мл/100 мл воды",2 мл,Предпосевная обработка семян,,1,III,1467
regulyator-immunitet-i-ustoychivost,регулятор: иммунитет и устойчивость,регулятор,goroh-fasol,горох / фасоль,obepeg,ОбеpeгЪ,регулятор роста,033-07-1377-1,26.02.2027,"0,6 мл/3 лводы",2 мл,"Опрыскивание: 1-е - в фазе полных всходов, 2-е - в период бутонизации - начало цветения",,2,III,1467
regulyator-immunitet-i-ustoychivost,регулятор: иммунитет и устойчивость,регулятор,grusha,груша,agrostimul-ve,"АгроСтимул, ВЭ",регулятор роста,002-07-4818-0,10.03.2028,"4,0 мл/10 лводы",4 мл,"Опрыскивание растений: 1-е – в фазе «розовый бутон», 2-е – «плод грецкий орех».",,2,III,1566
regulyator-immunitet-i-ustoychivost,регулятор: иммунитет и устойчивость,регулятор,grusha,груша,geteroauksin,Гетероауксин,регулятор роста,046-07-5038-1,04.10.2026,2 табл. /10 лводы,2 табл,"Обмакивание или замачивание на 1-2 часа корневой системы растений перед посадкой в водном растворе препарата, или обмакивание корневой системы растений в сметанообразную массу, состоящую из глины и торфяной крошки, замешанных на растворе гетероауксина Полив растений под корень после посадки",,1,III,1364
regulyator-immunitet-i-ustoychivost,регулятор: иммунитет и устойчивость,регулятор,grusha,груша,geteroauksin,Гетероауксин,регулятор роста,046-07-5038-1,04.10.2026,2 табл. /10 лводы,2 табл,Полив растений под корень после посадки,,1,III,1364
regulyator-immunitet-i-ustoychivost,регулятор: иммунитет и устойчивость,регулятор,grusha,груша,geteroauksin,Гетероауксин,регулятор роста,046-07-5038-1,04.10.2026,2 табл. /10 лводы,2 табл,"Полив растений под корень: 1-й – весной, в период распускания почек; 2-й – осенью, в период пожелтения листьев",,2,III,1364
regulyator-immunitet-i-ustoychivost,регулятор: иммунитет и устойчивость,регулятор,grusha,груша,geteroauksin,Гетероауксин,регулятор роста,046-07-5039-1,04.10.2026,"0,2 г/10 лводы","0,2 г","Обмакивание или замачивание на 1-2 часа корневой системы растений перед посадкой в водном растворе препарата, или обмакивание корневой системы растений в сметанообразную массу, состоящую из глины и торфяной крошки, замешанную на растворе гетероауксина",,1,III,1367
regulyator-immunitet-i-ustoychivost,регулятор: иммунитет и устойчивость,регулятор,grusha,груша,geteroauksin,Гетероауксин,регулятор роста,046-07-5039-1,04.10.2026,"0,2 г/10 лводы","0,2 г",Полив растений под корень после посадки,,1,III,1367
regulyator-immunitet-i-ustoychivost,регулятор: иммунитет и устойчивость,регулятор,grusha,груша,geteroauksin,Гетероауксин,регулятор роста,046-07-5039-1,04.10.2026,"0,2 г/10 лводы","0,2 г","Полив растений под корень: 1-й – весной, в период распускания почек; 2-й – осенью, в период пожелтения листьев",,2,III,1367
regulyator-immunitet-i-ustoychivost,регулятор: иммунитет и устойчивость,регулятор,grusha,груша,geteroauksin,Гетероауксин+,регулятор роста,033-07-3057-1,17.03.2031,10 г/10 лводы,10 г,Обмакивание корневой системы растений перед посадкой,,1,III,1410
regulyator-immunitet-i-ustoychivost,регулятор: иммунитет и устойчивость,регулятор,grusha,груша,geteroauksin,Гетероауксин+,регулятор роста,033-07-3057-1,17.03.2031,10 г/10 лводы,10 г,Полив растений под корень через 5 дней после посадки,,1,III,1410
regulyator-immunitet-i-ustoychivost,регулятор: иммунитет и устойчивость,регулятор,grusha,груша,geteroauksin,Гетероауксин+,регулятор роста,033-07-3057-1,17.03.2031,10 г/10 лводы,10 г,Обмакивание корневой системы растений перед посадкой,,1,III,1410
regulyator-immunitet-i-ustoychivost,регулятор: иммунитет и устойчивость,регулятор,grusha,груша,geteroauksin,Гетероауксин+,регулятор роста,033-07-3057-1,17.03.2031,10 г/10 лводы,10 г,Полив растений под корень через 5 дней после посадки,,1,III,1410
regulyator-immunitet-i-ustoychivost,регулятор: иммунитет и устойчивость,регулятор,grusha,груша,kornerost-m,Корнерост М,регулятор роста,046-07-5079-1,13.03.2029,1-2 г/10 черенков,,Обработка предварительно увлажненного базального среза черенка,,1,III,1415
regulyator-immunitet-i-ustoychivost,регулятор: иммунитет и устойчивость,регулятор,grusha,груша,mival-agro,Мивал-Агро,регулятор роста,467-07-1697-1,30.01.2028,"0,2 г/ 8 лводы","0,2 г",Опрыскивание растений после обрезки на обратныйрост или в фазе «зеленый конус»,,1,III,1669
regulyator-immunitet-i-ustoychivost,регулятор: иммунитет и устойчивость,регулятор,ezhevika-golubika-zhimolost,ежевика / голубика / жимолость,geteroauksin,Гетероауксин+,регулятор роста,033-07-3057-1,17.03.2031,4 г/л воды,40 г,Замачивание черенков перед посадкой на 10-16 часов,,1,III,1409
regulyator-immunitet-i-ustoychivost,регулятор: иммунитет и устойчивость,регулятор,ezhevika-golubika-zhimolost,ежевика / голубика / жимолость,kornerost-m,Корнерост М,регулятор роста,046-07-5079-1,13.03.2029,1-2 г/10 черенков,,Обработка предварительно увлажненного базального среза черенка,,1,III,1415
regulyator-immunitet-i-ustoychivost,регулятор: иммунитет и устойчивость,регулятор,zelen,"зелень (укроп, петрушка, салат)",albit,Альбит,регулятор роста,081-07-9800-1,03.03.2036,2 мл/лводы,20 мл,Замачивание семян перед посевом на 3 часа.,,1,III,1728
regulyator-immunitet-i-ustoychivost,регулятор: иммунитет и устойчивость,регулятор,zelen,"зелень (укроп, петрушка, салат)",albit,Альбит,регулятор роста,081-07-9800-1,03.03.2036,1 мл/10 лводы,1 мл,"Опрыскивание растений: 1-е – в фазе 2-3 листьев, 2-е – через 15 дней после первого опрыскивания.",,2,III,1728
regulyator-immunitet-i-ustoychivost,регулятор: иммунитет и устойчивость,регулятор,zelen,"зелень (укроп, петрушка, салат)",ekopin,Экопин,регулятор роста,012-07-2246-1,27.05.2029,1 г/10 лводы,1 г,"Опрыскивание растений: первое - в фазе 2-3 листьев, второе - через 15 дней после первого",,2,III,1626
regulyator-immunitet-i-ustoychivost,регулятор: иммунитет и устойчивость,регулятор,zelen,"зелень (укроп, петрушка, салат)",ekopin,Экопин,регулятор роста,012-07-2246-1,27.05.2029,2 г/ лводы,20 г,Замачивание семян перед посевом в течение 3 часов,,1,III,1627
regulyator-immunitet-i-ustoychivost,регулятор: иммунитет и устойчивость,регулятор,kabachok,кабачок,albit,Альбит,регулятор роста,081-07-9800-1,03.03.2036,2 мл/лводы,20 мл,Замачивание семян перед посевом на 3 часа.,,1,III,1726
regulyator-immunitet-i-ustoychivost,регулятор: иммунитет и устойчивость,регулятор,kabachok,кабачок,albit,Альбит,регулятор роста,081-07-9800-1,03.03.2036,1 мл/10 лводы,1 мл,"Опрыскивание растений: 1-е – в фазе 2-3 листьев, 2-е -через 15 дней после первого опрыскивания.",,2,III,1726
regulyator-immunitet-i-ustoychivost,регулятор: иммунитет и устойчивость,регулятор,kabachok,кабачок,geteroauksin,Гетероауксин,регулятор роста,046-07-5038-1,04.10.2026,5 табл./20 лводы,"2,5 табл",Полив растений под корень после посадки,,1,III,1363
regulyator-immunitet-i-ustoychivost,регулятор: иммунитет и устойчивость,регулятор,kabachok,кабачок,geteroauksin,Гетероауксин,регулятор роста,046-07-5038-1,04.10.2026,1 табл./2 лводы,5 табл,Обмакивание корневой системы растений перед высадкой в грунт,,1,III,1363
regulyator-immunitet-i-ustoychivost,регулятор: иммунитет и устойчивость,регулятор,kabachok,кабачок,geteroauksin,Гетероауксин,регулятор роста,046-07-5039-1,04.10.2026,"0,5 г/10 лводы","0,5 г",Обмакивание корневой системы растений перед высадкой в грунт,,1,III,1367
regulyator-immunitet-i-ustoychivost,регулятор: иммунитет и устойчивость,регулятор,kabachok,кабачок,geteroauksin,Гетероауксин,регулятор роста,046-07-5039-1,04.10.2026,"0,5 г/20 лводы","0,2 г",Полив растений под корень после посадки,,1,III,1367
regulyator-immunitet-i-ustoychivost,регулятор: иммунитет и устойчивость,регулятор,kabachok,кабачок,plantarel,Плантарел,регулятор роста,734-07-3223-1,14.07.2031,1 мл/100 мл воды,100 мл,Замачивание семян перед посевом,,1,III,1619
regulyator-immunitet-i-ustoychivost,регулятор: иммунитет и устойчивость,регулятор,kabachok,кабачок,plantarel,Плантарел,регулятор роста,734-07-3223-1,14.07.2031,5-10 мл/ 10 лводы,5–10 мл,"Опрыскивание растений: 1-е - в фазе 4-5 настоящих листьев, 2- - в фазе бутонизации, 3-е - в фазе налива плодов",,3,III,1619
regulyator-immunitet-i-ustoychivost,регулятор: иммунитет и устойчивость,регулятор,kabachok,кабачок,ekopin,Экопин,регулятор роста,012-07-2246-1,27.05.2029,2 г/л воды,20 г,Замачивание семян в течение,,1,III,1624
regulyator-immunitet-i-ustoychivost,регулятор: иммунитет и устойчивость,регулятор,kabachok,кабачок,ekopin,Экопин,регулятор роста,012-07-2246-1,27.05.2029,1 г/10 лводы,1 г,"Опрыскивание растений: первое - в фазе 2-3 листьев, второе - через 15 дней после первого опрыскивания",,2,III,1624
regulyator-immunitet-i-ustoychivost,регулятор: иммунитет и устойчивость,регулятор,kapusta,капуста,agat-25-super,Агат-25 Супер,регулятор роста,471-07-1781-1,04.03.2028,40 мг/лводы,,Замачивание семян перед посевом на 6 часов,,1,III,1400
regulyator-immunitet-i-ustoychivost,регулятор: иммунитет и устойчивость,регулятор,kapusta,капуста,agat-25-super,Агат-25 Супер,регулятор роста,471-07-1781-1,04.03.2028,"0,4 мг/3 лводы",,"Опрыскивание растений: 1-е - в фазе 3-5 листьев , 2-е - в фазе рыхлого кочана",,2,III,1400
regulyator-immunitet-i-ustoychivost,регулятор: иммунитет и устойчивость,регулятор,kapusta,капуста,agrostimul-ve,"АгроСтимул, ВЭ",регулятор роста,002-07-4818-0,10.03.2028,"1,0-1,5 мл/лводы",10–15 мл,Замачивание семян перед посевом на 2 часа.,,1,III,1565
regulyator-immunitet-i-ustoychivost,регулятор: иммунитет и устойчивость,регулятор,kapusta,капуста,agrostimul-ve,"АгроСтимул, ВЭ",регулятор роста,002-07-4818-0,10.03.2028,"1,0-1,5 мл/3 лводы","3,3–5 мл","Опрыскивание растений: 1-е – в фазе розетки, 2-е - в фазе завязывания кочана.",,2,III,1565
regulyator-immunitet-i-ustoychivost,регулятор: иммунитет и устойчивость,регулятор,kapusta,капуста,albit,Альбит,регулятор роста,081-07-9800-1,03.03.2036,1 мл/лводы,10 мл,Замачивание семян перед посевом на 3 часа.,,1,III,1727
regulyator-immunitet-i-ustoychivost,регулятор: иммунитет и устойчивость,регулятор,kapusta,капуста,albit,Альбит,регулятор роста,081-07-9800-1,03.03.2036,1 мл/10 лводы,1 мл,"Опрыскивание растений: 1-е – в фазе 3-5 листьев, 2-е и 3е – с интервалом 2 недели.",,3,III,1727
regulyator-immunitet-i-ustoychivost,регулятор: иммунитет и устойчивость,регулятор,kapusta,капуста,verva,Вэрва,регулятор роста,145-07-1604-1,20.11.2027,2 мл/3 лводы,"6,7 мл","Опрыскивание растений: 1-е - в фазе 6-7 листьев, 2-е - в фазе завязывания кочана",,2,III,1766
regulyator-immunitet-i-ustoychivost,регулятор: иммунитет и устойчивость,регулятор,kapusta,капуста,geteroauksin,Гетероауксин,регулятор роста,046-07-5038-1,04.10.2026,5 табл./20 лводы,"2,5 табл",Полив растений под корень после посадки,,1,III,1363
regulyator-immunitet-i-ustoychivost,регулятор: иммунитет и устойчивость,регулятор,kapusta,капуста,geteroauksin,Гетероауксин,регулятор роста,046-07-5038-1,04.10.2026,1 табл./2 лводы,5 табл,Обмакивание корневой системы растений перед высадкой в грунт,,1,III,1363
regulyator-immunitet-i-ustoychivost,регулятор: иммунитет и устойчивость,регулятор,kapusta,капуста,geteroauksin,Гетероауксин,регулятор роста,046-07-5039-1,04.10.2026,"0,5 г/10 лводы","0,5 г",Обмакивание корневой системы растений перед высадкой в грунт,,1,III,1367
regulyator-immunitet-i-ustoychivost,регулятор: иммунитет и устойчивость,регулятор,kapusta,капуста,geteroauksin,Гетероауксин,регулятор роста,046-07-5039-1,04.10.2026,"0,5 г/20 лводы","0,2 г",Полив растений под корень после посадки,,1,III,1367
regulyator-immunitet-i-ustoychivost,регулятор: иммунитет и устойчивость,регулятор,kapusta,капуста,geteroauksin,Гетероауксин+,регулятор роста,033-07-3057-1,17.03.2031,4 г/10 лводы,4 г,Обмакивание корневой системы растений перед высадкой в грунт,,1,III,1409
regulyator-immunitet-i-ustoychivost,регулятор: иммунитет и устойчивость,регулятор,kapusta,капуста,karbonado,Карбонадо,регулятор роста,764-07-3293-1,15.09.2031,1 г/л воды,10 г,Замачивание семян перед посевом на 3 часа,,1,III,1698
regulyator-immunitet-i-ustoychivost,регулятор: иммунитет и устойчивость,регулятор,kapusta,капуста,krepen,Крепень,регулятор роста,008-07-1585-1,06.11.2027,3 мл/лводы,30 мл,"Полив под корень: 1-й – через 10 дней после высадки рассады, 2-й через – через 14 дней после первого полива",,2,III,1783
regulyator-immunitet-i-ustoychivost,регулятор: иммунитет и устойчивость,регулятор,kapusta,капуста,mival-agro,Мивал-Агро,регулятор роста,467-07-1697-1,30.01.2028,"0,1 г/ 3 лводы","0,3 г","Опрыскивание растений: 1-е в фазе 2-3 настоящих листьев, 2-е - в период массового формирования кочана",,2,III,1668
regulyator-immunitet-i-ustoychivost,регулятор: иммунитет и устойчивость,регулятор,kapusta,капуста,obepeg,ОбеpeгЪ,регулятор роста,033-07-1377-1,26.02.2027,"0,02 мл/100 мл воды",2 мл,Замачивание семян перед посевом на 1 час,,1,III,1467
regulyator-immunitet-i-ustoychivost,регулятор: иммунитет и устойчивость,регулятор,kapusta,капуста,obepeg,ОбеpeгЪ,регулятор роста,033-07-1377-1,26.02.2027,"0,6 мл/3 лводы",2 мл,"Опрыскивание: 1-е - в фазе розетки, 2-е - в фазе завязывания кочана",,2,III,1467
regulyator-immunitet-i-ustoychivost,регулятор: иммунитет и устойчивость,регулятор,kapusta,капуста,prorostok,Проросток,регулятор роста,033-07-1375-1,26.02.2027,"0,2 мл/ 100 мл воды",20 мл,Замачивание семян перед посевом на 1 час,,1,III,1473
regulyator-immunitet-i-ustoychivost,регулятор: иммунитет и устойчивость,регулятор,kapusta,капуста,ekopin,Экопин,регулятор роста,012-07-2246-1,27.05.2029,1 г/л воды,10 г,Замачивание семян перед посевом в течение 3 часов,,1,III,1628
regulyator-immunitet-i-ustoychivost,регулятор: иммунитет и устойчивость,регулятор,kapusta,капуста,ekopin,Экопин,регулятор роста,012-07-2246-1,27.05.2029,1 г/10 лводы,1 г,"Опрыскивание: первое - в фазе 3-5 листьев, второе и третье с интервалом в 14 дней",,3,III,1628
regulyator-immunitet-i-ustoychivost,регулятор: иммунитет и устойчивость,регулятор,kartofel,картофель,agat-25-super,Агат-25 Супер,регулятор роста,471-07-1781-1,04.03.2028,14 г/ лводы,140 г,Обработка клубней перед посадкой,,1,III,1398
regulyator-immunitet-i-ustoychivost,регулятор: иммунитет и устойчивость,регулятор,kartofel,картофель,agat-25-super,Агат-25 Супер,регулятор роста,471-07-1781-1,04.03.2028,1 г/4 лводы,"2,5 г","Опрыскивание растений: 1-е - в фазе бутонизации, 2-е -через 10-12 дней после первого опрыскивания",,2,III,1398
regulyator-immunitet-i-ustoychivost,регулятор: иммунитет и устойчивость,регулятор,kartofel,картофель,agrostimul-ve,"АгроСтимул, ВЭ",регулятор роста,002-07-4818-0,10.03.2028,2 мл/л воды,20 мл,Предпосадочная обработка клубней.,1,1,III,1565
regulyator-immunitet-i-ustoychivost,регулятор: иммунитет и устойчивость,регулятор,kartofel,картофель,agrostimul-ve,"АгроСтимул, ВЭ",регулятор роста,002-07-4818-0,10.03.2028,2 мл/3 л воды,"6,7 мл","Опрыскивание растений: 1-е – в фазе бутонизации-начала цветения, 2-е – через 20 дней после первого опрыскивания.",,2,III,1565
regulyator-immunitet-i-ustoychivost,регулятор: иммунитет и устойчивость,регулятор,kartofel,картофель,albit,Альбит,регулятор роста,081-07-9800-1,03.03.2036,10 мл/лводы,100 мл,Обработка клубней перед посадкой.,,1,III,1723
regulyator-immunitet-i-ustoychivost,регулятор: иммунитет и устойчивость,регулятор,kartofel,картофель,albit,Альбит,регулятор роста,081-07-9800-1,03.03.2036,2 мл/10 лводы,2 мл,"Опрыскивание растений: 1-е – в фазе бутонизации, 2-е – через 10-15 дней после первого опрыскивания.",,2,III,1723
regulyator-immunitet-i-ustoychivost,регулятор: иммунитет и устойчивость,регулятор,kartofel,картофель,bioduks,Биодукс,регулятор роста,173-07-4899-0,05.06.2028,"0,1 мл/лводы",1 мл,Опрыскивание клубней перед посадкой,,1,III,1481
regulyator-immunitet-i-ustoychivost,регулятор: иммунитет и устойчивость,регулятор,kartofel,картофель,bioduks,Биодукс,регулятор роста,173-07-4899-0,05.06.2028,"0,05-0,1 мл/3 л воды","0,2–0,3 мл",Опрыскивание растений в фазе в фазе бутонизации,,1,III,1482
regulyator-immunitet-i-ustoychivost,регулятор: иммунитет и устойчивость,регулятор,kartofel,картофель,biosil,Биосил,регулятор роста,347-07-1440-1,05.04.2027,"0,2 мл/3 лводы","0,7 мл","Опрыскивание: 1-е - в фазе начала цветения, 2-е - в фазе массового цветения, 3-е -через 7 дней после второго опрыскивания",,3,III,1760
regulyator-immunitet-i-ustoychivost,регулятор: иммунитет и устойчивость,регулятор,kartofel,картофель,buton,Бутон,регулятор роста,046-07-5054-1,08.04.2028,15 г/10 лводы,15 г,Обработка клубней перед посадкой,,1,III,1504
regulyator-immunitet-i-ustoychivost,регулятор: иммунитет и устойчивость,регулятор,kartofel,картофель,buton,Бутон,регулятор роста,046-07-5054-1,08.04.2028,15 г/10 лводы,15 г,Опрыскивание растений в фазе бутонизации,,1,III,1504
regulyator-immunitet-i-ustoychivost,регулятор: иммунитет и устойчивость,регулятор,kartofel,картофель,verva,Вэрва,регулятор роста,145-07-1604-1,20.11.2027,"2,5 мл/лводы",25 мл,Обработка клубней перед посадкой,,1,III,1765
regulyator-immunitet-i-ustoychivost,регулятор: иммунитет и устойчивость,регулятор,kartofel,картофель,verva,Вэрва,регулятор роста,145-07-1604-1,20.11.2027,5 мл/3 лводы,"16,7 мл","Опрыскивание растений: 1-е - в фазе начала цветения, 2-е – в фазе полного цветения; 3-е – через 7 дней после второго опрыскивания",,3,III,1765
regulyator-immunitet-i-ustoychivost,регулятор: иммунитет и устойчивость,регулятор,kartofel,картофель,karbonado,Карбонадо,регулятор роста,764-07-3293-1,15.09.2031,10 г/лводы,100 г,Обработка клубней перед посадкой,,1,III,1697
regulyator-immunitet-i-ustoychivost,регулятор: иммунитет и устойчивость,регулятор,kartofel,картофель,karbonado,Карбонадо,регулятор роста,764-07-3293-1,15.09.2031,2 г/10 лводы,2 г,"Опрыскивание растений: 1-е - в фазе бутонизации, 2-е -через 10-15 дней после первого опрыскивания",,2,III,1698
regulyator-immunitet-i-ustoychivost,регулятор: иммунитет и устойчивость,регулятор,kartofel,картофель,mival-agro,Мивал-Агро,регулятор роста,467-07-1697-1,30.01.2028,"0,2 г/ 3 лводы","0,7 г","Опрыскивание растений: 1-е - в фазе полных всходов, 2-е - в фазе бутонизации",,2,III,1662
regulyator-immunitet-i-ustoychivost,регулятор: иммунитет и устойчивость,регулятор,kartofel,картофель,mival-agro,Мивал-Агро,регулятор роста,467-07-1697-1,30.01.2028,"0,2 г/лводы",2 г,Предпосадочная обработка клубней,,1,III,1666
regulyator-immunitet-i-ustoychivost,регулятор: иммунитет и устойчивость,регулятор,kartofel,картофель,obepeg,ОбеpeгЪ,регулятор роста,033-07-1377-1,26.02.2027,"0,2 мл/лводы",2 мл,Опрыскивание клубней перед посадкой,,1,III,1465
regulyator-immunitet-i-ustoychivost,регулятор: иммунитет и устойчивость,регулятор,kartofel,картофель,obepeg,ОбеpeгЪ,регулятор роста,033-07-1377-1,26.02.2027,"0,6 мл/3 лводы",2 мл,Опрыскивание в фазе бутонизации,,1,III,1465
regulyator-immunitet-i-ustoychivost,регулятор: иммунитет и устойчивость,регулятор,kartofel,картофель,plantarel,Плантарел,регулятор роста,734-07-3223-1,14.07.2031,100-150 мл/10 лводы,100–150 мл,Предпосадочная обработка клубней,,1,III,1617
regulyator-immunitet-i-ustoychivost,регулятор: иммунитет и устойчивость,регулятор,kartofel,картофель,plantarel,Плантарел,регулятор роста,734-07-3223-1,14.07.2031,5-10 мл/ 10 лводы,5–10 мл,"Опрыскивание растений: 1-е - в фазе смыкания рядков, 2-е - в фазе бутонизации",,2,III,1618
regulyator-immunitet-i-ustoychivost,регулятор: иммунитет и устойчивость,регулятор,kartofel,картофель,prorostok,Проросток,регулятор роста,033-07-1375-1,26.02.2027,2 мл/лводы,20 мл,Опрыскивание клубней перед посадкой,,1,III,1472
regulyator-immunitet-i-ustoychivost,регулятор: иммунитет и устойчивость,регулятор,kartofel,картофель,trafik,Трафик,регулятор роста,021-07-1693-1,30.10.2027,120-150 мл/3 л воды,400–500 мл,Опрыскивание растений за 21-25 дней до сбора урожая (при размере сформировавшихся клубней не менее 25 мм),60,1,III,1631
regulyator-immunitet-i-ustoychivost,регулятор: иммунитет и устойчивость,регулятор,kartofel,картофель,ekopin,Экопин,регулятор роста,012-07-2246-1,27.05.2029,10 г/лводы,100 г,Обработка клубней перед посадкой,,1,III,1629
regulyator-immunitet-i-ustoychivost,регулятор: иммунитет и устойчивость,регулятор,kartofel,картофель,ekopin,Экопин,регулятор роста,012-07-2246-1,27.05.2029,2 г/10 лводы,2 г,"Опрыскивание растений: первое - в фазе бутонизации, второе - через 10-15 дней после первого опрыскивания",,2,III,1629
regulyator-immunitet-i-ustoychivost,регулятор: иммунитет и устойчивость,регулятор,kartofel,картофель,emistim,Эмистим,регулятор роста,392-07-1237-1,20.09.2026,"0,1 мл/л воды",1 мл,Опрыскивание клубней перед посадкой,,1,III,1423
regulyator-immunitet-i-ustoychivost,регулятор: иммунитет и устойчивость,регулятор,kartofel,картофель,emistim,Эмистим,регулятор роста,392-07-1237-1,20.09.2026,"0,1 мл/лводы",1 мл,Опрыскивание клубней перед посадкой,,1,III,1424
regulyator-immunitet-i-ustoychivost,регулятор: иммунитет и устойчивость,регулятор,kartofel,картофель,etamon-bio,Этамон Био,регулятор роста,427-07-2227-1,19.05.2029,"5-7,5 г/лводы",50–75 г,"Опрыскивание растений: первое - в фазе активного роста ботвы (высота растений 10-15 см), второе -в фазе начала бутонизации",,2,III,1448
regulyator-immunitet-i-ustoychivost,регулятор: иммунитет и устойчивость,регулятор,kartofel,картофель,yantarnaya-kislota,Янтарная кислота,регулятор роста,033-07-2821-1,04.10.2030,10 г/10 лводы,10 г,"Опрыскивание клубней за 0,5-2 часа до посадки",,1,III,1825
regulyator-immunitet-i-ustoychivost,регулятор: иммунитет и устойчивость,регулятор,kartofel,картофель,yantarnaya-kislota,Янтарная кислота,регулятор роста,033-07-2821-1,04.10.2030,10 г/20 лводы,5 г,Опрыскивание растений в начале фазы цветения,,1,III,1825
regulyator-immunitet-i-ustoychivost,регулятор: иммунитет и устойчивость,регулятор,klubnika,клубника (земляника),agat-25-super,Агат-25 Супер,регулятор роста,471-07-1781-1,04.03.2028,7 г/л воды,70 г,Обмакивание корневой системы рассады перед посадкой,,1,III,1400
regulyator-immunitet-i-ustoychivost,регулятор: иммунитет и устойчивость,регулятор,klubnika,клубника (земляника),albit,Альбит,регулятор роста,081-07-9800-1,03.03.2036,1 мл/10 лводы,1 мл,"Опрыскивание растений: 1-е – в фазе бутонизации, 2-е и 3-е – с интервалом 7-10 дней.",,3,III,1730
regulyator-immunitet-i-ustoychivost,регулятор: иммунитет и устойчивость,регулятор,klubnika,клубника (земляника),bioagro-rr,Биоагро-РР,регулятор роста,591(526)-07-2502-1,11.12.2029,5 мл/лводы,50 мл,Замачивание корневой системы саженцев перед посадкой в течение 1 часа,,1,III,1445
regulyator-immunitet-i-ustoychivost,регулятор: иммунитет и устойчивость,регулятор,klubnika,клубника (земляника),bioagro-rr,Биоагро-РР,регулятор роста,591(526)-07-2502-1,11.12.2029,200 мл/10 лводы,200 мл,Опрыскивание растений: 1-е – в период нарастания листьев; 2-е – в фазе бутонизации,,2,III,1445
regulyator-immunitet-i-ustoychivost,регулятор: иммунитет и устойчивость,регулятор,klubnika,клубника (земляника),geteroauksin,Гетероауксин,регулятор роста,046-07-5038-1,04.10.2026,2 табл. /10 лводы,2 табл,"Полив растений под корень: 1-й – весной в период образования розетки, 2-й – через 30-35 дней после сбора урожая (3-я декада августа)",,1,III,1364
regulyator-immunitet-i-ustoychivost,регулятор: иммунитет и устойчивость,регулятор,klubnika,клубника (земляника),geteroauksin,Гетероауксин,регулятор роста,046-07-5039-1,04.10.2026,"0,2 г/10 лводы","0,2 г","Полив растений под корень: 1-й – весной, в период образования розетки; 2-й – через 30-35 дней после сбора урожая (3-я декада августа)",,1,III,1367
regulyator-immunitet-i-ustoychivost,регулятор: иммунитет и устойчивость,регулятор,klubnika,клубника (земляника),mival-agro,Мивал-Агро,регулятор роста,467-07-1697-1,30.01.2028,"0,2 г/ 4 лводы","0,5 г","Опрыскивание растений: 1-е - в фазе начала выдвижения цветоносов, 2-е в фазе цветения, 3-е в фазе завязывания и налива ягод",,3,III,1670
regulyator-immunitet-i-ustoychivost,регулятор: иммунитет и устойчивость,регулятор,klubnika,клубника (земляника),obepeg,ОбеpeгЪ,регулятор роста,033-07-1377-1,26.02.2027,"0,6 мл/3 лводы",2 мл,"Опрыскивание: 1-е в фазе выдвижения цветоносов, 2-е - через 30 дней после первого опрыскивания",,2,III,1469
regulyator-immunitet-i-ustoychivost,регулятор: иммунитет и устойчивость,регулятор,klubnika,клубника (земляника),ekopin,Экопин,регулятор роста,012-07-2246-1,27.05.2029,1 г/10 лводы,1 г,"Опрыскивание растений: первое – в период отрастания листьев (весной), второе и третье - с интервалом в 7-10 дней",,3,III,1630
regulyator-immunitet-i-ustoychivost,регулятор: иммунитет и устойчивость,регулятор,klubnika,клубника (земляника),emistim,Эмистим,регулятор роста,392-07-1237-1,20.09.2026,"0,01 мл/10 лводы",0 мл,"Опрыскивание: 1-е – весной в период отрастания листьев, 2-е и 3-е с интервалом 1 месяц",,1,III,1424
regulyator-immunitet-i-ustoychivost,регулятор: иммунитет и устойчивость,регулятор,klubnika,клубника (земляника),emistim,Эмистим,регулятор роста,392-07-1237-1,20.09.2026,"0,01 мл/10 лводы",0 мл,"Опрыскивание: 1-е – весной в период отрастания листьев, 2-е и 3-е с интервалом 1 месяц",,1,III,1425
regulyator-immunitet-i-ustoychivost,регулятор: иммунитет и устойчивость,регулятор,komnatnye-rasteniya,комнатные растения (общее),agat-25-super,Агат-25 Супер,регулятор роста,471-07-1781-1,04.03.2028,1-3 г/10 лводы,1–3 г,Опрыскивание или полив растений 2 раза в месяц при опрыскивании,,2,III,1401
regulyator-immunitet-i-ustoychivost,регулятор: иммунитет и устойчивость,регулятор,komnatnye-rasteniya,комнатные растения (общее),botanik,Ботаник,регулятор роста,008-07-3673-1,28.04.2032,1-10 мл/лводы,10–100 мл,Полив растений или погружение корневой системы в раствор на 5-6 часов: 1-е – в фазе выхода соцветий; 2-е - через 15 дней после первого полива (погружения),,2,III,1417
regulyator-immunitet-i-ustoychivost,регулятор: иммунитет и устойчивость,регулятор,komnatnye-rasteniya,комнатные растения (общее),botanik,Ботаник,регулятор роста,008-07-3673-1,28.04.2032,1-10 мл/лводы,10–100 мл,Опрыскивание растений: 1-е – в фазе выхода соцветий; 2-е - через 15 дней после первого опрыскивания,,2,III,1417
regulyator-immunitet-i-ustoychivost,регулятор: иммунитет и устойчивость,регулятор,komnatnye-rasteniya,комнатные растения (общее),korney,Корней,регулятор роста,012-07-3073-1,24.03.2031,1 г/л воды,10 г,Полив растений под корень сразу после посадки,,1,III,1414
regulyator-immunitet-i-ustoychivost,регулятор: иммунитет и устойчивость,регулятор,kryzhovnik,крыжовник,albit,Альбит,регулятор роста,081-07-9800-1,03.03.2036,1 мл/10 лводы,1 мл,"Опрыскивание растений: 1-е – в фазе бутонизации, 2-е и 3-е – с интервалом 15 дней.",,3,III,1729
regulyator-immunitet-i-ustoychivost,регулятор: иммунитет и устойчивость,регулятор,kryzhovnik,крыжовник,geteroauksin,Гетероауксин,регулятор роста,046-07-5038-1,04.10.2026,2 табл. /10 лводы,2 табл,"Обмакивание или замачивание на 1-2 часа корневой системы растений перед посадкой в водном растворе препарата, или обмакивание корневой системы растений в сметанообразную массу, состоящую из глины и торфяной крошки, замешанных на растворе гетероауксина Полив растений под корень после посадки",,1,III,1364
regulyator-immunitet-i-ustoychivost,регулятор: иммунитет и устойчивость,регулятор,kryzhovnik,крыжовник,geteroauksin,Гетероауксин,регулятор роста,046-07-5038-1,04.10.2026,2 табл. /10 лводы,2 табл,Полив растений под корень после посадки,,1,III,1364
regulyator-immunitet-i-ustoychivost,регулятор: иммунитет и устойчивость,регулятор,kryzhovnik,крыжовник,geteroauksin,Гетероауксин,регулятор роста,046-07-5038-1,04.10.2026,2 табл. /10 лводы,2 табл,"Полив растений под корень: 1-й – весной, в период распускания почек; 2-й – осенью, в период пожелтения листьев",,2,III,1364
regulyator-immunitet-i-ustoychivost,регулятор: иммунитет и устойчивость,регулятор,kryzhovnik,крыжовник,geteroauksin,Гетероауксин,регулятор роста,046-07-5039-1,04.10.2026,"0,2 г/10 лводы","0,2 г","Обмакивание или замачивание на 1-2 часа корневой системы растений перед посадкой в водном растворе препарата, или обмакивание корневой системы растений в сметанообразную массу, состоящую из глины и торфяной крошки, замешанную на растворе гетероауксина",,1,III,1367
regulyator-immunitet-i-ustoychivost,регулятор: иммунитет и устойчивость,регулятор,kryzhovnik,крыжовник,geteroauksin,Гетероауксин,регулятор роста,046-07-5039-1,04.10.2026,"0,2 г/10 лводы","0,2 г",Полив растений под корень после посадки,,1,III,1367
regulyator-immunitet-i-ustoychivost,регулятор: иммунитет и устойчивость,регулятор,kryzhovnik,крыжовник,geteroauksin,Гетероауксин,регулятор роста,046-07-5039-1,04.10.2026,"0,2 г/10 лводы","0,2 г","Полив растений под корень: 1-й – весной, в период распускания почек; 2-й – осенью, в период пожелтения листьев",,2,III,1367
regulyator-immunitet-i-ustoychivost,регулятор: иммунитет и устойчивость,регулятор,kryzhovnik,крыжовник,geteroauksin,Гетероауксин+,регулятор роста,033-07-3057-1,17.03.2031,4 г/л воды,40 г,Замачивание черенков перед посадкой на 10-16 часов,,1,III,1409
regulyator-immunitet-i-ustoychivost,регулятор: иммунитет и устойчивость,регулятор,kryzhovnik,крыжовник,geteroauksin,Гетероауксин+,регулятор роста,033-07-3057-1,17.03.2031,10 г/10 лводы,10 г,Обмакивание корневой системы растений перед посадкой,,1,III,1410
regulyator-immunitet-i-ustoychivost,регулятор: иммунитет и устойчивость,регулятор,kryzhovnik,крыжовник,geteroauksin,Гетероауксин+,регулятор роста,033-07-3057-1,17.03.2031,10 г/10 лводы,10 г,Полив растений под корень через 5 дней после посадки,,1,III,1410
regulyator-immunitet-i-ustoychivost,регулятор: иммунитет и устойчивость,регулятор,kryzhovnik,крыжовник,kornerost-m,Корнерост М,регулятор роста,046-07-5079-1,13.03.2029,1-2 г/10 черенков,,Обработка предварительно увлажненного базального среза черенка,,1,III,1415
regulyator-immunitet-i-ustoychivost,регулятор: иммунитет и устойчивость,регулятор,kryzhovnik,крыжовник,ekopin,Экопин,регулятор роста,012-07-2246-1,27.05.2029,"0,5 г/лводы",5 г,"Опрыскивание растений: первое – в фазе бутонизации, второе и третье - с интервалом 15 дней",,3,III,1629
regulyator-immunitet-i-ustoychivost,регулятор: иммунитет и устойчивость,регулятор,lesnye-nasazhdeniya,лесные насаждения,albit,Альбит,регулятор роста,081-07-9800-1,03.03.2036,1 мл/лводы,10 мл,Замачивание черенков перед посадкой на 3-5 часов.,,1,III,1730
regulyator-immunitet-i-ustoychivost,регулятор: иммунитет и устойчивость,регулятор,lesnye-nasazhdeniya,лесные насаждения,geteroauksin,Гетероауксин,регулятор роста,046-07-5038-1,04.10.2026,2 табл. /10 лводы,2 табл,"Обмакивание или замачивание на 1-2 часа корневой системы растений перед посадкой в водном растворе препарата, или обмакивание корневой системы растений в сметанообразную массу, состоящую из глины и торфяной крошки, замешанных на растворе гетероауксина Полив растений под корень после посадки",,1,III,1364
regulyator-immunitet-i-ustoychivost,регулятор: иммунитет и устойчивость,регулятор,lesnye-nasazhdeniya,лесные насаждения,geteroauksin,Гетероауксин,регулятор роста,046-07-5038-1,04.10.2026,2 табл. /10 лводы,2 табл,Полив растений под корень после посадки,,1,III,1364
regulyator-immunitet-i-ustoychivost,регулятор: иммунитет и устойчивость,регулятор,lesnye-nasazhdeniya,лесные насаждения,geteroauksin,Гетероауксин,регулятор роста,046-07-5039-1,04.10.2026,"0,2 г/10 лводы","0,2 г","Обмакивание или замачивание на 1-2 часа корневой системы растений перед посадкой в водном растворе препарата, или обмакивание корневой системы растений в сметанообразную массу, состоящую из глины и торфяной крошки, замешанную на растворе гетероауксина",,1,III,1367
regulyator-immunitet-i-ustoychivost,регулятор: иммунитет и устойчивость,регулятор,lesnye-nasazhdeniya,лесные насаждения,geteroauksin,Гетероауксин,регулятор роста,046-07-5039-1,04.10.2026,"0,2 г/10 лводы","0,2 г",Полив растений под корень после посадки,,1,III,1367
regulyator-immunitet-i-ustoychivost,регулятор: иммунитет и устойчивость,регулятор,lesnye-nasazhdeniya,лесные насаждения,geteroauksin,Гетероауксин+,регулятор роста,033-07-3057-1,17.03.2031,10 г/10 лводы,10 г,Обмакивание корневой системы растений перед посадкой,,1,III,1410
regulyator-immunitet-i-ustoychivost,регулятор: иммунитет и устойчивость,регулятор,lesnye-nasazhdeniya,лесные насаждения,geteroauksin,Гетероауксин+,регулятор роста,033-07-3057-1,17.03.2031,10 г/10 лводы,10 г,Полив растений под корень через 5 дней после посадки,,1,III,1410
regulyator-immunitet-i-ustoychivost,регулятор: иммунитет и устойчивость,регулятор,lesnye-nasazhdeniya,лесные насаждения,korennik,Коренник,регулятор роста,018-07-1869-1,11.04.2028,1 г/л воды,10 г,Замачивание корневой системы на 6 часов,,1,-,1411
regulyator-immunitet-i-ustoychivost,регулятор: иммунитет и устойчивость,регулятор,lesnye-nasazhdeniya,лесные насаждения,korennik,Коренник,регулятор роста,018-07-1869-1,11.04.2028,1 г/л воды,10 г,Полив под корень через 10 дней после высадки,,1,-,1411
regulyator-immunitet-i-ustoychivost,регулятор: иммунитет и устойчивость,регулятор,lesnye-nasazhdeniya,лесные насаждения,korennik,Коренник,регулятор роста,018-07-1869-1,11.04.2028,1 г/л воды,10 г,Полив под корень сразу после высадки рассады,,1,-,1411
regulyator-immunitet-i-ustoychivost,регулятор: иммунитет и устойчивость,регулятор,lesnye-nasazhdeniya,лесные насаждения,korney,Корней,регулятор роста,012-07-3073-1,24.03.2031,1 г/л воды,10 г,Замачивание корневой системы растений перед посадкой 6 часов,,1,III,1413
regulyator-immunitet-i-ustoychivost,регулятор: иммунитет и устойчивость,регулятор,lesnye-nasazhdeniya,лесные насаждения,korney,Корней,регулятор роста,012-07-3073-1,24.03.2031,1 г/л воды,10 г,Полив растений под корень через 10 дней после посадки,,1,III,1413
regulyator-immunitet-i-ustoychivost,регулятор: иммунитет и устойчивость,регулятор,lesnye-nasazhdeniya,лесные насаждения,korney,Корней,регулятор роста,012-07-3073-1,24.03.2031,1 г/л воды,10 г,Полив растений под корень сразу после посадки,,1,III,1413
regulyator-immunitet-i-ustoychivost,регулятор: иммунитет и устойчивость,регулятор,lesnye-nasazhdeniya,лесные насаждения,kornestim,Корнестим,регулятор роста,008-07-1288-1,11.12.2026,1 г/л воды,10 г,Замачивание корневой системы на 6 часов,,1,III,1414
regulyator-immunitet-i-ustoychivost,регулятор: иммунитет и устойчивость,регулятор,lesnye-nasazhdeniya,лесные насаждения,kornestim,Корнестим,регулятор роста,008-07-1288-1,11.12.2026,1 г/л воды,10 г,Полив под корень через 10 дней после высадки,,1,III,1414
regulyator-immunitet-i-ustoychivost,регулятор: иммунитет и устойчивость,регулятор,lesnye-nasazhdeniya,лесные насаждения,ukorenit,УкоренитЪ,регулятор роста,033-07-1287-1,11.12.2026,1 г/л воды,10 г,Замачивание корневой системы на 6 часов,,1,III,1415
regulyator-immunitet-i-ustoychivost,регулятор: иммунитет и устойчивость,регулятор,lesnye-nasazhdeniya,лесные насаждения,ukorenit,УкоренитЪ,регулятор роста,033-07-1287-1,11.12.2026,1 г/л воды,10 г,Полив под корень через 10 дней после высадки,,1,III,1415
regulyator-immunitet-i-ustoychivost,регулятор: иммунитет и устойчивость,регулятор,liliya-tyulpan-lukovichnye,лилия / тюльпан / луковичные,geteroauksin,Гетероауксин,регулятор роста,046-07-5038-1,04.10.2026,1 табл. /лводы,10 табл,Замачивание посадочного материала перед посадкой на 16-20 часов,,1,III,1365
regulyator-immunitet-i-ustoychivost,регулятор: иммунитет и устойчивость,регулятор,liliya-tyulpan-lukovichnye,лилия / тюльпан / луковичные,geteroauksin,Гетероауксин,регулятор роста,046-07-5039-1,04.10.2026,1 г/10 лводы,1 г,Замачивание посадочного материала перед посадкой на 16-20 часов,,1,III,1368
regulyator-immunitet-i-ustoychivost,регулятор: иммунитет и устойчивость,регулятор,luk,лук,agrostimul-ve,"АгроСтимул, ВЭ",регулятор роста,002-07-4818-0,10.03.2028,"1,0 мл/2 лводы",5 мл,Замачивание лука-севка перед посадкой на 1-2 часа.,,1,III,1565
regulyator-immunitet-i-ustoychivost,регулятор: иммунитет и устойчивость,регулятор,luk,лук,agrostimul-ve,"АгроСтимул, ВЭ",регулятор роста,002-07-4818-0,10.03.2028,"1,0-1,5 мл/3 лводы","3,3–5 мл","Опрыскивание растений: 1-е – в фазе 2-3 листьев, 2-е – в фазе 5-6 листьев.",,2,III,1565
regulyator-immunitet-i-ustoychivost,регулятор: иммунитет и устойчивость,регулятор,luk,лук,agrostimul-ve,"АгроСтимул, ВЭ",регулятор роста,002-07-4818-0,10.03.2028,"1,0-1,5 мл/3 лводы","3,3–5 мл",Опрыскивание растений в период формирования бутонов.,,1,III,1567
regulyator-immunitet-i-ustoychivost,регулятор: иммунитет и устойчивость,регулятор,luk,лук,albit,Альбит,регулятор роста,081-07-9800-1,03.03.2036,5-10 мл/лводы,50–100 мл,Замачивание луковиц перед посадкой на 1 час.,,1,III,1728
regulyator-immunitet-i-ustoychivost,регулятор: иммунитет и устойчивость,регулятор,luk,лук,geteroauksin,Гетероауксин,регулятор роста,046-07-5038-1,04.10.2026,5 табл./20 лводы,"2,5 табл",Полив растений под корень после посадки,,1,III,1363
regulyator-immunitet-i-ustoychivost,регулятор: иммунитет и устойчивость,регулятор,luk,лук,geteroauksin,Гетероауксин,регулятор роста,046-07-5038-1,04.10.2026,1 табл./2 лводы,5 табл,Обмакивание корневой системы растений перед высадкой в грунт,,1,III,1363
regulyator-immunitet-i-ustoychivost,регулятор: иммунитет и устойчивость,регулятор,luk,лук,geteroauksin,Гетероауксин,регулятор роста,046-07-5038-1,04.10.2026,1 табл. /лводы,10 табл,Замачивание посадочного материала перед посадкой на 16-20 часов,,1,III,1365
regulyator-immunitet-i-ustoychivost,регулятор: иммунитет и устойчивость,регулятор,luk,лук,geteroauksin,Гетероауксин,регулятор роста,046-07-5039-1,04.10.2026,"0,5 г/10 лводы","0,5 г",Обмакивание корневой системы растений перед высадкой в грунт,,1,III,1367
regulyator-immunitet-i-ustoychivost,регулятор: иммунитет и устойчивость,регулятор,luk,лук,geteroauksin,Гетероауксин,регулятор роста,046-07-5039-1,04.10.2026,"0,5 г/20 лводы","0,2 г",Полив растений под корень после посадки,,1,III,1367
regulyator-immunitet-i-ustoychivost,регулятор: иммунитет и устойчивость,регулятор,luk,лук,geteroauksin,Гетероауксин,регулятор роста,046-07-5039-1,04.10.2026,1 г/10 лводы,1 г,Замачивание посадочного материала перед посадкой на 16-20 часов,,1,III,1368
regulyator-immunitet-i-ustoychivost,регулятор: иммунитет и устойчивость,регулятор,luk,лук,geteroauksin,Гетероауксин+,регулятор роста,033-07-3057-1,17.03.2031,2 г/л воды,20 г,Замачивание посадочного материала перед посадкой на 16-20 часов,,1,III,1410
regulyator-immunitet-i-ustoychivost,регулятор: иммунитет и устойчивость,регулятор,luk,лук,mival-agro,Мивал-Агро,регулятор роста,467-07-1697-1,30.01.2028,"0,1 г/ 3 лводы","0,3 г","Опрыскивание растений: 1-е - в фазе 2-3 листьев, 2-е- в период начала формирования луковицы",,2,III,1668
regulyator-immunitet-i-ustoychivost,регулятор: иммунитет и устойчивость,регулятор,luk,лук,obepeg,ОбеpeгЪ,регулятор роста,033-07-1377-1,26.02.2027,"0,02 мл/ 100 мл воды",2 мл,"Замачивание семян в течение 0,5-1 часа",,1,III,1468
regulyator-immunitet-i-ustoychivost,регулятор: иммунитет и устойчивость,регулятор,luk,лук,obepeg,ОбеpeгЪ,регулятор роста,033-07-1377-1,26.02.2027,"0,02 мл/ 100 мл воды",2 мл,"Замачивание лука-севка перед посадкой на 0,5-1 часа",,1,III,1468
regulyator-immunitet-i-ustoychivost,регулятор: иммунитет и устойчивость,регулятор,luk,лук,obepeg,ОбеpeгЪ,регулятор роста,033-07-1377-1,26.02.2027,"0,6 мл/3 лводы",2 мл,"Опрыскивание: 1-е - в фазе 4-5 листьев, 2-е - через 30 дней после первого опрыскивания",,2,III,1468
regulyator-immunitet-i-ustoychivost,регулятор: иммунитет и устойчивость,регулятор,luk,лук,obepeg,ОбеpeгЪ,регулятор роста,033-07-1377-1,26.02.2027,"0,2 мл/лводы",2 мл,Опрыскивание посадочного материала перед посадкой,,1,III,1469
regulyator-immunitet-i-ustoychivost,регулятор: иммунитет и устойчивость,регулятор,luk,лук,obepeg,ОбеpeгЪ,регулятор роста,033-07-1377-1,26.02.2027,"0,4 мл/2 лводы",2 мл,Опрыскивание в фазе выдвижения бутонов,,1,III,1469
regulyator-immunitet-i-ustoychivost,регулятор: иммунитет и устойчивость,регулятор,luk,лук,plantarel,Плантарел,регулятор роста,734-07-3223-1,14.07.2031,5-10 мл/ 10 лводы,5–10 мл,"Опрыскивание растений: 1-е - в фазе 4-6 настоящих листьев, 2-е - через 10-12 дней после первого опрыскивания",,3,III,1619
regulyator-immunitet-i-ustoychivost,регулятор: иммунитет и устойчивость,регулятор,luk,лук,prorostok,Проросток,регулятор роста,033-07-1375-1,26.02.2027,"0,2 мл/ 100 мл воды",20 мл,"Замачивание семян перед посевом на 0,5-1 час",,1,III,1473
regulyator-immunitet-i-ustoychivost,регулятор: иммунитет и устойчивость,регулятор,luk,лук,prorostok,Проросток,регулятор роста,033-07-1375-1,26.02.2027,"0,2 мл/ 100 мл воды",20 мл,"Замачивание лука-севка перед посадкой на 0,5-1 час",,1,III,1473
regulyator-immunitet-i-ustoychivost,регулятор: иммунитет и устойчивость,регулятор,luk,лук,trafik,Трафик,регулятор роста,021-07-1693-1,30.10.2027,90-120 мл/3 лводы,300–400 мл,Опрыскивание растений за 14-21 день до сбора урожая (при полегании – не более 50%),60,1,III,1631
regulyator-immunitet-i-ustoychivost,регулятор: иммунитет и устойчивость,регулятор,luk,лук,hefk,ХЭФК,регулятор роста,018-07-5000-1,07.06.2033,6-9 мл/лводы,60–90 мл,Опрыскивание растений за 21 день до сбора урожая,21,1,III,1804
regulyator-immunitet-i-ustoychivost,регулятор: иммунитет и устойчивость,регулятор,luk,лук,ekopin,Экопин,регулятор роста,012-07-2246-1,27.05.2029,5-10 г/лводы,50–100 г,Замачивание луковиц перед посадкой на 1 час,,1,III,1628
regulyator-immunitet-i-ustoychivost,регулятор: иммунитет и устойчивость,регулятор,luk,лук,etamon-bio,Этамон Био,регулятор роста,427-07-2227-1,19.05.2029,"7,5-10 г/лводы",75–100 г,"Опрыскивание растений: первое - в фазе 4-6 настоящих листьев, второе -через 10-14 дней после первого",,2,III,1448
regulyator-immunitet-i-ustoychivost,регулятор: иммунитет и устойчивость,регулятор,malina,малина,geteroauksin,Гетероауксин,регулятор роста,046-07-5038-1,04.10.2026,2 табл. /10 лводы,2 табл,"Обмакивание или замачивание на 1-2 часа корневой системы растений перед посадкой в водном растворе препарата, или обмакивание корневой системы растений в сметанообразную массу, состоящую из глины и торфяной крошки, замешанных на растворе гетероауксина Полив растений под корень после посадки",,1,III,1364
regulyator-immunitet-i-ustoychivost,регулятор: иммунитет и устойчивость,регулятор,malina,малина,geteroauksin,Гетероауксин,регулятор роста,046-07-5038-1,04.10.2026,2 табл. /10 лводы,2 табл,Полив растений под корень после посадки,,1,III,1364
regulyator-immunitet-i-ustoychivost,регулятор: иммунитет и устойчивость,регулятор,malina,малина,geteroauksin,Гетероауксин,регулятор роста,046-07-5038-1,04.10.2026,2 табл. /10 лводы,2 табл,"Полив растений под корень: 1-й – весной, в период распускания почек; 2-й – осенью, в период пожелтения листьев",,2,III,1364
regulyator-immunitet-i-ustoychivost,регулятор: иммунитет и устойчивость,регулятор,malina,малина,geteroauksin,Гетероауксин,регулятор роста,046-07-5039-1,04.10.2026,"0,2 г/10 лводы","0,2 г","Обмакивание или замачивание на 1-2 часа корневой системы растений перед посадкой в водном растворе препарата, или обмакивание корневой системы растений в сметанообразную массу, состоящую из глины и торфяной крошки, замешанную на растворе гетероауксина",,1,III,1367
regulyator-immunitet-i-ustoychivost,регулятор: иммунитет и устойчивость,регулятор,malina,малина,geteroauksin,Гетероауксин,регулятор роста,046-07-5039-1,04.10.2026,"0,2 г/10 лводы","0,2 г",Полив растений под корень после посадки,,1,III,1367
regulyator-immunitet-i-ustoychivost,регулятор: иммунитет и устойчивость,регулятор,malina,малина,geteroauksin,Гетероауксин,регулятор роста,046-07-5039-1,04.10.2026,"0,2 г/10 лводы","0,2 г","Полив растений под корень: 1-й – весной, в период распускания почек; 2-й – осенью, в период пожелтения листьев",,2,III,1367
regulyator-immunitet-i-ustoychivost,регулятор: иммунитет и устойчивость,регулятор,malina,малина,geteroauksin,Гетероауксин+,регулятор роста,033-07-3057-1,17.03.2031,4 г/л воды,40 г,Замачивание черенков перед посадкой на 10-16 часов,,1,III,1409
regulyator-immunitet-i-ustoychivost,регулятор: иммунитет и устойчивость,регулятор,malina,малина,geteroauksin,Гетероауксин+,регулятор роста,033-07-3057-1,17.03.2031,10 г/10 лводы,10 г,Обмакивание корневой системы растений перед посадкой,,1,III,1410
regulyator-immunitet-i-ustoychivost,регулятор: иммунитет и устойчивость,регулятор,malina,малина,geteroauksin,Гетероауксин+,регулятор роста,033-07-3057-1,17.03.2031,10 г/10 лводы,10 г,Полив растений под корень через 5 дней после посадки,,1,III,1410
regulyator-immunitet-i-ustoychivost,регулятор: иммунитет и устойчивость,регулятор,malina,малина,kornerost-m,Корнерост М,регулятор роста,046-07-5079-1,13.03.2029,1-2 г/10 черенков,,Обработка предварительно увлажненного базального среза черенка,,1,III,1415
regulyator-immunitet-i-ustoychivost,регулятор: иммунитет и устойчивость,регулятор,morkov,морковь,agat-25-super,Агат-25 Супер,регулятор роста,471-07-1781-1,04.03.2028,4-7 г/лводы,40–70 г,Замачивание семян перед посевом на 3 часа,,1,III,1399
regulyator-immunitet-i-ustoychivost,регулятор: иммунитет и устойчивость,регулятор,morkov,морковь,agat-25-super,Агат-25 Супер,регулятор роста,471-07-1781-1,04.03.2028,140 мг/3 лводы,,Опрыскивание растений в фазе 2-3 листьев,,1,III,1399
regulyator-immunitet-i-ustoychivost,регулятор: иммунитет и устойчивость,регулятор,morkov,морковь,albit,Альбит,регулятор роста,081-07-9800-1,03.03.2036,2 мл/лводы,20 мл,Замачивание семян перед посевом на 3 часа.,,1,III,1727
regulyator-immunitet-i-ustoychivost,регулятор: иммунитет и устойчивость,регулятор,morkov,морковь,albit,Альбит,регулятор роста,081-07-9800-1,03.03.2036,1 мл/10 лводы,1 мл,"Опрыскивание растений: 1-е – в фазе 2-3 листьев, 2-е – через 15 дней после первого опрыскивания.",,2,III,1727
regulyator-immunitet-i-ustoychivost,регулятор: иммунитет и устойчивость,регулятор,morkov,морковь,bioduks,Биодукс,регулятор роста,173-07-4899-0,05.06.2028,"0,02 мл/200 мл воды",1 мл,Замачивание семян перед посевом на 1 час,,1,III,1481
regulyator-immunitet-i-ustoychivost,регулятор: иммунитет и устойчивость,регулятор,morkov,морковь,bioduks,Биодукс,регулятор роста,173-07-4899-0,05.06.2028,"0,03-0,05 мл/3 лводы","0,1–0,2 мл",Опрыскивание растений в фазе смыкания рядков,,1,III,1481
regulyator-immunitet-i-ustoychivost,регулятор: иммунитет и устойчивость,регулятор,morkov,морковь,verva,Вэрва,регулятор роста,145-07-1604-1,20.11.2027,"0,15 мл/100 мл воды",15 мл,Замачивание семян на 6-12 часов,,1,III,1765
regulyator-immunitet-i-ustoychivost,регулятор: иммунитет и устойчивость,регулятор,morkov,морковь,verva,Вэрва,регулятор роста,145-07-1604-1,20.11.2027,5 мл/3 лводы,"16,7 мл","Опрыскивание растений: 1-е - в фазе 3-4 листьев, 2-е - в начале формирования корнеплодов",,2,III,1765
regulyator-immunitet-i-ustoychivost,регулятор: иммунитет и устойчивость,регулятор,morkov,морковь,obepeg,ОбеpeгЪ,регулятор роста,033-07-1377-1,26.02.2027,"0,02 мл/100 мл воды",2 мл,Замачивание семян перед посевом на 1 час,,1,III,1466
regulyator-immunitet-i-ustoychivost,регулятор: иммунитет и устойчивость,регулятор,morkov,морковь,plantarel,Плантарел,регулятор роста,734-07-3223-1,14.07.2031,5-10 мл/ 10 лводы,5–10 мл,"Опрыскивание растений: 1-е - в фазе 2-6 настоящих листьев, 2-е-через 10-15 дней после первого опрыскивания, 3-е – через 10-15 дней после второго опрыскивания",,3,III,1619
regulyator-immunitet-i-ustoychivost,регулятор: иммунитет и устойчивость,регулятор,morkov,морковь,prorostok,Проросток,регулятор роста,033-07-1375-1,26.02.2027,"0,2 мл/ 100 мл воды",20 мл,Замачивание семян перед посевом на 1 час,,1,III,1472
regulyator-immunitet-i-ustoychivost,регулятор: иммунитет и устойчивость,регулятор,morkov,морковь,ekopin,Экопин,регулятор роста,012-07-2246-1,27.05.2029,2 г/л воды,20 г,Замачивание семян перед посевом в течение 3 часов,,1,III,1625
regulyator-immunitet-i-ustoychivost,регулятор: иммунитет и устойчивость,регулятор,morkov,морковь,ekopin,Экопин,регулятор роста,012-07-2246-1,27.05.2029,1 г/10 лводы,1 г,"Опрыскивание растений: первое - в фазе 2-3 листьев, второе - через 15 дней после первого опрыскивания",,2,III,1625
regulyator-immunitet-i-ustoychivost,регулятор: иммунитет и устойчивость,регулятор,oblepiha,облепиха,kornerost-m,Корнерост М,регулятор роста,046-07-5079-1,13.03.2029,1-2 г/10 черенков,,Обработка предварительно увлажненного базального среза черенка,,1,III,1415
regulyator-immunitet-i-ustoychivost,регулятор: иммунитет и устойчивость,регулятор,ogorod,огород (общее),korney,Корней,регулятор роста,012-07-3073-1,24.03.2031,1 г/л воды,10 г,Полив растений под корень сразу после посадки,,1,III,1413
regulyator-immunitet-i-ustoychivost,регулятор: иммунитет и устойчивость,регулятор,ogurets,огурец,agat-25-super,Агат-25 Супер,регулятор роста,471-07-1781-1,04.03.2028,4-7 г/лводы,40–70 г,Замачивание семян перед посевом на 3 часа,,1,III,1399
regulyator-immunitet-i-ustoychivost,регулятор: иммунитет и устойчивость,регулятор,ogurets,огурец,agat-25-super,Агат-25 Супер,регулятор роста,471-07-1781-1,04.03.2028,140 мг/3 лводы,,Опрыскивание растений в фазе 2-3 листьев,,1,III,1399
regulyator-immunitet-i-ustoychivost,регулятор: иммунитет и устойчивость,регулятор,ogurets,огурец,agrostimul-ve,"АгроСтимул, ВЭ",регулятор роста,002-07-4818-0,10.03.2028,"0,01 мл /100 мл воды",1 мл,Замачивание семян перед посевом на 2 часа.,,1,III,1566
regulyator-immunitet-i-ustoychivost,регулятор: иммунитет и устойчивость,регулятор,ogurets,огурец,agrostimul-ve,"АгроСтимул, ВЭ",регулятор роста,002-07-4818-0,10.03.2028,2 мл/4 л воды,5 мл,"Опрыскивание растений: 1-е – в фазе 2-3 листьев, 2-е – в фазе начала цветения, 3-е - в фазе массового цветения.",,3,III,1566
regulyator-immunitet-i-ustoychivost,регулятор: иммунитет и устойчивость,регулятор,ogurets,огурец,albit,Альбит,регулятор роста,081-07-9800-1,03.03.2036,2 мл/лводы,20 мл,Замачивание семян перед посевом на 3 часа.,,1,III,1724
regulyator-immunitet-i-ustoychivost,регулятор: иммунитет и устойчивость,регулятор,ogurets,огурец,albit,Альбит,регулятор роста,081-07-9800-1,03.03.2036,1 мл/10 лводы,1 мл,"Опрыскивание растений: 1-е – в фазе 2-3 листьев, 2-е -через 15 дней после первого опрыскивания (перед высадкой рассады в грунт).",,2,III,1725
regulyator-immunitet-i-ustoychivost,регулятор: иммунитет и устойчивость,регулятор,ogurets,огурец,bioagro-rr,Биоагро-РР,регулятор роста,591(526)-07-2502-1,11.12.2029,5 мл/лводы,50 мл,Замачивание семян перед посевом в течение 1 часа,,1,III,1443
regulyator-immunitet-i-ustoychivost,регулятор: иммунитет и устойчивость,регулятор,ogurets,огурец,bioagro-rr,Биоагро-РР,регулятор роста,591(526)-07-2502-1,11.12.2029,5 мл/лводы,50 мл,Замачивание корневой системы рассады перед посадкой в течение 1 часа,,1,III,1443
regulyator-immunitet-i-ustoychivost,регулятор: иммунитет и устойчивость,регулятор,ogurets,огурец,bioagro-rr,Биоагро-РР,регулятор роста,591(526)-07-2502-1,11.12.2029,200 мл/ 10 лводы,200 мл,Опрыскивание растений: 1-е – в фазе 2-3 листьев; 2-е – через 10 дней после первого опрыскивания,,2,III,1444
regulyator-immunitet-i-ustoychivost,регулятор: иммунитет и устойчивость,регулятор,ogurets,огурец,bioagro-rr,Биоагро-РР,регулятор роста,591(526)-07-2502-1,11.12.2029,5 мл/лводы,50 мл,Замачивание семян перед посевом в течение 1 часа,,1,III,1444
regulyator-immunitet-i-ustoychivost,регулятор: иммунитет и устойчивость,регулятор,ogurets,огурец,bioagro-rr,Биоагро-РР,регулятор роста,591(526)-07-2502-1,11.12.2029,5 мл/лводы,50 мл,Замачивание корневой системы рассады перед посадкой в течение 1 часа,,1,III,1444
regulyator-immunitet-i-ustoychivost,регулятор: иммунитет и устойчивость,регулятор,ogurets,огурец,bioagro-rr,Биоагро-РР,регулятор роста,591(526)-07-2502-1,11.12.2029,300 мл/10 лводы,300 мл,Опрыскивание растений: 1-е – в фазе 2-3 листьев; 2-е – через 10 дней после первого опрыскивания,,2,III,1444
regulyator-immunitet-i-ustoychivost,регулятор: иммунитет и устойчивость,регулятор,ogurets,огурец,bioagro-rr,Биоагро-РР,регулятор роста,591(526)-07-2502-1,11.12.2029,5 мл/лводы,50 мл,Замачивание корневой системы рассады перед посадкой в течение 1 часа,,1,III,1446
regulyator-immunitet-i-ustoychivost,регулятор: иммунитет и устойчивость,регулятор,ogurets,огурец,bioagro-rr,Биоагро-РР,регулятор роста,591(526)-07-2502-1,11.12.2029,5 мл/лводы,50 мл,Замачивание корневой системы рассады перед посадкой в течение 1 часа,,1,III,1446
regulyator-immunitet-i-ustoychivost,регулятор: иммунитет и устойчивость,регулятор,ogurets,огурец,biosil,Биосил,регулятор роста,347-07-1440-1,05.04.2027,"0,15 мл/3 лводы","0,5 мл","Опрыскивание: 1-е - в фазе 2-4 листьев, 2-е - в фазе начала цветения, 3-е – в фазе массового цветения, 4-е – через 7 дней после третьего опрыскивания",,4,III,1760
regulyator-immunitet-i-ustoychivost,регулятор: иммунитет и устойчивость,регулятор,ogurets,огурец,verva,Вэрва,регулятор роста,145-07-1604-1,20.11.2027,"0,8 мл/3 лводы","2,7 мл","Опрыскивание растений: 1-е – в фазе 2-4 листьев; 2-е – в фазе начала цветения 2-ой кисти, 3-е - в период массового цветения",,3,III,1766
regulyator-immunitet-i-ustoychivost,регулятор: иммунитет и устойчивость,регулятор,ogurets,огурец,geteroauksin,Гетероауксин,регулятор роста,046-07-5038-1,04.10.2026,5 табл./20 лводы,"2,5 табл",Полив растений под корень после посадки,,1,III,1363
regulyator-immunitet-i-ustoychivost,регулятор: иммунитет и устойчивость,регулятор,ogurets,огурец,geteroauksin,Гетероауксин,регулятор роста,046-07-5038-1,04.10.2026,1 табл./2 лводы,5 табл,Обмакивание корневой системы растений перед высадкой в грунт,,1,III,1363
regulyator-immunitet-i-ustoychivost,регулятор: иммунитет и устойчивость,регулятор,ogurets,огурец,geteroauksin,Гетероауксин,регулятор роста,046-07-5039-1,04.10.2026,"0,5 г/10 лводы","0,5 г",Обмакивание корневой системы растений перед высадкой в грунт,,1,III,1367
regulyator-immunitet-i-ustoychivost,регулятор: иммунитет и устойчивость,регулятор,ogurets,огурец,geteroauksin,Гетероауксин,регулятор роста,046-07-5039-1,04.10.2026,"0,5 г/20 лводы","0,2 г",Полив растений под корень после посадки,,1,III,1367
regulyator-immunitet-i-ustoychivost,регулятор: иммунитет и устойчивость,регулятор,ogurets,огурец,geteroauksin,Гетероауксин+,регулятор роста,033-07-3057-1,17.03.2031,4 г/10 лводы,4 г,Обмакивание корневой системы растений перед высадкой в грунт,,1,III,1409
regulyator-immunitet-i-ustoychivost,регулятор: иммунитет и устойчивость,регулятор,ogurets,огурец,giberelon,Гиберелон,регулятор роста,427-07-2226-1,19.05.2029,"0,2-0,4 г/2 лводы",1–2 г,"Опрыскивание растений: 1-е - в фазе начала цветения (появление единичных цветков), 2-е – в фазе массового цветения",,2,III,1497
regulyator-immunitet-i-ustoychivost,регулятор: иммунитет и устойчивость,регулятор,ogurets,огурец,krezatsin-krp,"Крезацин, КРП",регулятор роста,342-07-2099-1,05.02.2029,1 табл./ 100 мл воды,100 табл,Замачивание семян перед посевом на 30 минут,,1,III,1651
regulyator-immunitet-i-ustoychivost,регулятор: иммунитет и устойчивость,регулятор,ogurets,огурец,krezatsin-krp,"Крезацин, КРП",регулятор роста,342-07-2099-1,05.02.2029,1 табл./ 3 лводы,"3,3 табл","Опрыскивание растений: 1-е - в фазе 2-4 листьев, 2-е - в фазе начала бутонизации",,2,III,1652
regulyator-immunitet-i-ustoychivost,регулятор: иммунитет и устойчивость,регулятор,ogurets,огурец,krepen,Крепень,регулятор роста,008-07-1585-1,06.11.2027,"1,5 мл/лводы",15 мл,"Полив под корень: 1-й – в фазе 3-х листьев, 2-й через – через 14 дней после первого полива",,2,III,1782
regulyator-immunitet-i-ustoychivost,регулятор: иммунитет и устойчивость,регулятор,ogurets,огурец,mival-agro,Мивал-Агро,регулятор роста,467-07-1697-1,30.01.2028,"0,2 г/ 200 мл воды",10 г,Замачивание семян перед посевом на 30-40 минут,,1,III,1667
regulyator-immunitet-i-ustoychivost,регулятор: иммунитет и устойчивость,регулятор,ogurets,огурец,mival-agro,Мивал-Агро,регулятор роста,467-07-1697-1,30.01.2028,"0,1 г/ 3 лводы","0,3 г","Опрыскивание растений: 1-е - в фазе 2-4 листьев, 2-е - в фазе бутонизации",,2,III,1668
regulyator-immunitet-i-ustoychivost,регулятор: иммунитет и устойчивость,регулятор,ogurets,огурец,obepeg,ОбеpeгЪ,регулятор роста,033-07-1377-1,26.02.2027,"0,02 мл/100 мл воды",2 мл,Замачивание семян в течение 30-40 минут,,1,III,1466
regulyator-immunitet-i-ustoychivost,регулятор: иммунитет и устойчивость,регулятор,ogurets,огурец,obepeg,ОбеpeгЪ,регулятор роста,033-07-1377-1,26.02.2027,"0,6 мл/3 лводы",2 мл,"Опрыскивание: 1-е - в фазе 3 -х листьев, 2-е - в начале фазы цветения",,2,III,1466
regulyator-immunitet-i-ustoychivost,регулятор: иммунитет и устойчивость,регулятор,ogurets,огурец,plantarel,Плантарел,регулятор роста,734-07-3223-1,14.07.2031,1 мл/100 мл воды,100 мл,Замачивание семян перед посевом,,1,III,1618
regulyator-immunitet-i-ustoychivost,регулятор: иммунитет и устойчивость,регулятор,ogurets,огурец,plantarel,Плантарел,регулятор роста,734-07-3223-1,14.07.2031,5-10 мл/ 10 лводы,5–10 мл,"Опрыскивание растений: 1-е - в фазе 6-8 настоящих листьев, 2-е - в начале цветения, 3-е - в фазе образования плодов",,3,III,1618
regulyator-immunitet-i-ustoychivost,регулятор: иммунитет и устойчивость,регулятор,ogurets,огурец,prorostok,Проросток,регулятор роста,033-07-1375-1,26.02.2027,"0,2 мл/ 100 мл воды",20 мл,Замачивание семян перед посевом на 30-40 минут,,1,III,1472
regulyator-immunitet-i-ustoychivost,регулятор: иммунитет и устойчивость,регулятор,ogurets,огурец,rutamon,Рутамон,регулятор роста,778-07-3842-1,25.10.2032,"0,1 мл/лводы",1 мл,"Опрыскивание растений: 1-е - после высадки рассады в грунт, 2-е – в фазе массового цветения, 3-е - через 7-10 дней после второго опрыскивания",,2,III,1447
regulyator-immunitet-i-ustoychivost,регулятор: иммунитет и устойчивость,регулятор,ogurets,огурец,ekogel-ekstra,Экогель экстра,регулятор роста,074-07-3127-1,26.04.2031,25 мл/лводы,250 мл,Замачивание семян перед посевом на 12 часов,,1,III,1623
regulyator-immunitet-i-ustoychivost,регулятор: иммунитет и устойчивость,регулятор,ogurets,огурец,ekogel-ekstra,Экогель экстра,регулятор роста,074-07-3127-1,26.04.2031,10 мл/лводы,100 мл,"Опрыскивание растений: 1-е - за 7 дней до высадки рассады в грунт, 2-е - через 14 дней после пересадки, 3-е - через 30 дней после второго опрыскивания",,3,III,1623
regulyator-immunitet-i-ustoychivost,регулятор: иммунитет и устойчивость,регулятор,ogurets,огурец,ekogel-ekstra,Экогель экстра,регулятор роста,074-07-3127-1,26.04.2031,15 мл/лводы,150 мл,"Полив растений под корень: 1-й при высадке рассады, 2-й, 3-й",,3,III,1623
regulyator-immunitet-i-ustoychivost,регулятор: иммунитет и устойчивость,регулятор,ogurets,огурец,ekopin,Экопин,регулятор роста,012-07-2246-1,27.05.2029,2 г/л воды,20 г,Замачивание семян перед посевом на 3 часа,,1,III,1625
regulyator-immunitet-i-ustoychivost,регулятор: иммунитет и устойчивость,регулятор,ogurets,огурец,energiya-m-krp,"Энергия-М, КРП",регулятор роста,124-07-1881-1,25.04.2028,2 табл./ 100 мл воды,200 табл,Замачивание семян перед посевом на 1 час,,1,III,1685
regulyator-immunitet-i-ustoychivost,регулятор: иммунитет и устойчивость,регулятор,ogurets,огурец,energiya-m-krp,"Энергия-М, КРП",регулятор роста,124-07-1881-1,25.04.2028,"1,5 табл./3 лводы",5 табл,"Опрыскивание растений: 1-е - в фазе 2-4 листьев, 2-е - в фазе начала бутонизации",,2,III,1686
regulyator-immunitet-i-ustoychivost,регулятор: иммунитет и устойчивость,регулятор,ogurets,огурец,etamon-bio,Этамон Био,регулятор роста,427-07-2227-1,19.05.2029,5 г/л воды,50 г,"Опрыскивание растений: первое - в фазе 3-6 листьев, второе через",,2,III,1447
regulyator-immunitet-i-ustoychivost,регулятор: иммунитет и устойчивость,регулятор,ogurets,огурец,etamon-bio,Этамон Био,регулятор роста,427-07-2227-1,19.05.2029,"5-7,5 г/лводы",50–75 г,"Опрыскивание растений: певрое - после высадки рассады в грунт, второе – в фазе массового цветения, третье - через 7-10 дней после второго опрыскивания",,3,III,1447
regulyator-immunitet-i-ustoychivost,регулятор: иммунитет и устойчивость,регулятор,perets,перец,agat-25-super,Агат-25 Супер,регулятор роста,471-07-1781-1,04.03.2028,140 мг/3 лводы,,"Опрыскивание растений: 1-е - в фазе 2-3 листьев, 2-е -через 20 дней после первого опрыскивания",,2,III,1398
regulyator-immunitet-i-ustoychivost,регулятор: иммунитет и устойчивость,регулятор,perets,перец,albit,Альбит,регулятор роста,081-07-9800-1,03.03.2036,2 мл/лводы,20 мл,Замачивание семян перед посевом на 3 часа.,,1,III,1725
regulyator-immunitet-i-ustoychivost,регулятор: иммунитет и устойчивость,регулятор,perets,перец,albit,Альбит,регулятор роста,081-07-9800-1,03.03.2036,1 мл/10 лводы,1 мл,"Опрыскивание растений: 1-е – в фазе 2-3 листьев, 2-е -через 15 дней после первого опрыскивания.",,2,III,1725
regulyator-immunitet-i-ustoychivost,регулятор: иммунитет и устойчивость,регулятор,perets,перец,geteroauksin,Гетероауксин,регулятор роста,046-07-5038-1,04.10.2026,5 табл./20 лводы,"2,5 табл",Полив растений под корень после посадки,,1,III,1363
regulyator-immunitet-i-ustoychivost,регулятор: иммунитет и устойчивость,регулятор,perets,перец,geteroauksin,Гетероауксин,регулятор роста,046-07-5038-1,04.10.2026,1 табл./2 лводы,5 табл,Обмакивание корневой системы растений перед высадкой в грунт,,1,III,1363
regulyator-immunitet-i-ustoychivost,регулятор: иммунитет и устойчивость,регулятор,perets,перец,geteroauksin,Гетероауксин,регулятор роста,046-07-5039-1,04.10.2026,"0,5 г/10 лводы","0,5 г",Обмакивание корневой системы растений перед высадкой в грунт,,1,III,1367
regulyator-immunitet-i-ustoychivost,регулятор: иммунитет и устойчивость,регулятор,perets,перец,geteroauksin,Гетероауксин,регулятор роста,046-07-5039-1,04.10.2026,"0,5 г/20 лводы","0,2 г",Полив растений под корень после посадки,,1,III,1367
regulyator-immunitet-i-ustoychivost,регулятор: иммунитет и устойчивость,регулятор,perets,перец,geteroauksin,Гетероауксин+,регулятор роста,033-07-3057-1,17.03.2031,4 г/10 лводы,4 г,Обмакивание корневой системы растений перед высадкой в грунт,,1,III,1409
regulyator-immunitet-i-ustoychivost,регулятор: иммунитет и устойчивость,регулятор,perets,перец,giberelon,Гиберелон,регулятор роста,427-07-2226-1,19.05.2029,"0,2-0,4 г/2 лводы",1–2 г,"Опрыскивание растений: 1-е - в фазе начала бутонизации, 2-е – в фазе начала цветения",,2,III,1497
regulyator-immunitet-i-ustoychivost,регулятор: иммунитет и устойчивость,регулятор,perets,перец,grin-deyl,Грин Дейл,регулятор роста,008-07-3511-1,02.03.2032,6-10 мл/лводы,60–100 мл,Замачивание семян перед посевом на 1-2 часа,,1,III,1823
regulyator-immunitet-i-ustoychivost,регулятор: иммунитет и устойчивость,регулятор,perets,перец,mival-agro,Мивал-Агро,регулятор роста,467-07-1697-1,30.01.2028,"0,15 г/ 3 лводы","0,5 г","Опрыскивание растений: 1-е - через 10 дней после высадки рассады, 2-е - в фазе бутонизация-начало цветения",,2,III,1667
regulyator-immunitet-i-ustoychivost,регулятор: иммунитет и устойчивость,регулятор,perets,перец,ekopin,Экопин,регулятор роста,012-07-2246-1,27.05.2029,2 г/ лводы,20 г,Замачивание семян перед посевом в течение 3 часов,,1,III,1627
regulyator-immunitet-i-ustoychivost,регулятор: иммунитет и устойчивость,регулятор,perets,перец,ekopin,Экопин,регулятор роста,012-07-2246-1,27.05.2029,1 г/10 лводы,1 г,"Опрыскивание растений: первое - в фазе 2-3 листьев, второе - через 15 дней после первого опрыскивания",,2,III,1627
regulyator-immunitet-i-ustoychivost,регулятор: иммунитет и устойчивость,регулятор,perets,перец,etamon-bio,Этамон Био,регулятор роста,427-07-2227-1,19.05.2029,5 г/л воды,50 г,"Опрыскивание растений: первое - в фазе 3-6 листьев, второе через",,2,III,1447
regulyator-immunitet-i-ustoychivost,регулятор: иммунитет и устойчивость,регулятор,perets,перец,etamon-bio,Этамон Био,регулятор роста,427-07-2227-1,19.05.2029,"5-7,5 г/лводы",50–75 г,"Опрыскивание растений: певрое - после высадки рассады в грунт, второе – в фазе массового цветения, третье - через 7-10 дней после второго опрыскивания",,3,III,1447
regulyator-immunitet-i-ustoychivost,регулятор: иммунитет и устойчивость,регулятор,plodovye-derevya,плодовые деревья (общее),agat-25-super,Агат-25 Супер,регулятор роста,471-07-1781-1,04.03.2028,1-3 г/10 лводы,1–3 г,Опрыскивание растений в первой половине вегетационного сезона двухкратно с интервалом 14-18 дней (куст),,2,III,1400
regulyator-immunitet-i-ustoychivost,регулятор: иммунитет и устойчивость,регулятор,plodovye-derevya,плодовые деревья (общее),agat-25-super,Агат-25 Супер,регулятор роста,471-07-1781-1,04.03.2028,1-3 г/10 лводы,1–3 г,Опрыскивание растений в первой половине вегетационного сезона двухкратно с интервалом 14-18 дней (дерево высотой 5-10 м),,2,III,1400
regulyator-immunitet-i-ustoychivost,регулятор: иммунитет и устойчивость,регулятор,plodovye-derevya,плодовые деревья (общее),agat-25-super,Агат-25 Супер,регулятор роста,471-07-1781-1,04.03.2028,1-3 г/10 лводы,1–3 г,Опрыскивание растений в первой половине вегетационного сезона двухкратно с интервалом 14-18 дней (дерево высотой 10-20 м),,2,III,1401
regulyator-immunitet-i-ustoychivost,регулятор: иммунитет и устойчивость,регулятор,plodovye-derevya,плодовые деревья (общее),albit,Альбит,регулятор роста,081-07-9800-1,03.03.2036,1 мл/10 лводы,1 мл,"Опрыскивание растений: 1-е – в период возобновления вегетации (весной), 2-е через - 15 дней после первого опрыскивания.",,2,III,1730
regulyator-immunitet-i-ustoychivost,регулятор: иммунитет и устойчивость,регулятор,plodovye-derevya,плодовые деревья (общее),geteroauksin,Гетероауксин,регулятор роста,046-07-5038-1,04.10.2026,1 табл. /2 лводы,5 табл,Обмакивание корневой системы растений перед высадкой в грунт,,1,III,1363
regulyator-immunitet-i-ustoychivost,регулятор: иммунитет и устойчивость,регулятор,plodovye-derevya,плодовые деревья (общее),geteroauksin,Гетероауксин,регулятор роста,046-07-5038-1,04.10.2026,5 табл. /20 лводы,"2,5 табл",Полив растений под корень после посадки,,1,III,1363
regulyator-immunitet-i-ustoychivost,регулятор: иммунитет и устойчивость,регулятор,plodovye-derevya,плодовые деревья (общее),geteroauksin,Гетероауксин,регулятор роста,046-07-5039-1,04.10.2026,"0,5 г/10 лводы","0,5 г",Обмакивание корневой системы растений перед высадкой в грунт,,1,III,1366
regulyator-immunitet-i-ustoychivost,регулятор: иммунитет и устойчивость,регулятор,plodovye-derevya,плодовые деревья (общее),geteroauksin,Гетероауксин,регулятор роста,046-07-5039-1,04.10.2026,"0,5 г/20 лводы","0,2 г",Полив растений под корень после посадки,,1,III,1367
regulyator-immunitet-i-ustoychivost,регулятор: иммунитет и устойчивость,регулятор,plodovye-derevya,плодовые деревья (общее),geteroauksin,Гетероауксин+,регулятор роста,033-07-3057-1,17.03.2031,4 г/10 лводы,4 г,Обмакивание корневой системы растений перед высадкой в грунт,,1,III,1409
regulyator-immunitet-i-ustoychivost,регулятор: иммунитет и устойчивость,регулятор,plodovye-derevya,плодовые деревья (общее),korney,Корней,регулятор роста,012-07-3073-1,24.03.2031,1 г/л воды,10 г,Полив растений под корень сразу после посадки,,1,III,1413
regulyator-immunitet-i-ustoychivost,регулятор: иммунитет и устойчивость,регулятор,plodovye-derevya,плодовые деревья (общее),kornestim,Корнестим,регулятор роста,008-07-1288-1,11.12.2026,1 г/20 растений,,Полив под корень сразу после высадки рассады,,1,III,1414
regulyator-immunitet-i-ustoychivost,регулятор: иммунитет и устойчивость,регулятор,plodovye-derevya,плодовые деревья (общее),ukorenit,УкоренитЪ,регулятор роста,033-07-1287-1,11.12.2026,1 г/20 растений,,Полив под корень сразу после высадки рассады,,1,III,1414
regulyator-immunitet-i-ustoychivost,регулятор: иммунитет и устойчивость,регулятор,plodovye-derevya,плодовые деревья (общее),ekogel-ekstra,Экогель экстра,регулятор роста,074-07-3127-1,26.04.2031,15-70 мл/лводы,150–700 мл,"Полив растений под корень: 1-й - при пересадке или в начале возобновления вегетации, 2-й – через 15-30 дней после первого полива",,2,III,1623
regulyator-immunitet-i-ustoychivost,регулятор: иммунитет и устойчивость,регулятор,plodovye-derevya,плодовые деревья (общее),ekopin,Экопин,регулятор роста,012-07-2246-1,27.05.2029,1 г/л воды,10 г,Замачивание черенков перед посадкой на 3-5 часов,,1,III,1628
regulyator-immunitet-i-ustoychivost,регулятор: иммунитет и устойчивость,регулятор,plodovye-derevya,плодовые деревья (общее),ekopin,Экопин,регулятор роста,012-07-2246-1,27.05.2029,"0,5-5 г/ лводы",5–50 г,"Опрыскивание растений: первое – в период возобновления вегетации (весной), второе и (или) третье - с интервалом 15 дней",,2,III,1630
regulyator-immunitet-i-ustoychivost,регулятор: иммунитет и устойчивость,регулятор,roza,роза,geteroauksin,Гетероауксин,регулятор роста,046-07-5038-1,04.10.2026,2 табл. /лводы,20 табл,Замачивание зеленых и полуодревесневших черенков перед посадкой на 10-16 часов,,1,III,1364
regulyator-immunitet-i-ustoychivost,регулятор: иммунитет и устойчивость,регулятор,roza,роза,geteroauksin,Гетероауксин,регулятор роста,046-07-5039-1,04.10.2026,"0,2 г/лводы",2 г,Замачивание зеленых и полуодревесневших черенков перед посадкой на 10-16 часов,,1,III,1368
regulyator-immunitet-i-ustoychivost,регулятор: иммунитет и устойчивость,регулятор,roza,роза,geteroauksin,Гетероауксин+,регулятор роста,033-07-3057-1,17.03.2031,4 г/л воды,40 г,Замачивание черенков перед посадкой на 16 часов,,1,III,1410
regulyator-immunitet-i-ustoychivost,регулятор: иммунитет и устойчивость,регулятор,roza,роза,krezatsin-krp,"Крезацин, КРП",регулятор роста,342-07-2099-1,05.02.2029,½ табл./1лводы,,Замачивание черенков перед посадкой на 10 часов,,1,III,1652
regulyator-immunitet-i-ustoychivost,регулятор: иммунитет и устойчивость,регулятор,roza,роза,obepeg,ОбеpeгЪ,регулятор роста,033-07-1377-1,26.02.2027,"0,3 мл/1,5 лводы",2 мл,"Опрыскивание: 1-е после посадки (или в начале отрастания побегов), 2-е – в фазе выдвижения бутонов",,2,III,1469
regulyator-immunitet-i-ustoychivost,регулятор: иммунитет и устойчивость,регулятор,sazhentsy-i-posadochnyy-material,саженцы и посадочный материал,geteroauksin,Гетероауксин,регулятор роста,046-07-5038-1,04.10.2026,2 табл. /10 лводы,2 табл,"Обмакивание или замачивание на 1-2 часа корневой системы растений перед посадкой в водном растворе препарата, или обмакивание корневой системы растений в сметанообразную массу, состоящую из глины и торфяной крошки, замешанных на растворе гетероауксина Полив растений под корень после посадки",,1,III,1364
regulyator-immunitet-i-ustoychivost,регулятор: иммунитет и устойчивость,регулятор,sazhentsy-i-posadochnyy-material,саженцы и посадочный материал,geteroauksin,Гетероауксин,регулятор роста,046-07-5038-1,04.10.2026,2 табл. /10 лводы,2 табл,Полив растений под корень после посадки,,1,III,1364
regulyator-immunitet-i-ustoychivost,регулятор: иммунитет и устойчивость,регулятор,sazhentsy-i-posadochnyy-material,саженцы и посадочный материал,geteroauksin,Гетероауксин,регулятор роста,046-07-5039-1,04.10.2026,"0,2 г/10 лводы","0,2 г","Обмакивание или замачивание на 1-2 часа корневой системы растений перед посадкой в водном растворе препарата, или обмакивание корневой системы растений в сметанообразную массу, состоящую из глины и торфяной крошки, замешанную на растворе гетероауксина",,1,III,1367
regulyator-immunitet-i-ustoychivost,регулятор: иммунитет и устойчивость,регулятор,sazhentsy-i-posadochnyy-material,саженцы и посадочный материал,geteroauksin,Гетероауксин,регулятор роста,046-07-5039-1,04.10.2026,"0,2 г/10 лводы","0,2 г",Полив растений под корень после посадки,,1,III,1367
regulyator-immunitet-i-ustoychivost,регулятор: иммунитет и устойчивость,регулятор,sazhentsy-i-posadochnyy-material,саженцы и посадочный материал,geteroauksin,Гетероауксин+,регулятор роста,033-07-3057-1,17.03.2031,10 г/10 лводы,10 г,Обмакивание корневой системы растений перед посадкой,,1,III,1410
regulyator-immunitet-i-ustoychivost,регулятор: иммунитет и устойчивость,регулятор,sazhentsy-i-posadochnyy-material,саженцы и посадочный материал,geteroauksin,Гетероауксин+,регулятор роста,033-07-3057-1,17.03.2031,10 г/10 лводы,10 г,Полив растений под корень через 5 дней после посадки,,1,III,1410
regulyator-immunitet-i-ustoychivost,регулятор: иммунитет и устойчивость,регулятор,sazhentsy-i-posadochnyy-material,саженцы и посадочный материал,korennik,Коренник,регулятор роста,018-07-1869-1,11.04.2028,1 г/л воды,10 г,Замачивание корневой системы на 6 часов,,1,-,1411
regulyator-immunitet-i-ustoychivost,регулятор: иммунитет и устойчивость,регулятор,sazhentsy-i-posadochnyy-material,саженцы и посадочный материал,korennik,Коренник,регулятор роста,018-07-1869-1,11.04.2028,1 г/л воды,10 г,Полив под корень через 10 дней после высадки,,1,-,1411
regulyator-immunitet-i-ustoychivost,регулятор: иммунитет и устойчивость,регулятор,sazhentsy-i-posadochnyy-material,саженцы и посадочный материал,korney,Корней,регулятор роста,012-07-3073-1,24.03.2031,1 г/л воды,10 г,Замачивание корневой системы растений перед посадкой 6 часов,,1,III,1413
regulyator-immunitet-i-ustoychivost,регулятор: иммунитет и устойчивость,регулятор,sazhentsy-i-posadochnyy-material,саженцы и посадочный материал,korney,Корней,регулятор роста,012-07-3073-1,24.03.2031,1 г/л воды,10 г,Полив растений под корень через 10 дней после посадки,,1,III,1413
regulyator-immunitet-i-ustoychivost,регулятор: иммунитет и устойчивость,регулятор,sazhentsy-i-posadochnyy-material,саженцы и посадочный материал,kornestim,Корнестим,регулятор роста,008-07-1288-1,11.12.2026,1 г/л воды,10 г,Замачивание корневой системы на 6 часов,,1,III,1414
regulyator-immunitet-i-ustoychivost,регулятор: иммунитет и устойчивость,регулятор,sazhentsy-i-posadochnyy-material,саженцы и посадочный материал,kornestim,Корнестим,регулятор роста,008-07-1288-1,11.12.2026,1 г/л воды,10 г,Полив под корень через 10 дней после высадки,,1,III,1414
regulyator-immunitet-i-ustoychivost,регулятор: иммунитет и устойчивость,регулятор,sazhentsy-i-posadochnyy-material,саженцы и посадочный материал,silatsin-krp,"Силацин, КРП",регулятор роста,324-07-2045-1,05.11.2028,2 табл./лводы,20 табл,Замачивание корневой системы саженцев перед посадкой на 6-8 часов,,1,III,1800
regulyator-immunitet-i-ustoychivost,регулятор: иммунитет и устойчивость,регулятор,sazhentsy-i-posadochnyy-material,саженцы и посадочный материал,ukorenit,УкоренитЪ,регулятор роста,033-07-1287-1,11.12.2026,1 г/л воды,10 г,Замачивание корневой системы на 6 часов,,1,III,1415
regulyator-immunitet-i-ustoychivost,регулятор: иммунитет и устойчивость,регулятор,sazhentsy-i-posadochnyy-material,саженцы и посадочный материал,ukorenit,УкоренитЪ,регулятор роста,033-07-1287-1,11.12.2026,1 г/л воды,10 г,Полив под корень через 10 дней после высадки,,1,III,1415
regulyator-immunitet-i-ustoychivost,регулятор: иммунитет и устойчивость,регулятор,sazhentsy-i-posadochnyy-material,саженцы и посадочный материал,energiya-m-krp,"Энергия-М, КРП",регулятор роста,124-07-1881-1,25.04.2028,2 табл./лводы,20 табл,Замачивание корневой системы саженцев перед посадкой на 6-8 часов,,1,III,1693
regulyator-immunitet-i-ustoychivost,регулятор: иммунитет и устойчивость,регулятор,svekla,свекла,agat-25-super,Агат-25 Супер,регулятор роста,471-07-1781-1,04.03.2028,"1-1,5 г/100 мл воды",100–150 г,Предпосевная обработка семян,,1,III,1397
regulyator-immunitet-i-ustoychivost,регулятор: иммунитет и устойчивость,регулятор,svekla,свекла,agat-25-super,Агат-25 Супер,регулятор роста,471-07-1781-1,04.03.2028,140 мг/3 лводы,,Опрыскивание растений в фазе смыкания ботвы в рядках,,1,III,1397
regulyator-immunitet-i-ustoychivost,регулятор: иммунитет и устойчивость,регулятор,svekla,свекла,albit,Альбит,регулятор роста,081-07-9800-1,03.03.2036,1 мл/10 лводы,1 мл,"Опрыскивание растений: 1-е – в фазе смыкания ботвы в рядках, 2-е - через 3 недели после первого опрыскивания.",,2,III,1724
regulyator-immunitet-i-ustoychivost,регулятор: иммунитет и устойчивость,регулятор,svekla,свекла,ekopin,Экопин,регулятор роста,012-07-2246-1,27.05.2029,1 г/10 лводы,1 г,"Опрыскивание растений: первое - в фазе смыкания ботвы в рядках, второе -через 3 недели после первого опрыскивания",,2,III,1623
regulyator-immunitet-i-ustoychivost,регулятор: иммунитет и устойчивость,регулятор,svekla,свекла,emistim,Эмистим,регулятор роста,392-07-1237-1,20.09.2026,"0,00001 мл/лводы",0 мл,Предпосевная обработка семян,,1,III,1423
regulyator-immunitet-i-ustoychivost,регулятор: иммунитет и устойчивость,регулятор,svekla,свекла,emistim,Эмистим,регулятор роста,392-07-1237-1,20.09.2026,"0,00001 мл/лводы",0 мл,Предпосевная обработка семян,,1,III,1424
regulyator-immunitet-i-ustoychivost,регулятор: иммунитет и устойчивость,регулятор,sliva,слива,geteroauksin,Гетероауксин,регулятор роста,046-07-5038-1,04.10.2026,2 табл. /10 лводы,2 табл,"Обмакивание или замачивание на 1-2 часа корневой системы растений перед посадкой в водном растворе препарата, или обмакивание корневой системы растений в сметанообразную массу, состоящую из глины и торфяной крошки, замешанных на растворе гетероауксина Полив растений под корень после посадки",,1,III,1364
regulyator-immunitet-i-ustoychivost,регулятор: иммунитет и устойчивость,регулятор,sliva,слива,geteroauksin,Гетероауксин,регулятор роста,046-07-5038-1,04.10.2026,2 табл. /10 лводы,2 табл,Полив растений под корень после посадки,,1,III,1364
regulyator-immunitet-i-ustoychivost,регулятор: иммунитет и устойчивость,регулятор,sliva,слива,geteroauksin,Гетероауксин,регулятор роста,046-07-5038-1,04.10.2026,2 табл. /10 лводы,2 табл,"Полив растений под корень: 1-й – весной, в период распускания почек; 2-й – осенью, в период пожелтения листьев",,2,III,1364
regulyator-immunitet-i-ustoychivost,регулятор: иммунитет и устойчивость,регулятор,sliva,слива,geteroauksin,Гетероауксин,регулятор роста,046-07-5039-1,04.10.2026,"0,2 г/10 лводы","0,2 г","Обмакивание или замачивание на 1-2 часа корневой системы растений перед посадкой в водном растворе препарата, или обмакивание корневой системы растений в сметанообразную массу, состоящую из глины и торфяной крошки, замешанную на растворе гетероауксина",,1,III,1367
regulyator-immunitet-i-ustoychivost,регулятор: иммунитет и устойчивость,регулятор,sliva,слива,geteroauksin,Гетероауксин,регулятор роста,046-07-5039-1,04.10.2026,"0,2 г/10 лводы","0,2 г",Полив растений под корень после посадки,,1,III,1367
regulyator-immunitet-i-ustoychivost,регулятор: иммунитет и устойчивость,регулятор,sliva,слива,geteroauksin,Гетероауксин,регулятор роста,046-07-5039-1,04.10.2026,"0,2 г/10 лводы","0,2 г","Полив растений под корень: 1-й – весной, в период распускания почек; 2-й – осенью, в период пожелтения листьев",,2,III,1367
regulyator-immunitet-i-ustoychivost,регулятор: иммунитет и устойчивость,регулятор,sliva,слива,geteroauksin,Гетероауксин+,регулятор роста,033-07-3057-1,17.03.2031,4 г/л воды,40 г,Замачивание черенков перед посадкой на 10-16 часов,,1,III,1409
regulyator-immunitet-i-ustoychivost,регулятор: иммунитет и устойчивость,регулятор,sliva,слива,geteroauksin,Гетероауксин+,регулятор роста,033-07-3057-1,17.03.2031,10 г/10 лводы,10 г,Обмакивание корневой системы растений перед посадкой,,1,III,1410
regulyator-immunitet-i-ustoychivost,регулятор: иммунитет и устойчивость,регулятор,sliva,слива,geteroauksin,Гетероауксин+,регулятор роста,033-07-3057-1,17.03.2031,10 г/10 лводы,10 г,Полив растений под корень через 5 дней после посадки,,1,III,1410
regulyator-immunitet-i-ustoychivost,регулятор: иммунитет и устойчивость,регулятор,sliva,слива,geteroauksin,Гетероауксин+,регулятор роста,033-07-3057-1,17.03.2031,10 г/10 лводы,10 г,Обмакивание корневой системы растений перед посадкой,,1,III,1410
regulyator-immunitet-i-ustoychivost,регулятор: иммунитет и устойчивость,регулятор,sliva,слива,geteroauksin,Гетероауксин+,регулятор роста,033-07-3057-1,17.03.2031,10 г/10 лводы,10 г,Полив растений под корень через 5 дней после посадки,,1,III,1410
regulyator-immunitet-i-ustoychivost,регулятор: иммунитет и устойчивость,регулятор,sliva,слива,kornerost-m,Корнерост М,регулятор роста,046-07-5079-1,13.03.2029,1-2 г/10 черенков,,Обработка предварительно увлажненного базального среза черенка,,1,III,1415
regulyator-immunitet-i-ustoychivost,регулятор: иммунитет и устойчивость,регулятор,smorodina,смородина,albit,Альбит,регулятор роста,081-07-9800-1,03.03.2036,1 мл/10 лводы,1 мл,"Опрыскивание растений: 1-е – в фазе бутонизации, 2-е и 3-е – с интервалом 15 дней.",,3,III,1729
regulyator-immunitet-i-ustoychivost,регулятор: иммунитет и устойчивость,регулятор,smorodina,смородина,geteroauksin,Гетероауксин,регулятор роста,046-07-5038-1,04.10.2026,2 табл. /10 лводы,2 табл,"Обмакивание или замачивание на 1-2 часа корневой системы растений перед посадкой в водном растворе препарата, или обмакивание корневой системы растений в сметанообразную массу, состоящую из глины и торфяной крошки, замешанных на растворе гетероауксина Полив растений под корень после посадки",,1,III,1364
regulyator-immunitet-i-ustoychivost,регулятор: иммунитет и устойчивость,регулятор,smorodina,смородина,geteroauksin,Гетероауксин,регулятор роста,046-07-5038-1,04.10.2026,2 табл. /10 лводы,2 табл,Полив растений под корень после посадки,,1,III,1364
regulyator-immunitet-i-ustoychivost,регулятор: иммунитет и устойчивость,регулятор,smorodina,смородина,geteroauksin,Гетероауксин,регулятор роста,046-07-5038-1,04.10.2026,2 табл. /10 лводы,2 табл,"Полив растений под корень: 1-й – весной, в период распускания почек; 2-й – осенью, в период пожелтения листьев",,2,III,1364
regulyator-immunitet-i-ustoychivost,регулятор: иммунитет и устойчивость,регулятор,smorodina,смородина,geteroauksin,Гетероауксин,регулятор роста,046-07-5039-1,04.10.2026,"0,2 г/10 лводы","0,2 г","Обмакивание или замачивание на 1-2 часа корневой системы растений перед посадкой в водном растворе препарата, или обмакивание корневой системы растений в сметанообразную массу, состоящую из глины и торфяной крошки, замешанную на растворе гетероауксина",,1,III,1367
regulyator-immunitet-i-ustoychivost,регулятор: иммунитет и устойчивость,регулятор,smorodina,смородина,geteroauksin,Гетероауксин,регулятор роста,046-07-5039-1,04.10.2026,"0,2 г/10 лводы","0,2 г",Полив растений под корень после посадки,,1,III,1367
regulyator-immunitet-i-ustoychivost,регулятор: иммунитет и устойчивость,регулятор,smorodina,смородина,geteroauksin,Гетероауксин,регулятор роста,046-07-5039-1,04.10.2026,"0,2 г/10 лводы","0,2 г","Полив растений под корень: 1-й – весной, в период распускания почек; 2-й – осенью, в период пожелтения листьев",,2,III,1367
regulyator-immunitet-i-ustoychivost,регулятор: иммунитет и устойчивость,регулятор,smorodina,смородина,geteroauksin,Гетероауксин+,регулятор роста,033-07-3057-1,17.03.2031,4 г/л воды,40 г,Замачивание черенков перед посадкой на 10-16 часов,,1,III,1409
regulyator-immunitet-i-ustoychivost,регулятор: иммунитет и устойчивость,регулятор,smorodina,смородина,geteroauksin,Гетероауксин+,регулятор роста,033-07-3057-1,17.03.2031,10 г/10 лводы,10 г,Обмакивание корневой системы растений перед посадкой,,1,III,1410
regulyator-immunitet-i-ustoychivost,регулятор: иммунитет и устойчивость,регулятор,smorodina,смородина,geteroauksin,Гетероауксин+,регулятор роста,033-07-3057-1,17.03.2031,10 г/10 лводы,10 г,Полив растений под корень через 5 дней после посадки,,1,III,1410
regulyator-immunitet-i-ustoychivost,регулятор: иммунитет и устойчивость,регулятор,smorodina,смородина,kornerost-m,Корнерост М,регулятор роста,046-07-5079-1,13.03.2029,1-2 г/10 черенков,,Обработка предварительно увлажненного базального среза черенка,,1,III,1415
regulyator-immunitet-i-ustoychivost,регулятор: иммунитет и устойчивость,регулятор,smorodina,смородина,obepeg,ОбеpeгЪ,регулятор роста,033-07-1377-1,26.02.2027,"0,6 мл/3 лводы",2 мл,"Опрыскивание: 1-е - в начале фазы цветения, 2-е - через 30 дней после первого опрыскивания",,2,III,1469
regulyator-immunitet-i-ustoychivost,регулятор: иммунитет и устойчивость,регулятор,smorodina,смородина,ekopin,Экопин,регулятор роста,012-07-2246-1,27.05.2029,"0,5 г/лводы",5 г,"Опрыскивание растений: первое – в фазе бутонизации, второе и третье с интервалом 15 дней",,3,III,1629
regulyator-immunitet-i-ustoychivost,регулятор: иммунитет и устойчивость,регулятор,smorodina,смородина,emistim,Эмистим,регулятор роста,392-07-1237-1,20.09.2026,"0,01 мл/10 лводы",0 мл,"Опрыскивание: 1-е – в период появления первых листочков, 2-е и 3-е с интервалом 1 месяц",,1,III,1424
regulyator-immunitet-i-ustoychivost,регулятор: иммунитет и устойчивость,регулятор,smorodina,смородина,emistim,Эмистим,регулятор роста,392-07-1237-1,20.09.2026,"0,01 мл/10 лводы",0 мл,"Опрыскивание: 1-е – в период появления первых листочков, 2-е и 3-е с интервалом 1 месяц",,1,III,1425
regulyator-immunitet-i-ustoychivost,регулятор: иммунитет и устойчивость,регулятор,tomat,томат,agat-25-super,Агат-25 Супер,регулятор роста,471-07-1781-1,04.03.2028,"3,5 г/лводы",35 г,Замачивание семян перед посевом на 3 часа,,1,III,1398
regulyator-immunitet-i-ustoychivost,регулятор: иммунитет и устойчивость,регулятор,tomat,томат,agat-25-super,Агат-25 Супер,регулятор роста,471-07-1781-1,04.03.2028,140 мг/3 лводы,,"Опрыскивание растений: 1-е - в фазе 2-3 листьев, 2-е -через 20 дней после первого опрыскивания",,1,III,1398
regulyator-immunitet-i-ustoychivost,регулятор: иммунитет и устойчивость,регулятор,tomat,томат,agrostimul-ve,"АгроСтимул, ВЭ",регулятор роста,002-07-4818-0,10.03.2028,"0,01 мл /100 мл воды",1 мл,Замачивание семян перед посевом на 2 часа.,,1,III,1566
regulyator-immunitet-i-ustoychivost,регулятор: иммунитет и устойчивость,регулятор,tomat,томат,agrostimul-ve,"АгроСтимул, ВЭ",регулятор роста,002-07-4818-0,10.03.2028,"0,6 мл/4 лводы","1,5 мл","Опрыскивание растений: 1-е – в фазе начала цветения первой кисти, 2-е – через 10 дней после первого опрыскивания, 3-е - через 10 дней после второго опрыскивания.",,3,III,1566
regulyator-immunitet-i-ustoychivost,регулятор: иммунитет и устойчивость,регулятор,tomat,томат,albit,Альбит,регулятор роста,081-07-9800-1,03.03.2036,2 мл/лводы,20 мл,Замачивание семян перед посевом на 3 часа.,,1,III,1724
regulyator-immunitet-i-ustoychivost,регулятор: иммунитет и устойчивость,регулятор,tomat,томат,albit,Альбит,регулятор роста,081-07-9800-1,03.03.2036,1 мл/10 лводы,1 мл,"Опрыскивание растений: 1-е – в фазе 2-3 листьев, 2-е -через 15 дней после первого опрыскивания.",,2,III,1724
regulyator-immunitet-i-ustoychivost,регулятор: иммунитет и устойчивость,регулятор,tomat,томат,bioagro-rr,Биоагро-РР,регулятор роста,591(526)-07-2502-1,11.12.2029,5 мл/лводы,50 мл,Замачивание семян перед посевом в течение 1 часа,,1,III,1442
regulyator-immunitet-i-ustoychivost,регулятор: иммунитет и устойчивость,регулятор,tomat,томат,bioagro-rr,Биоагро-РР,регулятор роста,591(526)-07-2502-1,11.12.2029,5 мл/лводы,50 мл,Замачивание корневой системы рассады перед посадкой в течение 1 часа,,1,III,1442
regulyator-immunitet-i-ustoychivost,регулятор: иммунитет и устойчивость,регулятор,tomat,томат,bioagro-rr,Биоагро-РР,регулятор роста,591(526)-07-2502-1,11.12.2029,200 мл/10 лводы,200 мл,Опрыскивание растений: 1-е – в фазе 3-4 листьев; 2-е – через 10 дней после первого опрыскивания,,2,III,1442
regulyator-immunitet-i-ustoychivost,регулятор: иммунитет и устойчивость,регулятор,tomat,томат,bioagro-rr,Биоагро-РР,регулятор роста,591(526)-07-2502-1,11.12.2029,5 мл/лводы,50 мл,Замачивание семян перед посевом в течение 1 часа,,1,III,1442
regulyator-immunitet-i-ustoychivost,регулятор: иммунитет и устойчивость,регулятор,tomat,томат,bioagro-rr,Биоагро-РР,регулятор роста,591(526)-07-2502-1,11.12.2029,5 мл/лводы,50 мл,Замачивание корневой системы рассады перед посадкой в течение 1 часа,,1,III,1443
regulyator-immunitet-i-ustoychivost,регулятор: иммунитет и устойчивость,регулятор,tomat,томат,bioagro-rr,Биоагро-РР,регулятор роста,591(526)-07-2502-1,11.12.2029,300 мл/ 10 лводы,300 мл,Опрыскивание растений: 1-е – в фазе 3-4 листьев; 2-е – через 10 дней после первого опрыскивания,,2,III,1443
regulyator-immunitet-i-ustoychivost,регулятор: иммунитет и устойчивость,регулятор,tomat,томат,bioagro-rr,Биоагро-РР,регулятор роста,591(526)-07-2502-1,11.12.2029,5 мл/лводы,50 мл,Замачивание корневой системы рассады перед посадкой в течение 1 часа,,1,III,1445
regulyator-immunitet-i-ustoychivost,регулятор: иммунитет и устойчивость,регулятор,tomat,томат,biosil,Биосил,регулятор роста,347-07-1440-1,05.04.2027,"0,5 мл/3 лводы","1,7 мл","Опрыскивание: 1-е - в фазе цветения первой кисти, 2-е -в фазе цветения второй кисти, 3-е – в фазе цветения третьей кисти",,3,III,1760
regulyator-immunitet-i-ustoychivost,регулятор: иммунитет и устойчивость,регулятор,tomat,томат,buton,Бутон,регулятор роста,046-07-5054-1,08.04.2028,15 г/10 лводы,15 г,"Опрыскивание растений: 1-е - в фазе начала цветения первой кисти, 2-е – в фазе начала цветения второй кисти, 3-е – в фазе начала цветения третьей кисти",,3,III,1504
regulyator-immunitet-i-ustoychivost,регулятор: иммунитет и устойчивость,регулятор,tomat,томат,verva,Вэрва,регулятор роста,145-07-1604-1,20.11.2027,"2,5 мл/3 лводы","8,3 мл",Опрыскивание растений: 1-е – в период цветения 1-ой кисти; 2- в период цветения 2-ой кисти; 3-е - в период цветения 3-ей кисти,,3,III,1766
regulyator-immunitet-i-ustoychivost,регулятор: иммунитет и устойчивость,регулятор,tomat,томат,geteroauksin,Гетероауксин,регулятор роста,046-07-5038-1,04.10.2026,5 табл./20 лводы,"2,5 табл",Полив растений под корень после посадки,,1,III,1363
regulyator-immunitet-i-ustoychivost,регулятор: иммунитет и устойчивость,регулятор,tomat,томат,geteroauksin,Гетероауксин,регулятор роста,046-07-5038-1,04.10.2026,1 табл./2 лводы,5 табл,Обмакивание корневой системы растений перед высадкой в грунт,,1,III,1363
regulyator-immunitet-i-ustoychivost,регулятор: иммунитет и устойчивость,регулятор,tomat,томат,geteroauksin,Гетероауксин,регулятор роста,046-07-5039-1,04.10.2026,"0,5 г/10 лводы","0,5 г",Обмакивание корневой системы растений перед высадкой в грунт,,1,III,1367
regulyator-immunitet-i-ustoychivost,регулятор: иммунитет и устойчивость,регулятор,tomat,томат,geteroauksin,Гетероауксин,регулятор роста,046-07-5039-1,04.10.2026,"0,5 г/20 лводы","0,2 г",Полив растений под корень после посадки,,1,III,1367
regulyator-immunitet-i-ustoychivost,регулятор: иммунитет и устойчивость,регулятор,tomat,томат,geteroauksin,Гетероауксин+,регулятор роста,033-07-3057-1,17.03.2031,4 г/10 лводы,4 г,Обмакивание корневой системы растений перед высадкой в грунт,,1,III,1409
regulyator-immunitet-i-ustoychivost,регулятор: иммунитет и устойчивость,регулятор,tomat,томат,giberelon,Гиберелон,регулятор роста,427-07-2226-1,19.05.2029,"0,2-0,4 г/2 лводы",1–2 г,"Опрыскивание растений: 1-е - в фазе цветения 1-ой кисти, 2-е – в фазе цветения 2-ой кисти, 3-е – в фазе цветения 3-ей кисти",,3,III,1497
regulyator-immunitet-i-ustoychivost,регулятор: иммунитет и устойчивость,регулятор,tomat,томат,zavyaz,Завязь,регулятор роста,186-07-4808-1,11.02.2035,20 г/10 лводы,20 г,"Опрыскивание растений: 1-е – в фазе цветения 1-ой кисти, 2-е – в фазе цветения 2-ой кисти, 3-е – в фазе цветения 3-ей кисти.",,3,III,1509
regulyator-immunitet-i-ustoychivost,регулятор: иммунитет и устойчивость,регулятор,tomat,томат,krezatsin-krp,"Крезацин, КРП",регулятор роста,342-07-2099-1,05.02.2029,1 табл./ 200 мл воды,50 табл,Замачивание семян перед посевом на 30 минут,,1,III,1650
regulyator-immunitet-i-ustoychivost,регулятор: иммунитет и устойчивость,регулятор,tomat,томат,krezatsin-krp,"Крезацин, КРП",регулятор роста,342-07-2099-1,05.02.2029,1 табл./ 2 лводы,5 табл,"Опрыскивание растений: 1-е – в фазе 2-3 листьев, 2-е в фазе бутонизации первой кисти",,2,III,1651
regulyator-immunitet-i-ustoychivost,регулятор: иммунитет и устойчивость,регулятор,tomat,томат,krepen,Крепень,регулятор роста,008-07-1585-1,06.11.2027,"1,5 мл/лводы",15 мл,"Полив под корень: 1-й – через 10 дней после высадки рассады, 2-й – через 14 дней после первого полива",,2,III,1782
regulyator-immunitet-i-ustoychivost,регулятор: иммунитет и устойчивость,регулятор,tomat,томат,mival-agro,Мивал-Агро,регулятор роста,467-07-1697-1,30.01.2028,"0,1 г/200 мл воды",5 г,Замачивание семян перед посевом на 30-40 мин,,1,III,1667
regulyator-immunitet-i-ustoychivost,регулятор: иммунитет и устойчивость,регулятор,tomat,томат,mival-agro,Мивал-Агро,регулятор роста,467-07-1697-1,30.01.2028,"0,15 г/ 3 лводы","0,5 г","Опрыскивание растений: 1-е – в фазе полных всходов (после прорывки рассады), 2-е - в фазе бутонизация – начало цветения 1-ой кисти",,2,III,1667
regulyator-immunitet-i-ustoychivost,регулятор: иммунитет и устойчивость,регулятор,tomat,томат,obepeg,ОбеpeгЪ,регулятор роста,033-07-1377-1,26.02.2027,"0,6 мл/3 лводы",2 мл,"Опрыскивание: 1-е - в начале фазы бутонизации, 2-е - в период цветения второй кисти",,2,III,1465
regulyator-immunitet-i-ustoychivost,регулятор: иммунитет и устойчивость,регулятор,tomat,томат,obepeg,ОбеpeгЪ,регулятор роста,033-07-1377-1,26.02.2027,"0,02 мл/100 мл воды",2 мл,Замачивание семян перед посевом на 1 час,,1,III,1466
regulyator-immunitet-i-ustoychivost,регулятор: иммунитет и устойчивость,регулятор,tomat,томат,plantarel,Плантарел,регулятор роста,734-07-3223-1,14.07.2031,1 мл/100 мл воды,100 мл,Замачивание семян перед посевом,,1,III,1618
regulyator-immunitet-i-ustoychivost,регулятор: иммунитет и устойчивость,регулятор,tomat,томат,plantarel,Плантарел,регулятор роста,734-07-3223-1,14.07.2031,5-10 мл/ 10 лводы,5–10 мл,"Опрыскивание растений: 1-е - в фазе 3-4 пар настоящих листьев, 2-е - в фазе бутонизации, 3-е - в фазе налива плодов",,3,III,1618
regulyator-immunitet-i-ustoychivost,регулятор: иммунитет и устойчивость,регулятор,tomat,томат,prorostok,Проросток,регулятор роста,033-07-1375-1,26.02.2027,"0,2 мл/ 100 мл воды",20 мл,Замачивание семян перед посевом на 1 час,,1,III,1472
regulyator-immunitet-i-ustoychivost,регулятор: иммунитет и устойчивость,регулятор,tomat,томат,rutamon,Рутамон,регулятор роста,778-07-3842-1,25.10.2032,"0,1 мл/лводы",1 мл,"Опрыскивание растений: 1-е - после высадки рассады в грунт, 2-е – в фазе массового цветения, 3-е - через 7-10 дней после второго опрыскивания",,2,III,1447
regulyator-immunitet-i-ustoychivost,регулятор: иммунитет и устойчивость,регулятор,tomat,томат,ekogel-ekstra,Экогель экстра,регулятор роста,074-07-3127-1,26.04.2031,25 мл/лводы,250 мл,Замачивание семян перед посевом на 12 часов,,1,III,1622
regulyator-immunitet-i-ustoychivost,регулятор: иммунитет и устойчивость,регулятор,tomat,томат,ekogel-ekstra,Экогель экстра,регулятор роста,074-07-3127-1,26.04.2031,10 мл/лводы,100 мл,"Опрыскивание растений: 1-е - за 7 дней до высадки рассады в грунт, 2-е - через 14 дней после пересадки, 3-е - через 30 дней после второго опрыскивания",,3,III,1622
regulyator-immunitet-i-ustoychivost,регулятор: иммунитет и устойчивость,регулятор,tomat,томат,ekogel-ekstra,Экогель экстра,регулятор роста,074-07-3127-1,26.04.2031,15 мл/лводы,150 мл,"Полив растений под корень: 1-й при высадке рассады, 2-й, 3-й",,3,III,1622
regulyator-immunitet-i-ustoychivost,регулятор: иммунитет и устойчивость,регулятор,tomat,томат,ekopin,Экопин,регулятор роста,012-07-2246-1,27.05.2029,2 г/л воды,20 г,Замачивание семян перед посевом на 3 часа,,1,III,1626
regulyator-immunitet-i-ustoychivost,регулятор: иммунитет и устойчивость,регулятор,tomat,томат,ekopin,Экопин,регулятор роста,012-07-2246-1,27.05.2029,1 г/10 лводы,1 г,"Опрыскивание растений: первое - в фазе 2-3 листьев, второе - через 15 дней после первого",,2,III,1626
regulyator-immunitet-i-ustoychivost,регулятор: иммунитет и устойчивость,регулятор,tomat,томат,energiya-m-krp,"Энергия-М, КРП",регулятор роста,124-07-1881-1,25.04.2028,1 табл. /200 мл воды,50 табл,Замачивание семян перед посевом на 30-40 мин,,1,III,1684
regulyator-immunitet-i-ustoychivost,регулятор: иммунитет и устойчивость,регулятор,tomat,томат,energiya-m-krp,"Энергия-М, КРП",регулятор роста,124-07-1881-1,25.04.2028,"1,5 табл./3 лводы",5 табл,"Опрыскивание растений: 1-е – в фазе 3-4 листьев, 2-е - в фазе бутонизации - начала цветения первой кисти",,2,III,1685
regulyator-immunitet-i-ustoychivost,регулятор: иммунитет и устойчивость,регулятор,tomat,томат,etamon-bio,Этамон Био,регулятор роста,427-07-2227-1,19.05.2029,5 г/л воды,50 г,"Опрыскивание растений: первое - в фазе 3-6 листьев, второе через",,2,III,1447
regulyator-immunitet-i-ustoychivost,регулятор: иммунитет и устойчивость,регулятор,tomat,томат,etamon-bio,Этамон Био,регулятор роста,427-07-2227-1,19.05.2029,"5-7,5 г/лводы",50–75 г,"Опрыскивание растений: певрое - после высадки рассады в грунт, второе – в фазе массового цветения, третье - через 7-10 дней после второго опрыскивания",,3,III,1447
regulyator-immunitet-i-ustoychivost,регулятор: иммунитет и устойчивость,регулятор,hvoynye,"хвойные (туя, ель, можжевельник)",krezatsin-krp,"Крезацин, КРП",регулятор роста,342-07-2099-1,05.02.2029,½ табл./1лводы,,Замачивание черенков перед посадкой на 10 часов,,1,III,1652
regulyator-immunitet-i-ustoychivost,регулятор: иммунитет и устойчивость,регулятор,tsvety,цветы (общее),agat-25-super,Агат-25 Супер,регулятор роста,471-07-1781-1,04.03.2028,1-3 г/10 лводы,1–3 г,Опрыскивание растений в первой половине вегетационного сезона двухкратно с интервалом 14-18 дней (куст),,2,III,1400
regulyator-immunitet-i-ustoychivost,регулятор: иммунитет и устойчивость,регулятор,tsvety,цветы (общее),agat-25-super,Агат-25 Супер,регулятор роста,471-07-1781-1,04.03.2028,1-3 г/10 лводы,1–3 г,Опрыскивание растений в первой половине вегетационного сезона двухкратно с интервалом 14-18 дней (дерево высотой 5-10 м),,2,III,1400
regulyator-immunitet-i-ustoychivost,регулятор: иммунитет и устойчивость,регулятор,tsvety,цветы (общее),agat-25-super,Агат-25 Супер,регулятор роста,471-07-1781-1,04.03.2028,1-3 г/10 лводы,1–3 г,Опрыскивание растений в первой половине вегетационного сезона двухкратно с интервалом 14-18 дней (дерево высотой 10-20 м),,2,III,1401
regulyator-immunitet-i-ustoychivost,регулятор: иммунитет и устойчивость,регулятор,tsvety,цветы (общее),agat-25-super,Агат-25 Супер,регулятор роста,471-07-1781-1,04.03.2028,1-3 г/10 лводы,1–3 г,"Опрыскивание растений: 1- е - в начале вегетации, 2-е - в период бутонизации - начала цветения",,2,III,1401
regulyator-immunitet-i-ustoychivost,регулятор: иммунитет и устойчивость,регулятор,tsvety,цветы (общее),agat-25-super,Агат-25 Супер,регулятор роста,471-07-1781-1,04.03.2028,1-3 г/10 лводы,1–3 г,Опрыскивание или полив растений 2 раза в месяц при опрыскивании,,2,III,1401
regulyator-immunitet-i-ustoychivost,регулятор: иммунитет и устойчивость,регулятор,tsvety,цветы (общее),agrostimul-ve,"АгроСтимул, ВЭ",регулятор роста,002-07-4818-0,10.03.2028,"0,6 мл/4 лводы","1,5 мл","Опрыскивание растений: 1-е – в начале вегетации, 2-е – через 10 дней после первого опрыскивания, 3-е - через 10 дней после второго опрыскивания.",,3,III,1567
regulyator-immunitet-i-ustoychivost,регулятор: иммунитет и устойчивость,регулятор,tsvety,цветы (общее),albit,Альбит,регулятор роста,081-07-9800-1,03.03.2036,1 мл/10 лводы,1 мл,"Опрыскивание растений: 1-е – в период возобновления вегетации (весной), 2-е через - 15 дней после первого опрыскивания.",,2,III,1730
regulyator-immunitet-i-ustoychivost,регулятор: иммунитет и устойчивость,регулятор,tsvety,цветы (общее),albit,Альбит,регулятор роста,081-07-9800-1,03.03.2036,1 мл/10 лводы,1 мл,"Опрыскивание растений: 1-е – в фазе бутонизации, 2-е -через 15 дней после первого опрыскивания.",,2,III,1730
regulyator-immunitet-i-ustoychivost,регулятор: иммунитет и устойчивость,регулятор,tsvety,цветы (общее),botanik,Ботаник,регулятор роста,008-07-3673-1,28.04.2032,1 - 3 мл/лводы,10–30 мл,"Опрыскивание растений: 1-е - через 10 дней после высадки, 2-е - через 15 дней после первого опрыскивания",,2,III,1417
regulyator-immunitet-i-ustoychivost,регулятор: иммунитет и устойчивость,регулятор,tsvety,цветы (общее),botanik,Ботаник,регулятор роста,008-07-3673-1,28.04.2032,1-10 мл/лводы,10–100 мл,Полив растений или погружение корневой системы в раствор на 5-6 часов: 1-е – в фазе выхода соцветий; 2-е - через 15 дней после первого полива (погружения),,2,III,1417
regulyator-immunitet-i-ustoychivost,регулятор: иммунитет и устойчивость,регулятор,tsvety,цветы (общее),botanik,Ботаник,регулятор роста,008-07-3673-1,28.04.2032,1-10 мл/лводы,10–100 мл,Опрыскивание растений: 1-е – в фазе выхода соцветий; 2-е - через 15 дней после первого опрыскивания,,2,III,1417
regulyator-immunitet-i-ustoychivost,регулятор: иммунитет и устойчивость,регулятор,tsvety,цветы (общее),geteroauksin,Гетероауксин,регулятор роста,046-07-5038-1,04.10.2026,1 табл. /2 лводы,5 табл,Обмакивание корневой системы растений перед высадкой в грунт,,1,III,1363
regulyator-immunitet-i-ustoychivost,регулятор: иммунитет и устойчивость,регулятор,tsvety,цветы (общее),geteroauksin,Гетероауксин,регулятор роста,046-07-5038-1,04.10.2026,5 табл. /20 лводы,"2,5 табл",Полив растений под корень после посадки,,1,III,1363
regulyator-immunitet-i-ustoychivost,регулятор: иммунитет и устойчивость,регулятор,tsvety,цветы (общее),geteroauksin,Гетероауксин,регулятор роста,046-07-5038-1,04.10.2026,1 табл. /5 лводы,2 табл,"Замачивание одревесневших и полуодревесневших черенков в течение 16-20 часов, зеленых черенков – 10-16 часов",,1,III,1365
regulyator-immunitet-i-ustoychivost,регулятор: иммунитет и устойчивость,регулятор,tsvety,цветы (общее),geteroauksin,Гетероауксин,регулятор роста,046-07-5039-1,04.10.2026,"0,5 г/10 лводы","0,5 г",Обмакивание корневой системы растений перед высадкой в грунт,,1,III,1366
regulyator-immunitet-i-ustoychivost,регулятор: иммунитет и устойчивость,регулятор,tsvety,цветы (общее),geteroauksin,Гетероауксин,регулятор роста,046-07-5039-1,04.10.2026,"0,5 г/20 лводы","0,2 г",Полив растений под корень после посадки,,1,III,1367
regulyator-immunitet-i-ustoychivost,регулятор: иммунитет и устойчивость,регулятор,tsvety,цветы (общее),geteroauksin,Гетероауксин,регулятор роста,046-07-5039-1,04.10.2026,"0,2 г/10 лводы","0,2 г","Замачивание одревесневших и полуодревесневших черенков перед посадкой – на 16-20 часов, зеленых черенков – на 10-16 часов",,1,III,1368
regulyator-immunitet-i-ustoychivost,регулятор: иммунитет и устойчивость,регулятор,tsvety,цветы (общее),geteroauksin,Гетероауксин+,регулятор роста,033-07-3057-1,17.03.2031,4 г/10 лводы,4 г,Обмакивание корневой системы растений перед высадкой в грунт,,1,III,1409
regulyator-immunitet-i-ustoychivost,регулятор: иммунитет и устойчивость,регулятор,tsvety,цветы (общее),korennik,Коренник,регулятор роста,018-07-1869-1,11.04.2028,"0,1-0,2 г/10 черенков",,Обмакивание предварительно увлажненного базального среза черенка,,1,-,1411
regulyator-immunitet-i-ustoychivost,регулятор: иммунитет и устойчивость,регулятор,tsvety,цветы (общее),korney,Корней,регулятор роста,012-07-3073-1,24.03.2031,1-2 г/ 10 черенков,,Обмакивание предварительно увлажненного базального среза,,1,III,1413
regulyator-immunitet-i-ustoychivost,регулятор: иммунитет и устойчивость,регулятор,tsvety,цветы (общее),korney,Корней,регулятор роста,012-07-3073-1,24.03.2031,1 г/л воды,10 г,Полив растений под корень сразу после посадки,,1,III,1414
regulyator-immunitet-i-ustoychivost,регулятор: иммунитет и устойчивость,регулятор,tsvety,цветы (общее),kornestim,Корнестим,регулятор роста,008-07-1288-1,11.12.2026,10-20 мг/ черенок,,Обработка базального среза черенка,,1,III,1414
regulyator-immunitet-i-ustoychivost,регулятор: иммунитет и устойчивость,регулятор,tsvety,цветы (общее),kornestim,Корнестим,регулятор роста,008-07-1288-1,11.12.2026,1 г/20 растений,,Полив под корень сразу после высадки рассады,,1,III,1414
regulyator-immunitet-i-ustoychivost,регулятор: иммунитет и устойчивость,регулятор,tsvety,цветы (общее),krepen,Крепень,регулятор роста,008-07-1585-1,06.11.2027,"1,5 мл/л",15 мл,"Полив под корень: 1-й – в фазе фазе 3-4-х листьев, 2-й – через 7-10 дней после первого полива",,2,III,1783
regulyator-immunitet-i-ustoychivost,регулятор: иммунитет и устойчивость,регулятор,tsvety,цветы (общее),krepen,Крепень,регулятор роста,008-07-1585-1,06.11.2027,"1,5 мл/л",15 мл,"Опрыскивание растений: 1-е – в фазе 3-4-х листьев, 2-е – через 7-10 дней после первого опрыскивания",,2,III,1783
regulyator-immunitet-i-ustoychivost,регулятор: иммунитет и устойчивость,регулятор,tsvety,цветы (общее),obepeg,ОбеpeгЪ,регулятор роста,033-07-1377-1,26.02.2027,"0,3 мл/1,5 лводы",2 мл,"Опрыскивание растений: 1-е в фазе полных всходов (или в начале отрастания побегов), 2-е – в фазе выдвижения бутонов",,2,III,1469
regulyator-immunitet-i-ustoychivost,регулятор: иммунитет и устойчивость,регулятор,tsvety,цветы (общее),obepeg,ОбеpeгЪ,регулятор роста,033-07-1377-1,26.02.2027,"0,3 мл/1,5 лводы",2 мл,"Опрыскивание: 1-е после посадки (или в начале отрастания побегов), 2-е – в период интенсивного роста побегов, 3-е – в фазе выдвижения бутонов",,3,III,1470
regulyator-immunitet-i-ustoychivost,регулятор: иммунитет и устойчивость,регулятор,tsvety,цветы (общее),plantarel,Плантарел,регулятор роста,734-07-3223-1,14.07.2031,5-10 мл/ 10 лводы,5–10 мл,"Опрыскивание растений: 1-е - в фазе 3-5 настоящих листьев, 2-е - через 12-18 дней после первого, 3-е -через 12-18 дней после второго",,3,III,1620
regulyator-immunitet-i-ustoychivost,регулятор: иммунитет и устойчивость,регулятор,tsvety,цветы (общее),ukorenit,УкоренитЪ,регулятор роста,033-07-1287-1,11.12.2026,1 г/20 растений,,Полив под корень сразу после высадки рассады,,1,III,1414
regulyator-immunitet-i-ustoychivost,регулятор: иммунитет и устойчивость,регулятор,tsvety,цветы (общее),ukorenit,УкоренитЪ,регулятор роста,033-07-1287-1,11.12.2026,10-20 мг/ черенок,,Обработка базального среза черенка,,1,III,1415
regulyator-immunitet-i-ustoychivost,регулятор: иммунитет и устойчивость,регулятор,tsvety,цветы (общее),ekogel-ekstra,Экогель экстра,регулятор роста,074-07-3127-1,26.04.2031,15-70 мл/лводы,150–700 мл,"Полив растений под корень: 1-й - при пересадке или в начале возобновления вегетации, 2-й – через 15-30 дней после первого полива",,2,III,1623
regulyator-immunitet-i-ustoychivost,регулятор: иммунитет и устойчивость,регулятор,tsvety,цветы (общее),ekopin,Экопин,регулятор роста,012-07-2246-1,27.05.2029,1 г/л воды,10 г,Замачивание черенков перед посадкой на 3-5 часов,,1,III,1628
regulyator-immunitet-i-ustoychivost,регулятор: иммунитет и устойчивость,регулятор,tsvety,цветы (общее),ekopin,Экопин,регулятор роста,012-07-2246-1,27.05.2029,"0,5-5 г/ лводы",5–50 г,"Опрыскивание растений: первое – в период возобновления вегетации (весной), второе и (или) третье - с интервалом 15 дней",,2,III,1630
regulyator-immunitet-i-ustoychivost,регулятор: иммунитет и устойчивость,регулятор,tsvety,цветы (общее),ekopin,Экопин,регулятор роста,012-07-2246-1,27.05.2029,1 г/10 лводы,1 г,"Опрыскивание растений: первое - в начале фазы бутонизации, второе - через 15 дней после первого опрыскивания",,2,III,1630
regulyator-immunitet-i-ustoychivost,регулятор: иммунитет и устойчивость,регулятор,tsvety,цветы (общее),etamon-bio,Этамон Био,регулятор роста,427-07-2227-1,19.05.2029,"5-7,5 г/лводы",50–75 г,"Опрыскивание растений: первое – весной в период возобновления вегетации, второе и третье с интервалом 14 дней",,3,III,1449
regulyator-immunitet-i-ustoychivost,регулятор: иммунитет и устойчивость,регулятор,yablonya,яблоня,agrostimul-ve,"АгроСтимул, ВЭ",регулятор роста,002-07-4818-0,10.03.2028,"4,0 мл/10 лводы",4 мл,"Опрыскивание растений: 1-е – в фазе «розовый бутон», 2-е – «плод грецкий орех».",,2,III,1566
regulyator-immunitet-i-ustoychivost,регулятор: иммунитет и устойчивость,регулятор,yablonya,яблоня,albit,Альбит,регулятор роста,081-07-9800-1,03.03.2036,1 мл/10 лводы,1 мл,"Опрыскивание растений: 1-е – в фазе выдвижения соцветий - розовый бутон, 2-е – после цветения, 3-е – через две недели после второго опрыскивания.",,3,III,1729
regulyator-immunitet-i-ustoychivost,регулятор: иммунитет и устойчивость,регулятор,yablonya,яблоня,biosil,Биосил,регулятор роста,347-07-1440-1,05.04.2027,1 мл/10 лводы,1 мл,"Опрыскивание: 1-е - через две недели после цветения, 2-е – через 21 день после первого опрыскивания",,2,III,1760
regulyator-immunitet-i-ustoychivost,регулятор: иммунитет и устойчивость,регулятор,yablonya,яблоня,geteroauksin,Гетероауксин,регулятор роста,046-07-5038-1,04.10.2026,2 табл. /10 лводы,2 табл,"Обмакивание или замачивание на 1-2 часа корневой системы растений перед посадкой в водном растворе препарата, или обмакивание корневой системы растений в сметанообразную массу, состоящую из глины и торфяной крошки, замешанных на растворе гетероауксина Полив растений под корень после посадки",,1,III,1364
regulyator-immunitet-i-ustoychivost,регулятор: иммунитет и устойчивость,регулятор,yablonya,яблоня,geteroauksin,Гетероауксин,регулятор роста,046-07-5038-1,04.10.2026,2 табл. /10 лводы,2 табл,Полив растений под корень после посадки,,1,III,1364
regulyator-immunitet-i-ustoychivost,регулятор: иммунитет и устойчивость,регулятор,yablonya,яблоня,geteroauksin,Гетероауксин,регулятор роста,046-07-5038-1,04.10.2026,2 табл. /10 лводы,2 табл,"Полив растений под корень: 1-й – весной, в период распускания почек; 2-й – осенью, в период пожелтения листьев",,2,III,1364
regulyator-immunitet-i-ustoychivost,регулятор: иммунитет и устойчивость,регулятор,yablonya,яблоня,geteroauksin,Гетероауксин,регулятор роста,046-07-5039-1,04.10.2026,"0,2 г/10 лводы","0,2 г","Обмакивание или замачивание на 1-2 часа корневой системы растений перед посадкой в водном растворе препарата, или обмакивание корневой системы растений в сметанообразную массу, состоящую из глины и торфяной крошки, замешанную на растворе гетероауксина",,1,III,1367
regulyator-immunitet-i-ustoychivost,регулятор: иммунитет и устойчивость,регулятор,yablonya,яблоня,geteroauksin,Гетероауксин,регулятор роста,046-07-5039-1,04.10.2026,"0,2 г/10 лводы","0,2 г",Полив растений под корень после посадки,,1,III,1367
regulyator-immunitet-i-ustoychivost,регулятор: иммунитет и устойчивость,регулятор,yablonya,яблоня,geteroauksin,Гетероауксин,регулятор роста,046-07-5039-1,04.10.2026,"0,2 г/10 лводы","0,2 г","Полив растений под корень: 1-й – весной, в период распускания почек; 2-й – осенью, в период пожелтения листьев",,2,III,1367
regulyator-immunitet-i-ustoychivost,регулятор: иммунитет и устойчивость,регулятор,yablonya,яблоня,geteroauksin,Гетероауксин+,регулятор роста,033-07-3057-1,17.03.2031,10 г/10 лводы,10 г,Обмакивание корневой системы растений перед посадкой,,1,III,1410
regulyator-immunitet-i-ustoychivost,регулятор: иммунитет и устойчивость,регулятор,yablonya,яблоня,geteroauksin,Гетероауксин+,регулятор роста,033-07-3057-1,17.03.2031,10 г/10 лводы,10 г,Полив растений под корень через 5 дней после посадки,,1,III,1410
regulyator-immunitet-i-ustoychivost,регулятор: иммунитет и устойчивость,регулятор,yablonya,яблоня,geteroauksin,Гетероауксин+,регулятор роста,033-07-3057-1,17.03.2031,10 г/10 лводы,10 г,Обмакивание корневой системы растений перед посадкой,,1,III,1410
regulyator-immunitet-i-ustoychivost,регулятор: иммунитет и устойчивость,регулятор,yablonya,яблоня,geteroauksin,Гетероауксин+,регулятор роста,033-07-3057-1,17.03.2031,10 г/10 лводы,10 г,Полив растений под корень через 5 дней после посадки,,1,III,1410
regulyator-immunitet-i-ustoychivost,регулятор: иммунитет и устойчивость,регулятор,yablonya,яблоня,kornerost-m,Корнерост М,регулятор роста,046-07-5079-1,13.03.2029,1-2 г/10 черенков,,Обработка предварительно увлажненного базального среза черенка,,1,III,1415
regulyator-immunitet-i-ustoychivost,регулятор: иммунитет и устойчивость,регулятор,yablonya,яблоня,mival-agro,Мивал-Агро,регулятор роста,467-07-1697-1,30.01.2028,"0,2 г/ 8 лводы","0,2 г","Опрыскивание растений: 1-е - в фазе «разрыхления бутонов», 2-е - в фазе «смыкание чашелистиков»",,2,III,1669
regulyator-immunitet-i-ustoychivost,регулятор: иммунитет и устойчивость,регулятор,yablonya,яблоня,mival-agro,Мивал-Агро,регулятор роста,467-07-1697-1,30.01.2028,"0,2 г/ 8 лводы","0,2 г",Опрыскивание растений после обрезки на обратныйрост или в фазе «зеленый конус»,,1,III,1669
regulyator-immunitet-i-ustoychivost,регулятор: иммунитет и устойчивость,регулятор,yablonya,яблоня,obepeg,ОбеpeгЪ,регулятор роста,033-07-1377-1,26.02.2027,2 мл/10 лводы,2 мл,"Опрыскивание: 1-е - в фазе «рыхления бутонов», 2-е -через 30 дней после первого",,2,III,1468
regulyator-immunitet-i-ustoychivost,регулятор: иммунитет и устойчивость,регулятор,yablonya,яблоня,plantarel,Плантарел,регулятор роста,734-07-3223-1,14.07.2031,5-10 мл/ 10 лводы,5–10 мл,"Опрыскивание растений: 1-е - в фазе «розовый бутон», 2-е - в фазе «плод грецкий орех», 3-е - в фазе созревания плодов",,3,III,1620
regulyator-immunitet-i-ustoychivost,регулятор: иммунитет и устойчивость,регулятор,yablonya,яблоня,ekopin,Экопин,регулятор роста,012-07-2246-1,27.05.2029,1 г/10 лводы,1 г,"Опрыскивание растений: первое – в фазе выдвижения соцветий – розовый бутон, второе - после цветения, третье – через две недели после второго опрыскивания",,3,III,1630
regulyator-immunitet-i-ustoychivost,регулятор: иммунитет и устойчивость,регулятор,yablonya,яблоня,emistim,Эмистим,регулятор роста,392-07-1237-1,20.09.2026,"0,01 мл/10 лводы",0 мл,"Опрыскивание: 1-е – в период появления первых листочков, 2-е и 3-е с интервалом 1 месяц",,1,III,1423
regulyator-immunitet-i-ustoychivost,регулятор: иммунитет и устойчивость,регулятор,yablonya,яблоня,emistim,Эмистим,регулятор роста,392-07-1237-1,20.09.2026,"0,01 мл/10 лводы",0 мл,"Опрыскивание: 1-е – в период появления первых листочков, 2-е и 3-е с интервалом 1 месяц",,1,III,1424
regulyator-immunitet-i-ustoychivost,регулятор: иммунитет и устойчивость,регулятор,yablonya,яблоня,etamon-bio,Этамон Био,регулятор роста,427-07-2227-1,19.05.2029,"7,5 г/лводы",75 г,"Опрыскивание растений: первое – в фазе распускания листьев, второе и третье с интервалом 14 дней",,3,III,1448
regulyator-immunitet-i-ustoychivost,регулятор: иммунитет и устойчивость,регулятор,yagodniki,ягодники (общее),agat-25-super,Агат-25 Супер,регулятор роста,471-07-1781-1,04.03.2028,1-3 г/10 лводы,1–3 г,Опрыскивание растений в первой половине вегетационного сезона двухкратно с интервалом 14-18 дней (куст),,2,III,1400
regulyator-immunitet-i-ustoychivost,регулятор: иммунитет и устойчивость,регулятор,yagodniki,ягодники (общее),agat-25-super,Агат-25 Супер,регулятор роста,471-07-1781-1,04.03.2028,1-3 г/10 лводы,1–3 г,Опрыскивание растений в первой половине вегетационного сезона двухкратно с интервалом 14-18 дней (дерево высотой 5-10 м),,2,III,1400
regulyator-immunitet-i-ustoychivost,регулятор: иммунитет и устойчивость,регулятор,yagodniki,ягодники (общее),agat-25-super,Агат-25 Супер,регулятор роста,471-07-1781-1,04.03.2028,1-3 г/10 лводы,1–3 г,Опрыскивание растений в первой половине вегетационного сезона двухкратно с интервалом 14-18 дней (дерево высотой 10-20 м),,2,III,1401
regulyator-immunitet-i-ustoychivost,регулятор: иммунитет и устойчивость,регулятор,yagodniki,ягодники (общее),albit,Альбит,регулятор роста,081-07-9800-1,03.03.2036,1 мл/10 лводы,1 мл,"Опрыскивание растений: 1-е – в период возобновления вегетации (весной), 2-е через - 15 дней после первого опрыскивания.",,2,III,1730
regulyator-immunitet-i-ustoychivost,регулятор: иммунитет и устойчивость,регулятор,yagodniki,ягодники (общее),geteroauksin,Гетероауксин,регулятор роста,046-07-5038-1,04.10.2026,1 табл. /5 лводы,2 табл,"Замачивание одревесневших и полуодревесневших черенков в течение 16-20 часов, зеленых черенков – 10-16 часов",,1,III,1365
regulyator-immunitet-i-ustoychivost,регулятор: иммунитет и устойчивость,регулятор,yagodniki,ягодники (общее),geteroauksin,Гетероауксин,регулятор роста,046-07-5039-1,04.10.2026,"0,2 г/10 лводы","0,2 г","Замачивание одревесневших и полуодревесневших черенков перед посадкой – на 16-20 часов, зеленых черенков – на 10-16 часов",,1,III,1368
regulyator-immunitet-i-ustoychivost,регулятор: иммунитет и устойчивость,регулятор,yagodniki,ягодники (общее),korennik,Коренник,регулятор роста,018-07-1869-1,11.04.2028,"0,1-0,2 г/10 черенков",,Обмакивание предварительно увлажненного базального среза черенка,,1,-,1411
regulyator-immunitet-i-ustoychivost,регулятор: иммунитет и устойчивость,регулятор,yagodniki,ягодники (общее),korney,Корней,регулятор роста,012-07-3073-1,24.03.2031,1-2 г/ 10 черенков,,Обмакивание предварительно увлажненного базального среза,,1,III,1413
regulyator-immunitet-i-ustoychivost,регулятор: иммунитет и устойчивость,регулятор,yagodniki,ягодники (общее),kornestim,Корнестим,регулятор роста,008-07-1288-1,11.12.2026,10-20 мг/ черенок,,Обработка базального среза черенка,,1,III,1414
regulyator-immunitet-i-ustoychivost,регулятор: иммунитет и устойчивость,регулятор,yagodniki,ягодники (общее),obepeg,ОбеpeгЪ,регулятор роста,033-07-1377-1,26.02.2027,"0,3 мл/1,5 лводы",2 мл,"Опрыскивание: 1-е после посадки (или в начале отрастания побегов), 2-е – в период интенсивного роста побегов, 3-е – в фазе выдвижения бутонов",,3,III,1470
regulyator-immunitet-i-ustoychivost,регулятор: иммунитет и устойчивость,регулятор,yagodniki,ягодники (общее),ukorenit,УкоренитЪ,регулятор роста,033-07-1287-1,11.12.2026,10-20 мг/ черенок,,Обработка базального среза черенка,,1,III,1415
regulyator-immunitet-i-ustoychivost,регулятор: иммунитет и устойчивость,регулятор,yagodniki,ягодники (общее),ekogel-ekstra,Экогель экстра,регулятор роста,074-07-3127-1,26.04.2031,15-70 мл/лводы,150–700 мл,"Полив растений под корень: 1-й - при пересадке или в начале возобновления вегетации, 2-й – через 15-30 дней после первого полива",,2,III,1623
regulyator-immunitet-i-ustoychivost,регулятор: иммунитет и устойчивость,регулятор,yagodniki,ягодники (общее),ekopin,Экопин,регулятор роста,012-07-2246-1,27.05.2029,1 г/л воды,10 г,Замачивание черенков перед посадкой на 3-5 часов,,1,III,1628
regulyator-immunitet-i-ustoychivost,регулятор: иммунитет и устойчивость,регулятор,yagodniki,ягодники (общее),ekopin,Экопин,регулятор роста,012-07-2246-1,27.05.2029,"0,5-5 г/ лводы",5–50 г,"Опрыскивание растений: первое – в период возобновления вегетации (весной), второе и (или) третье - с интервалом 15 дней",,2,III,1630
regulyator-rost-i-urozhay,регулятор: рост и урожай,регулятор,abrikos-persik,абрикос / персик,agrostimul-ve,"АгроСтимул, ВЭ",регулятор роста,002-07-4818-0,10.03.2028,"4,0 мл/10 лводы",4 мл,"Опрыскивание растений: 1-е – в фазе бутонизации, 2-е – в начале образования завязей.",,2,III,1567
regulyator-rost-i-urozhay,регулятор: рост и урожай,регулятор,abrikos-persik,абрикос / персик,kornerost-m,Корнерост М,регулятор роста,046-07-5079-1,13.03.2029,1-2 г/10 черенков,,Обработка предварительно увлажненного базального среза черенка,,1,III,1415
regulyator-rost-i-urozhay,регулятор: рост и урожай,регулятор,abrikos-persik,абрикос / персик,plantarel,Плантарел,регулятор роста,734-07-3223-1,14.07.2031,5-10 мл/ 10 лводы,5–10 мл,"Опрыскивание растений: 1-е-в фазе бутонизации, 2-е – через 10-15 дней после цветения, 3-е — в фазе созревания плодов",,3,III,1620
regulyator-rost-i-urozhay,регулятор: рост и урожай,регулятор,arbuz-dynya,арбуз / дыня,immunotsitofit,Иммуноцитофит,регулятор роста,121-07-3951-1,11.01.2033,1 табл./ 10-15 мл воды,,Замачивание семян перед посевом на 2-3 часа,,1,III,1818
regulyator-rost-i-urozhay,регулятор: рост и урожай,регулятор,arbuz-dynya,арбуз / дыня,immunotsitofit,Иммуноцитофит,регулятор роста,121-07-3951-1,11.01.2033,"1 табл./ 1,5 лводы","6,7 табл",Опрыскивание растений: 1-е - в фазе 2-4 листьев; 2-е - в фазе начала цветения; 3-е - в фазе массового образования плодов,,3,III,1819
regulyator-rost-i-urozhay,регулятор: рост и урожай,регулятор,arbuz-dynya,арбуз / дыня,melafen,Мелафен,регулятор роста,547-07-3294-1,15.09.2031,"0,02-0,05 мл/200 мл воды","1–2,5 мл",Замачивание семян перед посевом на 20 минут,,1,III,1641
regulyator-rost-i-urozhay,регулятор: рост и урожай,регулятор,arbuz-dynya,арбуз / дыня,melafen,Мелафен,регулятор роста,547-07-3294-1,15.09.2031,"0,3-0,4 мл/3 лводы","1–1,3 мл",Опрыскивание растений в фазе начала цветения,,1,III,1641
regulyator-rost-i-urozhay,регулятор: рост и урожай,регулятор,arbuz-dynya,арбуз / дыня,melafen,Мелафен,регулятор роста,547-07-3294-1,15.09.2031,"0,02-0,05 мл/200 мл воды","1–2,5 мл",Замачивание семян перед посевом на 20 минут,,1,III,1641
regulyator-rost-i-urozhay,регулятор: рост и урожай,регулятор,arbuz-dynya,арбуз / дыня,melafen,Мелафен,регулятор роста,547-07-3294-1,15.09.2031,"0,3-0,4 мл/3 лводы","1–1,3 мл",Опрыскивание растений в фазе начала цветения,,1,III,1641
regulyator-rost-i-urozhay,регулятор: рост и урожай,регулятор,baklazhan,баклажан,albit,Альбит,регулятор роста,081-07-9800-1,03.03.2036,2 мл/лводы,20 мл,Замачивание семян перед посевом на 3 часа.,,1,III,1726
regulyator-rost-i-urozhay,регулятор: рост и урожай,регулятор,baklazhan,баклажан,albit,Альбит,регулятор роста,081-07-9800-1,03.03.2036,1 мл/10 лводы,1 мл,"Опрыскивание растений: 1-е – в фазе 2-3 листьев, 2-е -через 15 дней после первого опрыскивания.",,2,III,1726
regulyator-rost-i-urozhay,регулятор: рост и урожай,регулятор,baklazhan,баклажан,buton,Бутон,регулятор роста,046-07-5054-1,08.04.2028,15 г/10 лводы,15 г,"Опрыскивание растений: 1-е - в фазе бутонизации, 2-е – в фазе начала цветения",,2,III,1504
regulyator-rost-i-urozhay,регулятор: рост и урожай,регулятор,baklazhan,баклажан,geteroauksin,Гетероауксин+,регулятор роста,033-07-3057-1,17.03.2031,4 г/10 лводы,4 г,Обмакивание корневой системы растений перед высадкой в грунт,,1,III,1409
regulyator-rost-i-urozhay,регулятор: рост и урожай,регулятор,baklazhan,баклажан,gibbera,Гиббера,регулятор роста,018-07-2170-1,27.03.2029,1 мл/лводы,10 мл,"Опрыскивание растений: 1-е – в фазе бутонизации, 2-е – в фазе начала цветения",,2,III,1486
regulyator-rost-i-urozhay,регулятор: рост и урожай,регулятор,baklazhan,баклажан,gibbersib,Гибберсиб,регулятор роста,034-07-1313-1,22.12.2026,"0,1 г/лводы",1 г,"Опрыскивание растений: 1-е - в фазе бутонизации, 2-е – в фазе начала цветения",,2,III,1492
regulyator-rost-i-urozhay,регулятор: рост и урожай,регулятор,baklazhan,баклажан,zavyaz,Завязь,регулятор роста,186-07-4808-1,11.02.2035,20 г/10 лводы,20 г,"Опрыскивание растений: 1-е – в фазе начала бутонизации, 2-е – в фазе начала цветения.",,2,III,1509
regulyator-rost-i-urozhay,регулятор: рост и урожай,регулятор,baklazhan,баклажан,krepen,Крепень,регулятор роста,008-07-1585-1,06.11.2027,"0,3 мл/300 мл воды",10 мл,Опрыскивание: 1-е – в фазе 3-4 листьев; 2-е и 3-е – с интервалом 5- 8 дней,,3,III,1783
regulyator-rost-i-urozhay,регулятор: рост и урожай,регулятор,baklazhan,баклажан,plantarel,Плантарел,регулятор роста,734-07-3223-1,14.07.2031,1 мл/100 мл воды,100 мл,Замачивание семян перед посевом,,1,III,1618
regulyator-rost-i-urozhay,регулятор: рост и урожай,регулятор,baklazhan,баклажан,plantarel,Плантарел,регулятор роста,734-07-3223-1,14.07.2031,5-10 мл/ 10 лводы,5–10 мл,"Опрыскивание растений: 1-е-после пикировки рассады (в фазе 1 -2 пар настоящих листьев), 2-е - в фазе бутонизации, 3-е – в фазе налива плодов",,3,III,1619
regulyator-rost-i-urozhay,регулятор: рост и урожай,регулятор,baklazhan,баклажан,silatsin-krp,"Силацин, КРП",регулятор роста,324-07-2045-1,05.11.2028,1 табл./ 100 мл воды,100 табл,Замачивание семян перед посевом на 30-40 минут,,1,III,1797
regulyator-rost-i-urozhay,регулятор: рост и урожай,регулятор,baklazhan,баклажан,tsveten,Цветень,регулятор роста,012-07-9886-1,05.04.2036,5 г/3 лводы,"16,7 г","Опрыскивание растений: 1-е - в фазе бутонизации, 2-е - в фазе начала цветения.",,2,III,1644
regulyator-rost-i-urozhay,регулятор: рост и урожай,регулятор,baklazhan,баклажан,ekopin,Экопин,регулятор роста,012-07-2246-1,27.05.2029,2 г/л воды,20 г,Замачивание семян в течение 3-х часов,,1,III,1624
regulyator-rost-i-urozhay,регулятор: рост и урожай,регулятор,baklazhan,баклажан,ekopin,Экопин,регулятор роста,012-07-2246-1,27.05.2029,1 г/10 лводы,1 г,"Опрыскивание растений: первое - в фазе 2-3 листьев, второе - через 15 дней после первого опрыскивания",,2,III,1624
regulyator-rost-i-urozhay,регулятор: рост и урожай,регулятор,baklazhan,баклажан,energiya-m-krp,"Энергия-М, КРП",регулятор роста,124-07-1881-1,25.04.2028,1 табл./ 100 мл воды,100 табл,Замачивание семян перед посевом на 30-40 минут,,1,III,1687
regulyator-rost-i-urozhay,регулятор: рост и урожай,регулятор,baklazhan,баклажан,etamon-bio,Этамон Био,регулятор роста,427-07-2227-1,19.05.2029,"5-7,5 г/лводы",50–75 г,"Опрыскивание растений: певрое - после высадки рассады в грунт, второе – в фазе массового цветения, третье - через 7-10 дней после второго опрыскивания",,3,III,1447
regulyator-rost-i-urozhay,регулятор: рост и урожай,регулятор,vinograd,виноград,agat-25-super,Агат-25 Супер,регулятор роста,471-07-1781-1,04.03.2028,2 г/10 лводы,2 г,Опрыскивание растений в фазе начала цветения,,1,III,1400
regulyator-rost-i-urozhay,регулятор: рост и урожай,регулятор,vinograd,виноград,agrostimul-ve,"АгроСтимул, ВЭ",регулятор роста,002-07-4818-0,10.03.2028,"2,5 мл/8-10 лводы",,"Опрыскивание растений: 1-е – в фазе цветения, 2-е – через 15-25 дней после первого опрыскивания.",,2,III,1567
regulyator-rost-i-urozhay,регулятор: рост и урожай,регулятор,vinograd,виноград,albit,Альбит,регулятор роста,081-07-9800-1,03.03.2036,3 мл/10 лводы,3 мл,"Опрыскивание растений: 1-е – в фазе бутонизации, 2-е – после цветения, 3-е – в фазе начала роста ягод, 4-е – в фазе смыкания ягод в грозди, 5-е – в фазе окрашиванияягод.",,5,III,1729
regulyator-rost-i-urozhay,регулятор: рост и урожай,регулятор,vinograd,виноград,bioagro-rr,Биоагро-РР,регулятор роста,591(526)-07-2502-1,11.12.2029,5 мл/лводы,50 мл,Замачивание корневой системы саженцев перед посадкой в течение 1 часа,,1,III,1445
regulyator-rost-i-urozhay,регулятор: рост и урожай,регулятор,vinograd,виноград,bioagro-rr,Биоагро-РР,регулятор роста,591(526)-07-2502-1,11.12.2029,500 мл/10 лводы,500 мл,Опрыскивание растений: 1-е – в период нарастания листьев; 2-е – в фазе бутонизации,,2,III,1445
regulyator-rost-i-urozhay,регулятор: рост и урожай,регулятор,vinograd,виноград,bioagro-rr,Биоагро-РР,регулятор роста,591(526)-07-2502-1,11.12.2029,5 мл/лводы,50 мл,Замачивание корневой системы саженцев перед посадкой в течение 1 часа,,1,III,1446
regulyator-rost-i-urozhay,регулятор: рост и урожай,регулятор,vinograd,виноград,bioduks,Биодукс,регулятор роста,173-07-4899-0,05.06.2028,"0,5-1,0 мл/10 л воды","0,5–1 мл","Опрыскивание растений: 1-ое – перед цветением, 2-ое - через 20 дней после первого опрыскивания",,2,III,1483
regulyator-rost-i-urozhay,регулятор: рост и урожай,регулятор,vinograd,виноград,biosil,Биосил,регулятор роста,347-07-1440-1,05.04.2027,"0,5 мл/100 м2",,"Опрыскивание: 1-е - в фазе цветения, 2-е – через 12 дней после первого опрыскивания",,2,III,1760
regulyator-rost-i-urozhay,регулятор: рост и урожай,регулятор,vinograd,виноград,geteroauksin,Гетероауксин,регулятор роста,046-07-5038-1,04.10.2026,1-3 табл. /100 мл воды,100–300 табл,Замачивание базальной части привоя и верхней части подвоя перед прививкой на 2-3 секунды,,1,III,1364
regulyator-rost-i-urozhay,регулятор: рост и урожай,регулятор,vinograd,виноград,geteroauksin,Гетероауксин,регулятор роста,046-07-5039-1,04.10.2026,1-3 г/лводы,10–30 г,Замачивание базальной части привоя и верхней части подвоя перед прививкой на 2-3 секунды,,1,III,1368
regulyator-rost-i-urozhay,регулятор: рост и урожай,регулятор,vinograd,виноград,geteroauksin,Гетероауксин+,регулятор роста,033-07-3057-1,17.03.2031,20-30 г/лводы,200–300 г,Замачивание базальной части привоя и верхней части подвоя перед прививкой на 2-3 секунды,,1,III,1410
regulyator-rost-i-urozhay,регулятор: рост и урожай,регулятор,vinograd,виноград,giberelon,Гиберелон,регулятор роста,427-07-2226-1,19.05.2029,"1,5-2 г/10 лводы","1,5–2 г","Опрыскивание растений: 1-е в фазу цветения, 2-е в фазу образования завязи",,2,III,1497
regulyator-rost-i-urozhay,регулятор: рост и урожай,регулятор,vinograd,виноград,zavyaz,Завязь,регулятор роста,186-07-4808-1,11.02.2035,20 г/10 лводы,20 г,Опрыскивание растений в конце фазы цветения,,2,III,1510
regulyator-rost-i-urozhay,регулятор: рост и урожай,регулятор,vinograd,виноград,immunotsitofit,Иммуноцитофит,регулятор роста,121-07-3951-1,11.01.2033,2 табл./5 лводы,4 табл,Опрыскивание растений; 1-е - перед цветением; 2-е -через 10-20 дней после первого опрыскивания; 3-е -через 15-20 дней после второго опрыскивания,,3,III,1821
regulyator-rost-i-urozhay,регулятор: рост и урожай,регулятор,vinograd,виноград,karbonado,Карбонадо,регулятор роста,764-07-3293-1,15.09.2031,1 г/10 лводы,1 г,"Опрыскивание растений: 1-е - в фазе бутонизации, 2-е -после цветения, 3-е - в фазе начала роста ягод, 4-е - в фазе смыкания ягод в грозди, 5-е - в фазе окрашиванияягод",,5,III,1698
regulyator-rost-i-urozhay,регулятор: рост и урожай,регулятор,vinograd,виноград,krezatsin-krp,"Крезацин, КРП",регулятор роста,342-07-2099-1,05.02.2029,1 табл./ 10 лводы,1 табл,Опрыскивание растений в фазе разрыхления соцветий,,1,III,1652
regulyator-rost-i-urozhay,регулятор: рост и урожай,регулятор,vinograd,виноград,melafen,Мелафен,регулятор роста,547-07-3294-1,15.09.2031,"0,15-0,25 мл/8 лводы","0,2–0,3 мл","Опрыскивание растений: 1-е – в фазе цветения, 2-е и 3-е –",,3,III,1641
regulyator-rost-i-urozhay,регулятор: рост и урожай,регулятор,vinograd,виноград,mival-agro,Мивал-Агро,регулятор роста,467-07-1697-1,30.01.2028,"0,2 г/ 8 лводы","0,2 г","Опрыскивание растений: 1-е - в фазе распускания листьев, 2-е - в фазе бутонизации, 3-е – в фазе формирования грозди",,3,III,1668
regulyator-rost-i-urozhay,регулятор: рост и урожай,регулятор,vinograd,виноград,mival-agro,Мивал-Агро,регулятор роста,467-07-1697-1,30.01.2028,"0,2 г/ 8 лводы","0,2 г","Опрыскивание растений: 1-е - в фазе распускания листьев, 2-е - в фазе бутонизации, 3-е – в фазе формирования грозди, 4-е – в фазе созревания ягод",,4,III,1669
regulyator-rost-i-urozhay,регулятор: рост и урожай,регулятор,vinograd,виноград,novosil,Новосил,регулятор роста,128-07-4761-1,22.12.2034,"0,5 мл/ 6 лводы","0,8 мл","Опрыскивание растений: 1-е – в фазе цветения, 2-е - через 12 дней после первого опрыскивания.",,2,III,1773
regulyator-rost-i-urozhay,регулятор: рост и урожай,регулятор,vinograd,виноград,obepeg,ОбеpeгЪ,регулятор роста,033-07-1377-1,26.02.2027,"1,6 мл/8 лводы",2 мл,"Опрыскивание: 1-е – в фазе бутонизации, 2-е - через 20 дней после первого опрыскивания",,2,III,1468
regulyator-rost-i-urozhay,регулятор: рост и урожай,регулятор,vinograd,виноград,plantarel,Плантарел,регулятор роста,734-07-3223-1,14.07.2031,5-10 мл/ 10 лводы,5–10 мл,"Опрыскивание растений: 1-е - в фазе цветения, 2-е - через 15-20 дней после первого опрыскивания, 3-е-через 15-20 дней после второго опрыскивания",,3,III,1619
regulyator-rost-i-urozhay,регулятор: рост и урожай,регулятор,vinograd,виноград,silatsin-krp,"Силацин, КРП",регулятор роста,324-07-2045-1,05.11.2028,4 табл./8 лводы,5 табл,"Опрыскивание растений: 1-е - в фазе распускания листьев, 2-е - в фазе бутонизации, 3-е - в фазе цветения",,3,III,1800
regulyator-rost-i-urozhay,регулятор: рост и урожай,регулятор,vinograd,виноград,silatsin-krp,"Силацин, КРП",регулятор роста,324-07-2045-1,05.11.2028,1 табл./500 мл воды,20 табл,Замачивание черенков перед посадкой на 8-12 часов,,1,III,1800
regulyator-rost-i-urozhay,регулятор: рост и урожай,регулятор,vinograd,виноград,tsveten,Цветень,регулятор роста,012-07-9886-1,05.04.2036,"5 г/2,5-3 лводы",,Опрыскивание растений в конце цветения.,,1,III,1644
regulyator-rost-i-urozhay,регулятор: рост и урожай,регулятор,vinograd,виноград,ekopin,Экопин,регулятор роста,012-07-2246-1,27.05.2029,1 г/10 лводы,1 г,"Опрыскивание растений: первое – в фазе бутонизации, второе - после цветения, третье – в фазе начала роста ягод, четвертое – в фазе смыкания ягод в грозди, пятое – в фазе окрашиванияягод",,5,III,1631
regulyator-rost-i-urozhay,регулятор: рост и урожай,регулятор,vinograd,виноград,energiya-m-krp,"Энергия-М, КРП",регулятор роста,124-07-1881-1,25.04.2028,1 табл./500 мл воды,20 табл,Замачивание черенков перед посадкой на 8-12 часов,,1,III,1670
regulyator-rost-i-urozhay,регулятор: рост и урожай,регулятор,vinograd,виноград,energiya-m-krp,"Энергия-М, КРП",регулятор роста,124-07-1881-1,25.04.2028,2 табл./8 лводы,"2,5 табл","Опрыскивание растений: 1-е - в фазе распускания листьев, 2-е - в фазе бутонизации, 3-е - в фазе цветения",,3,III,1693
regulyator-rost-i-urozhay,регулятор: рост и урожай,регулятор,vinograd,виноград,yantarin,Янтарин,регулятор роста,021-07-9747-1,22.12.2035,130-195 мл/10 лводы,130–195 мл,Опрыскивание в фазе бутонизации.,,1,III,1828
regulyator-rost-i-urozhay,регулятор: рост и урожай,регулятор,vinograd,виноград,yantarnaya-kislota,Янтарная кислота,регулятор роста,033-07-2821-1,04.10.2030,10 г/5 лводы,20 г,Опрыскивание растений в начале фазы цветения,,1,III,1826
regulyator-rost-i-urozhay,регулятор: рост и урожай,регулятор,vishnya-chereshnya,вишня / черешня,albit,Альбит,регулятор роста,081-07-9800-1,03.03.2036,1 мл/10 лводы,1 мл,"Опрыскивание растений: 1-е – в фазе бутонизации, 2-е и 3-е – с интервалом 15 дней.",,3,III,1729
regulyator-rost-i-urozhay,регулятор: рост и урожай,регулятор,vishnya-chereshnya,вишня / черешня,geteroauksin,Гетероауксин,регулятор роста,046-07-5038-1,04.10.2026,2 табл. /10 лводы,2 табл,"Обмакивание или замачивание на 1-2 часа корневой системы растений перед посадкой в водном растворе препарата, или обмакивание корневой системы растений в сметанообразную массу, состоящую из глины и торфяной крошки, замешанных на растворе гетероауксина Полив растений под корень после посадки",,1,III,1364
regulyator-rost-i-urozhay,регулятор: рост и урожай,регулятор,vishnya-chereshnya,вишня / черешня,geteroauksin,Гетероауксин,регулятор роста,046-07-5038-1,04.10.2026,2 табл. /10 лводы,2 табл,Полив растений под корень после посадки,,1,III,1364
regulyator-rost-i-urozhay,регулятор: рост и урожай,регулятор,vishnya-chereshnya,вишня / черешня,geteroauksin,Гетероауксин,регулятор роста,046-07-5038-1,04.10.2026,2 табл. /10 лводы,2 табл,"Полив растений под корень: 1-й – весной, в период распускания почек; 2-й – осенью, в период пожелтения листьев",,2,III,1364
regulyator-rost-i-urozhay,регулятор: рост и урожай,регулятор,vishnya-chereshnya,вишня / черешня,geteroauksin,Гетероауксин,регулятор роста,046-07-5039-1,04.10.2026,"0,2 г/10 лводы","0,2 г","Обмакивание или замачивание на 1-2 часа корневой системы растений перед посадкой в водном растворе препарата, или обмакивание корневой системы растений в сметанообразную массу, состоящую из глины и торфяной крошки, замешанную на растворе гетероауксина",,1,III,1367
regulyator-rost-i-urozhay,регулятор: рост и урожай,регулятор,vishnya-chereshnya,вишня / черешня,geteroauksin,Гетероауксин,регулятор роста,046-07-5039-1,04.10.2026,"0,2 г/10 лводы","0,2 г",Полив растений под корень после посадки,,1,III,1367
regulyator-rost-i-urozhay,регулятор: рост и урожай,регулятор,vishnya-chereshnya,вишня / черешня,geteroauksin,Гетероауксин,регулятор роста,046-07-5039-1,04.10.2026,"0,2 г/10 лводы","0,2 г","Полив растений под корень: 1-й – весной, в период распускания почек; 2-й – осенью, в период пожелтения листьев",,2,III,1367
regulyator-rost-i-urozhay,регулятор: рост и урожай,регулятор,vishnya-chereshnya,вишня / черешня,geteroauksin,Гетероауксин+,регулятор роста,033-07-3057-1,17.03.2031,4 г/л воды,40 г,Замачивание черенков перед посадкой на 10-16 часов,,1,III,1409
regulyator-rost-i-urozhay,регулятор: рост и урожай,регулятор,vishnya-chereshnya,вишня / черешня,geteroauksin,Гетероауксин+,регулятор роста,033-07-3057-1,17.03.2031,10 г/10 лводы,10 г,Обмакивание корневой системы растений перед посадкой,,1,III,1410
regulyator-rost-i-urozhay,регулятор: рост и урожай,регулятор,vishnya-chereshnya,вишня / черешня,geteroauksin,Гетероауксин+,регулятор роста,033-07-3057-1,17.03.2031,10 г/10 лводы,10 г,Полив растений под корень через 5 дней после посадки,,1,III,1410
regulyator-rost-i-urozhay,регулятор: рост и урожай,регулятор,vishnya-chereshnya,вишня / черешня,geteroauksin,Гетероауксин+,регулятор роста,033-07-3057-1,17.03.2031,10 г/10 лводы,10 г,Обмакивание корневой системы растений перед посадкой,,1,III,1410
regulyator-rost-i-urozhay,регулятор: рост и урожай,регулятор,vishnya-chereshnya,вишня / черешня,geteroauksin,Гетероауксин+,регулятор роста,033-07-3057-1,17.03.2031,10 г/10 лводы,10 г,Полив растений под корень через 5 дней после посадки,,1,III,1410
regulyator-rost-i-urozhay,регулятор: рост и урожай,регулятор,vishnya-chereshnya,вишня / черешня,zavyaz,Завязь,регулятор роста,186-07-4808-1,11.02.2035,20 г/10 лводы,20 г,"Опрыскивание растений: 1-е - в фазе цветения, 2-е - после опадения лепестков.",,2,III,1511
regulyator-rost-i-urozhay,регулятор: рост и урожай,регулятор,vishnya-chereshnya,вишня / черешня,kornerost-m,Корнерост М,регулятор роста,046-07-5079-1,13.03.2029,1-2 г/10 черенков,,Обработка предварительно увлажненного базального среза черенка,,1,III,1415
regulyator-rost-i-urozhay,регулятор: рост и урожай,регулятор,vishnya-chereshnya,вишня / черешня,plantarel,Плантарел,регулятор роста,734-07-3223-1,14.07.2031,5-10 мл/ 10 лводы,5–10 мл,"Опрыскивание растений: 1-е - в фазе бутонизации, 2-е -через 10-15 дней после цветения, 3-е - в фазе налива ягод",,3,III,1620
regulyator-rost-i-urozhay,регулятор: рост и урожай,регулятор,vishnya-chereshnya,вишня / черешня,ekopin,Экопин,регулятор роста,012-07-2246-1,27.05.2029,1 г/5 лводы,2 г,"Опрыскивание растений: первое - в фазе бутонизации, второе и третье – с интервалом 15 дней",,3,III,1630
regulyator-rost-i-urozhay,регулятор: рост и урожай,регулятор,gazon,газон,albit,Альбит,регулятор роста,081-07-9800-1,03.03.2036,1 мл/10 лводы,1 мл,"Опрыскивание растений: 1-е – в начале возобновления вегетации (после перезимовки), 2-е – после скашивания травостоя.",,1,III,1730
regulyator-rost-i-urozhay,регулятор: рост и урожай,регулятор,gazon,газон,biosil,Биосил,регулятор роста,347-07-1440-1,05.04.2027,"0,05 мл/100 мл воды",5 мл,Предпосевная обработка семян,,1,III,1760
regulyator-rost-i-urozhay,регулятор: рост и урожай,регулятор,gazon,газон,reggi,Рэгги,регулятор роста,021-07-4836-1,25.03.2035,5-10 мл/ 3 лводы,"16,7–33,3 мл",Опрыскивание растений: 1-е – после первого скашивания травы; 2-е и 3-е - с интервалом 20-25 дней (после скашивания травы).,,3,III,1780
regulyator-rost-i-urozhay,регулятор: рост и урожай,регулятор,gazon,газон,ekopin,Экопин,регулятор роста,012-07-2246-1,27.05.2029,1 г/10 лводы,1 г,"Опрыскивание растений: первое – в начале возобновления вегетации (после перезимовки), второе – после скашивания травостоя",,1,III,1631
regulyator-rost-i-urozhay,регулятор: рост и урожай,регулятор,goroh-fasol,горох / фасоль,agrostimul-ve,"АгроСтимул, ВЭ",регулятор роста,002-07-4818-0,10.03.2028,"1,0-1,5 мл/лводы",10–15 мл,Замачивание семян перед посевом на 2 часа.,,1,III,1565
regulyator-rost-i-urozhay,регулятор: рост и урожай,регулятор,goroh-fasol,горох / фасоль,agrostimul-ve,"АгроСтимул, ВЭ",регулятор роста,002-07-4818-0,10.03.2028,"1,0 мл/3 лводы","3,3 мл","Опрыскивание растений: 1-е – в фазе 2-10 листьев, 2-е – в фазе бутонизации.",,2,III,1566
regulyator-rost-i-urozhay,регулятор: рост и урожай,регулятор,goroh-fasol,горох / фасоль,buton,Бутон,регулятор роста,046-07-5054-1,08.04.2028,15 г/10 лводы,15 г,"Опрыскивание растений: 1-е -в фазе бутонизации, 2-е – в фазе начала цветения",,2,III,1505
regulyator-rost-i-urozhay,регулятор: рост и урожай,регулятор,goroh-fasol,горох / фасоль,grin-deyl,Грин Дейл,регулятор роста,008-07-3511-1,02.03.2032,6-10 мл/лводы,60–100 мл,Замачивание семян перед посевом на 1-2 часа,,1,III,1823
regulyator-rost-i-urozhay,регулятор: рост и урожай,регулятор,goroh-fasol,горох / фасоль,zavyaz,Завязь,регулятор роста,186-07-4808-1,11.02.2035,6 г/10 л воды,6 г,"Опрыскивание растений: 1-е - в фазе бутонизации, 2-е – в фазе начала цветения",,2,III,1510
regulyator-rost-i-urozhay,регулятор: рост и урожай,регулятор,goroh-fasol,горох / фасоль,zavyaz,Завязь,регулятор роста,186-07-4808-1,11.02.2035,14 г/10 лводы,14 г,"Опрыскивание растений: 1-е - в фазе бутонизации, 2-е – в фазе начала цветения.",,2,III,1510
regulyator-rost-i-urozhay,регулятор: рост и урожай,регулятор,goroh-fasol,горох / фасоль,immunotsitofit,Иммуноцитофит,регулятор роста,121-07-3951-1,11.01.2033,1 табл./ 100-150 мл воды,,Замачивание семян перед посевом на 2-3 часа,,1,III,1815
regulyator-rost-i-urozhay,регулятор: рост и урожай,регулятор,goroh-fasol,горох / фасоль,immunotsitofit,Иммуноцитофит,регулятор роста,121-07-3951-1,11.01.2033,"1 табл./ 1,5 лводы","6,7 табл",Опрыскивание растений: 1-е - в фазе полных всходов; 2-е - в фазе бутонизации - начала цветения,,2,III,1815
regulyator-rost-i-urozhay,регулятор: рост и урожай,регулятор,goroh-fasol,горох / фасоль,melafen,Мелафен,регулятор роста,547-07-3294-1,15.09.2031,"0,3-1 мл/100 мл воды",30–100 мл,Замачивание семян перед посевом на 1 час,,1,III,1640
regulyator-rost-i-urozhay,регулятор: рост и урожай,регулятор,goroh-fasol,горох / фасоль,melafen,Мелафен,регулятор роста,547-07-3294-1,15.09.2031,"0,5 мл/ 50 мл воды",100 мл,Замачивание семян перед посевом на 1 час,,1,III,1640
regulyator-rost-i-urozhay,регулятор: рост и урожай,регулятор,goroh-fasol,горох / фасоль,novosil,Новосил,регулятор роста,128-07-4761-1,22.12.2034,"0,2 мл/ 3 лводы","0,7 мл","Опрыскивание растений: 1-е – в фазе начала цветения, 2-е - в фазе массового цветения, 3-е - через 7 дней после второго опрыскивания.",,3,III,1773
regulyator-rost-i-urozhay,регулятор: рост и урожай,регулятор,goroh-fasol,горох / фасоль,obepeg,ОбеpeгЪ,регулятор роста,033-07-1377-1,26.02.2027,"0,02 мл/100 мл воды",2 мл,Предпосевная обработка семян,,1,III,1467
regulyator-rost-i-urozhay,регулятор: рост и урожай,регулятор,goroh-fasol,горох / фасоль,obepeg,ОбеpeгЪ,регулятор роста,033-07-1377-1,26.02.2027,"0,6 мл/3 лводы",2 мл,"Опрыскивание: 1-е - в фазе полных всходов, 2-е - в период бутонизации - начало цветения",,2,III,1467
regulyator-rost-i-urozhay,регулятор: рост и урожай,регулятор,goroh-fasol,горох / фасоль,tsveten,Цветень,регулятор роста,012-07-9886-1,05.04.2036,5 г/3 лводы,"16,7 г","Опрыскивание растений: 1-е - в фазе бутонизации, 2-е - в фазе начала цветения.",,2,III,1644
regulyator-rost-i-urozhay,регулятор: рост и урожай,регулятор,grusha,груша,agrostimul-ve,"АгроСтимул, ВЭ",регулятор роста,002-07-4818-0,10.03.2028,"4,0 мл/10 лводы",4 мл,"Опрыскивание растений: 1-е – в фазе «розовый бутон», 2-е – «плод грецкий орех».",,2,III,1566
regulyator-rost-i-urozhay,регулятор: рост и урожай,регулятор,grusha,груша,geteroauksin,Гетероауксин,регулятор роста,046-07-5038-1,04.10.2026,2 табл. /10 лводы,2 табл,"Обмакивание или замачивание на 1-2 часа корневой системы растений перед посадкой в водном растворе препарата, или обмакивание корневой системы растений в сметанообразную массу, состоящую из глины и торфяной крошки, замешанных на растворе гетероауксина Полив растений под корень после посадки",,1,III,1364
regulyator-rost-i-urozhay,регулятор: рост и урожай,регулятор,grusha,груша,geteroauksin,Гетероауксин,регулятор роста,046-07-5038-1,04.10.2026,2 табл. /10 лводы,2 табл,Полив растений под корень после посадки,,1,III,1364
regulyator-rost-i-urozhay,регулятор: рост и урожай,регулятор,grusha,груша,geteroauksin,Гетероауксин,регулятор роста,046-07-5038-1,04.10.2026,2 табл. /10 лводы,2 табл,"Полив растений под корень: 1-й – весной, в период распускания почек; 2-й – осенью, в период пожелтения листьев",,2,III,1364
regulyator-rost-i-urozhay,регулятор: рост и урожай,регулятор,grusha,груша,geteroauksin,Гетероауксин,регулятор роста,046-07-5039-1,04.10.2026,"0,2 г/10 лводы","0,2 г","Обмакивание или замачивание на 1-2 часа корневой системы растений перед посадкой в водном растворе препарата, или обмакивание корневой системы растений в сметанообразную массу, состоящую из глины и торфяной крошки, замешанную на растворе гетероауксина",,1,III,1367
regulyator-rost-i-urozhay,регулятор: рост и урожай,регулятор,grusha,груша,geteroauksin,Гетероауксин,регулятор роста,046-07-5039-1,04.10.2026,"0,2 г/10 лводы","0,2 г",Полив растений под корень после посадки,,1,III,1367
regulyator-rost-i-urozhay,регулятор: рост и урожай,регулятор,grusha,груша,geteroauksin,Гетероауксин,регулятор роста,046-07-5039-1,04.10.2026,"0,2 г/10 лводы","0,2 г","Полив растений под корень: 1-й – весной, в период распускания почек; 2-й – осенью, в период пожелтения листьев",,2,III,1367
regulyator-rost-i-urozhay,регулятор: рост и урожай,регулятор,grusha,груша,geteroauksin,Гетероауксин+,регулятор роста,033-07-3057-1,17.03.2031,10 г/10 лводы,10 г,Обмакивание корневой системы растений перед посадкой,,1,III,1410
regulyator-rost-i-urozhay,регулятор: рост и урожай,регулятор,grusha,груша,geteroauksin,Гетероауксин+,регулятор роста,033-07-3057-1,17.03.2031,10 г/10 лводы,10 г,Полив растений под корень через 5 дней после посадки,,1,III,1410
regulyator-rost-i-urozhay,регулятор: рост и урожай,регулятор,grusha,груша,geteroauksin,Гетероауксин+,регулятор роста,033-07-3057-1,17.03.2031,10 г/10 лводы,10 г,Обмакивание корневой системы растений перед посадкой,,1,III,1410
regulyator-rost-i-urozhay,регулятор: рост и урожай,регулятор,grusha,груша,geteroauksin,Гетероауксин+,регулятор роста,033-07-3057-1,17.03.2031,10 г/10 лводы,10 г,Полив растений под корень через 5 дней после посадки,,1,III,1410
regulyator-rost-i-urozhay,регулятор: рост и урожай,регулятор,grusha,груша,zavyaz,Завязь,регулятор роста,186-07-4808-1,11.02.2035,20 г/10 лводы,20 г,"Опрыскивание растений: 1-е - в фазе цветения, 2-е - после опадения лепестков.",,2,III,1510
regulyator-rost-i-urozhay,регулятор: рост и урожай,регулятор,grusha,груша,kornerost-m,Корнерост М,регулятор роста,046-07-5079-1,13.03.2029,1-2 г/10 черенков,,Обработка предварительно увлажненного базального среза черенка,,1,III,1415
regulyator-rost-i-urozhay,регулятор: рост и урожай,регулятор,grusha,груша,mival-agro,Мивал-Агро,регулятор роста,467-07-1697-1,30.01.2028,"0,2 г/ 8 лводы","0,2 г",Опрыскивание растений после обрезки на обратныйрост или в фазе «зеленый конус»,,1,III,1669
regulyator-rost-i-urozhay,регулятор: рост и урожай,регулятор,grusha,груша,saldo,Сальдо,регулятор роста,018-07-2179-1,01.04.2029,75 мл / 10 лводы,75 мл,Опрыскивание растений в фазе размер плода «лещина» (диаметр плода 12-14 мм),,1,III,1416
regulyator-rost-i-urozhay,регулятор: рост и урожай,регулятор,ezhevika-golubika-zhimolost,ежевика / голубика / жимолость,geteroauksin,Гетероауксин+,регулятор роста,033-07-3057-1,17.03.2031,4 г/л воды,40 г,Замачивание черенков перед посадкой на 10-16 часов,,1,III,1409
regulyator-rost-i-urozhay,регулятор: рост и урожай,регулятор,ezhevika-golubika-zhimolost,ежевика / голубика / жимолость,kornerost-m,Корнерост М,регулятор роста,046-07-5079-1,13.03.2029,1-2 г/10 черенков,,Обработка предварительно увлажненного базального среза черенка,,1,III,1415
regulyator-rost-i-urozhay,регулятор: рост и урожай,регулятор,zelen,"зелень (укроп, петрушка, салат)",albit,Альбит,регулятор роста,081-07-9800-1,03.03.2036,2 мл/лводы,20 мл,Замачивание семян перед посевом на 3 часа.,,1,III,1728
regulyator-rost-i-urozhay,регулятор: рост и урожай,регулятор,zelen,"зелень (укроп, петрушка, салат)",albit,Альбит,регулятор роста,081-07-9800-1,03.03.2036,1 мл/10 лводы,1 мл,"Опрыскивание растений: 1-е – в фазе 2-3 листьев, 2-е – через 15 дней после первого опрыскивания.",,2,III,1728
regulyator-rost-i-urozhay,регулятор: рост и урожай,регулятор,zelen,"зелень (укроп, петрушка, салат)",ekopin,Экопин,регулятор роста,012-07-2246-1,27.05.2029,1 г/10 лводы,1 г,"Опрыскивание растений: первое - в фазе 2-3 листьев, второе - через 15 дней после первого",,2,III,1626
regulyator-rost-i-urozhay,регулятор: рост и урожай,регулятор,zelen,"зелень (укроп, петрушка, салат)",ekopin,Экопин,регулятор роста,012-07-2246-1,27.05.2029,2 г/ лводы,20 г,Замачивание семян перед посевом в течение 3 часов,,1,III,1627
regulyator-rost-i-urozhay,регулятор: рост и урожай,регулятор,zernobobovye,"зернобобовые (нут, чечевица, люпин, бобы)",melafen,Мелафен,регулятор роста,547-07-3294-1,15.09.2031,"0,5 мл/ 50 мл воды",100 мл,Замачивание семян перед посевом на 1 час,,1,III,1641
regulyator-rost-i-urozhay,регулятор: рост и урожай,регулятор,kabachok,кабачок,albit,Альбит,регулятор роста,081-07-9800-1,03.03.2036,2 мл/лводы,20 мл,Замачивание семян перед посевом на 3 часа.,,1,III,1726
regulyator-rost-i-urozhay,регулятор: рост и урожай,регулятор,kabachok,кабачок,albit,Альбит,регулятор роста,081-07-9800-1,03.03.2036,1 мл/10 лводы,1 мл,"Опрыскивание растений: 1-е – в фазе 2-3 листьев, 2-е -через 15 дней после первого опрыскивания.",,2,III,1726
regulyator-rost-i-urozhay,регулятор: рост и урожай,регулятор,kabachok,кабачок,geteroauksin,Гетероауксин,регулятор роста,046-07-5038-1,04.10.2026,5 табл./20 лводы,"2,5 табл",Полив растений под корень после посадки,,1,III,1363
regulyator-rost-i-urozhay,регулятор: рост и урожай,регулятор,kabachok,кабачок,geteroauksin,Гетероауксин,регулятор роста,046-07-5038-1,04.10.2026,1 табл./2 лводы,5 табл,Обмакивание корневой системы растений перед высадкой в грунт,,1,III,1363
regulyator-rost-i-urozhay,регулятор: рост и урожай,регулятор,kabachok,кабачок,geteroauksin,Гетероауксин,регулятор роста,046-07-5039-1,04.10.2026,"0,5 г/10 лводы","0,5 г",Обмакивание корневой системы растений перед высадкой в грунт,,1,III,1367
regulyator-rost-i-urozhay,регулятор: рост и урожай,регулятор,kabachok,кабачок,geteroauksin,Гетероауксин,регулятор роста,046-07-5039-1,04.10.2026,"0,5 г/20 лводы","0,2 г",Полив растений под корень после посадки,,1,III,1367
regulyator-rost-i-urozhay,регулятор: рост и урожай,регулятор,kabachok,кабачок,plantarel,Плантарел,регулятор роста,734-07-3223-1,14.07.2031,1 мл/100 мл воды,100 мл,Замачивание семян перед посевом,,1,III,1619
regulyator-rost-i-urozhay,регулятор: рост и урожай,регулятор,kabachok,кабачок,plantarel,Плантарел,регулятор роста,734-07-3223-1,14.07.2031,5-10 мл/ 10 лводы,5–10 мл,"Опрыскивание растений: 1-е - в фазе 4-5 настоящих листьев, 2- - в фазе бутонизации, 3-е - в фазе налива плодов",,3,III,1619
regulyator-rost-i-urozhay,регулятор: рост и урожай,регулятор,kabachok,кабачок,ekopin,Экопин,регулятор роста,012-07-2246-1,27.05.2029,2 г/л воды,20 г,Замачивание семян в течение,,1,III,1624
regulyator-rost-i-urozhay,регулятор: рост и урожай,регулятор,kabachok,кабачок,ekopin,Экопин,регулятор роста,012-07-2246-1,27.05.2029,1 г/10 лводы,1 г,"Опрыскивание растений: первое - в фазе 2-3 листьев, второе - через 15 дней после первого опрыскивания",,2,III,1624
regulyator-rost-i-urozhay,регулятор: рост и урожай,регулятор,kapusta,капуста,agat-25-super,Агат-25 Супер,регулятор роста,471-07-1781-1,04.03.2028,40 мг/лводы,,Замачивание семян перед посевом на 6 часов,,1,III,1400
regulyator-rost-i-urozhay,регулятор: рост и урожай,регулятор,kapusta,капуста,agat-25-super,Агат-25 Супер,регулятор роста,471-07-1781-1,04.03.2028,"0,4 мг/3 лводы",,"Опрыскивание растений: 1-е - в фазе 3-5 листьев , 2-е - в фазе рыхлого кочана",,2,III,1400
regulyator-rost-i-urozhay,регулятор: рост и урожай,регулятор,kapusta,капуста,agrostimul-ve,"АгроСтимул, ВЭ",регулятор роста,002-07-4818-0,10.03.2028,"1,0-1,5 мл/лводы",10–15 мл,Замачивание семян перед посевом на 2 часа.,,1,III,1565
regulyator-rost-i-urozhay,регулятор: рост и урожай,регулятор,kapusta,капуста,agrostimul-ve,"АгроСтимул, ВЭ",регулятор роста,002-07-4818-0,10.03.2028,"1,0-1,5 мл/3 лводы","3,3–5 мл","Опрыскивание растений: 1-е – в фазе розетки, 2-е - в фазе завязывания кочана.",,2,III,1565
regulyator-rost-i-urozhay,регулятор: рост и урожай,регулятор,kapusta,капуста,albit,Альбит,регулятор роста,081-07-9800-1,03.03.2036,1 мл/лводы,10 мл,Замачивание семян перед посевом на 3 часа.,,1,III,1727
regulyator-rost-i-urozhay,регулятор: рост и урожай,регулятор,kapusta,капуста,albit,Альбит,регулятор роста,081-07-9800-1,03.03.2036,1 мл/10 лводы,1 мл,"Опрыскивание растений: 1-е – в фазе 3-5 листьев, 2-е и 3е – с интервалом 2 недели.",,3,III,1727
regulyator-rost-i-urozhay,регулятор: рост и урожай,регулятор,kapusta,капуста,bioduks,Биодукс,регулятор роста,173-07-4899-0,05.06.2028,"0,02 мл/200 мл воды",1 мл,Замачивание семян перед посевом на 1 час,,1,III,1482
regulyator-rost-i-urozhay,регулятор: рост и урожай,регулятор,kapusta,капуста,bioduks,Биодукс,регулятор роста,173-07-4899-0,05.06.2028,"0,02-0,05 мл/4 лводы","0,1–0,1 мл","Опрыскивание растений: 1-е - в фазе розетки, 2-е - в фазе завязывания кочана",,2,III,1482
regulyator-rost-i-urozhay,регулятор: рост и урожай,регулятор,kapusta,капуста,biosil,Биосил,регулятор роста,347-07-1440-1,05.04.2027,"0,4 мл/100 м2",,"Опрыскивание: 1-е - в фазе 6-7 листьев, 2-е - в период массового завязывания кочанов",,2,III,1760
regulyator-rost-i-urozhay,регулятор: рост и урожай,регулятор,kapusta,капуста,botanik,Ботаник,регулятор роста,008-07-3673-1,28.04.2032,1 - 3 мл/лводы,10–30 мл,"Опрыскивание растений: 1-е - через 10 дней после высадки рассады в грунт, 2-е - через 15 дней после первого опрыскивания, 3-е -через 15 дней после второго опрыскивания",20,3,III,1416
regulyator-rost-i-urozhay,регулятор: рост и урожай,регулятор,kapusta,капуста,buton,Бутон,регулятор роста,046-07-5054-1,08.04.2028,15 г/10 лводы,15 г,"Опрыскивание растений: 1-е -в фазе начала появления первого настоящего листа, 2-е –в фазе 6-8 листьев, 3-е – в фазе начала завязывания кочана",,3,III,1503
regulyator-rost-i-urozhay,регулятор: рост и урожай,регулятор,kapusta,капуста,buton,Бутон,регулятор роста,046-07-5054-1,08.04.2028,15 г/10 лводы,15 г,"Опрыскивание растений: 1-е - в фазе 5-6 листьев, 2-е - в начале формирования головки, 3-е -- перед смыканием листьев над головкой",,3,III,1503
regulyator-rost-i-urozhay,регулятор: рост и урожай,регулятор,kapusta,капуста,verva,Вэрва,регулятор роста,145-07-1604-1,20.11.2027,2 мл/3 лводы,"6,7 мл","Опрыскивание растений: 1-е - в фазе 6-7 листьев, 2-е - в фазе завязывания кочана",,2,III,1766
regulyator-rost-i-urozhay,регулятор: рост и урожай,регулятор,kapusta,капуста,geteroauksin,Гетероауксин,регулятор роста,046-07-5038-1,04.10.2026,5 табл./20 лводы,"2,5 табл",Полив растений под корень после посадки,,1,III,1363
regulyator-rost-i-urozhay,регулятор: рост и урожай,регулятор,kapusta,капуста,geteroauksin,Гетероауксин,регулятор роста,046-07-5038-1,04.10.2026,1 табл./2 лводы,5 табл,Обмакивание корневой системы растений перед высадкой в грунт,,1,III,1363
regulyator-rost-i-urozhay,регулятор: рост и урожай,регулятор,kapusta,капуста,geteroauksin,Гетероауксин,регулятор роста,046-07-5039-1,04.10.2026,"0,5 г/10 лводы","0,5 г",Обмакивание корневой системы растений перед высадкой в грунт,,1,III,1367
regulyator-rost-i-urozhay,регулятор: рост и урожай,регулятор,kapusta,капуста,geteroauksin,Гетероауксин,регулятор роста,046-07-5039-1,04.10.2026,"0,5 г/20 лводы","0,2 г",Полив растений под корень после посадки,,1,III,1367
regulyator-rost-i-urozhay,регулятор: рост и урожай,регулятор,kapusta,капуста,geteroauksin,Гетероауксин+,регулятор роста,033-07-3057-1,17.03.2031,4 г/10 лводы,4 г,Обмакивание корневой системы растений перед высадкой в грунт,,1,III,1409
regulyator-rost-i-urozhay,регулятор: рост и урожай,регулятор,kapusta,капуста,gibbera,Гиббера,регулятор роста,018-07-2170-1,27.03.2029,"1 мл/1,5 лводы","6,7 мл","Опрыскивание растений: 1-е – в фазе 6-8 листьев, 2-е – в фазе начала завязывания кочана",,2,III,1487
regulyator-rost-i-urozhay,регулятор: рост и урожай,регулятор,kapusta,капуста,gibbersib,Гибберсиб,регулятор роста,034-07-1313-1,22.12.2026,"0,1 г/1,5 лводы","0,7 г","Опрыскиваниерастений: 1-е – в фазе 6-8 листьев, 2-е – через 10-12 дней после первой обработки",,2,III,1493
regulyator-rost-i-urozhay,регулятор: рост и урожай,регулятор,kapusta,капуста,gibbersib,Гибберсиб,регулятор роста,034-07-1313-1,22.12.2026,"0,1 г/1,5 лводы","0,7 г","Опрыскиваниерастений: 1-е – в фазе 6-8 листьев, 2-е – в фазе начала завязывания кочан, 3-е - через 10-12 дней после второй обработки",,3,III,1493
regulyator-rost-i-urozhay,регулятор: рост и урожай,регулятор,kapusta,капуста,grin-deyl,Грин Дейл,регулятор роста,008-07-3511-1,02.03.2032,6-10 мл/10 лводы,6–10 мл,Опрыскивание растений: 1-е -,,2,III,1823
regulyator-rost-i-urozhay,регулятор: рост и урожай,регулятор,kapusta,капуста,zavyaz,Завязь,регулятор роста,186-07-4808-1,11.02.2035,14 г/10 лводы,14 г,"Опрыскивание растений: 1-е - в фазе 6-8 листьев, 2-е - в фазе начала завязывания кочана.",,2,III,1509
regulyator-rost-i-urozhay,регулятор: рост и урожай,регулятор,kapusta,капуста,zavyaz,Завязь,регулятор роста,186-07-4808-1,11.02.2035,14 г/10 лводы,14 г,"Опрыскивание растений: 1-е - в фазе 6-8 листьев, 2-е - в фазе начала завязывания кочана, 3-е – через 10-12 дней после второго опрыскивания.",,3,III,1509
regulyator-rost-i-urozhay,регулятор: рост и урожай,регулятор,kapusta,капуста,immunotsitofit,Иммуноцитофит,регулятор роста,121-07-3951-1,11.01.2033,1 табл./ 10-15 мл воды,,Замачивание семян перед посевом на 2-3 часа,,1,III,1819
regulyator-rost-i-urozhay,регулятор: рост и урожай,регулятор,kapusta,капуста,immunotsitofit,Иммуноцитофит,регулятор роста,121-07-3951-1,11.01.2033,"1 табл./ 1,5 лводы","6,7 табл",Опрыскивание растений: 1-е - в фазе розетки; 2-е - в фазе завязывания кочана,,2,III,1819
regulyator-rost-i-urozhay,регулятор: рост и урожай,регулятор,kapusta,капуста,karbonado,Карбонадо,регулятор роста,764-07-3293-1,15.09.2031,1 г/л воды,10 г,Замачивание семян перед посевом на 3 часа,,1,III,1698
regulyator-rost-i-urozhay,регулятор: рост и урожай,регулятор,kapusta,капуста,krepen,Крепень,регулятор роста,008-07-1585-1,06.11.2027,"0,85 мл/300 мл воды","28,3 мл","Опрыскивание: 1-е – в фазе 2-3 настоящих листьев, 2-е – через 7 дней после первой обработки",,2,III,1783
regulyator-rost-i-urozhay,регулятор: рост и урожай,регулятор,kapusta,капуста,krepen,Крепень,регулятор роста,008-07-1585-1,06.11.2027,3 мл/лводы,30 мл,"Полив под корень: 1-й – через 10 дней после высадки рассады, 2-й через – через 14 дней после первого полива",,2,III,1783
regulyator-rost-i-urozhay,регулятор: рост и урожай,регулятор,kapusta,капуста,mival-agro,Мивал-Агро,регулятор роста,467-07-1697-1,30.01.2028,"0,1 г/ 3 лводы","0,3 г","Опрыскивание растений: 1-е в фазе 2-3 настоящих листьев, 2-е - в период массового формирования кочана",,2,III,1668
regulyator-rost-i-urozhay,регулятор: рост и урожай,регулятор,kapusta,капуста,novosil,Новосил,регулятор роста,128-07-4761-1,22.12.2034,"0,4 мл/ 3 лводы","1,3 мл","Опрыскивание растений: 1-е – в фазе образования 6-7 листьев, 2-е - в фазе массового завязывания кочанов.",,2,III,1773
regulyator-rost-i-urozhay,регулятор: рост и урожай,регулятор,kapusta,капуста,obepeg,ОбеpeгЪ,регулятор роста,033-07-1377-1,26.02.2027,"0,02 мл/100 мл воды",2 мл,Замачивание семян перед посевом на 1 час,,1,III,1467
regulyator-rost-i-urozhay,регулятор: рост и урожай,регулятор,kapusta,капуста,obepeg,ОбеpeгЪ,регулятор роста,033-07-1377-1,26.02.2027,"0,6 мл/3 лводы",2 мл,"Опрыскивание: 1-е - в фазе розетки, 2-е - в фазе завязывания кочана",,2,III,1467
regulyator-rost-i-urozhay,регулятор: рост и урожай,регулятор,kapusta,капуста,prorostok,Проросток,регулятор роста,033-07-1375-1,26.02.2027,"0,2 мл/ 100 мл воды",20 мл,Замачивание семян перед посевом на 1 час,,1,III,1473
regulyator-rost-i-urozhay,регулятор: рост и урожай,регулятор,kapusta,капуста,silatsin-krp,"Силацин, КРП",регулятор роста,324-07-2045-1,05.11.2028,1 табл./ 100 мл воды,100 табл,Замачивание семян перед посевом на 30-40 минут,,1,III,1798
regulyator-rost-i-urozhay,регулятор: рост и урожай,регулятор,kapusta,капуста,silatsin-krp,"Силацин, КРП",регулятор роста,324-07-2045-1,05.11.2028,1 табл./ 100 мл воды,100 табл,Замачивание семян перед посевом на 30-40 минут,,1,III,1798
regulyator-rost-i-urozhay,регулятор: рост и урожай,регулятор,kapusta,капуста,tsveten,Цветень,регулятор роста,012-07-9886-1,05.04.2036,"2,5 г/3 лводы","8,3 г","Опрыскивание растений: 1-е - в фазе 6-8 листьев, 2-е - в фазе завязывания кочана.",,2,III,1644
regulyator-rost-i-urozhay,регулятор: рост и урожай,регулятор,kapusta,капуста,ekopin,Экопин,регулятор роста,012-07-2246-1,27.05.2029,1 г/л воды,10 г,Замачивание семян перед посевом в течение 3 часов,,1,III,1628
regulyator-rost-i-urozhay,регулятор: рост и урожай,регулятор,kapusta,капуста,ekopin,Экопин,регулятор роста,012-07-2246-1,27.05.2029,1 г/10 лводы,1 г,"Опрыскивание: первое - в фазе 3-5 листьев, второе и третье с интервалом в 14 дней",,3,III,1628
regulyator-rost-i-urozhay,регулятор: рост и урожай,регулятор,kapusta,капуста,energiya-m-krp,"Энергия-М, КРП",регулятор роста,124-07-1881-1,25.04.2028,1 табл./ 100 мл воды,100 табл,Замачивание семян перед посевом на 30-40 минут,,1,III,1688
regulyator-rost-i-urozhay,регулятор: рост и урожай,регулятор,kapusta,капуста,energiya-m-krp,"Энергия-М, КРП",регулятор роста,124-07-1881-1,25.04.2028,"1,5 табл./3 лводы",5 табл,"Опрыскивание растений: 1-е - в фазе полной листовой розетки, 2-е - в фазе завязывания кочана",,2,III,1689
regulyator-rost-i-urozhay,регулятор: рост и урожай,регулятор,kapusta,капуста,energiya-m-krp,"Энергия-М, КРП",регулятор роста,124-07-1881-1,25.04.2028,1 табл./ 100 мл воды,100 табл,Замачивание семян перед посевом на 30-40 минут,,1,III,1689
regulyator-rost-i-urozhay,регулятор: рост и урожай,регулятор,kapusta,капуста,etamon-bio,Этамон Био,регулятор роста,427-07-2227-1,19.05.2029,5 г/л воды,50 г,Опрыскивание растений в фазе 2-3-х листьев,,1,III,1448
regulyator-rost-i-urozhay,регулятор: рост и урожай,регулятор,kapusta,капуста,etamon-bio,Этамон Био,регулятор роста,427-07-2227-1,19.05.2029,10 г/лводы,100 г,"Опрыскивание растений: первое - в фазе 4-5 листьев, второе - в фазе начала формирования кочана",,2,III,1448
regulyator-rost-i-urozhay,регулятор: рост и урожай,регулятор,kartofel,картофель,agat-25-super,Агат-25 Супер,регулятор роста,471-07-1781-1,04.03.2028,14 г/ лводы,140 г,Обработка клубней перед посадкой,,1,III,1398
regulyator-rost-i-urozhay,регулятор: рост и урожай,регулятор,kartofel,картофель,agat-25-super,Агат-25 Супер,регулятор роста,471-07-1781-1,04.03.2028,1 г/4 лводы,"2,5 г","Опрыскивание растений: 1-е - в фазе бутонизации, 2-е -через 10-12 дней после первого опрыскивания",,2,III,1398
regulyator-rost-i-urozhay,регулятор: рост и урожай,регулятор,kartofel,картофель,agrostimul-ve,"АгроСтимул, ВЭ",регулятор роста,002-07-4818-0,10.03.2028,2 мл/л воды,20 мл,Предпосадочная обработка клубней.,1,1,III,1565
regulyator-rost-i-urozhay,регулятор: рост и урожай,регулятор,kartofel,картофель,agrostimul-ve,"АгроСтимул, ВЭ",регулятор роста,002-07-4818-0,10.03.2028,2 мл/3 л воды,"6,7 мл","Опрыскивание растений: 1-е – в фазе бутонизации-начала цветения, 2-е – через 20 дней после первого опрыскивания.",,2,III,1565
regulyator-rost-i-urozhay,регулятор: рост и урожай,регулятор,kartofel,картофель,albit,Альбит,регулятор роста,081-07-9800-1,03.03.2036,10 мл/лводы,100 мл,Обработка клубней перед посадкой.,,1,III,1723
regulyator-rost-i-urozhay,регулятор: рост и урожай,регулятор,kartofel,картофель,albit,Альбит,регулятор роста,081-07-9800-1,03.03.2036,2 мл/10 лводы,2 мл,"Опрыскивание растений: 1-е – в фазе бутонизации, 2-е – через 10-15 дней после первого опрыскивания.",,2,III,1723
regulyator-rost-i-urozhay,регулятор: рост и урожай,регулятор,kartofel,картофель,bioduks,Биодукс,регулятор роста,173-07-4899-0,05.06.2028,"0,1 мл/лводы",1 мл,Опрыскивание клубней перед посадкой,,1,III,1481
regulyator-rost-i-urozhay,регулятор: рост и урожай,регулятор,kartofel,картофель,bioduks,Биодукс,регулятор роста,173-07-4899-0,05.06.2028,"0,05-0,1 мл/3 л воды","0,2–0,3 мл",Опрыскивание растений в фазе в фазе бутонизации,,1,III,1482
regulyator-rost-i-urozhay,регулятор: рост и урожай,регулятор,kartofel,картофель,biosil,Биосил,регулятор роста,347-07-1440-1,05.04.2027,"0,2 мл/3 лводы","0,7 мл","Опрыскивание: 1-е - в фазе начала цветения, 2-е - в фазе массового цветения, 3-е -через 7 дней после второго опрыскивания",,3,III,1760
regulyator-rost-i-urozhay,регулятор: рост и урожай,регулятор,kartofel,картофель,buton,Бутон,регулятор роста,046-07-5054-1,08.04.2028,15 г/10 лводы,15 г,Обработка клубней перед посадкой,,1,III,1504
regulyator-rost-i-urozhay,регулятор: рост и урожай,регулятор,kartofel,картофель,buton,Бутон,регулятор роста,046-07-5054-1,08.04.2028,15 г/10 лводы,15 г,Опрыскивание растений в фазе бутонизации,,1,III,1504
regulyator-rost-i-urozhay,регулятор: рост и урожай,регулятор,kartofel,картофель,verva,Вэрва,регулятор роста,145-07-1604-1,20.11.2027,"2,5 мл/лводы",25 мл,Обработка клубней перед посадкой,,1,III,1765
regulyator-rost-i-urozhay,регулятор: рост и урожай,регулятор,kartofel,картофель,verva,Вэрва,регулятор роста,145-07-1604-1,20.11.2027,5 мл/3 лводы,"16,7 мл","Опрыскивание растений: 1-е - в фазе начала цветения, 2-е – в фазе полного цветения; 3-е – через 7 дней после второго опрыскивания",,3,III,1765
regulyator-rost-i-urozhay,регулятор: рост и урожай,регулятор,kartofel,картофель,gibbersib,Гибберсиб,регулятор роста,034-07-1313-1,22.12.2026,"0,1 г/2 лводы","0,5 г","Опрыскивание растений: 1-е - в фазе начала массового цветения, 2-е - через 7 дней после первого опрыскивания",,2,III,1493
regulyator-rost-i-urozhay,регулятор: рост и урожай,регулятор,kartofel,картофель,giberelon,Гиберелон,регулятор роста,427-07-2226-1,19.05.2029,"0,4 г/2 лводы",2 г,"Опрыскивание растений: 1-е - в начале фазы массового цветения, 2-е – через 7 дней после первого опрыскивания",,2,III,1495
regulyator-rost-i-urozhay,регулятор: рост и урожай,регулятор,kartofel,картофель,giberelon,Гиберелон,регулятор роста,427-07-2226-1,19.05.2029,4-8 г/лводы,40–80 г,Предпосадочная обработка клубней,,1,III,1496
regulyator-rost-i-urozhay,регулятор: рост и урожай,регулятор,kartofel,картофель,zavyaz,Завязь,регулятор роста,186-07-4808-1,11.02.2035,10 г/10 лводы,10 г,"Опрыскивание растений: 1-е - в начале фазы массового цветения, 2-е – через 7 дней после первого опрыскивания.",,2,III,1509
regulyator-rost-i-urozhay,регулятор: рост и урожай,регулятор,kartofel,картофель,immunotsitofit,Иммуноцитофит,регулятор роста,121-07-3951-1,11.01.2033,1 табл./ 140-160 мл воды,,Опрыскивание клубней перед посадкой,,1,III,1816
regulyator-rost-i-urozhay,регулятор: рост и урожай,регулятор,kartofel,картофель,immunotsitofit,Иммуноцитофит,регулятор роста,121-07-3951-1,11.01.2033,"1 табл./ 1,5 лводы","6,7 табл",Опрыскивание растений: 1-е - в фазе полных всходов; 2-е - в фазе бутонизации-начала цветения,,2,III,1817
regulyator-rost-i-urozhay,регулятор: рост и урожай,регулятор,kartofel,картофель,karbonado,Карбонадо,регулятор роста,764-07-3293-1,15.09.2031,10 г/лводы,100 г,Обработка клубней перед посадкой,,1,III,1697
regulyator-rost-i-urozhay,регулятор: рост и урожай,регулятор,kartofel,картофель,karbonado,Карбонадо,регулятор роста,764-07-3293-1,15.09.2031,2 г/10 лводы,2 г,"Опрыскивание растений: 1-е - в фазе бутонизации, 2-е -через 10-15 дней после первого опрыскивания",,2,III,1698
regulyator-rost-i-urozhay,регулятор: рост и урожай,регулятор,kartofel,картофель,krezatsin-krp,"Крезацин, КРП",регулятор роста,342-07-2099-1,05.02.2029,1 табл./ 2 лводы,5 табл,Предпосадочная обработка клубней,,1,III,1650
regulyator-rost-i-urozhay,регулятор: рост и урожай,регулятор,kartofel,картофель,krezatsin-krp,"Крезацин, КРП",регулятор роста,342-07-2099-1,05.02.2029,2 табл./ 3 лводы,"6,7 табл","Опрыскивание растений: 1-е - в фазе 2-3 листьев, 2-е - в фазе бутонизации",,2,III,1650
regulyator-rost-i-urozhay,регулятор: рост и урожай,регулятор,kartofel,картофель,krepton-krp,"Крептон, КРП",регулятор роста,764-07-3298-1,16.09.2031,2 капсулы/1 л воды,,Предпосадочная обработка клубней,,1,III,1655
regulyator-rost-i-urozhay,регулятор: рост и урожай,регулятор,kartofel,картофель,krepton-krp,"Крептон, КРП",регулятор роста,764-07-3298-1,16.09.2031,2 капсулы/3 л воды,,"Опрыскивание растений: 1-е - в фазе полных всходов (высота растений 10-15 см), 2-е - в фазе бутонизации",,2,III,1655
regulyator-rost-i-urozhay,регулятор: рост и урожай,регулятор,kartofel,картофель,krepton-krp,"Крептон, КРП",регулятор роста,764-07-3298-1,16.09.2031,2 капсулы/1 л воды,,Предпосадочная обработка клубней,,1,III,1657
regulyator-rost-i-urozhay,регулятор: рост и урожай,регулятор,kartofel,картофель,krepton-krp,"Крептон, КРП",регулятор роста,764-07-3298-1,16.09.2031,2 капсулы/3 л воды,,"Опрыскивание растений: 1-е - в фазе полных всходов (высота растений 10-15 см), 2-е - в фазе бутонизации",,2,III,1657
regulyator-rost-i-urozhay,регулятор: рост и урожай,регулятор,kartofel,картофель,melafen,Мелафен,регулятор роста,547-07-3294-1,15.09.2031,1 мл/лводы,10 мл,Предпосадочная обработка клубней,,1,III,1639
regulyator-rost-i-urozhay,регулятор: рост и урожай,регулятор,kartofel,картофель,melafen,Мелафен,регулятор роста,547-07-3294-1,15.09.2031,"0,03-0,1 мл/2 л воды","0,1–0,5 мл",Опрыскивание растений в фазе бутонизации,,1,III,1639
regulyator-rost-i-urozhay,регулятор: рост и урожай,регулятор,kartofel,картофель,mival-agro,Мивал-Агро,регулятор роста,467-07-1697-1,30.01.2028,"0,2 г/ 3 лводы","0,7 г","Опрыскивание растений: 1-е - в фазе полных всходов, 2-е - в фазе бутонизации",,2,III,1662
regulyator-rost-i-urozhay,регулятор: рост и урожай,регулятор,kartofel,картофель,mival-agro,Мивал-Агро,регулятор роста,467-07-1697-1,30.01.2028,"0,2 г/лводы",2 г,Предпосадочная обработка клубней,,1,III,1666
regulyator-rost-i-urozhay,регулятор: рост и урожай,регулятор,kartofel,картофель,novosil,Новосил,регулятор роста,128-07-4761-1,22.12.2034,1 мл/3 л воды,"3,3 мл","Опрыскивание растений: 1-е – в фазе начала цветения, 2-е – в фазе массового цветения, 3-е - через 7 дней после второго опрыскивания.",,3,III,1772
regulyator-rost-i-urozhay,регулятор: рост и урожай,регулятор,kartofel,картофель,obepeg,ОбеpeгЪ,регулятор роста,033-07-1377-1,26.02.2027,"0,2 мл/лводы",2 мл,Опрыскивание клубней перед посадкой,,1,III,1465
regulyator-rost-i-urozhay,регулятор: рост и урожай,регулятор,kartofel,картофель,obepeg,ОбеpeгЪ,регулятор роста,033-07-1377-1,26.02.2027,"0,6 мл/3 лводы",2 мл,Опрыскивание в фазе бутонизации,,1,III,1465
regulyator-rost-i-urozhay,регулятор: рост и урожай,регулятор,kartofel,картофель,plantarel,Плантарел,регулятор роста,734-07-3223-1,14.07.2031,100-150 мл/10 лводы,100–150 мл,Предпосадочная обработка клубней,,1,III,1617
regulyator-rost-i-urozhay,регулятор: рост и урожай,регулятор,kartofel,картофель,plantarel,Плантарел,регулятор роста,734-07-3223-1,14.07.2031,5-10 мл/ 10 лводы,5–10 мл,"Опрыскивание растений: 1-е - в фазе смыкания рядков, 2-е - в фазе бутонизации",,2,III,1618
regulyator-rost-i-urozhay,регулятор: рост и урожай,регулятор,kartofel,картофель,prorostok,Проросток,регулятор роста,033-07-1375-1,26.02.2027,2 мл/лводы,20 мл,Опрыскивание клубней перед посадкой,,1,III,1472
regulyator-rost-i-urozhay,регулятор: рост и урожай,регулятор,kartofel,картофель,silatsin-krp,"Силацин, КРП",регулятор роста,324-07-2045-1,05.11.2028,"5 табл./ 0,5 лводы",100 табл,Предпосадочнаяобработка клубней,,1,III,1796
regulyator-rost-i-urozhay,регулятор: рост и урожай,регулятор,kartofel,картофель,ekopin,Экопин,регулятор роста,012-07-2246-1,27.05.2029,10 г/лводы,100 г,Обработка клубней перед посадкой,,1,III,1629
regulyator-rost-i-urozhay,регулятор: рост и урожай,регулятор,kartofel,картофель,ekopin,Экопин,регулятор роста,012-07-2246-1,27.05.2029,2 г/10 лводы,2 г,"Опрыскивание растений: первое - в фазе бутонизации, второе - через 10-15 дней после первого опрыскивания",,2,III,1629
regulyator-rost-i-urozhay,регулятор: рост и урожай,регулятор,kartofel,картофель,emistim,Эмистим,регулятор роста,392-07-1237-1,20.09.2026,"0,1 мл/л воды",1 мл,Опрыскивание клубней перед посадкой,,1,III,1423
regulyator-rost-i-urozhay,регулятор: рост и урожай,регулятор,kartofel,картофель,emistim,Эмистим,регулятор роста,392-07-1237-1,20.09.2026,"0,1 мл/лводы",1 мл,Опрыскивание клубней перед посадкой,,1,III,1424
regulyator-rost-i-urozhay,регулятор: рост и урожай,регулятор,kartofel,картофель,energiya-m-krp,"Энергия-М, КРП",регулятор роста,124-07-1881-1,25.04.2028,4 табл./лводы,40 табл,Предпосадочная обработка клубней,,1,III,1684
regulyator-rost-i-urozhay,регулятор: рост и урожай,регулятор,kartofel,картофель,energiya-m-krp,"Энергия-М, КРП",регулятор роста,124-07-1881-1,25.04.2028,2 табл./3-5 лводы,,"Опрыскивание растений: 1-е - в фазе 2-3 листьев, 2-е - в фазе бутонизации",,2,III,1684
regulyator-rost-i-urozhay,регулятор: рост и урожай,регулятор,kartofel,картофель,etamon-bio,Этамон Био,регулятор роста,427-07-2227-1,19.05.2029,"5-7,5 г/лводы",50–75 г,"Опрыскивание растений: первое - в фазе активного роста ботвы (высота растений 10-15 см), второе -в фазе начала бутонизации",,2,III,1448
regulyator-rost-i-urozhay,регулятор: рост и урожай,регулятор,kartofel,картофель,yantarnaya-kislota,Янтарная кислота,регулятор роста,033-07-2821-1,04.10.2030,10 г/10 лводы,10 г,"Опрыскивание клубней за 0,5-2 часа до посадки",,1,III,1825
regulyator-rost-i-urozhay,регулятор: рост и урожай,регулятор,kartofel,картофель,yantarnaya-kislota,Янтарная кислота,регулятор роста,033-07-2821-1,04.10.2030,10 г/20 лводы,5 г,Опрыскивание растений в начале фазы цветения,,1,III,1825
regulyator-rost-i-urozhay,регулятор: рост и урожай,регулятор,klubnika,клубника (земляника),agat-25-super,Агат-25 Супер,регулятор роста,471-07-1781-1,04.03.2028,7 г/л воды,70 г,Обмакивание корневой системы рассады перед посадкой,,1,III,1400
regulyator-rost-i-urozhay,регулятор: рост и урожай,регулятор,klubnika,клубника (земляника),albit,Альбит,регулятор роста,081-07-9800-1,03.03.2036,1 мл/10 лводы,1 мл,"Опрыскивание растений: 1-е – в фазе бутонизации, 2-е и 3-е – с интервалом 7-10 дней.",,3,III,1730
regulyator-rost-i-urozhay,регулятор: рост и урожай,регулятор,klubnika,клубника (земляника),bioagro-rr,Биоагро-РР,регулятор роста,591(526)-07-2502-1,11.12.2029,5 мл/лводы,50 мл,Замачивание корневой системы саженцев перед посадкой в течение 1 часа,,1,III,1445
regulyator-rost-i-urozhay,регулятор: рост и урожай,регулятор,klubnika,клубника (земляника),bioagro-rr,Биоагро-РР,регулятор роста,591(526)-07-2502-1,11.12.2029,200 мл/10 лводы,200 мл,Опрыскивание растений: 1-е – в период нарастания листьев; 2-е – в фазе бутонизации,,2,III,1445
regulyator-rost-i-urozhay,регулятор: рост и урожай,регулятор,klubnika,клубника (земляника),buton,Бутон,регулятор роста,046-07-5054-1,08.04.2028,10 г/10 лводы,10 г,"Опрыскивание растений: 1-е – в начале фазы цветения, 2-е - через 7 дней после первого опрыскивания",,2,III,1505
regulyator-rost-i-urozhay,регулятор: рост и урожай,регулятор,klubnika,клубника (земляника),geteroauksin,Гетероауксин,регулятор роста,046-07-5038-1,04.10.2026,2 табл. /10 лводы,2 табл,"Полив растений под корень: 1-й – весной в период образования розетки, 2-й – через 30-35 дней после сбора урожая (3-я декада августа)",,1,III,1364
regulyator-rost-i-urozhay,регулятор: рост и урожай,регулятор,klubnika,клубника (земляника),geteroauksin,Гетероауксин,регулятор роста,046-07-5039-1,04.10.2026,"0,2 г/10 лводы","0,2 г","Полив растений под корень: 1-й – весной, в период образования розетки; 2-й – через 30-35 дней после сбора урожая (3-я декада августа)",,1,III,1367
regulyator-rost-i-urozhay,регулятор: рост и урожай,регулятор,klubnika,клубника (земляника),zavyaz,Завязь,регулятор роста,186-07-4808-1,11.02.2035,20 г/10 лводы,20 г,"Опрыскивание растений: 1-е - в фазе выдвижения цветоносов, 2-е - через 7 дней после первого опрыскивания.",,2,III,1510
regulyator-rost-i-urozhay,регулятор: рост и урожай,регулятор,klubnika,клубника (земляника),immunotsitofit,Иммуноцитофит,регулятор роста,121-07-3951-1,11.01.2033,"1 табл./ 1,5 лводы","6,7 табл",Опрыскивание растений:1-е -перед цветением; 2-е - через 20-30 дней после первого опрыскивания,,2,III,1821
regulyator-rost-i-urozhay,регулятор: рост и урожай,регулятор,klubnika,клубника (земляника),mival-agro,Мивал-Агро,регулятор роста,467-07-1697-1,30.01.2028,"0,2 г/ 4 лводы","0,5 г","Опрыскивание растений: 1-е - в фазе начала выдвижения цветоносов, 2-е в фазе цветения, 3-е в фазе завязывания и налива ягод",,3,III,1670
regulyator-rost-i-urozhay,регулятор: рост и урожай,регулятор,klubnika,клубника (земляника),obepeg,ОбеpeгЪ,регулятор роста,033-07-1377-1,26.02.2027,"0,6 мл/3 лводы",2 мл,"Опрыскивание: 1-е в фазе выдвижения цветоносов, 2-е - через 30 дней после первого опрыскивания",,2,III,1469
regulyator-rost-i-urozhay,регулятор: рост и урожай,регулятор,klubnika,клубника (земляника),ekopin,Экопин,регулятор роста,012-07-2246-1,27.05.2029,1 г/10 лводы,1 г,"Опрыскивание растений: первое – в период отрастания листьев (весной), второе и третье - с интервалом в 7-10 дней",,3,III,1630
regulyator-rost-i-urozhay,регулятор: рост и урожай,регулятор,klubnika,клубника (земляника),emistim,Эмистим,регулятор роста,392-07-1237-1,20.09.2026,"0,01 мл/10 лводы",0 мл,"Опрыскивание: 1-е – весной в период отрастания листьев, 2-е и 3-е с интервалом 1 месяц",,1,III,1424
regulyator-rost-i-urozhay,регулятор: рост и урожай,регулятор,klubnika,клубника (земляника),emistim,Эмистим,регулятор роста,392-07-1237-1,20.09.2026,"0,01 мл/10 лводы",0 мл,"Опрыскивание: 1-е – весной в период отрастания листьев, 2-е и 3-е с интервалом 1 месяц",,1,III,1425
regulyator-rost-i-urozhay,регулятор: рост и урожай,регулятор,klubnika,клубника (земляника),etamon-bio,Этамон Био,регулятор роста,427-07-2227-1,19.05.2029,"5-7,5 г/лводы",50–75 г,"Опрыскивание растений: первое – до начала цветения, второе – после сбора урожая в период возобновления роста – начала усообразования",,2,III,1448
regulyator-rost-i-urozhay,регулятор: рост и урожай,регулятор,klubnika,клубника (земляника),yantarin,Янтарин,регулятор роста,021-07-9747-1,22.12.2035,50-75 мл/4 лводы,"125–187,5 мл",Опрыскивание в период массового цветения.,,1,III,1828
regulyator-rost-i-urozhay,регулятор: рост и урожай,регулятор,klubnika,клубника (земляника),yantarnaya-kislota,Янтарная кислота,регулятор роста,033-07-2821-1,04.10.2030,10 г/5 лводы,20 г,"Опрыскивание растений: 1-е – в начале фазы бутонизации, 2-е – в начале фазы цветения",,2,III,1825
regulyator-rost-i-urozhay,регулятор: рост и урожай,регулятор,komnatnye-rasteniya,комнатные растения (общее),agat-25-super,Агат-25 Супер,регулятор роста,471-07-1781-1,04.03.2028,1-3 г/10 лводы,1–3 г,Опрыскивание или полив растений 2 раза в месяц при опрыскивании,,2,III,1401
regulyator-rost-i-urozhay,регулятор: рост и урожай,регулятор,komnatnye-rasteniya,комнатные растения (общее),botanik,Ботаник,регулятор роста,008-07-3673-1,28.04.2032,1-10 мл/лводы,10–100 мл,Полив растений или погружение корневой системы в раствор на 5-6 часов: 1-е – в фазе выхода соцветий; 2-е - через 15 дней после первого полива (погружения),,2,III,1417
regulyator-rost-i-urozhay,регулятор: рост и урожай,регулятор,komnatnye-rasteniya,комнатные растения (общее),botanik,Ботаник,регулятор роста,008-07-3673-1,28.04.2032,1-10 мл/лводы,10–100 мл,Опрыскивание растений: 1-е – в фазе выхода соцветий; 2-е - через 15 дней после первого опрыскивания,,2,III,1417
regulyator-rost-i-urozhay,регулятор: рост и урожай,регулятор,komnatnye-rasteniya,комнатные растения (общее),immunotsitofit,Иммуноцитофит,регулятор роста,121-07-3951-1,11.01.2033,"1 табл./ 1,5 лводы","6,7 табл","Опрыскивание растений: 1-е - в фазе формирования бутонов или новых листьев, 2-е – через 20-30 дней после первого опрыскивания, 3-е -через 20-30 дней после второго опрыскивания; в период покоя (осень-зима) с интервалом 1 месяц",,3,III,1822
regulyator-rost-i-urozhay,регулятор: рост и урожай,регулятор,komnatnye-rasteniya,комнатные растения (общее),korney,Корней,регулятор роста,012-07-3073-1,24.03.2031,1 г/л воды,10 г,Полив растений под корень сразу после посадки,,1,III,1414
regulyator-rost-i-urozhay,регулятор: рост и урожай,регулятор,komnatnye-rasteniya,комнатные растения (общее),reggi,Рэгги,регулятор роста,021-07-4836-1,25.03.2035,1 мл/100 мл воды,100 мл,"Полив растений: 1-й - в фазе сформированных, но ещё не окрашенных бутонов, 2-й – через 5-6 месяцев после первого полива.",,2,III,1780
regulyator-rost-i-urozhay,регулятор: рост и урожай,регулятор,fialka,комнатные: фиалка,detka,Детка,регулятор роста,033-07-2071-1,05.03.2029,"1,5-2 мг/почку",,"Нанесение препарата на спящую почку в пазухе листа на цветоносе тонким слоем, специальным аппликатором",,1,-,1418
regulyator-rost-i-urozhay,регулятор: рост и урожай,регулятор,fialka,комнатные: фиалка,pochkorost,Почкорост,регулятор роста,005-07-2101-1,06.02.2029,"1,5-2,0 мг/почку",,Нанесение препарата на место прикрепления прицветников к цветоносу тонким слоем специальным аппликатором,,1,III,1417
regulyator-rost-i-urozhay,регулятор: рост и урожай,регулятор,fialka,комнатные: фиалка,tsatsa,Цаца,регулятор роста,286-07-2092-1,31.01.2029,"1,5-2 мг/ почку",,"Нанесение препарата тонким слоем, специальным аппликатором на спящую почку в пазухе листа на цветоносе",,1,III,1483
regulyator-rost-i-urozhay,регулятор: рост и урожай,регулятор,kryzhovnik,крыжовник,albit,Альбит,регулятор роста,081-07-9800-1,03.03.2036,1 мл/10 лводы,1 мл,"Опрыскивание растений: 1-е – в фазе бутонизации, 2-е и 3-е – с интервалом 15 дней.",,3,III,1729
regulyator-rost-i-urozhay,регулятор: рост и урожай,регулятор,kryzhovnik,крыжовник,geteroauksin,Гетероауксин,регулятор роста,046-07-5038-1,04.10.2026,2 табл. /10 лводы,2 табл,"Обмакивание или замачивание на 1-2 часа корневой системы растений перед посадкой в водном растворе препарата, или обмакивание корневой системы растений в сметанообразную массу, состоящую из глины и торфяной крошки, замешанных на растворе гетероауксина Полив растений под корень после посадки",,1,III,1364
regulyator-rost-i-urozhay,регулятор: рост и урожай,регулятор,kryzhovnik,крыжовник,geteroauksin,Гетероауксин,регулятор роста,046-07-5038-1,04.10.2026,2 табл. /10 лводы,2 табл,Полив растений под корень после посадки,,1,III,1364
regulyator-rost-i-urozhay,регулятор: рост и урожай,регулятор,kryzhovnik,крыжовник,geteroauksin,Гетероауксин,регулятор роста,046-07-5038-1,04.10.2026,2 табл. /10 лводы,2 табл,"Полив растений под корень: 1-й – весной, в период распускания почек; 2-й – осенью, в период пожелтения листьев",,2,III,1364
regulyator-rost-i-urozhay,регулятор: рост и урожай,регулятор,kryzhovnik,крыжовник,geteroauksin,Гетероауксин,регулятор роста,046-07-5039-1,04.10.2026,"0,2 г/10 лводы","0,2 г","Обмакивание или замачивание на 1-2 часа корневой системы растений перед посадкой в водном растворе препарата, или обмакивание корневой системы растений в сметанообразную массу, состоящую из глины и торфяной крошки, замешанную на растворе гетероауксина",,1,III,1367
regulyator-rost-i-urozhay,регулятор: рост и урожай,регулятор,kryzhovnik,крыжовник,geteroauksin,Гетероауксин,регулятор роста,046-07-5039-1,04.10.2026,"0,2 г/10 лводы","0,2 г",Полив растений под корень после посадки,,1,III,1367
regulyator-rost-i-urozhay,регулятор: рост и урожай,регулятор,kryzhovnik,крыжовник,geteroauksin,Гетероауксин,регулятор роста,046-07-5039-1,04.10.2026,"0,2 г/10 лводы","0,2 г","Полив растений под корень: 1-й – весной, в период распускания почек; 2-й – осенью, в период пожелтения листьев",,2,III,1367
regulyator-rost-i-urozhay,регулятор: рост и урожай,регулятор,kryzhovnik,крыжовник,geteroauksin,Гетероауксин+,регулятор роста,033-07-3057-1,17.03.2031,4 г/л воды,40 г,Замачивание черенков перед посадкой на 10-16 часов,,1,III,1409
regulyator-rost-i-urozhay,регулятор: рост и урожай,регулятор,kryzhovnik,крыжовник,geteroauksin,Гетероауксин+,регулятор роста,033-07-3057-1,17.03.2031,10 г/10 лводы,10 г,Обмакивание корневой системы растений перед посадкой,,1,III,1410
regulyator-rost-i-urozhay,регулятор: рост и урожай,регулятор,kryzhovnik,крыжовник,geteroauksin,Гетероауксин+,регулятор роста,033-07-3057-1,17.03.2031,10 г/10 лводы,10 г,Полив растений под корень через 5 дней после посадки,,1,III,1410
regulyator-rost-i-urozhay,регулятор: рост и урожай,регулятор,kryzhovnik,крыжовник,kornerost-m,Корнерост М,регулятор роста,046-07-5079-1,13.03.2029,1-2 г/10 черенков,,Обработка предварительно увлажненного базального среза черенка,,1,III,1415
regulyator-rost-i-urozhay,регулятор: рост и урожай,регулятор,kryzhovnik,крыжовник,ekopin,Экопин,регулятор роста,012-07-2246-1,27.05.2029,"0,5 г/лводы",5 г,"Опрыскивание растений: первое – в фазе бутонизации, второе и третье - с интервалом 15 дней",,3,III,1629
regulyator-rost-i-urozhay,регулятор: рост и урожай,регулятор,kukuruza,кукуруза,immunotsitofit,Иммуноцитофит,регулятор роста,121-07-3951-1,11.01.2033,1 табл./ 100-150 мл воды,,Замачивание семян перед посевом на 2-3 часа,,1,III,1817
regulyator-rost-i-urozhay,регулятор: рост и урожай,регулятор,kukuruza,кукуруза,immunotsitofit,Иммуноцитофит,регулятор роста,121-07-3951-1,11.01.2033,"1 табл./ 1,5 лводы","6,7 табл",Опрыскивание растений в фазе 2-5 листьев,,1,III,1817
regulyator-rost-i-urozhay,регулятор: рост и урожай,регулятор,lesnye-nasazhdeniya,лесные насаждения,albit,Альбит,регулятор роста,081-07-9800-1,03.03.2036,1 мл/лводы,10 мл,Замачивание черенков перед посадкой на 3-5 часов.,,1,III,1730
regulyator-rost-i-urozhay,регулятор: рост и урожай,регулятор,lesnye-nasazhdeniya,лесные насаждения,geteroauksin,Гетероауксин,регулятор роста,046-07-5038-1,04.10.2026,2 табл. /10 лводы,2 табл,"Обмакивание или замачивание на 1-2 часа корневой системы растений перед посадкой в водном растворе препарата, или обмакивание корневой системы растений в сметанообразную массу, состоящую из глины и торфяной крошки, замешанных на растворе гетероауксина Полив растений под корень после посадки",,1,III,1364
regulyator-rost-i-urozhay,регулятор: рост и урожай,регулятор,lesnye-nasazhdeniya,лесные насаждения,geteroauksin,Гетероауксин,регулятор роста,046-07-5038-1,04.10.2026,2 табл. /10 лводы,2 табл,Полив растений под корень после посадки,,1,III,1364
regulyator-rost-i-urozhay,регулятор: рост и урожай,регулятор,lesnye-nasazhdeniya,лесные насаждения,geteroauksin,Гетероауксин,регулятор роста,046-07-5039-1,04.10.2026,"0,2 г/10 лводы","0,2 г","Обмакивание или замачивание на 1-2 часа корневой системы растений перед посадкой в водном растворе препарата, или обмакивание корневой системы растений в сметанообразную массу, состоящую из глины и торфяной крошки, замешанную на растворе гетероауксина",,1,III,1367
regulyator-rost-i-urozhay,регулятор: рост и урожай,регулятор,lesnye-nasazhdeniya,лесные насаждения,geteroauksin,Гетероауксин,регулятор роста,046-07-5039-1,04.10.2026,"0,2 г/10 лводы","0,2 г",Полив растений под корень после посадки,,1,III,1367
regulyator-rost-i-urozhay,регулятор: рост и урожай,регулятор,lesnye-nasazhdeniya,лесные насаждения,geteroauksin,Гетероауксин+,регулятор роста,033-07-3057-1,17.03.2031,10 г/10 лводы,10 г,Обмакивание корневой системы растений перед посадкой,,1,III,1410
regulyator-rost-i-urozhay,регулятор: рост и урожай,регулятор,lesnye-nasazhdeniya,лесные насаждения,geteroauksin,Гетероауксин+,регулятор роста,033-07-3057-1,17.03.2031,10 г/10 лводы,10 г,Полив растений под корень через 5 дней после посадки,,1,III,1410
regulyator-rost-i-urozhay,регулятор: рост и урожай,регулятор,lesnye-nasazhdeniya,лесные насаждения,korennik,Коренник,регулятор роста,018-07-1869-1,11.04.2028,1 г/л воды,10 г,Замачивание корневой системы на 6 часов,,1,-,1411
regulyator-rost-i-urozhay,регулятор: рост и урожай,регулятор,lesnye-nasazhdeniya,лесные насаждения,korennik,Коренник,регулятор роста,018-07-1869-1,11.04.2028,1 г/л воды,10 г,Полив под корень через 10 дней после высадки,,1,-,1411
regulyator-rost-i-urozhay,регулятор: рост и урожай,регулятор,lesnye-nasazhdeniya,лесные насаждения,korennik,Коренник,регулятор роста,018-07-1869-1,11.04.2028,1 г/л воды,10 г,Полив под корень сразу после высадки рассады,,1,-,1411
regulyator-rost-i-urozhay,регулятор: рост и урожай,регулятор,lesnye-nasazhdeniya,лесные насаждения,korney,Корней,регулятор роста,012-07-3073-1,24.03.2031,1 г/л воды,10 г,Замачивание корневой системы растений перед посадкой 6 часов,,1,III,1413
regulyator-rost-i-urozhay,регулятор: рост и урожай,регулятор,lesnye-nasazhdeniya,лесные насаждения,korney,Корней,регулятор роста,012-07-3073-1,24.03.2031,1 г/л воды,10 г,Полив растений под корень через 10 дней после посадки,,1,III,1413
regulyator-rost-i-urozhay,регулятор: рост и урожай,регулятор,lesnye-nasazhdeniya,лесные насаждения,korney,Корней,регулятор роста,012-07-3073-1,24.03.2031,1 г/л воды,10 г,Полив растений под корень сразу после посадки,,1,III,1413
regulyator-rost-i-urozhay,регулятор: рост и урожай,регулятор,lesnye-nasazhdeniya,лесные насаждения,kornestim,Корнестим,регулятор роста,008-07-1288-1,11.12.2026,1 г/л воды,10 г,Замачивание корневой системы на 6 часов,,1,III,1414
regulyator-rost-i-urozhay,регулятор: рост и урожай,регулятор,lesnye-nasazhdeniya,лесные насаждения,kornestim,Корнестим,регулятор роста,008-07-1288-1,11.12.2026,1 г/л воды,10 г,Полив под корень через 10 дней после высадки,,1,III,1414
regulyator-rost-i-urozhay,регулятор: рост и урожай,регулятор,lesnye-nasazhdeniya,лесные насаждения,ukorenit,УкоренитЪ,регулятор роста,033-07-1287-1,11.12.2026,1 г/л воды,10 г,Замачивание корневой системы на 6 часов,,1,III,1415
regulyator-rost-i-urozhay,регулятор: рост и урожай,регулятор,lesnye-nasazhdeniya,лесные насаждения,ukorenit,УкоренитЪ,регулятор роста,033-07-1287-1,11.12.2026,1 г/л воды,10 г,Полив под корень через 10 дней после высадки,,1,III,1415
regulyator-rost-i-urozhay,регулятор: рост и урожай,регулятор,liliya-tyulpan-lukovichnye,лилия / тюльпан / луковичные,geteroauksin,Гетероауксин,регулятор роста,046-07-5038-1,04.10.2026,1 табл. /лводы,10 табл,Замачивание посадочного материала перед посадкой на 16-20 часов,,1,III,1365
regulyator-rost-i-urozhay,регулятор: рост и урожай,регулятор,liliya-tyulpan-lukovichnye,лилия / тюльпан / луковичные,geteroauksin,Гетероауксин,регулятор роста,046-07-5039-1,04.10.2026,1 г/10 лводы,1 г,Замачивание посадочного материала перед посадкой на 16-20 часов,,1,III,1368
regulyator-rost-i-urozhay,регулятор: рост и урожай,регулятор,luk,лук,agrostimul-ve,"АгроСтимул, ВЭ",регулятор роста,002-07-4818-0,10.03.2028,"1,0 мл/2 лводы",5 мл,Замачивание лука-севка перед посадкой на 1-2 часа.,,1,III,1565
regulyator-rost-i-urozhay,регулятор: рост и урожай,регулятор,luk,лук,agrostimul-ve,"АгроСтимул, ВЭ",регулятор роста,002-07-4818-0,10.03.2028,"1,0-1,5 мл/3 лводы","3,3–5 мл","Опрыскивание растений: 1-е – в фазе 2-3 листьев, 2-е – в фазе 5-6 листьев.",,2,III,1565
regulyator-rost-i-urozhay,регулятор: рост и урожай,регулятор,luk,лук,albit,Альбит,регулятор роста,081-07-9800-1,03.03.2036,5-10 мл/лводы,50–100 мл,Замачивание луковиц перед посадкой на 1 час.,,1,III,1728
regulyator-rost-i-urozhay,регулятор: рост и урожай,регулятор,luk,лук,bioduks,Биодукс,регулятор роста,173-07-4899-0,05.06.2028,"0,02 мл/200 мл воды",1 мл,Замачивание семян/севка перед посевом/посадкой на 1 час,,1,III,1482
regulyator-rost-i-urozhay,регулятор: рост и урожай,регулятор,luk,лук,bioduks,Биодукс,регулятор роста,173-07-4899-0,05.06.2028,"0,02-0,05 мл/4 лводы","0,1–0,1 мл","Опрыскивание растений: 1-е - в фазе 4-5 листьев, 2-е – через 30-40 дней после первого опрыскивания",,2,III,1483
regulyator-rost-i-urozhay,регулятор: рост и урожай,регулятор,luk,лук,buton,Бутон,регулятор роста,046-07-5054-1,08.04.2028,20 г/10 лводы,20 г,"Опрыскивание растений: 1-е - в фазе массового отрастания листьев, 2-е -через 4-6 дней после первого опрыскивания",,2,III,1505
regulyator-rost-i-urozhay,регулятор: рост и урожай,регулятор,luk,лук,buton,Бутон,регулятор роста,046-07-5054-1,08.04.2028,1-2 г/лводы,10–20 г,Замачивание посадочного материала перед посадкой на 5 часов,,1,III,1506
regulyator-rost-i-urozhay,регулятор: рост и урожай,регулятор,luk,лук,geteroauksin,Гетероауксин,регулятор роста,046-07-5038-1,04.10.2026,5 табл./20 лводы,"2,5 табл",Полив растений под корень после посадки,,1,III,1363
regulyator-rost-i-urozhay,регулятор: рост и урожай,регулятор,luk,лук,geteroauksin,Гетероауксин,регулятор роста,046-07-5038-1,04.10.2026,1 табл./2 лводы,5 табл,Обмакивание корневой системы растений перед высадкой в грунт,,1,III,1363
regulyator-rost-i-urozhay,регулятор: рост и урожай,регулятор,luk,лук,geteroauksin,Гетероауксин,регулятор роста,046-07-5038-1,04.10.2026,1 табл. /лводы,10 табл,Замачивание посадочного материала перед посадкой на 16-20 часов,,1,III,1365
regulyator-rost-i-urozhay,регулятор: рост и урожай,регулятор,luk,лук,geteroauksin,Гетероауксин,регулятор роста,046-07-5039-1,04.10.2026,"0,5 г/10 лводы","0,5 г",Обмакивание корневой системы растений перед высадкой в грунт,,1,III,1367
regulyator-rost-i-urozhay,регулятор: рост и урожай,регулятор,luk,лук,geteroauksin,Гетероауксин,регулятор роста,046-07-5039-1,04.10.2026,"0,5 г/20 лводы","0,2 г",Полив растений под корень после посадки,,1,III,1367
regulyator-rost-i-urozhay,регулятор: рост и урожай,регулятор,luk,лук,geteroauksin,Гетероауксин,регулятор роста,046-07-5039-1,04.10.2026,1 г/10 лводы,1 г,Замачивание посадочного материала перед посадкой на 16-20 часов,,1,III,1368
regulyator-rost-i-urozhay,регулятор: рост и урожай,регулятор,luk,лук,geteroauksin,Гетероауксин+,регулятор роста,033-07-3057-1,17.03.2031,2 г/л воды,20 г,Замачивание посадочного материала перед посадкой на 16-20 часов,,1,III,1410
regulyator-rost-i-urozhay,регулятор: рост и урожай,регулятор,luk,лук,immunotsitofit,Иммуноцитофит,регулятор роста,121-07-3951-1,11.01.2033,1 табл./ 10-15 мл воды,,Замачивание семян перед посевом на 2-3 часа,,1,III,1819
regulyator-rost-i-urozhay,регулятор: рост и урожай,регулятор,luk,лук,immunotsitofit,Иммуноцитофит,регулятор роста,121-07-3951-1,11.01.2033,"1 табл./ 1,5 лводы","6,7 табл",Опрыскивание растений: 1-е - в фазе 4-5 листьев; 2-е -через 30-40 дней после первого опрыскивания,,2,III,1820
regulyator-rost-i-urozhay,регулятор: рост и урожай,регулятор,luk,лук,immunotsitofit,Иммуноцитофит,регулятор роста,121-07-3951-1,11.01.2033,1 табл./140-16 0 мл воды,,Опрыскивание луковиц перед посадкой,,1,III,1820
regulyator-rost-i-urozhay,регулятор: рост и урожай,регулятор,luk,лук,immunotsitofit,Иммуноцитофит,регулятор роста,121-07-3951-1,11.01.2033,"1 табл./ 1,5 лводы","6,7 табл",Опрыскивание растений: 1-е - в фазе 4-5 листьев; 2-е -через 30-40 дней после первого опрыскивания,,2,III,1820
regulyator-rost-i-urozhay,регулятор: рост и урожай,регулятор,luk,лук,mival-agro,Мивал-Агро,регулятор роста,467-07-1697-1,30.01.2028,"0,1 г/ 3 лводы","0,3 г","Опрыскивание растений: 1-е - в фазе 2-3 листьев, 2-е- в период начала формирования луковицы",,2,III,1668
regulyator-rost-i-urozhay,регулятор: рост и урожай,регулятор,luk,лук,novosil,Новосил,регулятор роста,128-07-4761-1,22.12.2034,1 мл/3 л воды,"3,3 мл","Опрыскивание растений: 1-е – в фазе массового стрелкования, 2-е - через 7 дней после первого опрыскивания, 3-е - через 7 дней после второго опрыскивания.",,3,III,1772
regulyator-rost-i-urozhay,регулятор: рост и урожай,регулятор,luk,лук,novosil,Новосил,регулятор роста,128-07-4761-1,22.12.2034,1 мл/3 л воды,"3,3 мл","Опрыскивание растений: 1-е – в фазе образования 4-ого листа, 2-е - через 15 дней после первого опрыскивания.",,2,III,1772
regulyator-rost-i-urozhay,регулятор: рост и урожай,регулятор,luk,лук,obepeg,ОбеpeгЪ,регулятор роста,033-07-1377-1,26.02.2027,"0,02 мл/ 100 мл воды",2 мл,"Замачивание семян в течение 0,5-1 часа",,1,III,1468
regulyator-rost-i-urozhay,регулятор: рост и урожай,регулятор,luk,лук,obepeg,ОбеpeгЪ,регулятор роста,033-07-1377-1,26.02.2027,"0,02 мл/ 100 мл воды",2 мл,"Замачивание лука-севка перед посадкой на 0,5-1 часа",,1,III,1468
regulyator-rost-i-urozhay,регулятор: рост и урожай,регулятор,luk,лук,obepeg,ОбеpeгЪ,регулятор роста,033-07-1377-1,26.02.2027,"0,6 мл/3 лводы",2 мл,"Опрыскивание: 1-е - в фазе 4-5 листьев, 2-е - через 30 дней после первого опрыскивания",,2,III,1468
regulyator-rost-i-urozhay,регулятор: рост и урожай,регулятор,luk,лук,obepeg,ОбеpeгЪ,регулятор роста,033-07-1377-1,26.02.2027,"0,2 мл/лводы",2 мл,Опрыскивание посадочного материала перед посадкой,,1,III,1469
regulyator-rost-i-urozhay,регулятор: рост и урожай,регулятор,luk,лук,obepeg,ОбеpeгЪ,регулятор роста,033-07-1377-1,26.02.2027,"0,4 мл/2 лводы",2 мл,Опрыскивание в фазе выдвижения бутонов,,1,III,1469
regulyator-rost-i-urozhay,регулятор: рост и урожай,регулятор,luk,лук,plantarel,Плантарел,регулятор роста,734-07-3223-1,14.07.2031,5-10 мл/ 10 лводы,5–10 мл,"Опрыскивание растений: 1-е - в фазе 4-6 настоящих листьев, 2-е - через 10-12 дней после первого опрыскивания",,3,III,1619
regulyator-rost-i-urozhay,регулятор: рост и урожай,регулятор,luk,лук,pochkorost,Почкорост,регулятор роста,005-07-2101-1,06.02.2029,2 мг/шт,,"Нанесение препарата на донце луковиц, клубнелуковицы тонким слоем специальным аппликатором",,1,III,1417
regulyator-rost-i-urozhay,регулятор: рост и урожай,регулятор,luk,лук,prorostok,Проросток,регулятор роста,033-07-1375-1,26.02.2027,"0,2 мл/ 100 мл воды",20 мл,"Замачивание семян перед посевом на 0,5-1 час",,1,III,1473
regulyator-rost-i-urozhay,регулятор: рост и урожай,регулятор,luk,лук,prorostok,Проросток,регулятор роста,033-07-1375-1,26.02.2027,"0,2 мл/ 100 мл воды",20 мл,"Замачивание лука-севка перед посадкой на 0,5-1 час",,1,III,1473
regulyator-rost-i-urozhay,регулятор: рост и урожай,регулятор,luk,лук,silatsin-krp,"Силацин, КРП",регулятор роста,324-07-2045-1,05.11.2028,1 табл./ 100 мл воды,100 табл,Замачивание семян перед посевом на 30-40 минут,,1,III,1799
regulyator-rost-i-urozhay,регулятор: рост и урожай,регулятор,luk,лук,ekopin,Экопин,регулятор роста,012-07-2246-1,27.05.2029,5-10 г/лводы,50–100 г,Замачивание луковиц перед посадкой на 1 час,,1,III,1628
regulyator-rost-i-urozhay,регулятор: рост и урожай,регулятор,luk,лук,energiya-m-krp,"Энергия-М, КРП",регулятор роста,124-07-1881-1,25.04.2028,1 табл./ 100 мл воды,100 табл,Замачивание семян перед посевом на 30-40 минут,,1,III,1691
regulyator-rost-i-urozhay,регулятор: рост и урожай,регулятор,luk,лук,energiya-m-krp,"Энергия-М, КРП",регулятор роста,124-07-1881-1,25.04.2028,1 табл./3 лводы,"3,3 табл","Опрыскивание растений: 1-е - в фазе 4-5 листьев, 2-е - в фазе 8-10 листьев",,2,III,1691
regulyator-rost-i-urozhay,регулятор: рост и урожай,регулятор,luk,лук,energiya-m-krp,"Энергия-М, КРП",регулятор роста,124-07-1881-1,25.04.2028,1 табл./3 лводы,"3,3 табл","Опрыскивание растений: 1-е - в фазе 4-5 листьев, 2-е - в фазе 8-10 листьев",,2,III,1691
regulyator-rost-i-urozhay,регулятор: рост и урожай,регулятор,luk,лук,etamon-bio,Этамон Био,регулятор роста,427-07-2227-1,19.05.2029,"7,5-10 г/лводы",75–100 г,"Опрыскивание растений: первое - в фазе 4-6 настоящих листьев, второе -через 10-14 дней после первого",,2,III,1448
regulyator-rost-i-urozhay,регулятор: рост и урожай,регулятор,malina,малина,geteroauksin,Гетероауксин,регулятор роста,046-07-5038-1,04.10.2026,2 табл. /10 лводы,2 табл,"Обмакивание или замачивание на 1-2 часа корневой системы растений перед посадкой в водном растворе препарата, или обмакивание корневой системы растений в сметанообразную массу, состоящую из глины и торфяной крошки, замешанных на растворе гетероауксина Полив растений под корень после посадки",,1,III,1364
regulyator-rost-i-urozhay,регулятор: рост и урожай,регулятор,malina,малина,geteroauksin,Гетероауксин,регулятор роста,046-07-5038-1,04.10.2026,2 табл. /10 лводы,2 табл,Полив растений под корень после посадки,,1,III,1364
regulyator-rost-i-urozhay,регулятор: рост и урожай,регулятор,malina,малина,geteroauksin,Гетероауксин,регулятор роста,046-07-5038-1,04.10.2026,2 табл. /10 лводы,2 табл,"Полив растений под корень: 1-й – весной, в период распускания почек; 2-й – осенью, в период пожелтения листьев",,2,III,1364
regulyator-rost-i-urozhay,регулятор: рост и урожай,регулятор,malina,малина,geteroauksin,Гетероауксин,регулятор роста,046-07-5039-1,04.10.2026,"0,2 г/10 лводы","0,2 г","Обмакивание или замачивание на 1-2 часа корневой системы растений перед посадкой в водном растворе препарата, или обмакивание корневой системы растений в сметанообразную массу, состоящую из глины и торфяной крошки, замешанную на растворе гетероауксина",,1,III,1367
regulyator-rost-i-urozhay,регулятор: рост и урожай,регулятор,malina,малина,geteroauksin,Гетероауксин,регулятор роста,046-07-5039-1,04.10.2026,"0,2 г/10 лводы","0,2 г",Полив растений под корень после посадки,,1,III,1367
regulyator-rost-i-urozhay,регулятор: рост и урожай,регулятор,malina,малина,geteroauksin,Гетероауксин,регулятор роста,046-07-5039-1,04.10.2026,"0,2 г/10 лводы","0,2 г","Полив растений под корень: 1-й – весной, в период распускания почек; 2-й – осенью, в период пожелтения листьев",,2,III,1367
regulyator-rost-i-urozhay,регулятор: рост и урожай,регулятор,malina,малина,geteroauksin,Гетероауксин+,регулятор роста,033-07-3057-1,17.03.2031,4 г/л воды,40 г,Замачивание черенков перед посадкой на 10-16 часов,,1,III,1409
regulyator-rost-i-urozhay,регулятор: рост и урожай,регулятор,malina,малина,geteroauksin,Гетероауксин+,регулятор роста,033-07-3057-1,17.03.2031,10 г/10 лводы,10 г,Обмакивание корневой системы растений перед посадкой,,1,III,1410
regulyator-rost-i-urozhay,регулятор: рост и урожай,регулятор,malina,малина,geteroauksin,Гетероауксин+,регулятор роста,033-07-3057-1,17.03.2031,10 г/10 лводы,10 г,Полив растений под корень через 5 дней после посадки,,1,III,1410
regulyator-rost-i-urozhay,регулятор: рост и урожай,регулятор,malina,малина,zavyaz,Завязь,регулятор роста,186-07-4808-1,11.02.2035,20 г/10 лводы,20 г,"Опрыскивание растений: 1-е - в фазе бутонизации, 2-е - в фазе зеленых завязей.",,2,III,1510
regulyator-rost-i-urozhay,регулятор: рост и урожай,регулятор,malina,малина,kornerost-m,Корнерост М,регулятор роста,046-07-5079-1,13.03.2029,1-2 г/10 черенков,,Обработка предварительно увлажненного базального среза черенка,,1,III,1415
regulyator-rost-i-urozhay,регулятор: рост и урожай,регулятор,morkov,морковь,agat-25-super,Агат-25 Супер,регулятор роста,471-07-1781-1,04.03.2028,4-7 г/лводы,40–70 г,Замачивание семян перед посевом на 3 часа,,1,III,1399
regulyator-rost-i-urozhay,регулятор: рост и урожай,регулятор,morkov,морковь,agat-25-super,Агат-25 Супер,регулятор роста,471-07-1781-1,04.03.2028,140 мг/3 лводы,,Опрыскивание растений в фазе 2-3 листьев,,1,III,1399
regulyator-rost-i-urozhay,регулятор: рост и урожай,регулятор,morkov,морковь,albit,Альбит,регулятор роста,081-07-9800-1,03.03.2036,2 мл/лводы,20 мл,Замачивание семян перед посевом на 3 часа.,,1,III,1727
regulyator-rost-i-urozhay,регулятор: рост и урожай,регулятор,morkov,морковь,albit,Альбит,регулятор роста,081-07-9800-1,03.03.2036,1 мл/10 лводы,1 мл,"Опрыскивание растений: 1-е – в фазе 2-3 листьев, 2-е – через 15 дней после первого опрыскивания.",,2,III,1727
regulyator-rost-i-urozhay,регулятор: рост и урожай,регулятор,morkov,морковь,bioduks,Биодукс,регулятор роста,173-07-4899-0,05.06.2028,"0,02 мл/200 мл воды",1 мл,Замачивание семян перед посевом на 1 час,,1,III,1481
regulyator-rost-i-urozhay,регулятор: рост и урожай,регулятор,morkov,морковь,bioduks,Биодукс,регулятор роста,173-07-4899-0,05.06.2028,"0,03-0,05 мл/3 лводы","0,1–0,2 мл",Опрыскивание растений в фазе смыкания рядков,,1,III,1481
regulyator-rost-i-urozhay,регулятор: рост и урожай,регулятор,morkov,морковь,verva,Вэрва,регулятор роста,145-07-1604-1,20.11.2027,"0,15 мл/100 мл воды",15 мл,Замачивание семян на 6-12 часов,,1,III,1765
regulyator-rost-i-urozhay,регулятор: рост и урожай,регулятор,morkov,морковь,verva,Вэрва,регулятор роста,145-07-1604-1,20.11.2027,5 мл/3 лводы,"16,7 мл","Опрыскивание растений: 1-е - в фазе 3-4 листьев, 2-е - в начале формирования корнеплодов",,2,III,1765
regulyator-rost-i-urozhay,регулятор: рост и урожай,регулятор,morkov,морковь,immunotsitofit,Иммуноцитофит,регулятор роста,121-07-3951-1,11.01.2033,1 табл./ 10-15 мл воды,,Замачивание семян перед посевом на 2-3 часа,,1,III,1820
regulyator-rost-i-urozhay,регулятор: рост и урожай,регулятор,morkov,морковь,obepeg,ОбеpeгЪ,регулятор роста,033-07-1377-1,26.02.2027,"0,02 мл/100 мл воды",2 мл,Замачивание семян перед посевом на 1 час,,1,III,1466
regulyator-rost-i-urozhay,регулятор: рост и урожай,регулятор,morkov,морковь,plantarel,Плантарел,регулятор роста,734-07-3223-1,14.07.2031,5-10 мл/ 10 лводы,5–10 мл,"Опрыскивание растений: 1-е - в фазе 2-6 настоящих листьев, 2-е-через 10-15 дней после первого опрыскивания, 3-е – через 10-15 дней после второго опрыскивания",,3,III,1619
regulyator-rost-i-urozhay,регулятор: рост и урожай,регулятор,morkov,морковь,prorostok,Проросток,регулятор роста,033-07-1375-1,26.02.2027,"0,2 мл/ 100 мл воды",20 мл,Замачивание семян перед посевом на 1 час,,1,III,1472
regulyator-rost-i-urozhay,регулятор: рост и урожай,регулятор,morkov,морковь,silatsin-krp,"Силацин, КРП",регулятор роста,324-07-2045-1,05.11.2028,1 табл./ 200 мл воды,50 табл,Замачивание семян перед посевом на 30-40 минут,,1,III,1798
regulyator-rost-i-urozhay,регулятор: рост и урожай,регулятор,morkov,морковь,ekopin,Экопин,регулятор роста,012-07-2246-1,27.05.2029,2 г/л воды,20 г,Замачивание семян перед посевом в течение 3 часов,,1,III,1625
regulyator-rost-i-urozhay,регулятор: рост и урожай,регулятор,morkov,морковь,ekopin,Экопин,регулятор роста,012-07-2246-1,27.05.2029,1 г/10 лводы,1 г,"Опрыскивание растений: первое - в фазе 2-3 листьев, второе - через 15 дней после первого опрыскивания",,2,III,1625
regulyator-rost-i-urozhay,регулятор: рост и урожай,регулятор,morkov,морковь,energiya-m-krp,"Энергия-М, КРП",регулятор роста,124-07-1881-1,25.04.2028,1 табл./3 лводы,"3,3 табл","Опрыскивание растений: 1-е - в фазе 2-4 листьев, 2-е - в фазе 8-10 листьев",,2,III,1690
regulyator-rost-i-urozhay,регулятор: рост и урожай,регулятор,morkov,морковь,etamon-bio,Этамон Био,регулятор роста,427-07-2227-1,19.05.2029,"5-7,5 г/лводы",50–75 г,"Опрыскивание растений: первое - в фазе 5-6 листьев, второе - через 14 дней после первого",,2,III,1448
regulyator-rost-i-urozhay,регулятор: рост и урожай,регулятор,oblepiha,облепиха,kornerost-m,Корнерост М,регулятор роста,046-07-5079-1,13.03.2029,1-2 г/10 черенков,,Обработка предварительно увлажненного базального среза черенка,,1,III,1415
regulyator-rost-i-urozhay,регулятор: рост и урожай,регулятор,ogorod,огород (общее),immunotsitofit,Иммуноцитофит,регулятор роста,121-07-3951-1,11.01.2033,"1 табл./1,5 лводы","6,7 табл",Опрыскивание растений в день посадки или через 1-2 дня после посадки рассады в грунт,,1,III,1822
regulyator-rost-i-urozhay,регулятор: рост и урожай,регулятор,ogorod,огород (общее),korney,Корней,регулятор роста,012-07-3073-1,24.03.2031,1 г/л воды,10 г,Полив растений под корень сразу после посадки,,1,III,1413
regulyator-rost-i-urozhay,регулятор: рост и урожай,регулятор,ogurets,огурец,agat-25-super,Агат-25 Супер,регулятор роста,471-07-1781-1,04.03.2028,4-7 г/лводы,40–70 г,Замачивание семян перед посевом на 3 часа,,1,III,1399
regulyator-rost-i-urozhay,регулятор: рост и урожай,регулятор,ogurets,огурец,agat-25-super,Агат-25 Супер,регулятор роста,471-07-1781-1,04.03.2028,140 мг/3 лводы,,Опрыскивание растений в фазе 2-3 листьев,,1,III,1399
regulyator-rost-i-urozhay,регулятор: рост и урожай,регулятор,ogurets,огурец,agrostimul-ve,"АгроСтимул, ВЭ",регулятор роста,002-07-4818-0,10.03.2028,"0,01 мл /100 мл воды",1 мл,Замачивание семян перед посевом на 2 часа.,,1,III,1566
regulyator-rost-i-urozhay,регулятор: рост и урожай,регулятор,ogurets,огурец,agrostimul-ve,"АгроСтимул, ВЭ",регулятор роста,002-07-4818-0,10.03.2028,2 мл/4 л воды,5 мл,"Опрыскивание растений: 1-е – в фазе 2-3 листьев, 2-е – в фазе начала цветения, 3-е - в фазе массового цветения.",,3,III,1566
regulyator-rost-i-urozhay,регулятор: рост и урожай,регулятор,ogurets,огурец,albit,Альбит,регулятор роста,081-07-9800-1,03.03.2036,2 мл/лводы,20 мл,Замачивание семян перед посевом на 3 часа.,,1,III,1724
regulyator-rost-i-urozhay,регулятор: рост и урожай,регулятор,ogurets,огурец,albit,Альбит,регулятор роста,081-07-9800-1,03.03.2036,1 мл/10 лводы,1 мл,"Опрыскивание растений: 1-е – в фазе 2-3 листьев, 2-е -через 15 дней после первого опрыскивания (перед высадкой рассады в грунт).",,2,III,1725
regulyator-rost-i-urozhay,регулятор: рост и урожай,регулятор,ogurets,огурец,bioagro-rr,Биоагро-РР,регулятор роста,591(526)-07-2502-1,11.12.2029,5 мл/лводы,50 мл,Замачивание семян перед посевом в течение 1 часа,,1,III,1443
regulyator-rost-i-urozhay,регулятор: рост и урожай,регулятор,ogurets,огурец,bioagro-rr,Биоагро-РР,регулятор роста,591(526)-07-2502-1,11.12.2029,5 мл/лводы,50 мл,Замачивание корневой системы рассады перед посадкой в течение 1 часа,,1,III,1443
regulyator-rost-i-urozhay,регулятор: рост и урожай,регулятор,ogurets,огурец,bioagro-rr,Биоагро-РР,регулятор роста,591(526)-07-2502-1,11.12.2029,200 мл/ 10 лводы,200 мл,Опрыскивание растений: 1-е – в фазе 2-3 листьев; 2-е – через 10 дней после первого опрыскивания,,2,III,1444
regulyator-rost-i-urozhay,регулятор: рост и урожай,регулятор,ogurets,огурец,bioagro-rr,Биоагро-РР,регулятор роста,591(526)-07-2502-1,11.12.2029,5 мл/лводы,50 мл,Замачивание семян перед посевом в течение 1 часа,,1,III,1444
regulyator-rost-i-urozhay,регулятор: рост и урожай,регулятор,ogurets,огурец,bioagro-rr,Биоагро-РР,регулятор роста,591(526)-07-2502-1,11.12.2029,5 мл/лводы,50 мл,Замачивание корневой системы рассады перед посадкой в течение 1 часа,,1,III,1444
regulyator-rost-i-urozhay,регулятор: рост и урожай,регулятор,ogurets,огурец,bioagro-rr,Биоагро-РР,регулятор роста,591(526)-07-2502-1,11.12.2029,300 мл/10 лводы,300 мл,Опрыскивание растений: 1-е – в фазе 2-3 листьев; 2-е – через 10 дней после первого опрыскивания,,2,III,1444
regulyator-rost-i-urozhay,регулятор: рост и урожай,регулятор,ogurets,огурец,bioagro-rr,Биоагро-РР,регулятор роста,591(526)-07-2502-1,11.12.2029,5 мл/лводы,50 мл,Замачивание корневой системы рассады перед посадкой в течение 1 часа,,1,III,1446
regulyator-rost-i-urozhay,регулятор: рост и урожай,регулятор,ogurets,огурец,bioagro-rr,Биоагро-РР,регулятор роста,591(526)-07-2502-1,11.12.2029,5 мл/лводы,50 мл,Замачивание корневой системы рассады перед посадкой в течение 1 часа,,1,III,1446
regulyator-rost-i-urozhay,регулятор: рост и урожай,регулятор,ogurets,огурец,bioduks,Биодукс,регулятор роста,173-07-4899-0,05.06.2028,"0,02 мл/200 мл воды",1 мл,Замачивание семян перед посевом на 1 час,,1,III,1482
regulyator-rost-i-urozhay,регулятор: рост и урожай,регулятор,ogurets,огурец,bioduks,Биодукс,регулятор роста,173-07-4899-0,05.06.2028,"0,02-0,05 мл/4 лводы","0,1–0,1 мл","Опрыскивание растений: 1-ое – в фазе 2-4 листьев, 2-ое – в начале фазы цветения",,2,III,1482
regulyator-rost-i-urozhay,регулятор: рост и урожай,регулятор,ogurets,огурец,biosil,Биосил,регулятор роста,347-07-1440-1,05.04.2027,"0,15 мл/3 лводы","0,5 мл","Опрыскивание: 1-е - в фазе 2-4 листьев, 2-е - в фазе начала цветения, 3-е – в фазе массового цветения, 4-е – через 7 дней после третьего опрыскивания",,4,III,1760
regulyator-rost-i-urozhay,регулятор: рост и урожай,регулятор,ogurets,огурец,botanik,Ботаник,регулятор роста,008-07-3673-1,28.04.2032,1 - 3 мл/лводы,10–30 мл,"Опрыскивание растений: 1-е - через 10 дней после всходов, 2-е - через 15 дней после первого опрыскивания",20,2,III,1416
regulyator-rost-i-urozhay,регулятор: рост и урожай,регулятор,ogurets,огурец,buton,Бутон,регулятор роста,046-07-5054-1,08.04.2028,15 г/10 лводы,15 г,"Опрыскивание растений: 1-е - в фазе появления первого настоящего листа, 2-е – в фазе начала цветения, 3-е – в фазе массового цветения",,3,III,1505
regulyator-rost-i-urozhay,регулятор: рост и урожай,регулятор,ogurets,огурец,verva,Вэрва,регулятор роста,145-07-1604-1,20.11.2027,"0,8 мл/3 лводы","2,7 мл","Опрыскивание растений: 1-е – в фазе 2-4 листьев; 2-е – в фазе начала цветения 2-ой кисти, 3-е - в период массового цветения",,3,III,1766
regulyator-rost-i-urozhay,регулятор: рост и урожай,регулятор,ogurets,огурец,geteroauksin,Гетероауксин,регулятор роста,046-07-5038-1,04.10.2026,5 табл./20 лводы,"2,5 табл",Полив растений под корень после посадки,,1,III,1363
regulyator-rost-i-urozhay,регулятор: рост и урожай,регулятор,ogurets,огурец,geteroauksin,Гетероауксин,регулятор роста,046-07-5038-1,04.10.2026,1 табл./2 лводы,5 табл,Обмакивание корневой системы растений перед высадкой в грунт,,1,III,1363
regulyator-rost-i-urozhay,регулятор: рост и урожай,регулятор,ogurets,огурец,geteroauksin,Гетероауксин,регулятор роста,046-07-5039-1,04.10.2026,"0,5 г/10 лводы","0,5 г",Обмакивание корневой системы растений перед высадкой в грунт,,1,III,1367
regulyator-rost-i-urozhay,регулятор: рост и урожай,регулятор,ogurets,огурец,geteroauksin,Гетероауксин,регулятор роста,046-07-5039-1,04.10.2026,"0,5 г/20 лводы","0,2 г",Полив растений под корень после посадки,,1,III,1367
regulyator-rost-i-urozhay,регулятор: рост и урожай,регулятор,ogurets,огурец,geteroauksin,Гетероауксин+,регулятор роста,033-07-3057-1,17.03.2031,4 г/10 лводы,4 г,Обмакивание корневой системы растений перед высадкой в грунт,,1,III,1409
regulyator-rost-i-urozhay,регулятор: рост и урожай,регулятор,ogurets,огурец,gibbera,Гиббера,регулятор роста,018-07-2170-1,27.03.2029,"1 мл/1,2 лводы","8,3 мл","Опрыскивание растений: 1-е – в фазе начала цветения, 2-е – в период массового цветения",,2,III,1487
regulyator-rost-i-urozhay,регулятор: рост и урожай,регулятор,ogurets,огурец,gibbersib,Гибберсиб,регулятор роста,034-07-1313-1,22.12.2026,"0,l г/2 лводы",,"Опрыскивание растений: 1 –е - в фазе начала цветения (появление единичных цветков), 2-е – в фазе массового цветения",,2,III,1492
regulyator-rost-i-urozhay,регулятор: рост и урожай,регулятор,ogurets,огурец,giberelon,Гиберелон,регулятор роста,427-07-2226-1,19.05.2029,"0,2-0,4 г/2 лводы",1–2 г,"Опрыскивание растений: 1-е - в фазе начала цветения (появление единичных цветков), 2-е – в фазе массового цветения",,2,III,1497
regulyator-rost-i-urozhay,регулятор: рост и урожай,регулятор,ogurets,огурец,grin-deyl,Грин Дейл,регулятор роста,008-07-3511-1,02.03.2032,6-10 мл/10 лводы,6–10 мл,Опрыскивание растений в фазе бутонизации,,1,III,1823
regulyator-rost-i-urozhay,регулятор: рост и урожай,регулятор,ogurets,огурец,zavyaz,Завязь,регулятор роста,186-07-4808-1,11.02.2035,14 г/10 лводы,14 г,"Опрыскивание растений: 1-е - в фазе начала цветения (появление единичных цветков), 2-е – в фазе массового цветения.",,2,III,1509
regulyator-rost-i-urozhay,регулятор: рост и урожай,регулятор,ogurets,огурец,immunotsitofit,Иммуноцитофит,регулятор роста,121-07-3951-1,11.01.2033,1 табл./ 10-15 мл воды,,Замачивание семян перед посевом на 2-3 часа,,1,III,1818
regulyator-rost-i-urozhay,регулятор: рост и урожай,регулятор,ogurets,огурец,immunotsitofit,Иммуноцитофит,регулятор роста,121-07-3951-1,11.01.2033,"1 табл./ 1,5 лводы","6,7 табл",Опрыскивание растений: 1-е - в фазе 2-4 листьев; 2-е - в фазе начала цветения; 3-е - в фазе массового образования плодов,,3,III,1818
regulyator-rost-i-urozhay,регулятор: рост и урожай,регулятор,ogurets,огурец,krezatsin-krp,"Крезацин, КРП",регулятор роста,342-07-2099-1,05.02.2029,1 табл./ 100 мл воды,100 табл,Замачивание семян перед посевом на 30 минут,,1,III,1651
regulyator-rost-i-urozhay,регулятор: рост и урожай,регулятор,ogurets,огурец,krezatsin-krp,"Крезацин, КРП",регулятор роста,342-07-2099-1,05.02.2029,1 табл./ 3 лводы,"3,3 табл","Опрыскивание растений: 1-е - в фазе 2-4 листьев, 2-е - в фазе начала бутонизации",,2,III,1652
regulyator-rost-i-urozhay,регулятор: рост и урожай,регулятор,ogurets,огурец,krepen,Крепень,регулятор роста,008-07-1585-1,06.11.2027,"1,5 мл/лводы",15 мл,"Полив под корень: 1-й – в фазе 3-х листьев, 2-й через – через 14 дней после первого полива",,2,III,1782
regulyator-rost-i-urozhay,регулятор: рост и урожай,регулятор,ogurets,огурец,mival-agro,Мивал-Агро,регулятор роста,467-07-1697-1,30.01.2028,"0,2 г/ 200 мл воды",10 г,Замачивание семян перед посевом на 30-40 минут,,1,III,1667
regulyator-rost-i-urozhay,регулятор: рост и урожай,регулятор,ogurets,огурец,mival-agro,Мивал-Агро,регулятор роста,467-07-1697-1,30.01.2028,"0,1 г/ 3 лводы","0,3 г","Опрыскивание растений: 1-е - в фазе 2-4 листьев, 2-е - в фазе бутонизации",,2,III,1668
regulyator-rost-i-urozhay,регулятор: рост и урожай,регулятор,ogurets,огурец,novosil,Новосил,регулятор роста,128-07-4761-1,22.12.2034,"0,15 мл/3 лводы","0,5 мл","Опрыскивание растений: 1-е – в фазе образования 2-4 настоящих листьев, 2-е - в начале фазы цветения, 3-е - в фазе массового цветения, 4-е - через 7 дней после третьего опрыскивания.",,4,III,1773
regulyator-rost-i-urozhay,регулятор: рост и урожай,регулятор,ogurets,огурец,obepeg,ОбеpeгЪ,регулятор роста,033-07-1377-1,26.02.2027,"0,02 мл/100 мл воды",2 мл,Замачивание семян в течение 30-40 минут,,1,III,1466
regulyator-rost-i-urozhay,регулятор: рост и урожай,регулятор,ogurets,огурец,obepeg,ОбеpeгЪ,регулятор роста,033-07-1377-1,26.02.2027,"0,6 мл/3 лводы",2 мл,"Опрыскивание: 1-е - в фазе 3 -х листьев, 2-е - в начале фазы цветения",,2,III,1466
regulyator-rost-i-urozhay,регулятор: рост и урожай,регулятор,ogurets,огурец,plantarel,Плантарел,регулятор роста,734-07-3223-1,14.07.2031,1 мл/100 мл воды,100 мл,Замачивание семян перед посевом,,1,III,1618
regulyator-rost-i-urozhay,регулятор: рост и урожай,регулятор,ogurets,огурец,plantarel,Плантарел,регулятор роста,734-07-3223-1,14.07.2031,5-10 мл/ 10 лводы,5–10 мл,"Опрыскивание растений: 1-е - в фазе 6-8 настоящих листьев, 2-е - в начале цветения, 3-е - в фазе образования плодов",,3,III,1618
regulyator-rost-i-urozhay,регулятор: рост и урожай,регулятор,ogurets,огурец,prorostok,Проросток,регулятор роста,033-07-1375-1,26.02.2027,"0,2 мл/ 100 мл воды",20 мл,Замачивание семян перед посевом на 30-40 минут,,1,III,1472
regulyator-rost-i-urozhay,регулятор: рост и урожай,регулятор,ogurets,огурец,rutamon,Рутамон,регулятор роста,778-07-3842-1,25.10.2032,"0,1 мл/лводы",1 мл,"Опрыскивание растений: 1-е - после высадки рассады в грунт, 2-е – в фазе массового цветения, 3-е - через 7-10 дней после второго опрыскивания",,2,III,1447
regulyator-rost-i-urozhay,регулятор: рост и урожай,регулятор,ogurets,огурец,tsveten,Цветень,регулятор роста,012-07-9886-1,05.04.2036,5 г/3 лводы,"16,7 г","Опрыскивание растений: 1-е - в фазе бутонизации, 2-е - в фазе массового цветения.",,2,III,1644
regulyator-rost-i-urozhay,регулятор: рост и урожай,регулятор,ogurets,огурец,ekogel-ekstra,Экогель экстра,регулятор роста,074-07-3127-1,26.04.2031,25 мл/лводы,250 мл,Замачивание семян перед посевом на 12 часов,,1,III,1623
regulyator-rost-i-urozhay,регулятор: рост и урожай,регулятор,ogurets,огурец,ekogel-ekstra,Экогель экстра,регулятор роста,074-07-3127-1,26.04.2031,10 мл/лводы,100 мл,"Опрыскивание растений: 1-е - за 7 дней до высадки рассады в грунт, 2-е - через 14 дней после пересадки, 3-е - через 30 дней после второго опрыскивания",,3,III,1623
regulyator-rost-i-urozhay,регулятор: рост и урожай,регулятор,ogurets,огурец,ekogel-ekstra,Экогель экстра,регулятор роста,074-07-3127-1,26.04.2031,15 мл/лводы,150 мл,"Полив растений под корень: 1-й при высадке рассады, 2-й, 3-й",,3,III,1623
regulyator-rost-i-urozhay,регулятор: рост и урожай,регулятор,ogurets,огурец,ekopin,Экопин,регулятор роста,012-07-2246-1,27.05.2029,2 г/л воды,20 г,Замачивание семян перед посевом на 3 часа,,1,III,1625
regulyator-rost-i-urozhay,регулятор: рост и урожай,регулятор,ogurets,огурец,energiya-m-krp,"Энергия-М, КРП",регулятор роста,124-07-1881-1,25.04.2028,2 табл./ 100 мл воды,200 табл,Замачивание семян перед посевом на 1 час,,1,III,1685
regulyator-rost-i-urozhay,регулятор: рост и урожай,регулятор,ogurets,огурец,energiya-m-krp,"Энергия-М, КРП",регулятор роста,124-07-1881-1,25.04.2028,"1,5 табл./3 лводы",5 табл,"Опрыскивание растений: 1-е - в фазе 2-4 листьев, 2-е - в фазе начала бутонизации",,2,III,1686
regulyator-rost-i-urozhay,регулятор: рост и урожай,регулятор,ogurets,огурец,etamon-bio,Этамон Био,регулятор роста,427-07-2227-1,19.05.2029,"5-7,5 г/лводы",50–75 г,"Опрыскивание растений: певрое - после высадки рассады в грунт, второе – в фазе массового цветения, третье - через 7-10 дней после второго опрыскивания",,3,III,1447
regulyator-rost-i-urozhay,регулятор: рост и урожай,регулятор,ogurets,огурец,yantarin,Янтарин,регулятор роста,021-07-9747-1,22.12.2035,30 мл/10 лводы,30 мл,Полив растений под корень в фазе 2-3 настоящих листьев.,,1,III,1827
regulyator-rost-i-urozhay,регулятор: рост и урожай,регулятор,ogurets,огурец,yantarin,Янтарин,регулятор роста,021-07-9747-1,22.12.2035,50 мл/10 лводы,50 мл,"Полив растений под корень:1-й - после высадки рассады в грунт, 2-й - через 20 дней после первого полива.",,2,III,1828
regulyator-rost-i-urozhay,регулятор: рост и урожай,регулятор,ogurets,огурец,yantarin,Янтарин,регулятор роста,021-07-9747-1,22.12.2035,50 мл/3 лводы,"166,7 мл",Опрыскивание растений в период массового цветения.,,1,III,1828
regulyator-rost-i-urozhay,регулятор: рост и урожай,регулятор,ogurets,огурец,yantarnaya-kislota,Янтарная кислота,регулятор роста,033-07-2821-1,04.10.2030,10 г/10 лводы,10 г,Замачивание семян перед посевом на 12-24 часа,,1,III,1826
regulyator-rost-i-urozhay,регулятор: рост и урожай,регулятор,ogurets,огурец,yantarnaya-kislota,Янтарная кислота,регулятор роста,033-07-2821-1,04.10.2030,10 г/20 лводы,5 г,Опрыскивание растений в начале фазы цветения,,1,III,1826
regulyator-rost-i-urozhay,регулятор: рост и урожай,регулятор,perets,перец,agat-25-super,Агат-25 Супер,регулятор роста,471-07-1781-1,04.03.2028,140 мг/3 лводы,,"Опрыскивание растений: 1-е - в фазе 2-3 листьев, 2-е -через 20 дней после первого опрыскивания",,2,III,1398
regulyator-rost-i-urozhay,регулятор: рост и урожай,регулятор,perets,перец,albit,Альбит,регулятор роста,081-07-9800-1,03.03.2036,2 мл/лводы,20 мл,Замачивание семян перед посевом на 3 часа.,,1,III,1725
regulyator-rost-i-urozhay,регулятор: рост и урожай,регулятор,perets,перец,albit,Альбит,регулятор роста,081-07-9800-1,03.03.2036,1 мл/10 лводы,1 мл,"Опрыскивание растений: 1-е – в фазе 2-3 листьев, 2-е -через 15 дней после первого опрыскивания.",,2,III,1725
regulyator-rost-i-urozhay,регулятор: рост и урожай,регулятор,perets,перец,botanik,Ботаник,регулятор роста,008-07-3673-1,28.04.2032,1 - 3 мл/лводы,10–30 мл,"Опрыскивание растений: 1-е - через 10 дней после высадки рассады, 2-е - через 15 дней после первого опрыскивания",20,2,III,1417
regulyator-rost-i-urozhay,регулятор: рост и урожай,регулятор,perets,перец,buton,Бутон,регулятор роста,046-07-5054-1,08.04.2028,15 г/10 лводы,15 г,"Опрыскивание растений: 1-е - в фазе бутонизации, 2-е - в фазе начале цветения",,2,III,1505
regulyator-rost-i-urozhay,регулятор: рост и урожай,регулятор,perets,перец,geteroauksin,Гетероауксин,регулятор роста,046-07-5038-1,04.10.2026,5 табл./20 лводы,"2,5 табл",Полив растений под корень после посадки,,1,III,1363
regulyator-rost-i-urozhay,регулятор: рост и урожай,регулятор,perets,перец,geteroauksin,Гетероауксин,регулятор роста,046-07-5038-1,04.10.2026,1 табл./2 лводы,5 табл,Обмакивание корневой системы растений перед высадкой в грунт,,1,III,1363
regulyator-rost-i-urozhay,регулятор: рост и урожай,регулятор,perets,перец,geteroauksin,Гетероауксин,регулятор роста,046-07-5039-1,04.10.2026,"0,5 г/10 лводы","0,5 г",Обмакивание корневой системы растений перед высадкой в грунт,,1,III,1367
regulyator-rost-i-urozhay,регулятор: рост и урожай,регулятор,perets,перец,geteroauksin,Гетероауксин,регулятор роста,046-07-5039-1,04.10.2026,"0,5 г/20 лводы","0,2 г",Полив растений под корень после посадки,,1,III,1367
regulyator-rost-i-urozhay,регулятор: рост и урожай,регулятор,perets,перец,geteroauksin,Гетероауксин+,регулятор роста,033-07-3057-1,17.03.2031,4 г/10 лводы,4 г,Обмакивание корневой системы растений перед высадкой в грунт,,1,III,1409
regulyator-rost-i-urozhay,регулятор: рост и урожай,регулятор,perets,перец,gibbera,Гиббера,регулятор роста,018-07-2170-1,27.03.2029,1 мл/лводы,10 мл,"Опрыскивание растений: 1-е – в фазе начала бутонизации, 2-е – в фазе начала цветения",,2,III,1487
regulyator-rost-i-urozhay,регулятор: рост и урожай,регулятор,perets,перец,giberelon,Гиберелон,регулятор роста,427-07-2226-1,19.05.2029,"0,2-0,4 г/2 лводы",1–2 г,"Опрыскивание растений: 1-е - в фазе начала бутонизации, 2-е – в фазе начала цветения",,2,III,1497
regulyator-rost-i-urozhay,регулятор: рост и урожай,регулятор,perets,перец,grin-deyl,Грин Дейл,регулятор роста,008-07-3511-1,02.03.2032,6-10 мл/лводы,60–100 мл,Замачивание семян перед посевом на 1-2 часа,,1,III,1823
regulyator-rost-i-urozhay,регулятор: рост и урожай,регулятор,perets,перец,krepen,Крепень,регулятор роста,008-07-1585-1,06.11.2027,"0,3 мл/300 мл воды",10 мл,Опрыскивание: 1-е – в фазе 3-4 листьев; 2-е и 3-е – с интервалом 5-8 дней,,3,III,1783
regulyator-rost-i-urozhay,регулятор: рост и урожай,регулятор,perets,перец,mival-agro,Мивал-Агро,регулятор роста,467-07-1697-1,30.01.2028,"0,15 г/ 3 лводы","0,5 г","Опрыскивание растений: 1-е - через 10 дней после высадки рассады, 2-е - в фазе бутонизация-начало цветения",,2,III,1667
regulyator-rost-i-urozhay,регулятор: рост и урожай,регулятор,perets,перец,silatsin-krp,"Силацин, КРП",регулятор роста,324-07-2045-1,05.11.2028,1 табл./ 100 мл воды,100 табл,Замачивание семян перед посевом на 30-40 минут,,1,III,1797
regulyator-rost-i-urozhay,регулятор: рост и урожай,регулятор,perets,перец,tsveten,Цветень,регулятор роста,012-07-9886-1,05.04.2036,5 г/3 лводы,"16,7 г","Опрыскивание растений: 1-е - в фазе бутонизации, 2-е - в фазе начала цветения.",,2,III,1644
regulyator-rost-i-urozhay,регулятор: рост и урожай,регулятор,perets,перец,ekopin,Экопин,регулятор роста,012-07-2246-1,27.05.2029,2 г/ лводы,20 г,Замачивание семян перед посевом в течение 3 часов,,1,III,1627
regulyator-rost-i-urozhay,регулятор: рост и урожай,регулятор,perets,перец,ekopin,Экопин,регулятор роста,012-07-2246-1,27.05.2029,1 г/10 лводы,1 г,"Опрыскивание растений: первое - в фазе 2-3 листьев, второе - через 15 дней после первого опрыскивания",,2,III,1627
regulyator-rost-i-urozhay,регулятор: рост и урожай,регулятор,perets,перец,energiya-m-krp,"Энергия-М, КРП",регулятор роста,124-07-1881-1,25.04.2028,1 табл./ 100 мл воды,100 табл,Замачивание семян перед посевом на 30-40 минут,,1,III,1687
regulyator-rost-i-urozhay,регулятор: рост и урожай,регулятор,perets,перец,energiya-m-krp,"Энергия-М, КРП",регулятор роста,124-07-1881-1,25.04.2028,"1,5 табл./3 лводы",5 табл,"Опрыскивание растений: 1-е – в фазе 2-4 листьев, 2-е - в фазе бутонизации-начала цветения",,2,III,1688
regulyator-rost-i-urozhay,регулятор: рост и урожай,регулятор,perets,перец,etamon-bio,Этамон Био,регулятор роста,427-07-2227-1,19.05.2029,"5-7,5 г/лводы",50–75 г,"Опрыскивание растений: певрое - после высадки рассады в грунт, второе – в фазе массового цветения, третье - через 7-10 дней после второго опрыскивания",,3,III,1447
regulyator-rost-i-urozhay,регулятор: рост и урожай,регулятор,perets,перец,yantarin,Янтарин,регулятор роста,021-07-9747-1,22.12.2035,30 мл/10 лводы,30 мл,Полив растений под корень в фазе 2-3 настоящих листьев.,,1,III,1827
regulyator-rost-i-urozhay,регулятор: рост и урожай,регулятор,perets,перец,yantarin,Янтарин,регулятор роста,021-07-9747-1,22.12.2035,50 мл/10 лводы,50 мл,"Полив растений под корень:1-й - после высадки рассады в грунт, 2-й - через 20 дней после первого полива.",,2,III,1828
regulyator-rost-i-urozhay,регулятор: рост и урожай,регулятор,perets,перец,yantarin,Янтарин,регулятор роста,021-07-9747-1,22.12.2035,50 мл/3 лводы,"166,7 мл",Опрыскивание растений в период массового цветения.,,1,III,1828
regulyator-rost-i-urozhay,регулятор: рост и урожай,регулятор,plodovye-derevya,плодовые деревья (общее),agat-25-super,Агат-25 Супер,регулятор роста,471-07-1781-1,04.03.2028,1-3 г/10 лводы,1–3 г,Опрыскивание растений в первой половине вегетационного сезона двухкратно с интервалом 14-18 дней (куст),,2,III,1400
regulyator-rost-i-urozhay,регулятор: рост и урожай,регулятор,plodovye-derevya,плодовые деревья (общее),agat-25-super,Агат-25 Супер,регулятор роста,471-07-1781-1,04.03.2028,1-3 г/10 лводы,1–3 г,Опрыскивание растений в первой половине вегетационного сезона двухкратно с интервалом 14-18 дней (дерево высотой 5-10 м),,2,III,1400
regulyator-rost-i-urozhay,регулятор: рост и урожай,регулятор,plodovye-derevya,плодовые деревья (общее),agat-25-super,Агат-25 Супер,регулятор роста,471-07-1781-1,04.03.2028,1-3 г/10 лводы,1–3 г,Опрыскивание растений в первой половине вегетационного сезона двухкратно с интервалом 14-18 дней (дерево высотой 10-20 м),,2,III,1401
regulyator-rost-i-urozhay,регулятор: рост и урожай,регулятор,plodovye-derevya,плодовые деревья (общее),albit,Альбит,регулятор роста,081-07-9800-1,03.03.2036,1 мл/10 лводы,1 мл,"Опрыскивание растений: 1-е – в период возобновления вегетации (весной), 2-е через - 15 дней после первого опрыскивания.",,2,III,1730
regulyator-rost-i-urozhay,регулятор: рост и урожай,регулятор,plodovye-derevya,плодовые деревья (общее),geteroauksin,Гетероауксин,регулятор роста,046-07-5038-1,04.10.2026,1 табл. /2 лводы,5 табл,Обмакивание корневой системы растений перед высадкой в грунт,,1,III,1363
regulyator-rost-i-urozhay,регулятор: рост и урожай,регулятор,plodovye-derevya,плодовые деревья (общее),geteroauksin,Гетероауксин,регулятор роста,046-07-5038-1,04.10.2026,5 табл. /20 лводы,"2,5 табл",Полив растений под корень после посадки,,1,III,1363
regulyator-rost-i-urozhay,регулятор: рост и урожай,регулятор,plodovye-derevya,плодовые деревья (общее),geteroauksin,Гетероауксин,регулятор роста,046-07-5039-1,04.10.2026,"0,5 г/10 лводы","0,5 г",Обмакивание корневой системы растений перед высадкой в грунт,,1,III,1366
regulyator-rost-i-urozhay,регулятор: рост и урожай,регулятор,plodovye-derevya,плодовые деревья (общее),geteroauksin,Гетероауксин,регулятор роста,046-07-5039-1,04.10.2026,"0,5 г/20 лводы","0,2 г",Полив растений под корень после посадки,,1,III,1367
regulyator-rost-i-urozhay,регулятор: рост и урожай,регулятор,plodovye-derevya,плодовые деревья (общее),geteroauksin,Гетероауксин+,регулятор роста,033-07-3057-1,17.03.2031,4 г/10 лводы,4 г,Обмакивание корневой системы растений перед высадкой в грунт,,1,III,1409
regulyator-rost-i-urozhay,регулятор: рост и урожай,регулятор,plodovye-derevya,плодовые деревья (общее),immunotsitofit,Иммуноцитофит,регулятор роста,121-07-3951-1,11.01.2033,"1 табл./1,5 лводы","6,7 табл",Опрыскивание растений в день посадки или через 1-2 дня после посадки рассады в грунт,,1,III,1822
regulyator-rost-i-urozhay,регулятор: рост и урожай,регулятор,plodovye-derevya,плодовые деревья (общее),immunotsitofit,Иммуноцитофит,регулятор роста,121-07-3951-1,11.01.2033,"1 табл./1,5 лводы","6,7 табл",Опрыскивание растений в день посадки или через 1-2 дня после посадки рассады в грунт,,1,III,1822
regulyator-rost-i-urozhay,регулятор: рост и урожай,регулятор,plodovye-derevya,плодовые деревья (общее),korney,Корней,регулятор роста,012-07-3073-1,24.03.2031,1 г/л воды,10 г,Полив растений под корень сразу после посадки,,1,III,1413
regulyator-rost-i-urozhay,регулятор: рост и урожай,регулятор,plodovye-derevya,плодовые деревья (общее),kornestim,Корнестим,регулятор роста,008-07-1288-1,11.12.2026,1 г/20 растений,,Полив под корень сразу после высадки рассады,,1,III,1414
regulyator-rost-i-urozhay,регулятор: рост и урожай,регулятор,plodovye-derevya,плодовые деревья (общее),silatsin-krp,"Силацин, КРП",регулятор роста,324-07-2045-1,05.11.2028,6 табл./ 10 лводы,6 табл,"Опрыскивание растений: 1-е - в фазе бутонизации, 2-е – в фазе опадения лепестков, 3-е - в фазе образования завязей",,3,III,1799
regulyator-rost-i-urozhay,регулятор: рост и урожай,регулятор,plodovye-derevya,плодовые деревья (общее),ukorenit,УкоренитЪ,регулятор роста,033-07-1287-1,11.12.2026,1 г/20 растений,,Полив под корень сразу после высадки рассады,,1,III,1414
regulyator-rost-i-urozhay,регулятор: рост и урожай,регулятор,plodovye-derevya,плодовые деревья (общее),ekogel-ekstra,Экогель экстра,регулятор роста,074-07-3127-1,26.04.2031,15-70 мл/лводы,150–700 мл,"Полив растений под корень: 1-й - при пересадке или в начале возобновления вегетации, 2-й – через 15-30 дней после первого полива",,2,III,1623
regulyator-rost-i-urozhay,регулятор: рост и урожай,регулятор,plodovye-derevya,плодовые деревья (общее),ekopin,Экопин,регулятор роста,012-07-2246-1,27.05.2029,1 г/л воды,10 г,Замачивание черенков перед посадкой на 3-5 часов,,1,III,1628
regulyator-rost-i-urozhay,регулятор: рост и урожай,регулятор,plodovye-derevya,плодовые деревья (общее),ekopin,Экопин,регулятор роста,012-07-2246-1,27.05.2029,"0,5-5 г/ лводы",5–50 г,"Опрыскивание растений: первое – в период возобновления вегетации (весной), второе и (или) третье - с интервалом 15 дней",,2,III,1630
regulyator-rost-i-urozhay,регулятор: рост и урожай,регулятор,plodovye-derevya,плодовые деревья (общее),energiya-m-krp,"Энергия-М, КРП",регулятор роста,124-07-1881-1,25.04.2028,6 табл./ 10 лводы,6 табл,"Опрыскивание растений: 1-е - в фазе бутонизации, 2-е – в фазе опадения лепестков, 3-е - в фазе образования завязей",,3,III,1692
regulyator-rost-i-urozhay,регулятор: рост и урожай,регулятор,podsolnechnik,подсолнечник,immunotsitofit,Иммуноцитофит,регулятор роста,121-07-3951-1,11.01.2033,1 табл./ 10-15 мл воды,,Замачивание семян перед посевом на 2-3 часа,,1,III,1816
regulyator-rost-i-urozhay,регулятор: рост и урожай,регулятор,podsolnechnik,подсолнечник,immunotsitofit,Иммуноцитофит,регулятор роста,121-07-3951-1,11.01.2033,"1 табл./ 1,5 лводы","6,7 табл",Опрыскивание растений: 1-е - в фазе полных всходов; 2-е - в фазе бутонизации - начала цветения,,2,III,1816
regulyator-rost-i-urozhay,регулятор: рост и урожай,регулятор,redis,редис,buton,Бутон,регулятор роста,046-07-5054-1,08.04.2028,15 г/10 лводы,15 г,"Опрыскивание расчтений: 1-е - в фазах 4-х листьев, 2-е - через 12 дней после первого опрыскивания",,2,III,1504
regulyator-rost-i-urozhay,регулятор: рост и урожай,регулятор,redis,редис,melafen,Мелафен,регулятор роста,547-07-3294-1,15.09.2031,"0,5-2 мл/200 мл воды",25–100 мл,Замачивание семян перед посевом на 1 час,,1,III,1640
regulyator-rost-i-urozhay,регулятор: рост и урожай,регулятор,redis,редис,silatsin-krp,"Силацин, КРП",регулятор роста,324-07-2045-1,05.11.2028,1 табл./ 100 мл воды,100 табл,Замачивание семян перед посевом на 30-40 минут,,1,III,1799
regulyator-rost-i-urozhay,регулятор: рост и урожай,регулятор,redis,редис,energiya-m-krp,"Энергия-М, КРП",регулятор роста,124-07-1881-1,25.04.2028,1 табл./ 100 мл воды,100 табл,Замачивание семян перед посевом на 30-40 минут,,1,III,1692
regulyator-rost-i-urozhay,регулятор: рост и урожай,регулятор,redis,редис,energiya-m-krp,"Энергия-М, КРП",регулятор роста,124-07-1881-1,25.04.2028,1 табл./3 лводы,"3,3 табл",Опрыскивание растений в фазе 3-5 листьев,,1,III,1692
regulyator-rost-i-urozhay,регулятор: рост и урожай,регулятор,roza,роза,geteroauksin,Гетероауксин,регулятор роста,046-07-5038-1,04.10.2026,2 табл. /лводы,20 табл,Замачивание зеленых и полуодревесневших черенков перед посадкой на 10-16 часов,,1,III,1364
regulyator-rost-i-urozhay,регулятор: рост и урожай,регулятор,roza,роза,geteroauksin,Гетероауксин,регулятор роста,046-07-5039-1,04.10.2026,"0,2 г/лводы",2 г,Замачивание зеленых и полуодревесневших черенков перед посадкой на 10-16 часов,,1,III,1368
regulyator-rost-i-urozhay,регулятор: рост и урожай,регулятор,roza,роза,geteroauksin,Гетероауксин+,регулятор роста,033-07-3057-1,17.03.2031,4 г/л воды,40 г,Замачивание черенков перед посадкой на 16 часов,,1,III,1410
regulyator-rost-i-urozhay,регулятор: рост и урожай,регулятор,roza,роза,grin-deyl,Грин Дейл,регулятор роста,008-07-3511-1,02.03.2032,8-12 мл/лводы,80–120 мл,Замачивание черенков перед посадкой на 4 часа,,1,III,1824
regulyator-rost-i-urozhay,регулятор: рост и урожай,регулятор,roza,роза,krezatsin-krp,"Крезацин, КРП",регулятор роста,342-07-2099-1,05.02.2029,½ табл./1лводы,,Замачивание черенков перед посадкой на 10 часов,,1,III,1652
regulyator-rost-i-urozhay,регулятор: рост и урожай,регулятор,roza,роза,obepeg,ОбеpeгЪ,регулятор роста,033-07-1377-1,26.02.2027,"0,3 мл/1,5 лводы",2 мл,"Опрыскивание: 1-е после посадки (или в начале отрастания побегов), 2-е – в фазе выдвижения бутонов",,2,III,1469
regulyator-rost-i-urozhay,регулятор: рост и урожай,регулятор,sazhentsy-i-posadochnyy-material,саженцы и посадочный материал,geteroauksin,Гетероауксин,регулятор роста,046-07-5038-1,04.10.2026,2 табл. /10 лводы,2 табл,"Обмакивание или замачивание на 1-2 часа корневой системы растений перед посадкой в водном растворе препарата, или обмакивание корневой системы растений в сметанообразную массу, состоящую из глины и торфяной крошки, замешанных на растворе гетероауксина Полив растений под корень после посадки",,1,III,1364
regulyator-rost-i-urozhay,регулятор: рост и урожай,регулятор,sazhentsy-i-posadochnyy-material,саженцы и посадочный материал,geteroauksin,Гетероауксин,регулятор роста,046-07-5038-1,04.10.2026,2 табл. /10 лводы,2 табл,Полив растений под корень после посадки,,1,III,1364
regulyator-rost-i-urozhay,регулятор: рост и урожай,регулятор,sazhentsy-i-posadochnyy-material,саженцы и посадочный материал,geteroauksin,Гетероауксин,регулятор роста,046-07-5039-1,04.10.2026,"0,2 г/10 лводы","0,2 г","Обмакивание или замачивание на 1-2 часа корневой системы растений перед посадкой в водном растворе препарата, или обмакивание корневой системы растений в сметанообразную массу, состоящую из глины и торфяной крошки, замешанную на растворе гетероауксина",,1,III,1367
regulyator-rost-i-urozhay,регулятор: рост и урожай,регулятор,sazhentsy-i-posadochnyy-material,саженцы и посадочный материал,geteroauksin,Гетероауксин,регулятор роста,046-07-5039-1,04.10.2026,"0,2 г/10 лводы","0,2 г",Полив растений под корень после посадки,,1,III,1367
regulyator-rost-i-urozhay,регулятор: рост и урожай,регулятор,sazhentsy-i-posadochnyy-material,саженцы и посадочный материал,geteroauksin,Гетероауксин+,регулятор роста,033-07-3057-1,17.03.2031,10 г/10 лводы,10 г,Обмакивание корневой системы растений перед посадкой,,1,III,1410
regulyator-rost-i-urozhay,регулятор: рост и урожай,регулятор,sazhentsy-i-posadochnyy-material,саженцы и посадочный материал,geteroauksin,Гетероауксин+,регулятор роста,033-07-3057-1,17.03.2031,10 г/10 лводы,10 г,Полив растений под корень через 5 дней после посадки,,1,III,1410
regulyator-rost-i-urozhay,регулятор: рост и урожай,регулятор,sazhentsy-i-posadochnyy-material,саженцы и посадочный материал,grin-deyl,Грин Дейл,регулятор роста,008-07-3511-1,02.03.2032,8-12 мл/10 лводы,8–12 мл,Обмакивание корневой системы растений перед посадкой,,1,III,1824
regulyator-rost-i-urozhay,регулятор: рост и урожай,регулятор,sazhentsy-i-posadochnyy-material,саженцы и посадочный материал,korennik,Коренник,регулятор роста,018-07-1869-1,11.04.2028,1 г/л воды,10 г,Замачивание корневой системы на 6 часов,,1,-,1411
regulyator-rost-i-urozhay,регулятор: рост и урожай,регулятор,sazhentsy-i-posadochnyy-material,саженцы и посадочный материал,korennik,Коренник,регулятор роста,018-07-1869-1,11.04.2028,1 г/л воды,10 г,Полив под корень через 10 дней после высадки,,1,-,1411
regulyator-rost-i-urozhay,регулятор: рост и урожай,регулятор,sazhentsy-i-posadochnyy-material,саженцы и посадочный материал,korney,Корней,регулятор роста,012-07-3073-1,24.03.2031,1 г/л воды,10 г,Замачивание корневой системы растений перед посадкой 6 часов,,1,III,1413
regulyator-rost-i-urozhay,регулятор: рост и урожай,регулятор,sazhentsy-i-posadochnyy-material,саженцы и посадочный материал,korney,Корней,регулятор роста,012-07-3073-1,24.03.2031,1 г/л воды,10 г,Полив растений под корень через 10 дней после посадки,,1,III,1413
regulyator-rost-i-urozhay,регулятор: рост и урожай,регулятор,sazhentsy-i-posadochnyy-material,саженцы и посадочный материал,kornestim,Корнестим,регулятор роста,008-07-1288-1,11.12.2026,1 г/л воды,10 г,Замачивание корневой системы на 6 часов,,1,III,1414
regulyator-rost-i-urozhay,регулятор: рост и урожай,регулятор,sazhentsy-i-posadochnyy-material,саженцы и посадочный материал,kornestim,Корнестим,регулятор роста,008-07-1288-1,11.12.2026,1 г/л воды,10 г,Полив под корень через 10 дней после высадки,,1,III,1414
regulyator-rost-i-urozhay,регулятор: рост и урожай,регулятор,sazhentsy-i-posadochnyy-material,саженцы и посадочный материал,ukorenit,УкоренитЪ,регулятор роста,033-07-1287-1,11.12.2026,1 г/л воды,10 г,Замачивание корневой системы на 6 часов,,1,III,1415
regulyator-rost-i-urozhay,регулятор: рост и урожай,регулятор,sazhentsy-i-posadochnyy-material,саженцы и посадочный материал,ukorenit,УкоренитЪ,регулятор роста,033-07-1287-1,11.12.2026,1 г/л воды,10 г,Полив под корень через 10 дней после высадки,,1,III,1415
regulyator-rost-i-urozhay,регулятор: рост и урожай,регулятор,svekla,свекла,agat-25-super,Агат-25 Супер,регулятор роста,471-07-1781-1,04.03.2028,"1-1,5 г/100 мл воды",100–150 г,Предпосевная обработка семян,,1,III,1397
regulyator-rost-i-urozhay,регулятор: рост и урожай,регулятор,svekla,свекла,agat-25-super,Агат-25 Супер,регулятор роста,471-07-1781-1,04.03.2028,140 мг/3 лводы,,Опрыскивание растений в фазе смыкания ботвы в рядках,,1,III,1397
regulyator-rost-i-urozhay,регулятор: рост и урожай,регулятор,svekla,свекла,albit,Альбит,регулятор роста,081-07-9800-1,03.03.2036,1 мл/10 лводы,1 мл,"Опрыскивание растений: 1-е – в фазе смыкания ботвы в рядках, 2-е - через 3 недели после первого опрыскивания.",,2,III,1724
regulyator-rost-i-urozhay,регулятор: рост и урожай,регулятор,svekla,свекла,immunotsitofit,Иммуноцитофит,регулятор роста,121-07-3951-1,11.01.2033,1 табл./ 10-15 мл воды,,Замачивание семян перед посевом на 2-3 часа,,1,III,1815
regulyator-rost-i-urozhay,регулятор: рост и урожай,регулятор,svekla,свекла,immunotsitofit,Иммуноцитофит,регулятор роста,121-07-3951-1,11.01.2033,"1 табл./ 1,5 лводы","6,7 табл",Опрыскивание растений: 1-е - в фазе смыкания рядков (при внесении послевходовых гербицидов – в фазе 3-4 листьев); 2-е -через 40-45 дней после первого опрыскивания,,2,III,1816
regulyator-rost-i-urozhay,регулятор: рост и урожай,регулятор,svekla,свекла,melafen,Мелафен,регулятор роста,547-07-3294-1,15.09.2031,"0,5-2 мл/200 мл воды",25–100 мл,Замачивание семян перед посевом на 1 час,,1,III,1640
regulyator-rost-i-urozhay,регулятор: рост и урожай,регулятор,svekla,свекла,silatsin-krp,"Силацин, КРП",регулятор роста,324-07-2045-1,05.11.2028,1 табл./ 100 мл воды,100 табл,Замачивание семян перед посевом на 30-40 минут,,1,III,1797
regulyator-rost-i-urozhay,регулятор: рост и урожай,регулятор,svekla,свекла,ekopin,Экопин,регулятор роста,012-07-2246-1,27.05.2029,1 г/10 лводы,1 г,"Опрыскивание растений: первое - в фазе смыкания ботвы в рядках, второе -через 3 недели после первого опрыскивания",,2,III,1623
regulyator-rost-i-urozhay,регулятор: рост и урожай,регулятор,svekla,свекла,emistim,Эмистим,регулятор роста,392-07-1237-1,20.09.2026,"0,00001 мл/лводы",0 мл,Предпосевная обработка семян,,1,III,1423
regulyator-rost-i-urozhay,регулятор: рост и урожай,регулятор,svekla,свекла,emistim,Эмистим,регулятор роста,392-07-1237-1,20.09.2026,"0,00001 мл/лводы",0 мл,Предпосевная обработка семян,,1,III,1424
regulyator-rost-i-urozhay,регулятор: рост и урожай,регулятор,svekla,свекла,energiya-m-krp,"Энергия-М, КРП",регулятор роста,124-07-1881-1,25.04.2028,1 табл./ 100 мл воды,100 табл,Замачивание семян перед посевом на 30-40 минут,,1,III,1686
regulyator-rost-i-urozhay,регулятор: рост и урожай,регулятор,svekla,свекла,energiya-m-krp,"Энергия-М, КРП",регулятор роста,124-07-1881-1,25.04.2028,"1,5 табл./3 лводы",5 табл,"Опрыскивание растений: 1-е - в фазе 2-4 листьев, 2-е - в фазе 8-10 листьев",,2,III,1687
regulyator-rost-i-urozhay,регулятор: рост и урожай,регулятор,sliva,слива,geteroauksin,Гетероауксин,регулятор роста,046-07-5038-1,04.10.2026,2 табл. /10 лводы,2 табл,"Обмакивание или замачивание на 1-2 часа корневой системы растений перед посадкой в водном растворе препарата, или обмакивание корневой системы растений в сметанообразную массу, состоящую из глины и торфяной крошки, замешанных на растворе гетероауксина Полив растений под корень после посадки",,1,III,1364
regulyator-rost-i-urozhay,регулятор: рост и урожай,регулятор,sliva,слива,geteroauksin,Гетероауксин,регулятор роста,046-07-5038-1,04.10.2026,2 табл. /10 лводы,2 табл,Полив растений под корень после посадки,,1,III,1364
regulyator-rost-i-urozhay,регулятор: рост и урожай,регулятор,sliva,слива,geteroauksin,Гетероауксин,регулятор роста,046-07-5038-1,04.10.2026,2 табл. /10 лводы,2 табл,"Полив растений под корень: 1-й – весной, в период распускания почек; 2-й – осенью, в период пожелтения листьев",,2,III,1364
regulyator-rost-i-urozhay,регулятор: рост и урожай,регулятор,sliva,слива,geteroauksin,Гетероауксин,регулятор роста,046-07-5039-1,04.10.2026,"0,2 г/10 лводы","0,2 г","Обмакивание или замачивание на 1-2 часа корневой системы растений перед посадкой в водном растворе препарата, или обмакивание корневой системы растений в сметанообразную массу, состоящую из глины и торфяной крошки, замешанную на растворе гетероауксина",,1,III,1367
regulyator-rost-i-urozhay,регулятор: рост и урожай,регулятор,sliva,слива,geteroauksin,Гетероауксин,регулятор роста,046-07-5039-1,04.10.2026,"0,2 г/10 лводы","0,2 г",Полив растений под корень после посадки,,1,III,1367
regulyator-rost-i-urozhay,регулятор: рост и урожай,регулятор,sliva,слива,geteroauksin,Гетероауксин,регулятор роста,046-07-5039-1,04.10.2026,"0,2 г/10 лводы","0,2 г","Полив растений под корень: 1-й – весной, в период распускания почек; 2-й – осенью, в период пожелтения листьев",,2,III,1367
regulyator-rost-i-urozhay,регулятор: рост и урожай,регулятор,sliva,слива,geteroauksin,Гетероауксин+,регулятор роста,033-07-3057-1,17.03.2031,4 г/л воды,40 г,Замачивание черенков перед посадкой на 10-16 часов,,1,III,1409
regulyator-rost-i-urozhay,регулятор: рост и урожай,регулятор,sliva,слива,geteroauksin,Гетероауксин+,регулятор роста,033-07-3057-1,17.03.2031,10 г/10 лводы,10 г,Обмакивание корневой системы растений перед посадкой,,1,III,1410
regulyator-rost-i-urozhay,регулятор: рост и урожай,регулятор,sliva,слива,geteroauksin,Гетероауксин+,регулятор роста,033-07-3057-1,17.03.2031,10 г/10 лводы,10 г,Полив растений под корень через 5 дней после посадки,,1,III,1410
regulyator-rost-i-urozhay,регулятор: рост и урожай,регулятор,sliva,слива,geteroauksin,Гетероауксин+,регулятор роста,033-07-3057-1,17.03.2031,10 г/10 лводы,10 г,Обмакивание корневой системы растений перед посадкой,,1,III,1410
regulyator-rost-i-urozhay,регулятор: рост и урожай,регулятор,sliva,слива,geteroauksin,Гетероауксин+,регулятор роста,033-07-3057-1,17.03.2031,10 г/10 лводы,10 г,Полив растений под корень через 5 дней после посадки,,1,III,1410
regulyator-rost-i-urozhay,регулятор: рост и урожай,регулятор,sliva,слива,zavyaz,Завязь,регулятор роста,186-07-4808-1,11.02.2035,20 г/10 лводы,20 г,"Опрыскивание растений: 1-е - в фазе цветения, 2-е - после опадения лепестков.",,2,III,1511
regulyator-rost-i-urozhay,регулятор: рост и урожай,регулятор,sliva,слива,kornerost-m,Корнерост М,регулятор роста,046-07-5079-1,13.03.2029,1-2 г/10 черенков,,Обработка предварительно увлажненного базального среза черенка,,1,III,1415
regulyator-rost-i-urozhay,регулятор: рост и урожай,регулятор,smorodina,смородина,albit,Альбит,регулятор роста,081-07-9800-1,03.03.2036,1 мл/10 лводы,1 мл,"Опрыскивание растений: 1-е – в фазе бутонизации, 2-е и 3-е – с интервалом 15 дней.",,3,III,1729
regulyator-rost-i-urozhay,регулятор: рост и урожай,регулятор,smorodina,смородина,buton,Бутон,регулятор роста,046-07-5054-1,08.04.2028,10 г/10 лводы,10 г,"Опрыскивание растений: 1-е - в фазе начала цветения, 2-е - после цветения, 3-е – в фазе начала формирования ягод",,3,III,1504
regulyator-rost-i-urozhay,регулятор: рост и урожай,регулятор,smorodina,смородина,geteroauksin,Гетероауксин,регулятор роста,046-07-5038-1,04.10.2026,2 табл. /10 лводы,2 табл,"Обмакивание или замачивание на 1-2 часа корневой системы растений перед посадкой в водном растворе препарата, или обмакивание корневой системы растений в сметанообразную массу, состоящую из глины и торфяной крошки, замешанных на растворе гетероауксина Полив растений под корень после посадки",,1,III,1364
regulyator-rost-i-urozhay,регулятор: рост и урожай,регулятор,smorodina,смородина,geteroauksin,Гетероауксин,регулятор роста,046-07-5038-1,04.10.2026,2 табл. /10 лводы,2 табл,Полив растений под корень после посадки,,1,III,1364
regulyator-rost-i-urozhay,регулятор: рост и урожай,регулятор,smorodina,смородина,geteroauksin,Гетероауксин,регулятор роста,046-07-5038-1,04.10.2026,2 табл. /10 лводы,2 табл,"Полив растений под корень: 1-й – весной, в период распускания почек; 2-й – осенью, в период пожелтения листьев",,2,III,1364
regulyator-rost-i-urozhay,регулятор: рост и урожай,регулятор,smorodina,смородина,geteroauksin,Гетероауксин,регулятор роста,046-07-5039-1,04.10.2026,"0,2 г/10 лводы","0,2 г","Обмакивание или замачивание на 1-2 часа корневой системы растений перед посадкой в водном растворе препарата, или обмакивание корневой системы растений в сметанообразную массу, состоящую из глины и торфяной крошки, замешанную на растворе гетероауксина",,1,III,1367
regulyator-rost-i-urozhay,регулятор: рост и урожай,регулятор,smorodina,смородина,geteroauksin,Гетероауксин,регулятор роста,046-07-5039-1,04.10.2026,"0,2 г/10 лводы","0,2 г",Полив растений под корень после посадки,,1,III,1367
regulyator-rost-i-urozhay,регулятор: рост и урожай,регулятор,smorodina,смородина,geteroauksin,Гетероауксин,регулятор роста,046-07-5039-1,04.10.2026,"0,2 г/10 лводы","0,2 г","Полив растений под корень: 1-й – весной, в период распускания почек; 2-й – осенью, в период пожелтения листьев",,2,III,1367
regulyator-rost-i-urozhay,регулятор: рост и урожай,регулятор,smorodina,смородина,geteroauksin,Гетероауксин+,регулятор роста,033-07-3057-1,17.03.2031,4 г/л воды,40 г,Замачивание черенков перед посадкой на 10-16 часов,,1,III,1409
regulyator-rost-i-urozhay,регулятор: рост и урожай,регулятор,smorodina,смородина,geteroauksin,Гетероауксин+,регулятор роста,033-07-3057-1,17.03.2031,10 г/10 лводы,10 г,Обмакивание корневой системы растений перед посадкой,,1,III,1410
regulyator-rost-i-urozhay,регулятор: рост и урожай,регулятор,smorodina,смородина,geteroauksin,Гетероауксин+,регулятор роста,033-07-3057-1,17.03.2031,10 г/10 лводы,10 г,Полив растений под корень через 5 дней после посадки,,1,III,1410
regulyator-rost-i-urozhay,регулятор: рост и урожай,регулятор,smorodina,смородина,grin-deyl,Грин Дейл,регулятор роста,008-07-3511-1,02.03.2032,8-12 мл/10 лводы,8–12 мл,Опрыскивание растений: 1-е -,,2,III,1823
regulyator-rost-i-urozhay,регулятор: рост и урожай,регулятор,smorodina,смородина,zavyaz,Завязь,регулятор роста,186-07-4808-1,11.02.2035,20 г/10 лводы,20 г,"Опрыскивание растений: 1-е - в фазе бутонизации, 2-е -в фазе зеленых завязей.",,2,III,1510
regulyator-rost-i-urozhay,регулятор: рост и урожай,регулятор,smorodina,смородина,immunotsitofit,Иммуноцитофит,регулятор роста,121-07-3951-1,11.01.2033,2 табл./3 лводы,"6,7 табл",Опрыскивание растений: 1-е - в фазе распускания почек -начало цветения; 2-е - в конце цветения; 3-е - через 20-30 дней после второго опрыскивания,,3,III,1821
regulyator-rost-i-urozhay,регулятор: рост и урожай,регулятор,smorodina,смородина,kornerost-m,Корнерост М,регулятор роста,046-07-5079-1,13.03.2029,1-2 г/10 черенков,,Обработка предварительно увлажненного базального среза черенка,,1,III,1415
regulyator-rost-i-urozhay,регулятор: рост и урожай,регулятор,smorodina,смородина,obepeg,ОбеpeгЪ,регулятор роста,033-07-1377-1,26.02.2027,"0,6 мл/3 лводы",2 мл,"Опрыскивание: 1-е - в начале фазы цветения, 2-е - через 30 дней после первого опрыскивания",,2,III,1469
regulyator-rost-i-urozhay,регулятор: рост и урожай,регулятор,smorodina,смородина,ekopin,Экопин,регулятор роста,012-07-2246-1,27.05.2029,"0,5 г/лводы",5 г,"Опрыскивание растений: первое – в фазе бутонизации, второе и третье с интервалом 15 дней",,3,III,1629
regulyator-rost-i-urozhay,регулятор: рост и урожай,регулятор,smorodina,смородина,emistim,Эмистим,регулятор роста,392-07-1237-1,20.09.2026,"0,01 мл/10 лводы",0 мл,"Опрыскивание: 1-е – в период появления первых листочков, 2-е и 3-е с интервалом 1 месяц",,1,III,1424
regulyator-rost-i-urozhay,регулятор: рост и урожай,регулятор,smorodina,смородина,emistim,Эмистим,регулятор роста,392-07-1237-1,20.09.2026,"0,01 мл/10 лводы",0 мл,"Опрыскивание: 1-е – в период появления первых листочков, 2-е и 3-е с интервалом 1 месяц",,1,III,1425
regulyator-rost-i-urozhay,регулятор: рост и урожай,регулятор,smorodina,смородина,yantarnaya-kislota,Янтарная кислота,регулятор роста,033-07-2821-1,04.10.2030,10 г/5 лводы,20 г,Опрыскивание растений в фазе бутонизации,,1,III,1826
regulyator-rost-i-urozhay,регулятор: рост и урожай,регулятор,tomat,томат,agat-25-super,Агат-25 Супер,регулятор роста,471-07-1781-1,04.03.2028,"3,5 г/лводы",35 г,Замачивание семян перед посевом на 3 часа,,1,III,1398
regulyator-rost-i-urozhay,регулятор: рост и урожай,регулятор,tomat,томат,agat-25-super,Агат-25 Супер,регулятор роста,471-07-1781-1,04.03.2028,140 мг/3 лводы,,"Опрыскивание растений: 1-е - в фазе 2-3 листьев, 2-е -через 20 дней после первого опрыскивания",,1,III,1398
regulyator-rost-i-urozhay,регулятор: рост и урожай,регулятор,tomat,томат,agrostimul-ve,"АгроСтимул, ВЭ",регулятор роста,002-07-4818-0,10.03.2028,"0,01 мл /100 мл воды",1 мл,Замачивание семян перед посевом на 2 часа.,,1,III,1566
regulyator-rost-i-urozhay,регулятор: рост и урожай,регулятор,tomat,томат,agrostimul-ve,"АгроСтимул, ВЭ",регулятор роста,002-07-4818-0,10.03.2028,"0,6 мл/4 лводы","1,5 мл","Опрыскивание растений: 1-е – в фазе начала цветения первой кисти, 2-е – через 10 дней после первого опрыскивания, 3-е - через 10 дней после второго опрыскивания.",,3,III,1566
regulyator-rost-i-urozhay,регулятор: рост и урожай,регулятор,tomat,томат,albit,Альбит,регулятор роста,081-07-9800-1,03.03.2036,2 мл/лводы,20 мл,Замачивание семян перед посевом на 3 часа.,,1,III,1724
regulyator-rost-i-urozhay,регулятор: рост и урожай,регулятор,tomat,томат,albit,Альбит,регулятор роста,081-07-9800-1,03.03.2036,1 мл/10 лводы,1 мл,"Опрыскивание растений: 1-е – в фазе 2-3 листьев, 2-е -через 15 дней после первого опрыскивания.",,2,III,1724
regulyator-rost-i-urozhay,регулятор: рост и урожай,регулятор,tomat,томат,bioagro-rr,Биоагро-РР,регулятор роста,591(526)-07-2502-1,11.12.2029,5 мл/лводы,50 мл,Замачивание семян перед посевом в течение 1 часа,,1,III,1442
regulyator-rost-i-urozhay,регулятор: рост и урожай,регулятор,tomat,томат,bioagro-rr,Биоагро-РР,регулятор роста,591(526)-07-2502-1,11.12.2029,5 мл/лводы,50 мл,Замачивание корневой системы рассады перед посадкой в течение 1 часа,,1,III,1442
regulyator-rost-i-urozhay,регулятор: рост и урожай,регулятор,tomat,томат,bioagro-rr,Биоагро-РР,регулятор роста,591(526)-07-2502-1,11.12.2029,200 мл/10 лводы,200 мл,Опрыскивание растений: 1-е – в фазе 3-4 листьев; 2-е – через 10 дней после первого опрыскивания,,2,III,1442
regulyator-rost-i-urozhay,регулятор: рост и урожай,регулятор,tomat,томат,bioagro-rr,Биоагро-РР,регулятор роста,591(526)-07-2502-1,11.12.2029,5 мл/лводы,50 мл,Замачивание семян перед посевом в течение 1 часа,,1,III,1442
regulyator-rost-i-urozhay,регулятор: рост и урожай,регулятор,tomat,томат,bioagro-rr,Биоагро-РР,регулятор роста,591(526)-07-2502-1,11.12.2029,5 мл/лводы,50 мл,Замачивание корневой системы рассады перед посадкой в течение 1 часа,,1,III,1443
regulyator-rost-i-urozhay,регулятор: рост и урожай,регулятор,tomat,томат,bioagro-rr,Биоагро-РР,регулятор роста,591(526)-07-2502-1,11.12.2029,300 мл/ 10 лводы,300 мл,Опрыскивание растений: 1-е – в фазе 3-4 листьев; 2-е – через 10 дней после первого опрыскивания,,2,III,1443
regulyator-rost-i-urozhay,регулятор: рост и урожай,регулятор,tomat,томат,bioagro-rr,Биоагро-РР,регулятор роста,591(526)-07-2502-1,11.12.2029,5 мл/лводы,50 мл,Замачивание корневой системы рассады перед посадкой в течение 1 часа,,1,III,1445
regulyator-rost-i-urozhay,регулятор: рост и урожай,регулятор,tomat,томат,bioduks,Биодукс,регулятор роста,173-07-4899-0,05.06.2028,"0,02 мл/200 мл воды",1 мл,Замачивание семян перед посевом на 1 час,,1,III,1482
regulyator-rost-i-urozhay,регулятор: рост и урожай,регулятор,tomat,томат,bioduks,Биодукс,регулятор роста,173-07-4899-0,05.06.2028,"0,02-0,05 мл/4 лводы","0,1–0,1 мл","Опрыскивание растений: 1-ое - в фазе цветения 1-й кисти, 2-ое - в фазе цветения 2-й кисти, 3-е - в фазе цветения 3-й кисти",,3,III,1482
regulyator-rost-i-urozhay,регулятор: рост и урожай,регулятор,tomat,томат,biosil,Биосил,регулятор роста,347-07-1440-1,05.04.2027,"0,5 мл/3 лводы","1,7 мл","Опрыскивание: 1-е - в фазе цветения первой кисти, 2-е -в фазе цветения второй кисти, 3-е – в фазе цветения третьей кисти",,3,III,1760
regulyator-rost-i-urozhay,регулятор: рост и урожай,регулятор,tomat,томат,botanik,Ботаник,регулятор роста,008-07-3673-1,28.04.2032,1 - 3 мл/лводы,10–30 мл,"Опрыскивание растений: 1-е - через 10 дней после высадки рассады, 2-е - через 15 дней после первого опрыскивания",20,2,III,1416
regulyator-rost-i-urozhay,регулятор: рост и урожай,регулятор,tomat,томат,buton,Бутон,регулятор роста,046-07-5054-1,08.04.2028,15 г/10 лводы,15 г,"Опрыскивание растений: 1-е - в фазе начала цветения первой кисти, 2-е – в фазе начала цветения второй кисти, 3-е – в фазе начала цветения третьей кисти",,3,III,1504
regulyator-rost-i-urozhay,регулятор: рост и урожай,регулятор,tomat,томат,verva,Вэрва,регулятор роста,145-07-1604-1,20.11.2027,"2,5 мл/3 лводы","8,3 мл",Опрыскивание растений: 1-е – в период цветения 1-ой кисти; 2- в период цветения 2-ой кисти; 3-е - в период цветения 3-ей кисти,,3,III,1766
regulyator-rost-i-urozhay,регулятор: рост и урожай,регулятор,tomat,томат,geteroauksin,Гетероауксин,регулятор роста,046-07-5038-1,04.10.2026,5 табл./20 лводы,"2,5 табл",Полив растений под корень после посадки,,1,III,1363
regulyator-rost-i-urozhay,регулятор: рост и урожай,регулятор,tomat,томат,geteroauksin,Гетероауксин,регулятор роста,046-07-5038-1,04.10.2026,1 табл./2 лводы,5 табл,Обмакивание корневой системы растений перед высадкой в грунт,,1,III,1363
regulyator-rost-i-urozhay,регулятор: рост и урожай,регулятор,tomat,томат,geteroauksin,Гетероауксин,регулятор роста,046-07-5039-1,04.10.2026,"0,5 г/10 лводы","0,5 г",Обмакивание корневой системы растений перед высадкой в грунт,,1,III,1367
regulyator-rost-i-urozhay,регулятор: рост и урожай,регулятор,tomat,томат,geteroauksin,Гетероауксин,регулятор роста,046-07-5039-1,04.10.2026,"0,5 г/20 лводы","0,2 г",Полив растений под корень после посадки,,1,III,1367
regulyator-rost-i-urozhay,регулятор: рост и урожай,регулятор,tomat,томат,geteroauksin,Гетероауксин+,регулятор роста,033-07-3057-1,17.03.2031,4 г/10 лводы,4 г,Обмакивание корневой системы растений перед высадкой в грунт,,1,III,1409
regulyator-rost-i-urozhay,регулятор: рост и урожай,регулятор,tomat,томат,gibbera,Гиббера,регулятор роста,018-07-2170-1,27.03.2029,1 мл/лводы,10 мл,"Опрыскивание растений: 1-е – в фазе начала цветения первой кисти, 2-е – в фазе начала цветения второй кисти, 3-е – в фазе начала цветения третьей кисти",,3,III,1486
regulyator-rost-i-urozhay,регулятор: рост и урожай,регулятор,tomat,томат,gibbersib,Гибберсиб,регулятор роста,034-07-1313-1,22.12.2026,"0,1 г/лводы",1 г,"Опрыскивание растений: 1-е - в фазе цветения 1-й кисти, 2-е – в фазе цветения 2-й кисти, 3-е – в фазе цветения 3-й кисти",,3,III,1492
regulyator-rost-i-urozhay,регулятор: рост и урожай,регулятор,tomat,томат,giberelon,Гиберелон,регулятор роста,427-07-2226-1,19.05.2029,"0,2-0,4 г/2 лводы",1–2 г,"Опрыскивание растений: 1-е - в фазе цветения 1-ой кисти, 2-е – в фазе цветения 2-ой кисти, 3-е – в фазе цветения 3-ей кисти",,3,III,1497
regulyator-rost-i-urozhay,регулятор: рост и урожай,регулятор,tomat,томат,grin-deyl,Грин Дейл,регулятор роста,008-07-3511-1,02.03.2032,6-10 мл/10 лводы,6–10 мл,"Опрыскивание растений: 1-е - за 1-2 дня до высадки рассады, 2-е - в начале фазы бутонизации первой кисти; 3-е - в период массового цветения",,3,III,1823
regulyator-rost-i-urozhay,регулятор: рост и урожай,регулятор,tomat,томат,dozrevatel,Дозреватель,регулятор роста,033-07-3169-1,27.05.2031,"3,5 мл/5 лводы",7 мл,Опрыскивание за 10-14 дней до сбора урожая (при созревании 5-30 % плодов),14,1,III,1370
regulyator-rost-i-urozhay,регулятор: рост и урожай,регулятор,tomat,томат,zavyaz,Завязь,регулятор роста,186-07-4808-1,11.02.2035,20 г/10 лводы,20 г,"Опрыскивание растений: 1-е – в фазе цветения 1-ой кисти, 2-е – в фазе цветения 2-ой кисти, 3-е – в фазе цветения 3-ей кисти.",,3,III,1509
regulyator-rost-i-urozhay,регулятор: рост и урожай,регулятор,tomat,томат,immunotsitofit,Иммуноцитофит,регулятор роста,121-07-3951-1,11.01.2033,1 табл./10-15 мл воды,,Замачивание семян перед посевом на 2-3 часа,,1,III,1817
regulyator-rost-i-urozhay,регулятор: рост и урожай,регулятор,tomat,томат,immunotsitofit,Иммуноцитофит,регулятор роста,121-07-3951-1,11.01.2033,"1 табл./ 1,5 лводы","6,7 табл",Опрыскивание растений: 1-е - в фазе начала бутонизации; 2-е - в фазе цветения первой кисти; 3-е - в фазе цветения третьей кисти,,3,III,1818
regulyator-rost-i-urozhay,регулятор: рост и урожай,регулятор,tomat,томат,krezatsin-krp,"Крезацин, КРП",регулятор роста,342-07-2099-1,05.02.2029,1 табл./ 200 мл воды,50 табл,Замачивание семян перед посевом на 30 минут,,1,III,1650
regulyator-rost-i-urozhay,регулятор: рост и урожай,регулятор,tomat,томат,krezatsin-krp,"Крезацин, КРП",регулятор роста,342-07-2099-1,05.02.2029,1 табл./ 2 лводы,5 табл,"Опрыскивание растений: 1-е – в фазе 2-3 листьев, 2-е в фазе бутонизации первой кисти",,2,III,1651
regulyator-rost-i-urozhay,регулятор: рост и урожай,регулятор,tomat,томат,krepen,Крепень,регулятор роста,008-07-1585-1,06.11.2027,"0,3 мл/300 мл воды",10 мл,Опрыскивание: 1-е – в фазе 3-4 листьев; 2-е и 3-е – с интервалом 5-8 дней,,3,III,1782
regulyator-rost-i-urozhay,регулятор: рост и урожай,регулятор,tomat,томат,krepen,Крепень,регулятор роста,008-07-1585-1,06.11.2027,"1,5 мл/лводы",15 мл,"Полив под корень: 1-й – через 10 дней после высадки рассады, 2-й – через 14 дней после первого полива",,2,III,1782
regulyator-rost-i-urozhay,регулятор: рост и урожай,регулятор,tomat,томат,melafen,Мелафен,регулятор роста,547-07-3294-1,15.09.2031,"0,2 мл/200 мл воды",10 мл,Замачивание семян перед посевом на 1 час,,1,III,1640
regulyator-rost-i-urozhay,регулятор: рост и урожай,регулятор,tomat,томат,melafen,Мелафен,регулятор роста,547-07-3294-1,15.09.2031,"0,03-0,1 мл/3 л воды","0,1–0,3 мл",Опрыскивание растений в фазе начала цветения первой кисти,,1,III,1640
regulyator-rost-i-urozhay,регулятор: рост и урожай,регулятор,tomat,томат,mival-agro,Мивал-Агро,регулятор роста,467-07-1697-1,30.01.2028,"0,1 г/200 мл воды",5 г,Замачивание семян перед посевом на 30-40 мин,,1,III,1667
regulyator-rost-i-urozhay,регулятор: рост и урожай,регулятор,tomat,томат,mival-agro,Мивал-Агро,регулятор роста,467-07-1697-1,30.01.2028,"0,15 г/ 3 лводы","0,5 г","Опрыскивание растений: 1-е – в фазе полных всходов (после прорывки рассады), 2-е - в фазе бутонизация – начало цветения 1-ой кисти",,2,III,1667
regulyator-rost-i-urozhay,регулятор: рост и урожай,регулятор,tomat,томат,novosil,Новосил,регулятор роста,128-07-4761-1,22.12.2034,"0,5 мл/л воды",5 мл,"Опрыскивание растений: 1-е – в фазе цветения 1-ой кисти, 2-ое – в фазе цветения 2-ой кисти, 3-е – в фазе цветения 3-ей кисти.",,3,III,1773
regulyator-rost-i-urozhay,регулятор: рост и урожай,регулятор,tomat,томат,obepeg,ОбеpeгЪ,регулятор роста,033-07-1377-1,26.02.2027,"0,6 мл/3 лводы",2 мл,"Опрыскивание: 1-е - в начале фазы бутонизации, 2-е - в период цветения второй кисти",,2,III,1465
regulyator-rost-i-urozhay,регулятор: рост и урожай,регулятор,tomat,томат,obepeg,ОбеpeгЪ,регулятор роста,033-07-1377-1,26.02.2027,"0,02 мл/100 мл воды",2 мл,Замачивание семян перед посевом на 1 час,,1,III,1466
regulyator-rost-i-urozhay,регулятор: рост и урожай,регулятор,tomat,томат,plantarel,Плантарел,регулятор роста,734-07-3223-1,14.07.2031,1 мл/100 мл воды,100 мл,Замачивание семян перед посевом,,1,III,1618
regulyator-rost-i-urozhay,регулятор: рост и урожай,регулятор,tomat,томат,plantarel,Плантарел,регулятор роста,734-07-3223-1,14.07.2031,5-10 мл/ 10 лводы,5–10 мл,"Опрыскивание растений: 1-е - в фазе 3-4 пар настоящих листьев, 2-е - в фазе бутонизации, 3-е - в фазе налива плодов",,3,III,1618
regulyator-rost-i-urozhay,регулятор: рост и урожай,регулятор,tomat,томат,prorostok,Проросток,регулятор роста,033-07-1375-1,26.02.2027,"0,2 мл/ 100 мл воды",20 мл,Замачивание семян перед посевом на 1 час,,1,III,1472
regulyator-rost-i-urozhay,регулятор: рост и урожай,регулятор,tomat,томат,regular,Регулар,регулятор роста,427(175)-07-1711-1,30.01.2028,"0,5 г/лводы",5 г,Опрыскивание растений в фазе 3-4 листьев,,1,II,1558
regulyator-rost-i-urozhay,регулятор: рост и урожай,регулятор,tomat,томат,rutamon,Рутамон,регулятор роста,778-07-3842-1,25.10.2032,"0,1 мл/лводы",1 мл,"Опрыскивание растений: 1-е - после высадки рассады в грунт, 2-е – в фазе массового цветения, 3-е - через 7-10 дней после второго опрыскивания",,2,III,1447
regulyator-rost-i-urozhay,регулятор: рост и урожай,регулятор,tomat,томат,silatsin-krp,"Силацин, КРП",регулятор роста,324-07-2045-1,05.11.2028,1 табл. /200 мл воды,50 табл,Замачивание семян перед посевом на 30-40 мин,,1,III,1796
regulyator-rost-i-urozhay,регулятор: рост и урожай,регулятор,tomat,томат,hefk,ХЭФК,регулятор роста,018-07-5000-1,07.06.2033,2-3 мл/лводы,20–30 мл,Опрыскивание растений в период начала массового созревания (в фазе молочной спелости плодов),5,1,III,1804
regulyator-rost-i-urozhay,регулятор: рост и урожай,регулятор,tomat,томат,tsveten,Цветень,регулятор роста,012-07-9886-1,05.04.2036,5 г/3 лводы,"16,7 г","Опрыскивание растений: 1-е - в начале цветения 1-ой кисти, 2-е - в начале цветения 2-ой кисти, 3-е - в начале цветения 3-ей кисти.",,3,III,1643
regulyator-rost-i-urozhay,регулятор: рост и урожай,регулятор,tomat,томат,ekogel-ekstra,Экогель экстра,регулятор роста,074-07-3127-1,26.04.2031,25 мл/лводы,250 мл,Замачивание семян перед посевом на 12 часов,,1,III,1622
regulyator-rost-i-urozhay,регулятор: рост и урожай,регулятор,tomat,томат,ekogel-ekstra,Экогель экстра,регулятор роста,074-07-3127-1,26.04.2031,10 мл/лводы,100 мл,"Опрыскивание растений: 1-е - за 7 дней до высадки рассады в грунт, 2-е - через 14 дней после пересадки, 3-е - через 30 дней после второго опрыскивания",,3,III,1622
regulyator-rost-i-urozhay,регулятор: рост и урожай,регулятор,tomat,томат,ekogel-ekstra,Экогель экстра,регулятор роста,074-07-3127-1,26.04.2031,15 мл/лводы,150 мл,"Полив растений под корень: 1-й при высадке рассады, 2-й, 3-й",,3,III,1622
regulyator-rost-i-urozhay,регулятор: рост и урожай,регулятор,tomat,томат,ekopin,Экопин,регулятор роста,012-07-2246-1,27.05.2029,2 г/л воды,20 г,Замачивание семян перед посевом на 3 часа,,1,III,1626
regulyator-rost-i-urozhay,регулятор: рост и урожай,регулятор,tomat,томат,ekopin,Экопин,регулятор роста,012-07-2246-1,27.05.2029,1 г/10 лводы,1 г,"Опрыскивание растений: первое - в фазе 2-3 листьев, второе - через 15 дней после первого",,2,III,1626
regulyator-rost-i-urozhay,регулятор: рост и урожай,регулятор,tomat,томат,energiya-m-krp,"Энергия-М, КРП",регулятор роста,124-07-1881-1,25.04.2028,1 табл. /200 мл воды,50 табл,Замачивание семян перед посевом на 30-40 мин,,1,III,1684
regulyator-rost-i-urozhay,регулятор: рост и урожай,регулятор,tomat,томат,energiya-m-krp,"Энергия-М, КРП",регулятор роста,124-07-1881-1,25.04.2028,"1,5 табл./3 лводы",5 табл,"Опрыскивание растений: 1-е – в фазе 3-4 листьев, 2-е - в фазе бутонизации - начала цветения первой кисти",,2,III,1685
regulyator-rost-i-urozhay,регулятор: рост и урожай,регулятор,tomat,томат,etamon-bio,Этамон Био,регулятор роста,427-07-2227-1,19.05.2029,"5-7,5 г/лводы",50–75 г,"Опрыскивание растений: певрое - после высадки рассады в грунт, второе – в фазе массового цветения, третье - через 7-10 дней после второго опрыскивания",,3,III,1447
regulyator-rost-i-urozhay,регулятор: рост и урожай,регулятор,tomat,томат,yantarin,Янтарин,регулятор роста,021-07-9747-1,22.12.2035,30 мл/10 лводы,30 мл,Полив растений под корень в фазе 2-3 настоящих листьев.,,1,III,1827
regulyator-rost-i-urozhay,регулятор: рост и урожай,регулятор,tomat,томат,yantarin,Янтарин,регулятор роста,021-07-9747-1,22.12.2035,50 мл/10 лводы,50 мл,"Полив растений под корень:1-й - после высадки рассады в грунт, 2-й - через 20 дней после первого полива.",,2,III,1828
regulyator-rost-i-urozhay,регулятор: рост и урожай,регулятор,tomat,томат,yantarin,Янтарин,регулятор роста,021-07-9747-1,22.12.2035,50 мл/3 лводы,"166,7 мл",Опрыскивание растений в период массового цветения.,,1,III,1828
regulyator-rost-i-urozhay,регулятор: рост и урожай,регулятор,tomat,томат,yantarnaya-kislota,Янтарная кислота,регулятор роста,033-07-2821-1,04.10.2030,10 г/10 лводы,10 г,Замачивание семян перед посевом на 12-24 часа,,1,III,1825
regulyator-rost-i-urozhay,регулятор: рост и урожай,регулятор,tomat,томат,yantarnaya-kislota,Янтарная кислота,регулятор роста,033-07-2821-1,04.10.2030,10 г/20 лводы,5 г,"Опрыскивание растений: 1-е – в начале фазы цветения первой кисти, 2-е – в начале фазы цветения второй кисти",,2,III,1826
regulyator-rost-i-urozhay,регулятор: рост и урожай,регулятор,hvoynye,"хвойные (туя, ель, можжевельник)",krezatsin-krp,"Крезацин, КРП",регулятор роста,342-07-2099-1,05.02.2029,½ табл./1лводы,,Замачивание черенков перед посадкой на 10 часов,,1,III,1652
regulyator-rost-i-urozhay,регулятор: рост и урожай,регулятор,tsvety,цветы (общее),agat-25-super,Агат-25 Супер,регулятор роста,471-07-1781-1,04.03.2028,1-3 г/10 лводы,1–3 г,Опрыскивание растений в первой половине вегетационного сезона двухкратно с интервалом 14-18 дней (куст),,2,III,1400
regulyator-rost-i-urozhay,регулятор: рост и урожай,регулятор,tsvety,цветы (общее),agat-25-super,Агат-25 Супер,регулятор роста,471-07-1781-1,04.03.2028,1-3 г/10 лводы,1–3 г,Опрыскивание растений в первой половине вегетационного сезона двухкратно с интервалом 14-18 дней (дерево высотой 5-10 м),,2,III,1400
regulyator-rost-i-urozhay,регулятор: рост и урожай,регулятор,tsvety,цветы (общее),agat-25-super,Агат-25 Супер,регулятор роста,471-07-1781-1,04.03.2028,1-3 г/10 лводы,1–3 г,Опрыскивание растений в первой половине вегетационного сезона двухкратно с интервалом 14-18 дней (дерево высотой 10-20 м),,2,III,1401
regulyator-rost-i-urozhay,регулятор: рост и урожай,регулятор,tsvety,цветы (общее),agat-25-super,Агат-25 Супер,регулятор роста,471-07-1781-1,04.03.2028,1-3 г/10 лводы,1–3 г,"Опрыскивание растений: 1- е - в начале вегетации, 2-е - в период бутонизации - начала цветения",,2,III,1401
regulyator-rost-i-urozhay,регулятор: рост и урожай,регулятор,tsvety,цветы (общее),agat-25-super,Агат-25 Супер,регулятор роста,471-07-1781-1,04.03.2028,1-3 г/10 лводы,1–3 г,Опрыскивание или полив растений 2 раза в месяц при опрыскивании,,2,III,1401
regulyator-rost-i-urozhay,регулятор: рост и урожай,регулятор,tsvety,цветы (общее),albit,Альбит,регулятор роста,081-07-9800-1,03.03.2036,1 мл/10 лводы,1 мл,"Опрыскивание растений: 1-е – в период возобновления вегетации (весной), 2-е через - 15 дней после первого опрыскивания.",,2,III,1730
regulyator-rost-i-urozhay,регулятор: рост и урожай,регулятор,tsvety,цветы (общее),albit,Альбит,регулятор роста,081-07-9800-1,03.03.2036,1 мл/10 лводы,1 мл,"Опрыскивание растений: 1-е – в фазе бутонизации, 2-е -через 15 дней после первого опрыскивания.",,2,III,1730
regulyator-rost-i-urozhay,регулятор: рост и урожай,регулятор,tsvety,цветы (общее),botanik,Ботаник,регулятор роста,008-07-3673-1,28.04.2032,1 - 3 мл/лводы,10–30 мл,"Опрыскивание растений: 1-е - через 10 дней после высадки, 2-е - через 15 дней после первого опрыскивания",,2,III,1417
regulyator-rost-i-urozhay,регулятор: рост и урожай,регулятор,tsvety,цветы (общее),botanik,Ботаник,регулятор роста,008-07-3673-1,28.04.2032,1-10 мл/лводы,10–100 мл,Полив растений или погружение корневой системы в раствор на 5-6 часов: 1-е – в фазе выхода соцветий; 2-е - через 15 дней после первого полива (погружения),,2,III,1417
regulyator-rost-i-urozhay,регулятор: рост и урожай,регулятор,tsvety,цветы (общее),botanik,Ботаник,регулятор роста,008-07-3673-1,28.04.2032,1-10 мл/лводы,10–100 мл,Опрыскивание растений: 1-е – в фазе выхода соцветий; 2-е - через 15 дней после первого опрыскивания,,2,III,1417
regulyator-rost-i-urozhay,регулятор: рост и урожай,регулятор,tsvety,цветы (общее),geteroauksin,Гетероауксин,регулятор роста,046-07-5038-1,04.10.2026,1 табл. /2 лводы,5 табл,Обмакивание корневой системы растений перед высадкой в грунт,,1,III,1363
regulyator-rost-i-urozhay,регулятор: рост и урожай,регулятор,tsvety,цветы (общее),geteroauksin,Гетероауксин,регулятор роста,046-07-5038-1,04.10.2026,5 табл. /20 лводы,"2,5 табл",Полив растений под корень после посадки,,1,III,1363
regulyator-rost-i-urozhay,регулятор: рост и урожай,регулятор,tsvety,цветы (общее),geteroauksin,Гетероауксин,регулятор роста,046-07-5038-1,04.10.2026,1 табл. /5 лводы,2 табл,"Замачивание одревесневших и полуодревесневших черенков в течение 16-20 часов, зеленых черенков – 10-16 часов",,1,III,1365
regulyator-rost-i-urozhay,регулятор: рост и урожай,регулятор,tsvety,цветы (общее),geteroauksin,Гетероауксин,регулятор роста,046-07-5039-1,04.10.2026,"0,5 г/10 лводы","0,5 г",Обмакивание корневой системы растений перед высадкой в грунт,,1,III,1366
regulyator-rost-i-urozhay,регулятор: рост и урожай,регулятор,tsvety,цветы (общее),geteroauksin,Гетероауксин,регулятор роста,046-07-5039-1,04.10.2026,"0,5 г/20 лводы","0,2 г",Полив растений под корень после посадки,,1,III,1367
regulyator-rost-i-urozhay,регулятор: рост и урожай,регулятор,tsvety,цветы (общее),geteroauksin,Гетероауксин,регулятор роста,046-07-5039-1,04.10.2026,"0,2 г/10 лводы","0,2 г","Замачивание одревесневших и полуодревесневших черенков перед посадкой – на 16-20 часов, зеленых черенков – на 10-16 часов",,1,III,1368
regulyator-rost-i-urozhay,регулятор: рост и урожай,регулятор,tsvety,цветы (общее),geteroauksin,Гетероауксин+,регулятор роста,033-07-3057-1,17.03.2031,4 г/10 лводы,4 г,Обмакивание корневой системы растений перед высадкой в грунт,,1,III,1409
regulyator-rost-i-urozhay,регулятор: рост и урожай,регулятор,tsvety,цветы (общее),grin-deyl,Грин Дейл,регулятор роста,008-07-3511-1,02.03.2032,5-7 мл/10 лводы,5–7 мл,Опрыскивание растений в период формирования бутонов,,1,III,1822
regulyator-rost-i-urozhay,регулятор: рост и урожай,регулятор,tsvety,цветы (общее),grin-deyl,Грин Дейл,регулятор роста,008-07-3511-1,02.03.2032,"1-1,5 мл/лводы",10–15 мл,"Замачивание посадочного материала (луковиц, клубнелуковиц) перед посадкой",,1,III,1824
regulyator-rost-i-urozhay,регулятор: рост и урожай,регулятор,tsvety,цветы (общее),immunotsitofit,Иммуноцитофит,регулятор роста,121-07-3951-1,11.01.2033,1 табл./10-15 мл воды,,Замачивание семян перед посевом на 2-3 часа,,1,III,1821
regulyator-rost-i-urozhay,регулятор: рост и урожай,регулятор,tsvety,цветы (общее),immunotsitofit,Иммуноцитофит,регулятор роста,121-07-3951-1,11.01.2033,1 табл./140-16 0 мл воды,,Опрыскивание посадочного материала перед посадкой,,1,III,1822
regulyator-rost-i-urozhay,регулятор: рост и урожай,регулятор,tsvety,цветы (общее),immunotsitofit,Иммуноцитофит,регулятор роста,121-07-3951-1,11.01.2033,"1 табл./ 1,5 лводы","6,7 табл",Опрыскивание растений: 1-е - в фазе формирования бутонов; 2-е - через 15-20 дней после первого опрыскивания,,2,III,1822
regulyator-rost-i-urozhay,регулятор: рост и урожай,регулятор,tsvety,цветы (общее),immunotsitofit,Иммуноцитофит,регулятор роста,121-07-3951-1,11.01.2033,"1 табл./ 1,5 лводы","6,7 табл","Опрыскивание растений: 1-е - в фазе формирования бутонов или новых листьев, 2-е – через 20-30 дней после первого опрыскивания, 3-е -через 20-30 дней после второго опрыскивания; в период покоя (осень-зима) с интервалом 1 месяц",,3,III,1822
regulyator-rost-i-urozhay,регулятор: рост и урожай,регулятор,tsvety,цветы (общее),immunotsitofit,Иммуноцитофит,регулятор роста,121-07-3951-1,11.01.2033,"1 табл./1,5 лводы","6,7 табл",Опрыскивание растений в день посадки или через 1-2 дня после посадки рассады в грунт,,1,III,1822
regulyator-rost-i-urozhay,регулятор: рост и урожай,регулятор,tsvety,цветы (общее),korennik,Коренник,регулятор роста,018-07-1869-1,11.04.2028,"0,1-0,2 г/10 черенков",,Обмакивание предварительно увлажненного базального среза черенка,,1,-,1411
regulyator-rost-i-urozhay,регулятор: рост и урожай,регулятор,tsvety,цветы (общее),korney,Корней,регулятор роста,012-07-3073-1,24.03.2031,1-2 г/ 10 черенков,,Обмакивание предварительно увлажненного базального среза,,1,III,1413
regulyator-rost-i-urozhay,регулятор: рост и урожай,регулятор,tsvety,цветы (общее),korney,Корней,регулятор роста,012-07-3073-1,24.03.2031,1 г/л воды,10 г,Полив растений под корень сразу после посадки,,1,III,1414
regulyator-rost-i-urozhay,регулятор: рост и урожай,регулятор,tsvety,цветы (общее),kornestim,Корнестим,регулятор роста,008-07-1288-1,11.12.2026,10-20 мг/ черенок,,Обработка базального среза черенка,,1,III,1414
regulyator-rost-i-urozhay,регулятор: рост и урожай,регулятор,tsvety,цветы (общее),kornestim,Корнестим,регулятор роста,008-07-1288-1,11.12.2026,1 г/20 растений,,Полив под корень сразу после высадки рассады,,1,III,1414
regulyator-rost-i-urozhay,регулятор: рост и урожай,регулятор,tsvety,цветы (общее),krepen,Крепень,регулятор роста,008-07-1585-1,06.11.2027,"1,5 мл/л",15 мл,"Полив под корень: 1-й – в фазе фазе 3-4-х листьев, 2-й – через 7-10 дней после первого полива",,2,III,1783
regulyator-rost-i-urozhay,регулятор: рост и урожай,регулятор,tsvety,цветы (общее),krepen,Крепень,регулятор роста,008-07-1585-1,06.11.2027,"1,5 мл/л",15 мл,"Опрыскивание растений: 1-е – в фазе 3-4-х листьев, 2-е – через 7-10 дней после первого опрыскивания",,2,III,1783
regulyator-rost-i-urozhay,регулятор: рост и урожай,регулятор,tsvety,цветы (общее),obepeg,ОбеpeгЪ,регулятор роста,033-07-1377-1,26.02.2027,"0,3 мл/1,5 лводы",2 мл,"Опрыскивание растений: 1-е в фазе полных всходов (или в начале отрастания побегов), 2-е – в фазе выдвижения бутонов",,2,III,1469
regulyator-rost-i-urozhay,регулятор: рост и урожай,регулятор,tsvety,цветы (общее),obepeg,ОбеpeгЪ,регулятор роста,033-07-1377-1,26.02.2027,"0,3 мл/1,5 лводы",2 мл,"Опрыскивание: 1-е после посадки (или в начале отрастания побегов), 2-е – в период интенсивного роста побегов, 3-е – в фазе выдвижения бутонов",,3,III,1470
regulyator-rost-i-urozhay,регулятор: рост и урожай,регулятор,tsvety,цветы (общее),plantarel,Плантарел,регулятор роста,734-07-3223-1,14.07.2031,5-10 мл/ 10 лводы,5–10 мл,"Опрыскивание растений: 1-е - в фазе 3-5 настоящих листьев, 2-е - через 12-18 дней после первого, 3-е -через 12-18 дней после второго",,3,III,1620
regulyator-rost-i-urozhay,регулятор: рост и урожай,регулятор,tsvety,цветы (общее),pochkorost,Почкорост,регулятор роста,005-07-2101-1,06.02.2029,2 мг/почку,,Нанесение препарата на спящую почку с интервалом 10 дней тонким слоем специальным аппликатором,,2,III,1418
regulyator-rost-i-urozhay,регулятор: рост и урожай,регулятор,tsvety,цветы (общее),reggi,Рэгги,регулятор роста,021-07-4836-1,25.03.2035,1 мл/100 мл воды,100 мл,"Полив растений: 1-й - в фазе сформированных, но ещё не окрашенных бутонов, 2-й – через 5-6 месяцев после первого полива.",,2,III,1780
regulyator-rost-i-urozhay,регулятор: рост и урожай,регулятор,tsvety,цветы (общее),ukorenit,УкоренитЪ,регулятор роста,033-07-1287-1,11.12.2026,1 г/20 растений,,Полив под корень сразу после высадки рассады,,1,III,1414
regulyator-rost-i-urozhay,регулятор: рост и урожай,регулятор,tsvety,цветы (общее),ukorenit,УкоренитЪ,регулятор роста,033-07-1287-1,11.12.2026,10-20 мг/ черенок,,Обработка базального среза черенка,,1,III,1415
regulyator-rost-i-urozhay,регулятор: рост и урожай,регулятор,tsvety,цветы (общее),ekogel-ekstra,Экогель экстра,регулятор роста,074-07-3127-1,26.04.2031,15-70 мл/лводы,150–700 мл,"Полив растений под корень: 1-й - при пересадке или в начале возобновления вегетации, 2-й – через 15-30 дней после первого полива",,2,III,1623
regulyator-rost-i-urozhay,регулятор: рост и урожай,регулятор,tsvety,цветы (общее),ekopin,Экопин,регулятор роста,012-07-2246-1,27.05.2029,1 г/л воды,10 г,Замачивание черенков перед посадкой на 3-5 часов,,1,III,1628
regulyator-rost-i-urozhay,регулятор: рост и урожай,регулятор,tsvety,цветы (общее),ekopin,Экопин,регулятор роста,012-07-2246-1,27.05.2029,"0,5-5 г/ лводы",5–50 г,"Опрыскивание растений: первое – в период возобновления вегетации (весной), второе и (или) третье - с интервалом 15 дней",,2,III,1630
regulyator-rost-i-urozhay,регулятор: рост и урожай,регулятор,tsvety,цветы (общее),ekopin,Экопин,регулятор роста,012-07-2246-1,27.05.2029,1 г/10 лводы,1 г,"Опрыскивание растений: первое - в начале фазы бутонизации, второе - через 15 дней после первого опрыскивания",,2,III,1630
regulyator-rost-i-urozhay,регулятор: рост и урожай,регулятор,tsvety,цветы (общее),yantarin,Янтарин,регулятор роста,021-07-9747-1,22.12.2035,15 мл/10 лводы,15 мл,"Полив под корень: 1-й - в фазе 2- х настоящих листьев, 2-й, 3-й и 4-й - с интервалом 20 дней.",,4,III,1828
regulyator-rost-i-urozhay,регулятор: рост и урожай,регулятор,tsvety,цветы (общее),yantarin,Янтарин,регулятор роста,021-07-9747-1,22.12.2035,30-50 мл/10 лводы,30–50 мл,"Полив под корень: 1- й -весной в фазе возобновления вегетации, 2-й и 3-й - с интервалом 20 дней.",,3,III,1828
regulyator-rost-i-urozhay,регулятор: рост и урожай,регулятор,tsvety,цветы (общее),yantarnaya-kislota,Янтарная кислота,регулятор роста,033-07-2821-1,04.10.2030,10 г/20 лводы,5 г,Полив растений после появления всходов или весной в начале возобновления вегетации,,1,III,1827
regulyator-rost-i-urozhay,регулятор: рост и урожай,регулятор,tsvety,цветы (общее),yantarnaya-kislota,Янтарная кислота,регулятор роста,033-07-2821-1,04.10.2030,10 г/20 лводы,5 г,"Опрыскивание растений: 1-е – в начале фазы бутонизации, 2-е – в начале фазы цветения",,2,III,1827
regulyator-rost-i-urozhay,регулятор: рост и урожай,регулятор,yablonya,яблоня,agrostimul-ve,"АгроСтимул, ВЭ",регулятор роста,002-07-4818-0,10.03.2028,"4,0 мл/10 лводы",4 мл,"Опрыскивание растений: 1-е – в фазе «розовый бутон», 2-е – «плод грецкий орех».",,2,III,1566
regulyator-rost-i-urozhay,регулятор: рост и урожай,регулятор,yablonya,яблоня,albit,Альбит,регулятор роста,081-07-9800-1,03.03.2036,1 мл/10 лводы,1 мл,"Опрыскивание растений: 1-е – в фазе выдвижения соцветий - розовый бутон, 2-е – после цветения, 3-е – через две недели после второго опрыскивания.",,3,III,1729
regulyator-rost-i-urozhay,регулятор: рост и урожай,регулятор,yablonya,яблоня,bioduks,Биодукс,регулятор роста,173-07-4899-0,05.06.2028,"0,5-1,0 мл/10 л воды","0,5–1 мл","Опрыскивание растений: 1-ое – перед цветением, 2-ое - через 20 дней после первого опрыскивания",,2,III,1483
regulyator-rost-i-urozhay,регулятор: рост и урожай,регулятор,yablonya,яблоня,biosil,Биосил,регулятор роста,347-07-1440-1,05.04.2027,1 мл/10 лводы,1 мл,"Опрыскивание: 1-е - через две недели после цветения, 2-е – через 21 день после первого опрыскивания",,2,III,1760
regulyator-rost-i-urozhay,регулятор: рост и урожай,регулятор,yablonya,яблоня,buton,Бутон,регулятор роста,046-07-5054-1,08.04.2028,10 г/10 лводы,10 г,"Опрыскивание растений: 1-е - после цветения, 2-е - через 7 дней после первого опрыскивания, 3-е - через 30 дней после второго опрыскивания",,3,III,1505
regulyator-rost-i-urozhay,регулятор: рост и урожай,регулятор,yablonya,яблоня,geteroauksin,Гетероауксин,регулятор роста,046-07-5038-1,04.10.2026,2 табл. /10 лводы,2 табл,"Обмакивание или замачивание на 1-2 часа корневой системы растений перед посадкой в водном растворе препарата, или обмакивание корневой системы растений в сметанообразную массу, состоящую из глины и торфяной крошки, замешанных на растворе гетероауксина Полив растений под корень после посадки",,1,III,1364
regulyator-rost-i-urozhay,регулятор: рост и урожай,регулятор,yablonya,яблоня,geteroauksin,Гетероауксин,регулятор роста,046-07-5038-1,04.10.2026,2 табл. /10 лводы,2 табл,Полив растений под корень после посадки,,1,III,1364
regulyator-rost-i-urozhay,регулятор: рост и урожай,регулятор,yablonya,яблоня,geteroauksin,Гетероауксин,регулятор роста,046-07-5038-1,04.10.2026,2 табл. /10 лводы,2 табл,"Полив растений под корень: 1-й – весной, в период распускания почек; 2-й – осенью, в период пожелтения листьев",,2,III,1364
regulyator-rost-i-urozhay,регулятор: рост и урожай,регулятор,yablonya,яблоня,geteroauksin,Гетероауксин,регулятор роста,046-07-5039-1,04.10.2026,"0,2 г/10 лводы","0,2 г","Обмакивание или замачивание на 1-2 часа корневой системы растений перед посадкой в водном растворе препарата, или обмакивание корневой системы растений в сметанообразную массу, состоящую из глины и торфяной крошки, замешанную на растворе гетероауксина",,1,III,1367
regulyator-rost-i-urozhay,регулятор: рост и урожай,регулятор,yablonya,яблоня,geteroauksin,Гетероауксин,регулятор роста,046-07-5039-1,04.10.2026,"0,2 г/10 лводы","0,2 г",Полив растений под корень после посадки,,1,III,1367
regulyator-rost-i-urozhay,регулятор: рост и урожай,регулятор,yablonya,яблоня,geteroauksin,Гетероауксин,регулятор роста,046-07-5039-1,04.10.2026,"0,2 г/10 лводы","0,2 г","Полив растений под корень: 1-й – весной, в период распускания почек; 2-й – осенью, в период пожелтения листьев",,2,III,1367
regulyator-rost-i-urozhay,регулятор: рост и урожай,регулятор,yablonya,яблоня,geteroauksin,Гетероауксин+,регулятор роста,033-07-3057-1,17.03.2031,10 г/10 лводы,10 г,Обмакивание корневой системы растений перед посадкой,,1,III,1410
regulyator-rost-i-urozhay,регулятор: рост и урожай,регулятор,yablonya,яблоня,geteroauksin,Гетероауксин+,регулятор роста,033-07-3057-1,17.03.2031,10 г/10 лводы,10 г,Полив растений под корень через 5 дней после посадки,,1,III,1410
regulyator-rost-i-urozhay,регулятор: рост и урожай,регулятор,yablonya,яблоня,geteroauksin,Гетероауксин+,регулятор роста,033-07-3057-1,17.03.2031,10 г/10 лводы,10 г,Обмакивание корневой системы растений перед посадкой,,1,III,1410
regulyator-rost-i-urozhay,регулятор: рост и урожай,регулятор,yablonya,яблоня,geteroauksin,Гетероауксин+,регулятор роста,033-07-3057-1,17.03.2031,10 г/10 лводы,10 г,Полив растений под корень через 5 дней после посадки,,1,III,1410
regulyator-rost-i-urozhay,регулятор: рост и урожай,регулятор,yablonya,яблоня,gibbera,Гиббера,регулятор роста,018-07-2170-1,27.03.2029,"2,5-5,0 мл/ 10 л воды","2,5–5 мл","Опрыскивание растений: 1-е в конце фазы цветения, 2-е и 3-е с интервалом 7-10 дней",,3,III,1486
regulyator-rost-i-urozhay,регулятор: рост и урожай,регулятор,yablonya,яблоня,gibbersib,Гибберсиб,регулятор роста,034-07-1313-1,22.12.2026,1 г/10 лводы,1 г,"Опрыскивание растений: 1-е - в конце фазы цветения, 2-е - в фазе образования завязи",,2,III,1493
regulyator-rost-i-urozhay,регулятор: рост и урожай,регулятор,yablonya,яблоня,giberelon,Гиберелон,регулятор роста,427-07-2226-1,19.05.2029,"1,5-2 г/10 лводы","1,5–2 г","Опрыскивание растений: 1-е - после цветения, 2-е - через 7 дней после первого опрыскивания, 3-е - через 7-10 дней после второго опрыскивания",,3,III,1497
regulyator-rost-i-urozhay,регулятор: рост и урожай,регулятор,yablonya,яблоня,grin-deyl,Грин Дейл,регулятор роста,008-07-3511-1,02.03.2032,10-14 мл/10 лводы,10–14 мл,Опрыскивание растений: 1-е -,,2,III,1824
regulyator-rost-i-urozhay,регулятор: рост и урожай,регулятор,yablonya,яблоня,zavyaz,Завязь,регулятор роста,186-07-4808-1,11.02.2035,20 г/10 лводы,20 г,"Опрыскивание растений: 1-е - в фазе цветения, 2-е - после опадения лепестков.",,2,III,1511
regulyator-rost-i-urozhay,регулятор: рост и урожай,регулятор,yablonya,яблоня,immunotsitofit,Иммуноцитофит,регулятор роста,121-07-3951-1,11.01.2033,2 табл./5 лводы,4 табл,Опрыскивание растений: 1-е - в фазе обособления бутонов - розовый бутон; 2-е - после цветения; 3-е - в период образования завязи - роста плодов (через 20-30 дней после второго опрыскивания),,3,III,1821
regulyator-rost-i-urozhay,регулятор: рост и урожай,регулятор,yablonya,яблоня,kornerost-m,Корнерост М,регулятор роста,046-07-5079-1,13.03.2029,1-2 г/10 черенков,,Обработка предварительно увлажненного базального среза черенка,,1,III,1415
regulyator-rost-i-urozhay,регулятор: рост и урожай,регулятор,yablonya,яблоня,krezatsin-krp,"Крезацин, КРП",регулятор роста,342-07-2099-1,05.02.2029,"1,5 табл./ 10 л воды","1,5 табл",Опрыскивание растений через4-5 недель цветения,,1,III,1652
regulyator-rost-i-urozhay,регулятор: рост и урожай,регулятор,yablonya,яблоня,melafen,Мелафен,регулятор роста,547-07-3294-1,15.09.2031,"0,2-0,3 мл/8 лводы","0,2–0,4 мл","Опрыскивание растений: 1-е – в фазе начала распускания почек, 2-е – в фазе обособления бутонов – розовый бутон",,2,III,1641
regulyator-rost-i-urozhay,регулятор: рост и урожай,регулятор,yablonya,яблоня,mival-agro,Мивал-Агро,регулятор роста,467-07-1697-1,30.01.2028,"0,2 г/ 8 лводы","0,2 г","Опрыскивание растений: 1-е - в фазе «разрыхления бутонов», 2-е - в фазе «смыкание чашелистиков»",,2,III,1669
regulyator-rost-i-urozhay,регулятор: рост и урожай,регулятор,yablonya,яблоня,mival-agro,Мивал-Агро,регулятор роста,467-07-1697-1,30.01.2028,"0,2 г/ 8 лводы","0,2 г",Опрыскивание растений после обрезки на обратныйрост или в фазе «зеленый конус»,,1,III,1669
regulyator-rost-i-urozhay,регулятор: рост и урожай,регулятор,yablonya,яблоня,obepeg,ОбеpeгЪ,регулятор роста,033-07-1377-1,26.02.2027,2 мл/10 лводы,2 мл,"Опрыскивание: 1-е - в фазе «рыхления бутонов», 2-е -через 30 дней после первого",,2,III,1468
regulyator-rost-i-urozhay,регулятор: рост и урожай,регулятор,yablonya,яблоня,plantarel,Плантарел,регулятор роста,734-07-3223-1,14.07.2031,5-10 мл/ 10 лводы,5–10 мл,"Опрыскивание растений: 1-е - в фазе «розовый бутон», 2-е - в фазе «плод грецкий орех», 3-е - в фазе созревания плодов",,3,III,1620
regulyator-rost-i-urozhay,регулятор: рост и урожай,регулятор,yablonya,яблоня,saldo,Сальдо,регулятор роста,018-07-2179-1,01.04.2029,75 мл / 10 лводы,75 мл,Опрыскивание растений в фазе размер плода «лещина» (диаметр плода 12-14 мм),,1,III,1416
regulyator-rost-i-urozhay,регулятор: рост и урожай,регулятор,yablonya,яблоня,ekopin,Экопин,регулятор роста,012-07-2246-1,27.05.2029,1 г/10 лводы,1 г,"Опрыскивание растений: первое – в фазе выдвижения соцветий – розовый бутон, второе - после цветения, третье – через две недели после второго опрыскивания",,3,III,1630
regulyator-rost-i-urozhay,регулятор: рост и урожай,регулятор,yablonya,яблоня,emistim,Эмистим,регулятор роста,392-07-1237-1,20.09.2026,"0,01 мл/10 лводы",0 мл,"Опрыскивание: 1-е – в период появления первых листочков, 2-е и 3-е с интервалом 1 месяц",,1,III,1423
regulyator-rost-i-urozhay,регулятор: рост и урожай,регулятор,yablonya,яблоня,emistim,Эмистим,регулятор роста,392-07-1237-1,20.09.2026,"0,01 мл/10 лводы",0 мл,"Опрыскивание: 1-е – в период появления первых листочков, 2-е и 3-е с интервалом 1 месяц",,1,III,1424
regulyator-rost-i-urozhay,регулятор: рост и урожай,регулятор,yablonya,яблоня,etamon-bio,Этамон Био,регулятор роста,427-07-2227-1,19.05.2029,"7,5 г/лводы",75 г,"Опрыскивание растений: первое – в фазе распускания листьев, второе и третье с интервалом 14 дней",,3,III,1448
regulyator-rost-i-urozhay,регулятор: рост и урожай,регулятор,yablonya,яблоня,yantarnaya-kislota,Янтарная кислота,регулятор роста,033-07-2821-1,04.10.2030,10 г/20 лводы,5 г,Опрыскивание растений в фазе «розовый бутон»,,1,III,1826
regulyator-rost-i-urozhay,регулятор: рост и урожай,регулятор,yagodniki,ягодники (общее),agat-25-super,Агат-25 Супер,регулятор роста,471-07-1781-1,04.03.2028,1-3 г/10 лводы,1–3 г,Опрыскивание растений в первой половине вегетационного сезона двухкратно с интервалом 14-18 дней (куст),,2,III,1400
regulyator-rost-i-urozhay,регулятор: рост и урожай,регулятор,yagodniki,ягодники (общее),agat-25-super,Агат-25 Супер,регулятор роста,471-07-1781-1,04.03.2028,1-3 г/10 лводы,1–3 г,Опрыскивание растений в первой половине вегетационного сезона двухкратно с интервалом 14-18 дней (дерево высотой 5-10 м),,2,III,1400
regulyator-rost-i-urozhay,регулятор: рост и урожай,регулятор,yagodniki,ягодники (общее),agat-25-super,Агат-25 Супер,регулятор роста,471-07-1781-1,04.03.2028,1-3 г/10 лводы,1–3 г,Опрыскивание растений в первой половине вегетационного сезона двухкратно с интервалом 14-18 дней (дерево высотой 10-20 м),,2,III,1401
regulyator-rost-i-urozhay,регулятор: рост и урожай,регулятор,yagodniki,ягодники (общее),albit,Альбит,регулятор роста,081-07-9800-1,03.03.2036,1 мл/10 лводы,1 мл,"Опрыскивание растений: 1-е – в период возобновления вегетации (весной), 2-е через - 15 дней после первого опрыскивания.",,2,III,1730
regulyator-rost-i-urozhay,регулятор: рост и урожай,регулятор,yagodniki,ягодники (общее),biosil,Биосил,регулятор роста,347-07-1440-1,05.04.2027,"0,5 мл/4 лводы","1,2 мл","Опрыскивание: 1-е - в фазе начала отрастания побегов, 2-е – в фазе бутонизации",,2,III,1760
regulyator-rost-i-urozhay,регулятор: рост и урожай,регулятор,yagodniki,ягодники (общее),geteroauksin,Гетероауксин,регулятор роста,046-07-5038-1,04.10.2026,1 табл. /5 лводы,2 табл,"Замачивание одревесневших и полуодревесневших черенков в течение 16-20 часов, зеленых черенков – 10-16 часов",,1,III,1365
regulyator-rost-i-urozhay,регулятор: рост и урожай,регулятор,yagodniki,ягодники (общее),geteroauksin,Гетероауксин,регулятор роста,046-07-5039-1,04.10.2026,"0,2 г/10 лводы","0,2 г","Замачивание одревесневших и полуодревесневших черенков перед посадкой – на 16-20 часов, зеленых черенков – на 10-16 часов",,1,III,1368
regulyator-rost-i-urozhay,регулятор: рост и урожай,регулятор,yagodniki,ягодники (общее),korennik,Коренник,регулятор роста,018-07-1869-1,11.04.2028,"0,1-0,2 г/10 черенков",,Обмакивание предварительно увлажненного базального среза черенка,,1,-,1411
regulyator-rost-i-urozhay,регулятор: рост и урожай,регулятор,yagodniki,ягодники (общее),korney,Корней,регулятор роста,012-07-3073-1,24.03.2031,1-2 г/ 10 черенков,,Обмакивание предварительно увлажненного базального среза,,1,III,1413
regulyator-rost-i-urozhay,регулятор: рост и урожай,регулятор,yagodniki,ягодники (общее),kornestim,Корнестим,регулятор роста,008-07-1288-1,11.12.2026,10-20 мг/ черенок,,Обработка базального среза черенка,,1,III,1414
regulyator-rost-i-urozhay,регулятор: рост и урожай,регулятор,yagodniki,ягодники (общее),obepeg,ОбеpeгЪ,регулятор роста,033-07-1377-1,26.02.2027,"0,3 мл/1,5 лводы",2 мл,"Опрыскивание: 1-е после посадки (или в начале отрастания побегов), 2-е – в период интенсивного роста побегов, 3-е – в фазе выдвижения бутонов",,3,III,1470
regulyator-rost-i-urozhay,регулятор: рост и урожай,регулятор,yagodniki,ягодники (общее),pochkorost,Почкорост,регулятор роста,005-07-2101-1,06.02.2029,2 мг/почку,,Нанесение препарата на спящую почку с интервалом 10 дней тонким слоем специальным аппликатором,,2,III,1418
regulyator-rost-i-urozhay,регулятор: рост и урожай,регулятор,yagodniki,ягодники (общее),ukorenit,УкоренитЪ,регулятор роста,033-07-1287-1,11.12.2026,10-20 мг/ черенок,,Обработка базального среза черенка,,1,III,1415
regulyator-rost-i-urozhay,регулятор: рост и урожай,регулятор,yagodniki,ягодники (общее),ekogel-ekstra,Экогель экстра,регулятор роста,074-07-3127-1,26.04.2031,15-70 мл/лводы,150–700 мл,"Полив растений под корень: 1-й - при пересадке или в начале возобновления вегетации, 2-й – через 15-30 дней после первого полива",,2,III,1623
regulyator-rost-i-urozhay,регулятор: рост и урожай,регулятор,yagodniki,ягодники (общее),ekopin,Экопин,регулятор роста,012-07-2246-1,27.05.2029,1 г/л воды,10 г,Замачивание черенков перед посадкой на 3-5 часов,,1,III,1628
regulyator-rost-i-urozhay,регулятор: рост и урожай,регулятор,yagodniki,ягодники (общее),ekopin,Экопин,регулятор роста,012-07-2246-1,27.05.2029,"0,5-5 г/ лводы",5–50 г,"Опрыскивание растений: первое – в период возобновления вегетации (весной), второе и (или) третье - с интервалом 15 дней",,2,III,1630
regulyator-rost-i-urozhay,регулятор: рост и урожай,регулятор,yagodniki,ягодники (общее),yantarin,Янтарин,регулятор роста,021-07-9747-1,22.12.2035,50-100 мл/10 л воды,50–100 мл,Опрыскивание в период массового цветения.,,1,III,1828
regulyator-sderzhivanie-rosta,регулятор: сдерживание роста,регулятор,vinograd,виноград,krezatsin-krp,"Крезацин, КРП",регулятор роста,342-07-2099-1,05.02.2029,1 табл./ 10 лводы,1 табл,Опрыскивание растений в фазе разрыхления соцветий,,1,III,1652
regulyator-sderzhivanie-rosta,регулятор: сдерживание роста,регулятор,vinograd,виноград,silatsin-krp,"Силацин, КРП",регулятор роста,324-07-2045-1,05.11.2028,4 табл./8 лводы,5 табл,"Опрыскивание растений: 1-е - в фазе распускания листьев, 2-е - в фазе бутонизации, 3-е - в фазе цветения",,3,III,1800
regulyator-sderzhivanie-rosta,регулятор: сдерживание роста,регулятор,vinograd,виноград,energiya-m-krp,"Энергия-М, КРП",регулятор роста,124-07-1881-1,25.04.2028,2 табл./8 лводы,"2,5 табл","Опрыскивание растений: 1-е - в фазе распускания листьев, 2-е - в фазе бутонизации, 3-е - в фазе цветения",,3,III,1693
regulyator-sderzhivanie-rosta,регулятор: сдерживание роста,регулятор,gazon,газон,albit,Альбит,регулятор роста,081-07-9800-1,03.03.2036,1 мл/10 лводы,1 мл,"Опрыскивание растений: 1-е – в начале возобновления вегетации (после перезимовки), 2-е – после скашивания травостоя.",,1,III,1730
regulyator-sderzhivanie-rosta,регулятор: сдерживание роста,регулятор,gazon,газон,reggi,Рэгги,регулятор роста,021-07-4836-1,25.03.2035,5-10 мл/ 3 лводы,"16,7–33,3 мл",Опрыскивание растений: 1-е – после первого скашивания травы; 2-е и 3-е - с интервалом 20-25 дней (после скашивания травы).,,3,III,1780
regulyator-sderzhivanie-rosta,регулятор: сдерживание роста,регулятор,gazon,газон,ekopin,Экопин,регулятор роста,012-07-2246-1,27.05.2029,1 г/10 лводы,1 г,"Опрыскивание растений: первое – в начале возобновления вегетации (после перезимовки), второе – после скашивания травостоя",,1,III,1631
regulyator-sderzhivanie-rosta,регулятор: сдерживание роста,регулятор,plodovye-derevya,плодовые деревья (общее),silatsin-krp,"Силацин, КРП",регулятор роста,324-07-2045-1,05.11.2028,6 табл./ 10 лводы,6 табл,"Опрыскивание растений: 1-е - в фазе бутонизации, 2-е – в фазе опадения лепестков, 3-е - в фазе образования завязей",,3,III,1799
regulyator-sderzhivanie-rosta,регулятор: сдерживание роста,регулятор,plodovye-derevya,плодовые деревья (общее),energiya-m-krp,"Энергия-М, КРП",регулятор роста,124-07-1881-1,25.04.2028,6 табл./ 10 лводы,6 табл,"Опрыскивание растений: 1-е - в фазе бутонизации, 2-е – в фазе опадения лепестков, 3-е - в фазе образования завязей",,3,III,1692
regulyator-sderzhivanie-rosta,регулятор: сдерживание роста,регулятор,tomat,томат,regular,Регулар,регулятор роста,427(175)-07-1711-1,30.01.2028,"0,5 г/лводы",5 г,Опрыскивание растений в фазе 3-4 листьев,,1,II,1558
regulyator-sderzhivanie-rosta,регулятор: сдерживание роста,регулятор,yablonya,яблоня,krezatsin-krp,"Крезацин, КРП",регулятор роста,342-07-2099-1,05.02.2029,"1,5 табл./ 10 л воды","1,5 табл",Опрыскивание растений через4-5 недель цветения,,1,III,1652
regulyator-sderzhivanie-rosta,регулятор: сдерживание роста,регулятор,yagodniki,ягодники (общее),krepen,Крепень,регулятор роста,008-07-1585-1,06.11.2027,"1,5 мл/1 лводы",15 мл,"Опрыскивание: 1-е – в фазе сформированных, неокрашенных бутонов, 2-е через 5-8 дней, после первой обработки",,2,III,1783
rzhavchina,ржавчина,болезнь,grusha,груша,sera-900,Сера 900,фунгицид,1017-02(01)-10111-1,02.09.2036,50 мл/10 лводы,50 мл,Опрыскивание в период вегетации.,,4,III,553
rzhavchina,ржавчина,болезнь,kryzhovnik,крыжовник,bordoskaya-zhidkost,Бордоская жидкость,фунгицид,021-02-3994-1,01.03.2033,250 мл/10 лводы,250 мл,Ранневесеннее опрыскивание в фазе «зеленого конуса» (в зависимости от возраста и типа формирования куста),60,1,II,468
rzhavchina,ржавчина,болезнь,kryzhovnik,крыжовник,bordoskaya-zhidkost,Бордоская жидкость,фунгицид,021-02-3994-1,01.03.2033,100 мл/10 лводы,100 мл,Опрыскивание по вегетации: первое - после цветения; последующие –с интервалом 7 дней (в зависимости от возраста и типа формирования куста),20,3,II,468
rzhavchina,ржавчина,болезнь,kryzhovnik,крыжовник,profi,Профи,фунгицид,097(002)-02-2635-1,30.03.2030,7-10 мл/10 лводы,7–10 мл,Опрыскивание в период вегетации до цветения и после уборки урожая,20,2,III,504
rzhavchina,ржавчина,болезнь,malina,малина,profi,Профи,фунгицид,097(002)-02-2635-1,30.03.2030,7-10 мл/10 лводы,7–10 мл,Опрыскивание в период вегетации до цветения и после уборки урожая,20,2,III,504
rzhavchina,ржавчина,болезнь,roza,роза,bordoskaya-zhidkost,Бордоская жидкость,фунгицид,021-02-3994-1,01.03.2033,100 мл/10 лводы,100 мл,"Опрыскивание в период вегетации: первое – при появлении первых признаководного из заболеваний, последующие – с интервалом 7 дней.",,3,II,468
rzhavchina,ржавчина,болезнь,roza,роза,serpen,Серпень,фунгицид,008-02-3238-1,20.07.2031,5 мл/5 л воды,10 мл,"Опрыскивание в период вегетации: 1 – в фазу бутонизации, последующие с интервалом 14 дней",,3,III,479
rzhavchina,ржавчина,болезнь,roza,роза,fitosporin-m,Фитоспорин-М,фунгицид,016-02-2490-1,04.12.2029,3 г/10 л воды,3 г,Опрыскивание растений в период вегетации: профилактическое до цветения и повторно через 10-15 дней,,2,III,318
rzhavchina,ржавчина,болезнь,smorodina,смородина,bordoskaya-zhidkost,Бордоская жидкость,фунгицид,021-02-3994-1,01.03.2033,250 мл/10 лводы,250 мл,Ранневесеннее опрыскивание в фазе «зеленого конуса» (в зависимости от возраста и типа формирования куста),60,1,II,468
rzhavchina,ржавчина,болезнь,smorodina,смородина,bordoskaya-zhidkost,Бордоская жидкость,фунгицид,021-02-3994-1,01.03.2033,100 мл/10 лводы,100 мл,Опрыскивание по вегетации: первое - после цветения; последующие –с интервалом 7 дней (в зависимости от возраста и типа формирования куста),28,3,II,468
rzhavchina,ржавчина,болезнь,smorodina,смородина,prognoz,Прогноз,фунгицид,046-02-5040-1,31.10.2032,10 мл/10 лводы,10 мл,Опрыскивание в период вегетации до цветения и после уборки урожая,27,2,III,510
rzhavchina,ржавчина,болезнь,smorodina,смородина,profi,Профи,фунгицид,097(002)-02-2635-1,30.03.2030,7-10 мл/10 лводы,7–10 мл,Опрыскивание в период вегетации до цветения и после уборки урожая,20,2,III,504
rzhavchina,ржавчина,болезнь,tsvety,цветы (общее),abiga-pik,Абига-Пик,фунгицид,407-02-1316-1,25.12.2026,40-50 г/10 лводы,40–50 г,Опрыскивание в период вегетации- 10л/100 м2,,2,III,654
rzhavchina,ржавчина,болезнь,tsvety,цветы (общее),chistotsvet-bau,Чистоцвет БАУ,фунгицид,021-02-4326-1,19.12.2033,700 мл/7-28 растений,,Опрыскивание в период вегетации готовым рабочим раствором из флакона с курковым распылителем,,1,III,503
rzhavchina,ржавчина,болезнь,yablonya,яблоня,sera-900,Сера 900,фунгицид,1017-02(01)-10111-1,02.09.2036,50 мл/10 лводы,50 мл,Опрыскивание в период вегетации.,,4,III,553
rizoktonioz,ризоктониоз,болезнь,kapusta,капуста,stakkato,Стаккато,фунгицид,018-02-10081-1,17.08.2036,30 мл/30 мл воды,,Обработка при закладке на хранение.,,1,III,297
rizoktonioz,ризоктониоз,болезнь,kartofel,картофель,alirin-b,Алирин-Б,фунгицид,139-02-2348-1,14.08.2029,"4-6 таб./0,3 л","133,3–200 таб",Предпосадочная обработка клубней.,,1,III,326
rizoktonioz,ризоктониоз,болезнь,kartofel,картофель,albit,Альбит,фунгицид,081-02-2950-1,22.12.2030,10 мл/лводы,100 мл,Предпосадочная обработка клубней на 100 кг клубней,,1,III,436
rizoktonioz,ризоктониоз,болезнь,kartofel,картофель,bakterra,Бактерра,фунгицид,008-02-2339-1,25.07.2029,30-50 л/3 лводы,"100–166,7 л",Обработка клубней перед посадкой,,1,III,304
rizoktonioz,ризоктониоз,болезнь,kartofel,картофель,binoram,Бинорам,фунгицид,347-02-2186-1,04.04.2029,"7,5 мл/л воды",75 мл,Обработка клубней за 1-5 дней до высадки,,1,-,343
rizoktonioz,ризоктониоз,болезнь,kartofel,картофель,bisolbisan,БисолбиСан,фунгицид,174-02-4328-1,20.12.2033,200 мл/1-2 лводы,,Обработка клубней перед посадкой,,1,III,310
rizoktonioz,ризоктониоз,болезнь,kartofel,картофель,depozit,Депозит,фунгицид,018-02-1860-1,09.04.2028,25-40 мл/лводы,250–400 мл,Обработка клубней перед посадкой,,1,-,634
rizoktonioz,ризоктониоз,болезнь,kartofel,картофель,depozit-suprim,Депозит Суприм,фунгицид,018-02-3824-1,01.03.2024,25-40 мл/лводы,250–400 мл,Обработка клубней перед посадкой,,1,-,635
rizoktonioz,ризоктониоз,болезнь,kartofel,картофель,kagatnik,Кагатник,фунгицид,018-02-3295-1,16.09.2031,50-80 мл/1 лводы,500–800 мл,Обработка клубней перед посадкой,,1,III,382
rizoktonioz,ризоктониоз,болезнь,kartofel,картофель,maksim,Максим,фунгицид,041-02-4335-0,24.12.2026,40 мл/1лводы,400 мл,Обработка клубней перед посадкой,,1,-,629
rizoktonioz,ризоктониоз,болезнь,kartofel,картофель,orgamika-f,Оргамика Ф,фунгицид,173-02-2477-1,19.11.2029,250 мл/1 лводы,,Обработка клубней за 1-2 суток до посадки.,,1,III,345
rizoktonioz,ризоктониоз,болезнь,kartofel,картофель,prestizh,Престиж,фунгицид,019-02-2401-1,17.09.2029,70-100 мл/лводы,,Обработка клубней до посадки,,1,-,429
rizoktonioz,ризоктониоз,болезнь,kartofel,картофель,prestizh-top,Престиж Топ,инсектицид,561-01-4296-1,10.12.2033,70-100 мл/лводы,,Обработка семян перед посевом,,1,-,231
rizoktonioz,ризоктониоз,болезнь,kartofel,картофель,sinkler,Синклер,фунгицид,021-02-2593-1,23.05.2024,20 мл/ 1 лводы,200 мл,Обработка клубней перед посадкой,,1,-,631
rizoktonioz,ризоктониоз,болезнь,kartofel,картофель,fitosporin-as,Фитоспорин-АС,фунгицид,585-02-3649-1,21.04.2032,100 мл/2-3 лводы,,Предпосадочная обработка клубней суспензией препарата,,1,III,334
rizoktonioz,ризоктониоз,болезнь,kartofel,картофель,fitosporin-m,Фитоспорин-М,фунгицид,016-02-2491-1,04.11.2029,100 мл/1-2 лводы,,Обработка клубней перед посадкой,,1,III,314
rizoktonioz,ризоктониоз,болезнь,kartofel,картофель,fitosporin-m,Фитоспорин-М,фунгицид,016-02-2491-1,04.11.2029,100 мл/лводы,,Обработка клубней перед закладкой на хранение с последующим просушиванием,,1,III,314
rizoktonioz,ризоктониоз,болезнь,kartofel,картофель,fitosporin-m,Фитоспорин-М,фунгицид,016-02-2490-1,04.12.2029,50 г/1-2 лводы,,Предпосадочная обработка клубней,,1,III,316
rizoktonioz,ризоктониоз,болезнь,kartofel,картофель,fitosporin-m,Фитоспорин-М,фунгицид,016-02-2489-1,04.12.2029,200 г/1-2 лводы,,Предпосадочная обработка клубней,,1,III,318
rizoktonioz,ризоктониоз,болезнь,komnatnye-rasteniya,комнатные растения (общее),gliokladin,Глиокладин,фунгицид,139-02-2260-1,02.05.2029,1 таб./300 мл почвы,"33,3 таб",Внесение в почву вручную или с помощью дозатора на глубину не менее 1 см при посеве или высадке рассады или пересадке растений,,1,III,346
rizoktonioz,ризоктониоз,болезнь,komnatnye-rasteniya,комнатные растения (общее),gliokladin,Глиокладин,фунгицид,139-02-2260-1,02.05.2029,1 таб./300 мл почвы,"33,3 таб",Внесение по почву вручную или с помощью дозатора на глубину не менее 1 см при посеве или высадке рассады или пересадке растений,,1,III,346
rizoktonioz,ризоктониоз,болезнь,ogurets,огурец,gliokladin,Глиокладин,фунгицид,139-02-2260-1,02.05.2029,1 таб./лунку,,Внесение в почву вручную или с помощью дозатора на глубину не менее 1 см при посеве или высадке рассады,,1,III,346
rizoktonioz,ризоктониоз,болезнь,plodovye-derevya,плодовые деревья (общее),gliokladin,Глиокладин,фунгицид,139-02-2260-1,02.05.2029,1 таб./300 мл почвы,"33,3 таб",Внесение в почву вручную или с помощью дозатора на глубину не менее 1 см при посеве или высадке рассады или пересадке растений,,1,III,346
rizoktonioz,ризоктониоз,болезнь,plodovye-derevya,плодовые деревья (общее),gliokladin,Глиокладин,фунгицид,139-02-2260-1,02.05.2029,1 таб./300 мл почвы,"33,3 таб",Внесение по почву вручную или с помощью дозатора на глубину не менее 1 см при посеве или высадке рассады или пересадке растений,,1,III,346
rizoktonioz,ризоктониоз,болезнь,tomat,томат,gliokladin,Глиокладин,фунгицид,139-02-2260-1,02.05.2029,1 таб./лунку,,Внесение в почву вручную или с помощью дозатора на глубину не менее 1 см при посеве или высадке рассады,,1,III,346
rizoktonioz,ризоктониоз,болезнь,tsvety,цветы (общее),gliokladin,Глиокладин,фунгицид,139-02-2260-1,02.05.2029,1 таб./300 мл почвы,"33,3 таб",Внесение в почву вручную или с помощью дозатора на глубину не менее 1 см при посеве или высадке рассады или пересадке растений,,1,III,346
rizoktonioz,ризоктониоз,болезнь,tsvety,цветы (общее),gliokladin,Глиокладин,фунгицид,139-02-2260-1,02.05.2029,1 таб./300 мл почвы,"33,3 таб",Внесение по почву вручную или с помощью дозатора на глубину не менее 1 см при посеве или высадке рассады или пересадке растений,,1,III,346
septorioz,септориоз,болезнь,gortenziya,гортензия,skoryy,Скорый,фунгицид,126-02-3456-1,27.12.2031,2-5 мл/10 лводы,2–5 мл,"Опрыскивание в период вегетации при появлении первых признаков болезней, последующие – с интервалом 14 дней",,4,III,399
septorioz,септориоз,болезнь,gortenziya,гортензия,skoryy,Скорый,фунгицид,126-02-3456-1,27.12.2031,2-5 мл/10 лводы,2–5 мл,"Опрыскивание в период вегетации при появлении первых признаков болезней, последующие – с интервалом 14 дней",,4,III,399
septorioz,септориоз,болезнь,klubnika,клубника (земляника),bordoskaya-zhidkost,Бордоская жидкость,фунгицид,021-02-3994-1,01.03.2033,100 мл/10 лводы,100 мл,"Опрыскивание в период вегетации: первое – при появлении первых признаководного из заболеваний, последующие – с интервалом 7 дней.",7,3,II,468
septorioz,септориоз,болезнь,klubnika,клубника (земляника),stakkato,Стаккато,фунгицид,018-02-10081-1,17.08.2036,50 мл/6-8 лводы,,"Опрыскивание в период вегетации, последнее – за 10 дней до уборки урожая.",,4,III,297
septorioz,септориоз,болезнь,kryzhovnik,крыжовник,bordoskaya-zhidkost,Бордоская жидкость,фунгицид,021-02-3994-1,01.03.2033,250 мл/10 лводы,250 мл,Ранневесеннее опрыскивание в фазе «зеленого конуса» (в зависимости от возраста и типа формирования куста),60,1,II,468
septorioz,септориоз,болезнь,kryzhovnik,крыжовник,bordoskaya-zhidkost,Бордоская жидкость,фунгицид,021-02-3994-1,01.03.2033,100 мл/10 лводы,100 мл,Опрыскивание по вегетации: первое - после цветения; последующие –с интервалом 7 дней (в зависимости от возраста и типа формирования куста),20,3,II,468
septorioz,септориоз,болезнь,kryzhovnik,крыжовник,profi,Профи,фунгицид,097(002)-02-2635-1,30.03.2030,7-10 мл/10 лводы,7–10 мл,Опрыскивание в период вегетации до цветения и после уборки урожая,20,2,III,504
septorioz,септориоз,болезнь,malina,малина,profi,Профи,фунгицид,097(002)-02-2635-1,30.03.2030,7-10 мл/10 лводы,7–10 мл,Опрыскивание в период вегетации до цветения и после уборки урожая,20,2,III,504
septorioz,септориоз,болезнь,roza,роза,bordoskaya-zhidkost,Бордоская жидкость,фунгицид,021-02-3994-1,01.03.2033,100 мл/10 лводы,100 мл,"Опрыскивание в период вегетации: первое – при появлении первых признаководного из заболеваний, последующие – с интервалом 7 дней.",,3,II,468
septorioz,септориоз,болезнь,smorodina,смородина,bordoskaya-zhidkost,Бордоская жидкость,фунгицид,021-02-3994-1,01.03.2033,250 мл/10 лводы,250 мл,Ранневесеннее опрыскивание в фазе «зеленого конуса» (в зависимости от возраста и типа формирования куста),60,1,II,468
septorioz,септориоз,болезнь,smorodina,смородина,bordoskaya-zhidkost,Бордоская жидкость,фунгицид,021-02-3994-1,01.03.2033,100 мл/10 лводы,100 мл,Опрыскивание по вегетации: первое - после цветения; последующие –с интервалом 7 дней (в зависимости от возраста и типа формирования куста),28,3,II,468
septorioz,септориоз,болезнь,smorodina,смородина,bordoskaya-smes-f,Бордоская смесь-Ф,фунгицид,149-02-4542-1,02.05.2034,100 г сульфатамеди +100 г кальция гидроксида/1 0 л воды,,"Опрыскивание в период вегетации 1% рабочим раствором (1-я и 2-я обработки до цветения, 3-я обработка после сбора урожая)",,3,III,465
septorioz,септориоз,болезнь,smorodina,смородина,prognoz,Прогноз,фунгицид,046-02-5040-1,31.10.2032,10 мл/10 лводы,10 мл,Опрыскивание в период вегетации до цветения и после уборки урожая,27,2,III,510
septorioz,септориоз,болезнь,smorodina,смородина,profi,Профи,фунгицид,097(002)-02-2635-1,30.03.2030,7-10 мл/10 лводы,7–10 мл,Опрыскивание в период вегетации до цветения и после уборки урожая,20,2,III,504
septorioz,септориоз,болезнь,tsvety,цветы (общее),gamair,Гамаир,фунгицид,139-02-2349-1,14.08.2029,2 таб./1 л,20 таб,Опрыскивание в период вегетации с интервалом 15 дней,,3,III,332
seraya-gnil,серая гниль,болезнь,vinograd,виноград,biokompozit-pro,Биокомпозит-Про,фунгицид,018-02-3837-1,24.10.2032,30 мл/10 лводы,30 мл,Опрыскивание растений в период вегетации и перед сбором урожая,7,4,III,339
seraya-gnil,серая гниль,болезнь,vinograd,виноград,indigo,Индиго,фунгицид,018-02-2300-1,30.06.2029,40-60 мл/10 лводы,40–60 мл,Опрыскивание в период вегетации – при появлении первых признаков болезней; последующие – с интервалом 7-10 дней,20,4,III,469
seraya-gnil,серая гниль,болезнь,vinograd,виноград,kleymor,Клеймор,фунгицид,021-02-3060-1,26.12.2025,15-25 мл/10 лводы,15–25 мл,"Опрыскивание в период вегетации в фазы: конец цветения, перед смыканием ягод в грозди, начало окрашивания ягод",20,3,III,628
seraya-gnil,серая гниль,болезнь,vinograd,виноград,kleymor,Клеймор,фунгицид,021-02-3060-1,26.12.2025,15-25 мл/10 лводы,15–25 мл,"Опрыскивание в период вегетации в фазы: конец цветения, перед смыканием ягод в грозди, начало окрашивания ягод(в зависимости от возраста и объема кроны)",20,3,III,628
seraya-gnil,серая гниль,болезнь,vinograd,виноград,medeya,Медея,фунгицид,018-02-4498-1,31.03.2034,10 мл/10 лводы,10 мл,"Опрыскивание в период вегетации: первое – профилактическое или при появлении первых признаков болезней, последующие с интервалом – 7-10 дней",28,4,III,413
seraya-gnil,серая гниль,болезнь,vinograd,виноград,ralli,Ралли,фунгицид,021-02-9607-0,30.09.2028,20-25 мл/10 лводы,20–25 мл,"Опрыскивание в период вегетации, начиная с фазы ягода размером с горошину.",30,1,III,389
seraya-gnil,серая гниль,болезнь,vinograd,виноград,stakkato,Стаккато,фунгицид,018-02-10081-1,17.08.2036,80 мл/10 лводы,80 мл,Опрыскивание в период вегетации с интервалом 10-14 дней.,,5,III,297
seraya-gnil,серая гниль,болезнь,vinograd,виноград,fitosporin-m,Фитоспорин-М,фунгицид,016-02-2491-1,04.11.2029,20 мл/10 лводы,20 мл,"Опрыскивание в период вегетации: первое – профилактическое, последующее – с интервалом 8-10 дней",,4,III,316
seraya-gnil,серая гниль,болезнь,vinograd,виноград,shrilank,Шриланк,фунгицид,021-02-4134-1,20.06.2033,"5,0-7,0 мл/10 л воды",5–7 мл,"Опрыскивание в период вегетации: первая обработка весной в фазе бутонизация – цветение, вторая – до смыкания ягод в грозди, дальнейшие обработки с интервалом 10-14 дней",12,4,III,461
seraya-gnil,серая гниль,болезнь,vishnya-chereshnya,вишня / черешня,stakkato,Стаккато,фунгицид,018-02-10081-1,17.08.2036,50 мл/6-8 лводы,,"Опрыскивание в период вегетации, последнее – за 10 дней до уборки урожая.",,4,III,297
seraya-gnil,серая гниль,болезнь,gortenziya,гортензия,skoryy,Скорый,фунгицид,126-02-3456-1,27.12.2031,2-5 мл/10 лводы,2–5 мл,"Опрыскивание в период вегетации при появлении первых признаков болезней, последующее – с интервалом 14 дней",,2,III,398
seraya-gnil,серая гниль,болезнь,gortenziya,гортензия,skoryy,Скорый,фунгицид,126-02-3456-1,27.12.2031,2-5 мл/10 лводы,2–5 мл,"Опрыскивание в период вегетации при появлении первых признаков болезней, последующее – с интервалом 14 дней",,2,III,399
seraya-gnil,серая гниль,болезнь,kapusta,капуста,ralli,Ралли,фунгицид,021-02-9607-0,30.09.2028,10-15 мл/3 лводы,"33,3–50 мл","Опрыскивание в период вегетации: первое - при появлении первых признаков болезни, последующие при необходимости с интервалом 7-12 дней.",21,3,III,388
seraya-gnil,серая гниль,болезнь,kapusta,капуста,stakkato,Стаккато,фунгицид,018-02-10081-1,17.08.2036,30 мл/30 мл воды,,Обработка при закладке на хранение.,,1,III,297
seraya-gnil,серая гниль,болезнь,klubnika,клубника (земляника),alirin-b,Алирин-Б,фунгицид,139-02-2348-1,14.08.2029,5-10 таб./10 л,5–10 таб,"Опрыскивание вегетирующих растений в фазы бутонизации, после цветения и в начале формирования ягод с интервалом 7-10 дней",,3,III,326
seraya-gnil,серая гниль,болезнь,klubnika,клубника (земляника),kleymor,Клеймор,фунгицид,021-02-3060-1,26.12.2025,10 - 12 мл/3 лводы,"33,3–40 мл","Опрыскивание в период вегетации: первое опрыскивание - в фазе начало цветения, последующие с интервалом 7-10 дней.",5,3,III,629
seraya-gnil,серая гниль,болезнь,klubnika,клубника (земляника),prognoz,Прогноз,фунгицид,046-02-5040-1,31.10.2032,10 мл/10 лводы,10 мл,Опрыскивание в период вегетации до цветения и после уборки урожая,21,2,III,510
seraya-gnil,серая гниль,болезнь,klubnika,клубника (земляника),profi,Профи,фунгицид,097(002)-02-2635-1,30.03.2030,7-10 мл/10 лводы,7–10 мл,Опрыскивание в период вегетации до цветения и после уборки урожая,20,2,III,504
seraya-gnil,серая гниль,болезнь,klubnika,клубника (земляника),silar,Силар,фунгицид,008-02-3711-1,07.06.2032,20 мл/л воды,200 мл,"Опрыскивание в период вегетации: первое- в фазу бутонизации, последующие с интервалом 7-12 дней после предыдущей обработки",12,3,III,498
seraya-gnil,серая гниль,болезнь,klubnika,клубника (земляника),stakkato,Стаккато,фунгицид,018-02-10081-1,17.08.2036,50 мл/6-8 лводы,,"Опрыскивание в период вегетации, последнее – за 10 дней до уборки урожая.",,4,III,297
seraya-gnil,серая гниль,болезнь,klubnika,клубника (земляника),fitosporin-m,Фитоспорин-М,фунгицид,016-02-2491-1,04.11.2029,15 мл/5 лводы,30 мл,"Опрыскивание в период вегетации в фазы: выдвижение цветоносов, начало цветения, начало созревания ягод, перед уборкой урожая",,3,III,316
seraya-gnil,серая гниль,болезнь,liliya-tyulpan-lukovichnye,лилия / тюльпан / луковичные,skoryy,Скорый,фунгицид,126-02-3456-1,27.12.2031,2-5 мл/10 лводы,2–5 мл,"Опрыскивание в период вегетации при появлении первых признаков болезней, последующее – с интервалом 14 дней",,2,III,398
seraya-gnil,серая гниль,болезнь,liliya-tyulpan-lukovichnye,лилия / тюльпан / луковичные,skoryy,Скорый,фунгицид,126-02-3456-1,27.12.2031,2-5 мл/10 лводы,2–5 мл,"Опрыскивание в период вегетации при появлении первых признаков болезней, последующее – с интервалом 14 дней",,2,III,399
seraya-gnil,серая гниль,болезнь,luk,лук,diskor,Дискор,фунгицид,002-02-3369-1,15.11.2031,4 мл/10 лводы,4 мл,Опрыскивание в период вегетации при появлении первых признаков болезни с интервалом 14 дней,,4,III,396
seraya-gnil,серая гниль,болезнь,luk,лук,stakkato,Стаккато,фунгицид,018-02-10081-1,17.08.2036,30 мл/30 мл воды,,Обработка при закладке на хранение.,,1,III,298
seraya-gnil,серая гниль,болезнь,morkov,морковь,ralli,Ралли,фунгицид,021-02-9607-0,30.09.2028,10-12 мл/3 лводы,"33,3–40 мл","Опрыскивание в период вегетации: первое – при появлении первых признаков болезни, последующее при необходимости через 7-12 дней.",21,2,III,388
seraya-gnil,серая гниль,болезнь,morkov,морковь,fitosporin-m,Фитоспорин-М,фунгицид,016-02-2491-1,04.11.2029,100 мл/лводы,,Обработка корнеплодов перед закладкой на хранение с последующим просушиванием,,1,III,315
seraya-gnil,серая гниль,болезнь,ogurets,огурец,bakterra,Бактерра,фунгицид,008-02-2339-1,25.07.2029,10-20 г/10 лводы,10–20 г,Опрыскивание в период вегетации с интервалом 20-30 дней,,2,III,304
seraya-gnil,серая гниль,болезнь,ogurets,огурец,bakterra,Бактерра,фунгицид,008-02-2339-1,25.07.2029,10-20 г/10 лводы,10–20 г,Опрыскивание в период вегетации с интервалом 20-30 дней,,2,III,305
seraya-gnil,серая гниль,болезнь,ogurets,огурец,gamair,Гамаир,фунгицид,139-02-2349-1,14.08.2029,1-2 таб./10 л,1–2 таб,Полив грунта за 1-3 суток до посева семян,,1,III,331
seraya-gnil,серая гниль,болезнь,ogurets,огурец,gamair,Гамаир,фунгицид,139-02-2349-1,14.08.2029,5-10 таб./15 л,"3,3–6,7 таб","Опрыскивание растений в период вегетации при появлении первых симптомов одного из заболеваний, затем с интервалом 15 дней",,2,III,331
seraya-gnil,серая гниль,болезнь,petuniya-odnoletniki,петуния / однолетники,skoryy,Скорый,фунгицид,126-02-3456-1,27.12.2031,2-5 мл/10 лводы,2–5 мл,"Опрыскивание в период вегетации при появлении первых признаков болезней, последующее – с интервалом 14 дней",,2,III,398
seraya-gnil,серая гниль,болезнь,petuniya-odnoletniki,петуния / однолетники,skoryy,Скорый,фунгицид,126-02-3456-1,27.12.2031,2-5 мл/10 лводы,2–5 мл,"Опрыскивание в период вегетации при появлении первых признаков болезней, последующее – с интервалом 14 дней",,2,III,399
seraya-gnil,серая гниль,болезнь,roza,роза,skoryy,Скорый,фунгицид,126-02-3456-1,27.12.2031,2-5 мл/10 лводы,2–5 мл,"Опрыскивание в период вегетации при появлении первых признаков болезней, последующее – с интервалом 14 дней",,2,III,398
seraya-gnil,серая гниль,болезнь,roza,роза,skoryy,Скорый,фунгицид,126-02-3456-1,27.12.2031,2-5 мл/10 лводы,2–5 мл,"Опрыскивание в период вегетации при появлении первых признаков болезней, последующее – с интервалом 14 дней",,2,III,399
seraya-gnil,серая гниль,болезнь,svekla,свекла,stakkato,Стаккато,фунгицид,018-02-10081-1,17.08.2036,30 мл/30 мл воды,,Обработка при закладке на хранение.,,1,III,298
seraya-gnil,серая гниль,болезнь,sliva,слива,stakkato,Стаккато,фунгицид,018-02-10081-1,17.08.2036,50 мл/6-8 лводы,,"Опрыскивание в период вегетации, последнее – за 10 дней до уборки урожая.",,4,III,297
seraya-gnil,серая гниль,болезнь,tomat,томат,gamair,Гамаир,фунгицид,139-02-2349-1,14.08.2029,1-2 таб./10 л,1–2 таб,Полив грунта за 1-3 суток до посева семян,,1,III,331
seraya-gnil,серая гниль,болезнь,tomat,томат,gamair,Гамаир,фунгицид,139-02-2349-1,14.08.2029,5-10 таб./15 л,"3,3–6,7 таб","Опрыскивание растений в период вегетации при появлении первых симптомов одного из заболеваний, затем с интервалом 7-14 дней",,3,III,331
seraya-gnil,серая гниль,болезнь,tomat,томат,kleymor,Клеймор,фунгицид,021-02-3060-1,26.12.2025,10-12 мл/10 лводы,10–12 мл,"Опрыскивание в период вегетации: первое -профилактическое, последующие с интервалом 10-14 дней.",8,3,III,629
seraya-gnil,серая гниль,болезнь,tomat,томат,orgamika-f,Оргамика Ф,фунгицид,173-02-2477-1,19.11.2029,40 мл/10 лводы,40 мл,"Опрыскивание в период вегетации: первое -профи-лактическое, второе -с интервалом 7-10 дней.",,2,III,345
seraya-gnil,серая гниль,болезнь,tomat,томат,stakkato,Стаккато,фунгицид,018-02-10081-1,17.08.2036,50 мл/10 лводы,50 мл,Опрыскивание в период вегетации с интервалом 10-14 дней.,,4,III,296
seraya-gnil,серая гниль,болезнь,tomat,томат,trihodermaveride-471,ТриходермаВериде 471,фунгицид,008-02-1364-1,01.02.2027,3 г/10 л воды,3 г,Предпосевное замачивание семян в течение 1 -2 часов с последующим просушиванием в тени,,1,III,355
seraya-gnil,серая гниль,болезнь,tomat,томат,trihodermaveride-471,ТриходермаВериде 471,фунгицид,008-02-1364-1,01.02.2027,25-50 г/10 лводы,25–50 г,"Полив 0,25%-й рабочей жидкостью в лунку при посадке, последующий - под корень растения через 2-3 недели",,2,III,355
seraya-gnil,серая гниль,болезнь,tomat,томат,trihodermaveride-471,ТриходермаВериде 471,фунгицид,008-02-1364-1,01.02.2027,15 г/10 лводы,15 г,Опрыскивание в период бутонизация - плодоношение,,1,III,355
seraya-gnil,серая гниль,болезнь,tsvety,цветы (общее),skor,Скор,фунгицид,041-02-4371-0,22.01.2027,4 мл/10 лводы,4 мл,"Опрыскивание в период вегетации при появлении первых признаков болезней, последующее – с интервалом 14 дней.",,2,III,394
seraya-gnil,серая гниль,болезнь,tsvety,цветы (общее),chistotsvet,Чистоцвет,фунгицид,021-02-3506-1,01.03.2032,4 мл/3 л воды,"13,3 мл",Опрыскивание в период вегетации при появлении первых признаков болезни и с интервалом 14 дней,,2,III,393
slizni-i-ulitki,слизни и улитки,вредитель,vinograd,виноград,sliznegon,Слизнегон,моллюскоцид,018-08-4305-1,10.12.2033,"3,5 г/10 м2",,"Рассев гранул на 4-х приманочных площадках размером 0,25 м2, расположенных на 10 м2 защищаемой площади",,3,-,1830
slizni-i-ulitki,слизни и улитки,вредитель,vinograd,виноград,slizneed-neo,Слизнеед Нео,моллюскоцид,021-08-2660-1,22.04.2030,7 г/10 м2,,"Рассев гранул на 4-х приманочных площадках размером 0,25 м2, расположенных на 10 м2 защищаемой площади",,3,-,1829
slizni-i-ulitki,слизни и улитки,вредитель,zelen,"зелень (укроп, петрушка, салат)",sliznyakoff,Слизнякофф,моллюскоцид,141-08-3578-1,30.03.2032,30 г/10 м2,,"Рассев гранул по поверхности почвы, междурядий и дорожек",,3,-,1829
slizni-i-ulitki,слизни и улитки,вредитель,kapusta,капуста,sliznyakoff,Слизнякофф,моллюскоцид,141-08-3578-1,30.03.2032,30 г/10 м2,,"Рассев гранул по поверхности почвы, междурядий и дорожек",,3,-,1829
slizni-i-ulitki,слизни и улитки,вредитель,kartofel,картофель,slizneed-neo,Слизнеед Нео,моллюскоцид,021-08-2660-1,22.04.2030,7 г/10 м2,,"Рассев гранул на 4-х приманочных площадках размером 0,25 м2, расположенных на 10 м2 защищаемой площади",,3,-,1829
slizni-i-ulitki,слизни и улитки,вредитель,klubnika,клубника (земляника),slizneed-neo,Слизнеед Нео,моллюскоцид,021-08-2660-1,22.04.2030,7 г/10 м2,,"Рассев гранул на 4-х приманочных площадках размером 0,25 м2, расположенных на 10 м2 защищаемой площади",,3,-,1829
slizni-i-ulitki,слизни и улитки,вредитель,klubnika,клубника (земляника),sliznyakoff,Слизнякофф,моллюскоцид,141-08-3578-1,30.03.2032,30 г/10 м2,,"Рассев гранул по поверхности почвы, междурядий и дорожек",,3,-,1829
slizni-i-ulitki,слизни и улитки,вредитель,tomat,томат,sliznyakoff,Слизнякофф,моллюскоцид,141-08-3578-1,30.03.2032,30 г/10 м2,,"Рассев гранул по поверхности почвы, междурядий и дорожек",,3,-,1829
sovka,совка,вредитель,vinograd,виноград,matrinbio,МатринБио,инсектицид,021-01-2672-1,12.05.2030,10-15 мл/10 лводы,10–15 мл,Опрыскивание в период вегетации (в зависимости от возраста и типа формирования куста),3,3,III,222
sovka,совка,вредитель,zelen,"зелень (укроп, петрушка, салат)",matrinbio,МатринБио,инсектицид,021-01-2672-1,12.05.2030,10-15 мл/3 лводы,"33,3–50 мл",Опрыскивание в период вегетации,3,3,III,223
sovka,совка,вредитель,zelen,"зелень (укроп, петрушка, салат)",matrinbio,МатринБио,инсектицид,021-01-2672-1,12.05.2030,10-15 мл/3 лводы,"33,3–50 мл",Опрыскивание в период вегетации,3,3,III,223
sovka,совка,вредитель,kapusta,капуста,batrayder,Батрайдер,инсектицид,021-01-2591-1,12.03.2030,2 мл/3 л воды,"6,7 мл",Опрыскивание в период вегетации,20,1,I,63
sovka,совка,вредитель,kapusta,капуста,bitoksibatsillin,Битоксибациллин,инсектицид,034-01-2881-1,17.11.2030,40-50 г/10 лводы,40–50 г,Опрыскивание в период вегетации против каждого поколения вредителя с интервалом 7-8 дней,5,2,III,26
sovka,совка,вредитель,kapusta,капуста,gerold,Герольд,инсектицид,021-01-1679-1,11.01.2028,5 мл/10 лводы,5 мл,Опрыскивание в период вегетации,30,1,III,133
sovka,совка,вредитель,kapusta,капуста,imiprid-duo,Имиприд Дуо,инсектицид,002-01-10053-0,28.07.2029,2 мл/100 м2,,Опрыскивание в период вегетации,20,2,I,171
sovka,совка,вредитель,kapusta,капуста,karbotsin,Карбоцин,инсектицид,441-01-1513-1,30.05.2027,1 таб./10 лводы,1 таб,Опрыскивание растений в период вегетации,25,2,I,289
sovka,совка,вредитель,kapusta,капуста,kinmiks,Кинмикс,инсектицид,262-01-9609-0,30.09.2028,"2,0-3,0",,Опрыскивание в период вегетации.,20,2,I,103
sovka,совка,вредитель,kapusta,капуста,kollayder,Коллайдер,инсектицид,021-01-4913-1,24.04.2026,"1,5-3 мл/3 лводы",5–10 мл,Опрыскивание в период вегетации,7,2,III,274
sovka,совка,вредитель,kapusta,капуста,lepidotsid,Лепидоцид,инсектицид,034-01-2886-1,09.12.2030,20-30 г/10 лводы,20–30 г,Опрыскивание в период вегетации против каждого поколения вредителя с интервалом 7-8 дней,5,2,III,31
sovka,совка,вредитель,kapusta,капуста,lepidotsid,Лепидоцид,инсектицид,034-01-2882-1,13.12.2030,20-30 мл/10 лводы,20–30 мл,Опрыскивание в период вегетации против каждого поколения вредителя с интервалом 7-8 дней,5,2,III,34
sovka,совка,вредитель,kapusta,капуста,matrinbio,МатринБио,инсектицид,021-01-2672-1,12.05.2030,10-15 мл/3 лводы,"33,3–50 мл",Опрыскивание в период вегетации,3,3,III,222
sovka,совка,вредитель,kapusta,капуста,molniya-ekstra,Молния Экстра,инсектицид,046-01-5030-1,26.02.2027,"1,5 мл/100 м2",,Опрыскивание в период вегетации.,20,2,I,288
sovka,совка,вредитель,kapusta,капуста,skarabey,Скарабей,инсектицид,021-01-3397-1,06.12.2031,2-4 мл/3 лводы,"6,7–13,3 мл",Опрыскивание в период вегетации,21,1,I,138
sovka,совка,вредитель,kapusta,капуста,fitoverm-forte,Фитоверм Форте,инсектицид,012-01-1326-1,12.01.2027,3 мл/100 м2,,Опрыскивание в период вегетации,3,3,III,43
sovka,совка,вредитель,kapusta,капуста,sharpey,Шарпей,инсектицид,021-01-2589-1,12.03.2030,"1,5 мл/3 лводы",5 мл,Опрыскивание в период вегетации,25,3,I,287
sovka,совка,вредитель,luk,лук,avant,Авант,инсектицид,489-01-2706-1,18.06.2030,"3,0 мл/100 м2",,Опрыскивание в период вегетации,14,2,I,176
sovka,совка,вредитель,luk,лук,insektokarb,Инсектокарб,инсектицид,966-01-4895-0,01.06.2028,"3,0 мл/100 кв.м",,Опрыскивание в период вегетации.,21,2,I,177
sovka,совка,вредитель,podsolnechnik,подсолнечник,bitotsid,Битоцид,инсектицид,034-01-10035-1,06.07.2036,40 мл/1-3 лводы,,Опрыскивание в период вегетации и против каждого поколения вредителя с интервалом 10-14 дней.,,2,III,36
sovka,совка,вредитель,podsolnechnik,подсолнечник,insetim,Инсетим,инсектицид,430-1-2118-1,21.02.2029,30 мл/3 лводы,100 мл,Опрыскивание в период вегетации,5,1,II,23
sovka,совка,вредитель,tomat,томат,avant,Авант,инсектицид,489-01-2706-1,18.06.2030,"3,0 мл/100 м2",,Опрыскивание в период вегетации,3,2,I,176
sovka,совка,вредитель,tomat,томат,batardo,Батардо,инсектицид,018-01-9868-0,25.03.2029,"4,0 мл/10 лводы",4 мл,Опрыскивание в период вегетации.,3,2,I,15
sovka,совка,вредитель,tomat,томат,batrayder,Батрайдер,инсектицид,021-01-2591-1,12.03.2030,2 мл/3 л воды,"6,7 мл",Опрыскивание в период вегетации,20,1,I,63
sovka,совка,вредитель,tomat,томат,insektobakterin,Инсектобактерин,инсектицид,033-01(02)-3392-1,02.12.2031,10 г/10 л,10 г,Опрыскивание в период вегетации с интервалом 5-10 дней,7,6,III,28
sovka,совка,вредитель,tomat,томат,insektokarb,Инсектокарб,инсектицид,966-01-4895-0,01.06.2028,"3,0 мл/100 кв.м",,Опрыскивание в период вегетации.,4,2,I,177
sovka,совка,вредитель,tomat,томат,kollayder,Коллайдер,инсектицид,021-01-4913-1,24.04.2026,"1,5-2 мл/3 лводы","5–6,7 мл",Опрыскивание в период вегетации,21,2,III,274
sovka,совка,вредитель,tomat,томат,koragen,Кораген,инсектицид,489-01-2630-1,26.03.2030,4 мл/10 лводы,4 мл,Опрыскивание в период вегетации,21,1,III,271
sovka,совка,вредитель,tomat,томат,kropagen,Кропаген,инсектицид,966-01-4893-0,01.06.2028,4 мл/10 лводы,4 мл,Опрыскивание в период вегетации.,21,1,II,275
sovka,совка,вредитель,tomat,томат,lepidotsid,Лепидоцид,инсектицид,034-01-2886-1,09.12.2030,30-40 г/10 л,30–40 г,"Опрыскивание в период вегетации 0,3-0,4 % рабочим раствором",5,1,III,32
sovka,совка,вредитель,tomat,томат,pampero,Памперо,инсектицид,002-01-9948-1,12.05.2036,2 мл/ 3 лводы,"6,7 мл",Опрыскивание в период вегетации.,21,2,III,273
sovka,совка,вредитель,tomat,томат,porfir,Порфир,инсектицид,018-01-4868-0,14.05.2028,"2,0 мл/4 лводы",5 мл,Опрыскивание в период вегетации,21,2,III,270
sovka,совка,вредитель,tsvety,цветы (общее),gerold,Герольд,инсектицид,021-01-1679-1,11.01.2028,5 мл/10 лводы,5 мл,Опрыскивание в период вегетации,,1,III,133
sovka,совка,вредитель,yablonya,яблоня,fitoverm-forte,Фитоверм Форте,инсектицид,012-01-1326-1,12.01.2027,4 мл/10 лводы,4 мл,Опрыскивание в период вегетации по личинкам вредителя,3,1,III,43
sornyaki,сорняки (общее),сорняк,vinograd,виноград,raundap,Раундап,гербицид,090-03-1299-1,11.12.2026,"0,3 мл (1 нажатие аппликатора) /300 см2 (ориентировочно: площадь: 10х30 см, или 5х60 см, или 15х20 см)",,Нанесение аппликатором на листья вегетирующих сорных растений весной или летом (без соприкосновения с почвой). Препарат готов к применению без приготовления рабочей жидкости,,1,III,781
sornyaki,сорняки (общее),сорняк,gazon,газон,bis-300,Бис-300,гербицид,002-03-2636-1,29.12.2023,"1,5 мл/5 лводы",3 мл,Опрыскивание вегетирующих сорняков после первого укоса. Срок безопасного выхода на обработанные площади не ранее 3-х дней,,1,III,959
sornyaki,сорняки (общее),сорняк,gazon,газон,bis-300,Бис-300,гербицид,002-03-2636-1,29.12.2023,6 мл/5 лводы,12 мл,Опрыскивание по вегетирующим сорнякам после первого укоса. Срок безопасного выхода на обработанные площади не ранее 3-х дней,,1,III,959
sornyaki,сорняки (общее),сорняк,gazon,газон,vitara,Витара,гербицид,021-03-3493-1,17.08.2030,"0,1 г/100 см2 листовой поверхности",,"На поверхность листа сорного растения выдавить из полимерной тубы полоскугеля длиной 1 см (полоскагеля длиной 1 см соответствует 0,1 г) и с помощью специального аппликатора в виде закругленного носика тубы распределить гель по поверхности листа на площадь 100 см2. Для предотвращения гибели газонных трав при проведении обработок необходимо минимизировать попадание гербицида на злаковые растения, формирующие дернину газона",,1,III,855
sornyaki,сорняки (общее),сорняк,gazon,газон,gerbimaks,Гербимакс,гербицид,008-03-4377-0,23.01.2027,"1,5 мл/5 лводы",3 мл,Опрыскивание газонов по вегетирующим сорным растениям после первого укоса,,1,III,957
sornyaki,сорняки (общее),сорняк,gazon,газон,gerbimaks,Гербимакс,гербицид,008-03-4377-0,23.01.2027,6 мл/5 лводы,12 мл,Опрыскивание газонов по вегетирующим сорным растениям после первого укоса,,1,III,957
sornyaki,сорняки (общее),сорняк,gazon,газон,damba,Дамба,гербицид,018-03-2493-1,08.12.2029,20 мл/3 лводы,"66,7 мл",Опрыскивание вегетирующих сорных растений,,1,III,853
sornyaki,сорняки (общее),сорняк,gazon,газон,deymos,Деймос,гербицид,021-03-4501-1,02.04.2034,2-5 мл/3 лводы,"6,7–16,7 мл",Опрыскивание вегетирующих сорных растений. Запрещается пребывание людей на обработанных газонах в течение 3 дней,,1,III,857
sornyaki,сорняки (общее),сорняк,gazon,газон,diastar,Диастар,гербицид,046-03-5032-1,27.11.2027,20 мл/3 лводы,"66,7 мл",Опрыскивание вегетирующих сорных растений,,1,III,860
sornyaki,сорняки (общее),сорняк,gazon,газон,klinch,Клинч,гербицид,021-03-3942-1,11.01.2033,"2-3,5 г/3лводы","6,7–11,7 г",Опрыскивание растений в период вегетации. Запрещается пребывание людей на обработанных газонах в течение 1 дня,,1,III,1048
sornyaki,сорняки (общее),сорняк,gazon,газон,lintur,Линтур,гербицид,041-03-4804-1,10.02.2035,"1,8 г/5 лводы","3,6 г",Опрыскивание травостоя по вегетирующим сорным растениям в мае – начале июня через 3-4 дня после первого укоса газона или в конце августа – начале сентября через 3-4 дня после очередного укоса. Запрещается пребывание людей и домашних животных на обработанных газонах в течение 3-х дней,,1,III,868
sornyaki,сорняки (общее),сорняк,gazon,газон,lornet,Лорнет,гербицид,018-03-2800-1,15.09.2030,"1,5 мл/5 лводы",3 мл,Опрыскивание по вегетирующим растениям после первого укоса. Срок безопасного выхода пользователей на обработанные препаратом площади не ранее 3-х дней после обработки,,1,III,956
sornyaki,сорняки (общее),сорняк,gazon,газон,lornet,Лорнет,гербицид,018-03-2800-1,15.09.2030,6 мл/5 лводы,12 мл,Опрыскивание по вегетирующим растениям после первого укоса. Срок безопасного выхода пользователей на обработанные препаратом площади не ранее 3-х дней после обработки,,1,III,957
sornyaki,сорняки (общее),сорняк,gazon,газон,mohoff,Мохофф,гербицид,021-03-3288-1,07.08.2031,100-200 мл/3 л воды,"333,3–666,7 мл",Опрыскивание засоренных участков с последующим подсевом газонной культуры,,1,III,1043
sornyaki,сорняки (общее),сорняк,gazon,газон,haker,Хакер,гербицид,021-03-4292-1,06.12.2033,2 г/3 лводы,"6,7 г",Опрыскивание газонов по вегетирующим сорным растениям через 1-2 дня после первого укоса. Запрещается пребывание людей на обработанных газонах в течение 3 дней после обработки,,1,III,964
sornyaki,сорняки (общее),сорняк,gazon,газон,haker-300,Хакер 300,гербицид,021-03-3602-1,06.04.2032,"1,6-3,3 мл/ 3 л воды","5,3–11 мл",Опрыскивание газонов по вегетирующим сорным растениям после первого укоса. Запрещается пребывание людей на обработанных газонах в течение 3 дней,,1,III,966
sornyaki,сорняки (общее),сорняк,goroh-fasol,горох / фасоль,brig,Бриг,гербицид,018-03-2220-1,06.05.2029,20-30 мл/3 лводы,"66,7–100 мл",Опрыскивание почвы за 2-3 дня до появления всходов культуры,60,1,III,1060
sornyaki,сорняки (общее),сорняк,zemli-neselhoznaznacheniya,земли несельхозназначения,ankor-85,Анкор-85,гербицид,111-03-2523-1,27.03.2026,"2,4 г/100м2",,Опрыскивание вегетирующих сорняков.,,1,III,1101
sornyaki,сорняки (общее),сорняк,zemli-neselhoznaznacheniya,земли несельхозназначения,greyder,Грейдер,гербицид,021-03-2335-1,24.07.2029,20-50 мл/ 3 лводы,"66,7–166,7 мл",Опрыскивание вегетирующих растений и почвы в апреле-сентябре,,1,III,909
sornyaki,сорняки (общее),сорняк,zemli-neselhoznaznacheniya,земли несельхозназначения,damba,Дамба,гербицид,018-03-2493-1,08.12.2029,30 мл/3 лводы,100 мл,Опрыскивание вегетирующих сорных растений,,1,III,853
sornyaki,сорняки (общее),сорняк,zemli-neselhoznaznacheniya,земли несельхозназначения,deymos,Деймос,гербицид,021-03-4501-1,02.04.2034,15-30 мл/ 3 лводы,50–100 мл,Опрыскивание вегетирующих сорных растений. Запрещается сбор дикорастущих грибов и ягод в течение 60 дней после обработки,,1,III,857
sornyaki,сорняки (общее),сорняк,zemli-neselhoznaznacheniya,земли несельхозназначения,diastar,Диастар,гербицид,046-03-5032-1,27.11.2027,30 мл/3 лводы,100 мл,Опрыскивание вегетирующих сорных растений,,1,III,860
sornyaki,сорняки (общее),сорняк,zemli-neselhoznaznacheniya,земли несельхозназначения,klefopp,Клефопп,гербицид,046-03-4998-0,07.07.2028,8 мл/3 лводы,"26,7 мл",Опрыскивание вегетирующих сорных растений в фазе 2-4 листьев у однолетних и при высоте многолетних 10-20 см.,,1,III,948
sornyaki,сорняки (общее),сорняк,zemli-neselhoznaznacheniya,земли несельхозназначения,magnum,Магнум,гербицид,021-03-1798-1,20.11.2027,2 г/3 лводы,"6,7 г",Опрыскивание вегетирующих сорняков в фазе 2-4 листьев у однолетних и при высоте многолетних 10-15 см,,1,III,1006
sornyaki,сорняки (общее),сорняк,zemli-neselhoznaznacheniya,земли несельхозназначения,miura,Миура,гербицид,021-03-2604-1,16.03.2030,8 мл/3 лводы,"26,7 мл",Опрыскивание вегетирующих сорняков в фазе 2-4 листьев у однолетних и при высоте многолетних 10-15 см,,1,III,1217
sornyaki,сорняки (общее),сорняк,zemli-neselhoznaznacheniya,земли несельхозназначения,raundap,Раундап,гербицид,090-03-1299-1,11.12.2026,"0,3 мл (1 нажатие аппликатора) /300 см2 (ориентировочно: площадь: 10х30 см, или 5х60 см, или 15х20 см)",,Нанесение аппликатором на листья вегетирующих сорных растений весной или летом (без соприкосновения с почвой). Препарат готов к применению без приготовления рабочей жидкости,,1,III,781
sornyaki,сорняки (общее),сорняк,zemli-neselhoznaznacheniya,земли несельхозназначения,forvard,Форвард,гербицид,018-03-2458-1,05.11.2029,12 мл/3 лводы,40 мл,Опрыскивание вегетирующих сорных растений в фазе 2-4 листьев однолетних злаковых сорных растений и при высоте пырея ползучего 10-15 см,,1,III,1219
sornyaki,сорняки (общее),сорняк,zemli-neselhoznaznacheniya,земли несельхозназначения,embodi-sens,Эмбоди Сенс,гербицид,021-03-10046-0,13.07.2029,2-3 г/3 лводы,"6,7–10 г",Опрыскивание вегетирующих сорных растений в период их активного роста.,,1,III,1041
sornyaki,сорняки (общее),сорняк,zemli-neselhoznaznacheniya,земли несельхозназначения,embodi-sens,Эмбоди Сенс,гербицид,021-03-4853-0,22.04.2028,2-3 г/3 лводы,"6,7–10 г",Опрыскивание вегетирующих сорных растений в период их активного роста.,,1,-,1041
sornyaki,сорняки (общее),сорняк,kapusta,капуста,klefopp,Клефопп,гербицид,046-03-4998-0,07.07.2028,4 мл/3 лводы,"13,3 мл",Опрыскивание посевов в фазе 2-4 листьев сорных растений независимо от фазы развития культуры.,60,1,III,948
sornyaki,сорняки (общее),сорняк,kapusta,капуста,klefopp,Клефопп,гербицид,046-03-4998-0,07.07.2028,8 мл/3 лводы,"26,7 мл","Опрыскивание посевов при высоте пырея ползучего 10-20 см, независимо от фазы развития культуры.",60,1,III,948
sornyaki,сорняки (общее),сорняк,kapusta,капуста,miura,Миура,гербицид,021-03-2604-1,16.03.2030,4 мл/5 лводы,8 мл,Опрыскивание вегетирующих сорняков в фазе 2-4 листьев,60,1,III,1217
sornyaki,сорняки (общее),сорняк,kapusta,капуста,miura,Миура,гербицид,021-03-2604-1,16.03.2030,8 мл/5 лводы,16 мл,Опрыскивание вегетирующих сорняков при высоте 10-15 см,60,1,III,1217
sornyaki,сорняки (общее),сорняк,kapusta,капуста,haker-300,Хакер 300,гербицид,021-03-3602-1,06.04.2032,4 мл/ 3 лводы,"13,3 мл",Опрыскивание посадок после высадки рассады в грунт в фазу розетки у многолетних двудольных сорняков,60,1,III,966
sornyaki,сорняки (общее),сорняк,kartofel,картофель,brig,Бриг,гербицид,018-03-2220-1,06.05.2029,20-35 мл/3 лводы,"66,7–116,7 мл",Опрыскивание почвы до всходов культуры,60,1,III,1060
sornyaki,сорняки (общее),сорняк,kartofel,картофель,zenkor-ultra,Зенкор Ультра,гербицид,019-03-3929-1,08.01.2033,10 - 12 мл/3 лводы,"33,3–40 мл",Опрыскивание почвы до всходов культуры,60,1,III,998
sornyaki,сорняки (общее),сорняк,kartofel,картофель,zontran,Зонтран,гербицид,018-03-2793-1,09.09.2030,10-15 мл/3 лводы,"33,3–50 мл",Опрыскивание посадок при высоте ботвы 5 см,30,1,III,990
sornyaki,сорняки (общее),сорняк,kartofel,картофель,zontran,Зонтран,гербицид,018-03-2793-1,09.09.2030,10 мл/3 лводы + 4-6 мл/3 лводы,"33,3 мл",Опрыскивание вегетирующих сорных растений до появления всходов культуры с последующей обработкой при высоте ботвы 5 см,30,2,III,990
sornyaki,сорняки (общее),сорняк,kartofel,картофель,zontran,Зонтран,гербицид,018-03-2793-1,09.09.2030,10 мл/3 лводы + 4-6 мл/3 лводы,"33,3 мл",Опрыскивание вегетирующих сорных растений до появления всходов культуры с последующей обработкой при высоте ботвы 5 см,30,2,III,991
sornyaki,сорняки (общее),сорняк,kartofel,картофель,kamelot,Камелот,гербицид,021-03-1785-1,03.03.2026,30-40 мл/3 лводы,"100–133,3 мл",Опрыскивание почвы до всходов культуры.,60,1,III,1093
sornyaki,сорняки (общее),сорняк,kartofel,картофель,klefopp,Клефопп,гербицид,046-03-4998-0,07.07.2028,4 мл/3 лводы,"13,3 мл",Опрыскивание посевов в фазе 2-4 листьев сорных растений независимо от фазы развития культуры.,45,1,III,948
sornyaki,сорняки (общее),сорняк,kartofel,картофель,klefopp,Клефопп,гербицид,046-03-4998-0,07.07.2028,8 мл/3 лводы,"26,7 мл","Опрыскивание посевов при высоте пырея ползучего 10-20 см, независимо от фазы развития культуры.",45,1,III,948
sornyaki,сорняки (общее),сорняк,kartofel,картофель,lazurit,Лазурит,гербицид,021-03-1725-1,20.11.2027,10 г/3 лводы,"33,3 г",Опрыскивание почвы до всходов культуры,,1,III,993
sornyaki,сорняки (общее),сорняк,kartofel,картофель,lazurit,Лазурит,гербицид,021-03-1725-1,20.11.2027,10 г/3 л воды + 10 г/9 лводы,"33,3 г",Опрыскивание почвы до всходов культуры с последующей обработкой при высоте ботвы 5 см,,2,III,993
sornyaki,сорняки (общее),сорняк,kartofel,картофель,lazurit,Лазурит,гербицид,021-03-1725-1,20.11.2027,10 г/3 л воды + 10 г/9 лводы,"33,3 г",Опрыскивание почвы до всходов культуры с последующей обработкой при высоте ботвы 5 см,,2,III,993
sornyaki,сорняки (общее),сорняк,kartofel,картофель,lazurit-super,Лазурит Супер,гербицид,021-03-3066-1,18.03.2031,"10 мл/ 3лводы + 4,5 мл/ 3 лводы","33,3 мл",Опрыскивание вегетирующих сорных растений до всходов культуры с последующей обработкой при высоте ботвы 5 см,60,2,III,994
sornyaki,сорняки (общее),сорняк,kartofel,картофель,lazurit-super,Лазурит Супер,гербицид,021-03-3066-1,18.03.2031,"10 мл/ 3лводы + 4,5 мл/ 3 лводы","33,3 мл",Опрыскивание вегетирующих сорных растений до всходов культуры с последующей обработкой при высоте ботвы 5 см,60,2,III,994
sornyaki,сорняки (общее),сорняк,kartofel,картофель,lazurit-super,Лазурит Супер,гербицид,021-03-3066-1,18.03.2031,10 мл/ 3 лводы,"33,3 мл",Опрыскивание вегетирующих сорных растений при высоте ботвы 5 см,60,1,III,995
sornyaki,сорняки (общее),сорняк,kartofel,картофель,lazurit-ultra,Лазурит Ультра,гербицид,021-03-2652-1,22.04.2030,8-16 мл/3 лводы,"26,7–53,3 мл",Опрыскивание почвы до всходов культуры,60,1,III,996
sornyaki,сорняки (общее),сорняк,kartofel,картофель,lazurit-ultra,Лазурит Ультра,гербицид,021-03-2652-1,22.04.2030,"6-12 мл/3 лводы + 3,5 мл/3 лводы",20–40 мл,Опрыскивание почвы до всходов культуры с последующей обработкой при высоте ботвы 5 см,60,2,III,996
sornyaki,сорняки (общее),сорняк,kartofel,картофель,lazurit-ultra,Лазурит Ультра,гербицид,021-03-2652-1,22.04.2030,8-9 мл/3 лводы,"26,7–30 мл",Опрыскивание по сорнякам при высоте культуры до 5 см,60,1,III,997
sornyaki,сорняки (общее),сорняк,kartofel,картофель,miura,Миура,гербицид,021-03-2604-1,16.03.2030,4 мл/5 лводы,8 мл,Опрыскивание вегетирующих сорняков в фазе 2-4 листьев,60,1,III,1217
sornyaki,сорняки (общее),сорняк,kartofel,картофель,miura,Миура,гербицид,021-03-2604-1,16.03.2030,8 мл/5 лводы,16 мл,Опрыскивание вегетирующих сорняков при высоте 10-15 см,60,1,III,1217
sornyaki,сорняки (общее),сорняк,klubnika,клубника (земляника),gerbimaks,Гербимакс,гербицид,008-03-4377-0,23.01.2027,3 мл/3 лводы,10 мл,Опрыскивание вегетирующих сорных растений после сбора урожая,,1,III,957
sornyaki,сорняки (общее),сорняк,klubnika,клубника (земляника),lornet,Лорнет,гербицид,018-03-2800-1,15.09.2030,3 мл/3 лводы,10 мл,Опрыскивание вегетирующих сорных растений после сбора урожая,,1,III,956
sornyaki,сорняки (общее),сорняк,klubnika,клубника (земляника),haker-300,Хакер 300,гербицид,021-03-3602-1,06.04.2032,5-6 мл/ 3 лводы,"16,7–20 мл",Опрыскивание вегетирующих сорных растений после сбора урожая,,1,III,966
sornyaki,сорняки (общее),сорняк,kormovye-travy,кормовые травы,gerbimaks,Гербимакс,гербицид,008-03-4377-0,23.01.2027,"1,5 мл/5 лводы",3 мл,Опрыскивание газонов по вегетирующим сорным растениям после первого укоса,,1,III,957
sornyaki,сорняки (общее),сорняк,kormovye-travy,кормовые травы,gerbimaks,Гербимакс,гербицид,008-03-4377-0,23.01.2027,6 мл/5 лводы,12 мл,Опрыскивание газонов по вегетирующим сорным растениям после первого укоса,,1,III,957
sornyaki,сорняки (общее),сорняк,kormovye-travy,кормовые травы,damba,Дамба,гербицид,018-03-2493-1,08.12.2029,20 мл/3 лводы,"66,7 мл",Опрыскивание вегетирующих сорных растений,,1,III,853
sornyaki,сорняки (общее),сорняк,kormovye-travy,кормовые травы,deymos,Деймос,гербицид,021-03-4501-1,02.04.2034,2-5 мл/3 лводы,"6,7–16,7 мл",Опрыскивание вегетирующих сорных растений. Запрещается пребывание людей на обработанных газонах в течение 3 дней,,1,III,857
sornyaki,сорняки (общее),сорняк,kormovye-travy,кормовые травы,diastar,Диастар,гербицид,046-03-5032-1,27.11.2027,20 мл/3 лводы,"66,7 мл",Опрыскивание вегетирующих сорных растений,,1,III,860
sornyaki,сорняки (общее),сорняк,kormovye-travy,кормовые травы,klinch,Клинч,гербицид,021-03-3942-1,11.01.2033,"2-3,5 г/3лводы","6,7–11,7 г",Опрыскивание растений в период вегетации. Запрещается пребывание людей на обработанных газонах в течение 1 дня,,1,III,1048
sornyaki,сорняки (общее),сорняк,kormovye-travy,кормовые травы,lintur,Линтур,гербицид,041-03-4804-1,10.02.2035,"1,8 г/5 лводы","3,6 г",Опрыскивание травостоя по вегетирующим сорным растениям в мае – начале июня через 3-4 дня после первого укоса газона или в конце августа – начале сентября через 3-4 дня после очередного укоса. Запрещается пребывание людей и домашних животных на обработанных газонах в течение 3-х дней,,1,III,868
sornyaki,сорняки (общее),сорняк,kormovye-travy,кормовые травы,lornet,Лорнет,гербицид,018-03-2800-1,15.09.2030,"1,5 мл/5 лводы",3 мл,Опрыскивание по вегетирующим растениям после первого укоса. Срок безопасного выхода пользователей на обработанные препаратом площади не ранее 3-х дней после обработки,,1,III,956
sornyaki,сорняки (общее),сорняк,kormovye-travy,кормовые травы,lornet,Лорнет,гербицид,018-03-2800-1,15.09.2030,6 мл/5 лводы,12 мл,Опрыскивание по вегетирующим растениям после первого укоса. Срок безопасного выхода пользователей на обработанные препаратом площади не ранее 3-х дней после обработки,,1,III,957
sornyaki,сорняки (общее),сорняк,luk,лук,klefopp,Клефопп,гербицид,046-03-4998-0,07.07.2028,4 мл/3 лводы,"13,3 мл",Опрыскивание посевов в фазе 2-4 листьев сорных растений независимо от фазы развития культуры.,59,1,III,948
sornyaki,сорняки (общее),сорняк,luk,лук,klefopp,Клефопп,гербицид,046-03-4998-0,07.07.2028,8 мл/3 лводы,"26,7 мл","Опрыскивание посевов при высоте пырея ползучего 10-20 см, независимо от фазы",59,1,III,948
sornyaki,сорняки (общее),сорняк,luk,лук,miura,Миура,гербицид,021-03-2604-1,16.03.2030,4 мл/5 лводы,8 мл,Опрыскивание вегетирующих сорняков в фазе 2-4 листьев,60,1,III,1217
sornyaki,сорняки (общее),сорняк,luk,лук,miura,Миура,гербицид,021-03-2604-1,16.03.2030,8 мл/5 лводы,16 мл,Опрыскивание вегетирующих сорняков при высоте 10-15 см,60,1,III,1217
sornyaki,сорняки (общее),сорняк,luk,лук,haker-300,Хакер 300,гербицид,021-03-3602-1,06.04.2032,3 мл/3 л воды + 6 мл/3 лводы,10 мл,"Двукратное опрыскивание культуры, начиная с фазы двух настоящих листьев. Вторая обработка проводится через 3-4 недели после первой",58,2,III,966
sornyaki,сорняки (общее),сорняк,luk,лук,haker-300,Хакер 300,гербицид,021-03-3602-1,06.04.2032,3 мл/3 л воды + 6 мл/3 лводы,10 мл,"Двукратное опрыскивание культуры, начиная с фазы двух настоящих листьев. Вторая обработка проводится через 3-4 недели после первой",58,2,III,966
sornyaki,сорняки (общее),сорняк,morkov,морковь,brig,Бриг,гербицид,018-03-2220-1,06.05.2029,15-30 мл/3 лводы,50–100 мл,"Опрыскивание почвы до посева, до всходов культуры или посевов в фазе 1 – 2 настоящих листьев",60,1,III,1060
sornyaki,сорняки (общее),сорняк,morkov,морковь,klefopp,Клефопп,гербицид,046-03-4998-0,07.07.2028,4 мл/3 лводы,"13,3 мл",Опрыскивание посевов в фазе 2-4 листьев сорных растений независимо от фазы развития культуры.,21,1,III,948
sornyaki,сорняки (общее),сорняк,morkov,морковь,miura,Миура,гербицид,021-03-2604-1,16.03.2030,8 мл/5 лводы,16 мл,Опрыскивание вегетирующих сорняков при высоте 10-15 см,20,1,III,1216
sornyaki,сорняки (общее),сорняк,morkov,морковь,miura,Миура,гербицид,021-03-2604-1,16.03.2030,4 мл/5 лводы,8 мл,Опрыскивание вегетирующих сорняков в фазе 2-4 листьев,20,1,III,1217
sornyaki,сорняки (общее),сорняк,pary,пары,raundap,Раундап,гербицид,090-03-1299-1,11.12.2026,"0,3 мл (1 нажатие аппликатора) /300 см2 (ориентировочно: площадь: 10х30 см, или 5х60 см, или 15х20 см)",,Нанесение аппликатором на листья вегетирующих сорных растений весной или летом (без соприкосновения с почвой). Препарат готов к применению без приготовления рабочей жидкости,,1,III,781
sornyaki,сорняки (общее),сорняк,tomat,томат,zenkor-ultra,Зенкор Ультра,гербицид,019-03-3929-1,08.01.2033,10 - 12 мл/3 лводы,"33,3–40 мл",Опрыскивание сорных растений через 15-20 дней после высадки рассады,60,1,III,998
sornyaki,сорняки (общее),сорняк,tomat,томат,zontran,Зонтран,гербицид,018-03-2793-1,09.09.2030,4 мл/3 л воды + 8 мл/3 лводы,"13,3 мл",Опрыскивание посевов последовательно в фазе 1-2 листьев и 2-4 листьев культуры,60,2,III,991
sornyaki,сорняки (общее),сорняк,tomat,томат,zontran,Зонтран,гербицид,018-03-2793-1,09.09.2030,4 мл/3 л воды + 8 мл/3 лводы,"13,3 мл",Опрыскивание посевов последовательно в фазе 1-2 листьев и 2-4 листьев культуры,60,2,III,991
sornyaki,сорняки (общее),сорняк,tomat,томат,zontran,Зонтран,гербицид,018-03-2793-1,09.09.2030,12-15 мл/3 лводы,40–50 мл,Опрыскивание посевов в фазе 2-4 листьев культуры,60,1,III,991
sornyaki,сорняки (общее),сорняк,tomat,томат,zontran,Зонтран,гербицид,018-03-2793-1,09.09.2030,17 мл/5 лводы,34 мл,Опрыскивание сорных растений через 15-20 дней после высадки рассады в грунт,60,1,III,991
sornyaki,сорняки (общее),сорняк,tomat,томат,lazurit,Лазурит,гербицид,021-03-1725-1,20.11.2027,7 г/3 лводы,"23,3 г",Опрыскивание посевов в фазе 2-4 листьев культуры.,60,1,III,993
sornyaki,сорняки (общее),сорняк,tomat,томат,lazurit,Лазурит,гербицид,021-03-1725-1,20.11.2027,"2,5 г/3 лводы + 4,5 г/ 3 л воды","8,3 г",Опрыскивание посевов последовательно в фазе ¶1-2 и 3-5 листьев культуры.,60,2,III,994
sornyaki,сорняки (общее),сорняк,tomat,томат,lazurit,Лазурит,гербицид,021-03-1725-1,20.11.2027,11-14 г/3 лводы,"36,7–46,7 г",Опрыскивание почвы до высадки рассады в грунт.,60,1,III,994
sornyaki,сорняки (общее),сорняк,tomat,томат,lazurit,Лазурит,гербицид,021-03-1725-1,20.11.2027,10 г/3 лводы,"33,3 г",Опрыскивание сорняков через 15-20 дней после высадки рассады в грунт.,60,1,III,994
sornyaki,сорняки (общее),сорняк,tomat,томат,lazurit-super,Лазурит Супер,гербицид,021-03-3066-1,18.03.2031,5 мл/ 3 лводы + 10 мл/ 3 лводы,"16,7 мл",Опрыскивание вегетирующих сорных растений последовательно в фазе1-2 листьев культуры и в фазе 2-4 листьев культуры,46,2,III,995
sornyaki,сорняки (общее),сорняк,tomat,томат,lazurit-super,Лазурит Супер,гербицид,021-03-3066-1,18.03.2031,5 мл/ 3 лводы + 10 мл/ 3 лводы,"16,7 мл",Опрыскивание вегетирующих сорных растений последовательно в фазе1-2 листьев культуры и в фазе 2-4 листьев культуры,46,2,III,995
sornyaki,сорняки (общее),сорняк,tomat,томат,lazurit-super,Лазурит Супер,гербицид,021-03-3066-1,18.03.2031,10-15 мл/ 3 лводы,"33,3–50 мл",Опрыскивания вегетирующих сорных растений в фазе 2-4 листьев культуры,46,1,III,995
sornyaki,сорняки (общее),сорняк,tomat,томат,lazurit-super,Лазурит Супер,гербицид,021-03-3066-1,18.03.2031,15 мл/ 5 лводы,30 мл,Опрыскивание вегетирующих сорных растений через 15-20 дней после высадки рассады в грунт,46,1,III,995
sornyaki,сорняки (общее),сорняк,tomat,томат,lazurit-t,Лазурит Т,гербицид,021-03-3720-1,22.06.2032,20 г /10 лводы,20 г,Опрыскивание посевов в фазе 2-4 листьев культуры,60,1,III,995
sornyaki,сорняки (общее),сорняк,tomat,томат,lazurit-t,Лазурит Т,гербицид,021-03-3720-1,22.06.2032,10 г/10 лводы + 10 г/6 л воды,10 г,Опрыскивание посевов последовательно в фазе 1-2 и 3-5 листьев культуры,60,2,III,995
sornyaki,сорняки (общее),сорняк,tomat,томат,lazurit-t,Лазурит Т,гербицид,021-03-3720-1,22.06.2032,10 г/10 лводы + 10 г/6 л воды,10 г,Опрыскивание посевов последовательно в фазе 1-2 и 3-5 листьев культуры,60,2,III,995
sornyaki,сорняки (общее),сорняк,tomat,томат,lazurit-t,Лазурит Т,гербицид,021-03-3720-1,22.06.2032,10-12 г/3 лводы,"33,3–40 г",Опрыскивание почвы до высадки рассады в грунт,60,1,III,995
sornyaki,сорняки (общее),сорняк,tomat,томат,lazurit-t,Лазурит Т,гербицид,021-03-3720-1,22.06.2032,10 г/3 лводы,"33,3 г",Опрыскивание сорных растений через 15-20 дней после высадки рассады в грунт,60,1,III,995
sornyaki,сорняки (общее),сорняк,tomat,томат,lazurit-ultra,Лазурит Ультра,гербицид,021-03-2652-1,22.04.2030,13-16 мл/3лводы,"43,3–53,3 мл",Опрыскивание почвы до высадки рассады,60,1,III,996
sornyaki,сорняки (общее),сорняк,tomat,томат,lazurit-ultra,Лазурит Ультра,гербицид,021-03-2652-1,22.04.2030,12 мл/3 лводы,40 мл,Опрыскивание почвы через 15-20 дней после высадки рассады в грунт,60,1,III,996
sornyaki,сорняки (общее),сорняк,tomat,томат,lazurit-ultra,Лазурит Ультра,гербицид,021-03-2652-1,22.04.2030,8 мл/3 лводы,"26,7 мл",Опрыскивание посевов в фазе 2-4 листьев культуры,60,1,III,996
sornyaki,сорняки (общее),сорняк,tomat,томат,lazurit-ultra,Лазурит Ультра,гербицид,021-03-2652-1,22.04.2030,3 мл/3 л воды + 5 мл/3 лводы,10 мл,Опрыскивание посевов последовательно в фазе 1-2 и 3-5 листьев культуры,60,2,III,996
sosuschie-vrediteli,сосущие вредители,вредитель,lesnye-nasazhdeniya,лесные насаждения,espero,Эсперо,инсектицид,018-01-9697-0,30.11.2028,1,,Опрыскивание в период массового размножения вредителей.,,2,I,164
tlya,тля,вредитель,ayva,айва,matrinbio,МатринБио,инсектицид,021-01-2672-1,12.05.2030,10-15 мл/10 лводы,10–15 мл,Опрыскивание в период вегетации (в зависимости от возраста и объема кроны),3,3,III,222
tlya,тля,вредитель,ayva,айва,preparat-30-plyus,Препарат 30 Плюс,инсектицид,089-01-2641-1,05.04.2030,"0,5 л/10 лводы","0,5 л",Опрыскивание до распускания почек весной при температуре не ниже +4 ˚С,,1,III,106
tlya,тля,вредитель,ayva,айва,profilaktin-bio,Профилактин Био,инсектицид,021-01-2703-1,17.06.2030,"0,5 л/10 лводы","0,5 л",Опрыскивание весной до распускания почек при температуре не ниже +4˚С (в зависимости от возраста и объема кроны),,1,III,107
tlya,тля,вредитель,ayva,айва,profilaktin-layt,Профилактин Лайт,инсектицид,021-01-2322-1,23.07.2029,"0,5 л/10 лводы","0,5 л",Опрыскивание весной до распускания почек при температуре не ниже +40С (в зависимости от возраста и объема кроны),,1,III,105
tlya,тля,вредитель,baklazhan,баклажан,fitoverm-forte,Фитоверм Форте,инсектицид,012-01-1326-1,12.01.2027,16 мл/10 лводы,16 мл,Опрыскивание в период вегетации,3,3,III,43
tlya,тля,вредитель,vinograd,виноград,preparat-30-plyus,Препарат 30 Плюс,инсектицид,089-01-2641-1,05.04.2030,"0,5 л/10 лводы","0,5 л",Опрыскивание до распускания почек весной,,1,III,107
tlya,тля,вредитель,vishnya-chereshnya,вишня / черешня,batrayder,Батрайдер,инсектицид,021-01-2591-1,12.03.2030,2 мл/10 лводы,2 мл,Опрыскивание в период вегетации (в зависимости от возраста и объема кроны),20,1,I,63
tlya,тля,вредитель,vishnya-chereshnya,вишня / черешня,batrayder,Батрайдер,инсектицид,021-01-2591-1,12.03.2030,2 мл/10 лводы,2 мл,Опрыскивание в период вегетации (в зависимости от возраста и объема кроны),20,1,I,64
tlya,тля,вредитель,vishnya-chereshnya,вишня / черешня,karbotsin,Карбоцин,инсектицид,441-01-1513-1,30.05.2027,1 таб./10 лводы,1 таб,Опрыскивание в период вегетации,30,2,I,289
tlya,тля,вредитель,vishnya-chereshnya,вишня / черешня,kinmiks,Кинмикс,инсектицид,262-01-9609-0,30.09.2028,"4,0",,Опрыскивание в период вегетации до или после цветения.,30,2,I,103
tlya,тля,вредитель,vishnya-chereshnya,вишня / черешня,preparat-30-plyus,Препарат 30 Плюс,инсектицид,089-01-2641-1,05.04.2030,"0,5 л/10 лводы","0,5 л",Опрыскивание до распускания почек весной при температуре не ниже +4 ˚С,,1,III,106
tlya,тля,вредитель,goroh-fasol,горох / фасоль,bitotsid,Битоцид,инсектицид,034-01-10035-1,06.07.2036,20 мл/1-3 лводы,,Опрыскивание в период вегетации и против каждого поколения вредителя с интервалом 10-14 дней.,,2,III,36
tlya,тля,вредитель,grusha,груша,karbotsin,Карбоцин,инсектицид,441-01-1513-1,30.05.2027,1 таб./10 лводы,1 таб,Опрыскивание в период вегетации,30,2,I,289
tlya,тля,вредитель,grusha,груша,matrinbio,МатринБио,инсектицид,021-01-2672-1,12.05.2030,10-15 мл/10 лводы,10–15 мл,Опрыскивание в период вегетации (в зависимости от возраста и объема кроны),3,3,III,222
tlya,тля,вредитель,grusha,груша,preparat-30-plyus,Препарат 30 Плюс,инсектицид,089-01-2641-1,05.04.2030,"0,5 л/10 лводы","0,5 л",Опрыскивание до распускания почек весной при температуре не ниже +4 ˚С,,1,III,106
tlya,тля,вредитель,grusha,груша,profilaktin-bio,Профилактин Био,инсектицид,021-01-2703-1,17.06.2030,"0,5 л/10 лводы","0,5 л",Опрыскивание весной до распускания почек при температуре не ниже +4˚С (в зависимости от возраста и объема кроны),,1,III,107
tlya,тля,вредитель,grusha,груша,profilaktin-layt,Профилактин Лайт,инсектицид,021-01-2322-1,23.07.2029,"0,5 л/10 лводы","0,5 л",Опрыскивание весной до распускания почек при температуре не ниже +40С (в зависимости от возраста и объема кроны),,1,III,105
tlya,тля,вредитель,zelen,"зелень (укроп, петрушка, салат)",matrinbio,МатринБио,инсектицид,021-01-2672-1,12.05.2030,10-15 мл/3 лводы,"33,3–50 мл",Опрыскивание в период вегетации,3,3,III,223
tlya,тля,вредитель,zelen,"зелень (укроп, петрушка, салат)",matrinbio,МатринБио,инсектицид,021-01-2672-1,12.05.2030,10-15 мл/3 лводы,"33,3–50 мл",Опрыскивание в период вегетации,3,3,III,223
tlya,тля,вредитель,kapusta,капуста,antitlin,Антитлин,инсектицид,560-01-2329-1,23.07.2029,"0,5 кг/10 лводы","0,5 кг",Опрыскивание в период вегетации настоем или отваром,20,2,III,229
tlya,тля,вредитель,kapusta,капуста,kollayder,Коллайдер,инсектицид,021-01-4913-1,24.04.2026,"1,5-3 мл/3 лводы",5–10 мл,Опрыскивание в период вегетации,7,2,III,274
tlya,тля,вредитель,kapusta,капуста,matrinbio,МатринБио,инсектицид,021-01-2672-1,12.05.2030,10-15 мл/3 лводы,"33,3–50 мл",Опрыскивание в период вегетации,3,3,III,222
tlya,тля,вредитель,kapusta,капуста,movento-enerdzhi,Мовенто Энерджи,инсектицид,019-01-1232-1,18.09.2026,6 мл/3 л воды,20 мл,Опрыскивание в период вегетации,7,2,I,174
tlya,тля,вредитель,kapusta,капуста,tabazol,Табазол,инсектицид,560-01-2332-1,24.07.2029,"0,6 кг/100 м2",,Опрыскивание в период вегетации настоем 1:10,20,3,III,229
tlya,тля,вредитель,kapusta,капуста,tabachnaya-pyl,Табачная пыль,инсектицид,560-01-2328-1,23.07.2029,"0,4 кг/5 лводы","0,8 кг",Опрыскивание в период вегетации настоем или отваром,20,3,III,230
tlya,тля,вредитель,kartofel,картофель,imidor-pro,Имидор Про,инсектицид,018-01-3536-1,17.03.2032,20-25 мл/лводы,200–250 мл,Обработка клубней до посадки,,1,-,141
tlya,тля,вредитель,kartofel,картофель,imiprid-duo,Имиприд Дуо,инсектицид,002-01-10053-0,28.07.2029,"1,25 мл/100 м2",,Опрыскивание в период вегетации.,4,2,I,172
tlya,тля,вредитель,kartofel,картофель,komandor,Командор,инсектицид,046-01-5061-1,09.04.2028,20-25 мл/лводы,200–250 мл,Обработка клубней до посадки,,1,I,159
tlya,тля,вредитель,kartofel,картофель,movento-enerdzhi,Мовенто Энерджи,инсектицид,019-01-1232-1,18.09.2026,5 мл/3 л воды,"16,7 мл",Опрыскивание в период вегетации,7,2,I,173
tlya,тля,вредитель,kartofel,картофель,prestizh,Престиж,инсектицид,019-01-2400-1,17.09.2029,70-100 мл/лводы,,Обработка клубней до посадки,,1,-,172
tlya,тля,вредитель,kartofel,картофель,prestizh-top,Престиж Топ,инсектицид,561-01-4296-1,10.12.2033,70-100 мл/лводы,,Обработка семян перед посевом,,1,-,231
tlya,тля,вредитель,klubnika,клубника (земляника),doktor-harvest-forte-pro,Доктор Харвест Форте Про,инсектицид,909-01-4367-1,16.01.2034,10-50 мл/100 м2,,Опрыскивание в период вегетации,,5,I,232
tlya,тля,вредитель,komnatnye-rasteniya,комнатные растения (общее),arkana,Аркана,инсектицид,012-01-5025-1,08.06.2033,1 мл/10 лводы,1 мл,Полив почвы под растениями в период вегетации,,1,I,250
tlya,тля,вредитель,komnatnye-rasteniya,комнатные растения (общее),doktor,Доктор,инсектицид,012-01-1444-1,06.04.2027,2-5 брикетов/горшок,,Внесение брикетов под растения с неодревесневшими стеблями высотой до 30-40 см на расстоянии 2-3 см от стебля в предварительно политую водой почву,,1,-,247
tlya,тля,вредитель,komnatnye-rasteniya,комнатные растения (общее),drakor,Дракор,инсектицид,008-01-3303-1,16.09.2031,4 мл/10 лводы,4 мл,Полив почвы в период вегетации,,1,I,180
tlya,тля,вредитель,komnatnye-rasteniya,комнатные растения (общее),zubr,Зубр,инсектицид,012-01-2442-1,09.12.2029,5 мл/10 лводы,5 мл,Опрыскивание в период вегетации,,3,I,146
tlya,тля,вредитель,komnatnye-rasteniya,комнатные растения (общее),iskra-zolotaya,Искра Золотая,инсектицид,046-01-5042-1,29.06.2030,¼ таблетки/2 л почвы,,Внесение таблетки под растения с неодревесневшими стеблями высотой не более 30-40 см на расстоянии 2-3 см от стебля в предварительно пролитую водой почву,,1,III,158
tlya,тля,вредитель,komnatnye-rasteniya,комнатные растения (общее),karatel,Каратель,инсектицид,175-01-4953-0,22.07.2035,"0,4-0,6 г/3 лводы","1,3–2 г",Опрыскивание в период вегетации.,,1,I,182
tlya,тля,вредитель,komnatnye-rasteniya,комнатные растения (общее),matrinbio,МатринБио,инсектицид,021-01-2672-1,12.05.2030,"1,5 мл/л воды",15 мл,Опрыскивание при появлении вредителей,,3,III,222
tlya,тля,вредитель,komnatnye-rasteniya,комнатные растения (общее),matrinbio-bau,МатринБио БАУ,инсектицид,021-01-4440-1,04.03.2034,700 мл/10-30 растений,,Опрыскивание с помощью флакона с курковым распылителем с готовым рабочим раствором в период вегетации при появлении вредителей,3,3,III,223
tlya,тля,вредитель,komnatnye-rasteniya,комнатные растения (общее),fitoverm,Фитоверм,инсектицид,930-01-4625-1,23.06.2034,8 мл/лводы,80 мл,Опрыскивание по мере появления вредителей,1,4,III,43
tlya,тля,вредитель,kryzhovnik,крыжовник,antitlin,Антитлин,инсектицид,560-01-2329-1,23.07.2029,"0,5 кг/10 лводы","0,5 кг",Опрыскивание в период вегетации до и после цветения настоем или отваром,20,2,III,229
tlya,тля,вредитель,kryzhovnik,крыжовник,karbotsin,Карбоцин,инсектицид,441-01-1513-1,30.05.2027,1 таб./10 лводы,1 таб,Опрыскивание в период вегетации,20,2,I,289
tlya,тля,вредитель,kryzhovnik,крыжовник,preparat-30-plyus,Препарат 30 Плюс,инсектицид,089-01-2641-1,05.04.2030,"0,5 л/10 лводы","0,5 л",Опрыскивание до распускания почек весной при температуре не ниже +4 ˚С,,1,III,107
tlya,тля,вредитель,kryzhovnik,крыжовник,profilaktin-bio,Профилактин Био,инсектицид,021-01-2703-1,17.06.2030,"0,5 л/10 лводы","0,5 л",Опрыскивание весной до распускания почек при температуре не ниже +4˚С (в зависимости от возраста и типа формировки куста),,1,III,107
tlya,тля,вредитель,kryzhovnik,крыжовник,profilaktin-layt,Профилактин Лайт,инсектицид,021-01-2322-1,23.07.2029,"0,5 л/10 лводы","0,5 л",Опрыскивание весной до распускания почек при температуре не ниже +40С (в зависимости от возраста и объема кроны),,1,III,106
tlya,тля,вредитель,kryzhovnik,крыжовник,tabazol,Табазол,инсектицид,560-01-2332-1,24.07.2029,"0,6 кг/5 лводы","1,2 кг",Опрыскивание в период вегетации до и после цветения настоем или отваром 1:10,20,2,III,230
tlya,тля,вредитель,kryzhovnik,крыжовник,tabachnaya-pyl,Табачная пыль,инсектицид,560-01-2328-1,23.07.2029,"0,4 кг/5 лводы","0,8 кг",Опрыскивание в период вегетации до и после цветения настоем или отваром,20,2,III,230
tlya,тля,вредитель,luk,лук,imiprid,Имиприд,инсектицид,002-01-4941-0,02.07.2028,5 мл/10 лводы,5 мл,Опрыскивание в период вегетации.,,1,I,160
tlya,тля,вредитель,luk,лук,imiprid-duo,Имиприд Дуо,инсектицид,002-01-10053-0,28.07.2029,2 мл/10 лводы,2 мл,Опрыскивание в период вегетации,,1,I,172
tlya,тля,вредитель,luk,лук,matrinbio-bau,МатринБио БАУ,инсектицид,021-01-4440-1,04.03.2034,700 мл/10-30 растений,,Опрыскивание с помощью флакона с курковым распылителем с готовым рабочим раствором в период вегетации при появлении вредителей,3,3,III,223
tlya,тля,вредитель,malina,малина,preparat-30-plyus,Препарат 30 Плюс,инсектицид,089-01-2641-1,05.04.2030,"0,5 л/10 лводы","0,5 л",Опрыскивание до распускания почек весной при температуре не ниже +4 ˚С,,1,III,107
tlya,тля,вредитель,ogurets,огурец,batrayder,Батрайдер,инсектицид,021-01-2591-1,12.03.2030,5 мл/10 лводы,5 мл,Опрыскивание в период вегетации,,1,I,64
tlya,тля,вредитель,ogurets,огурец,biorazryad,Биоразряд,инсектицид,033-01-10004-1,08.06.2036,20 г/10 лводы,20 г,"Опрыскивание растений при появлении вредителей, интервал 5-7 дней.",7,2,I,38
tlya,тля,вредитель,ogurets,огурец,biorazryad,Биоразряд,инсектицид,033-01-10004-1,08.06.2036,20 г/10 лводы,20 г,"Опрыскивание растений при появлении вредителей, интервал 5-7 дней.",7,2,I,38
tlya,тля,вредитель,ogurets,огурец,biotlin,Биотлин,инсектицид,021-01-2767-1,15.07.2030,5 мл/10 лводы,5 мл,Опрыскивание в период вегетации,3,1,I,143
tlya,тля,вредитель,ogurets,огурец,biotlin-bau,Биотлин Бау,инсектицид,021-01-3455-1,27.12.2031,700 мл/7 м2,,Опрыскивание в период вегетации при появлении вредителей. Флакон с курковым распылителем с готовым рабочим раствором,1,1,I,143
tlya,тля,вредитель,ogurets,огурец,doktor-harvest-forte-pro,Доктор Харвест Форте Про,инсектицид,909-01-4367-1,16.01.2034,6-18 мл/100 м2,,Опрыскивание в период вегетации,,5,I,231
tlya,тля,вредитель,ogurets,огурец,zubr,Зубр,инсектицид,012-01-2442-1,09.12.2029,5 мл/10 лводы,5 мл,Опрыскивание в период вегетации,3,1,I,146
tlya,тля,вредитель,ogurets,огурец,imiprid,Имиприд,инсектицид,002-01-4941-0,02.07.2028,5 мл/10 лводы,5 мл,Опрыскивание в период вегетации.,3,1,I,160
tlya,тля,вредитель,ogurets,огурец,inta-vir,Инта-Вир,инсектицид,149-01-4581-1,20.05.2034,1 таб./10 лводы,1 таб,Опрыскивание в период вегетации,3,1,I,284
tlya,тля,вредитель,ogurets,огурец,iskra,Искра,инсектицид,046-01-5053-1,18.06.2030,1 таб./10 лводы,1 таб,Опрыскивание в период вегетации,20,1,I,289
tlya,тля,вредитель,ogurets,огурец,iskra-zolotaya,Искра Золотая,инсектицид,046-01-5043-1,18.06.2030,5 мл/10 лводы,5 мл,Опрыскивание в период вегетации,3,1,I,158
tlya,тля,вредитель,ogurets,огурец,karbotsin,Карбоцин,инсектицид,441-01-1513-1,30.05.2027,1 таб./10 лводы,1 таб,Опрыскивание растений в период вегетации,5,1,I,289
tlya,тля,вредитель,ogurets,огурец,komandor,Командор,инсектицид,046-01-5061-1,09.04.2028,5 мл/10 лводы,5 мл,Опрыскивание в период вегетации,3,1,I,159
tlya,тля,вредитель,ogurets,огурец,komandor-maksi,Командор Макси,инсектицид,046-01-5049-1,25.06.2030,"1,5 г/10 лводы","1,5 г",Опрыскивание в период вегетации,3,1,I,158
tlya,тля,вредитель,ogurets,огурец,konfidor-ekstra,Конфидор Экстра,инсектицид,019-01-2064-1,30.01.2029,"1,5 г / 10 лводы","1,5 г",Опрыскивание в период вегетации,5,1,I,145
tlya,тля,вредитель,ogurets,огурец,matrinbio,МатринБио,инсектицид,021-01-2672-1,12.05.2030,10-15 мл/10 лводы,10–15 мл,Опрыскивание в период вегетации,3,3,III,222
tlya,тля,вредитель,ogurets,огурец,metavayt,Метавайт,инсектицид,196-01-3937-1,09.01.2033,20-80 мл/10 лводы,20–80 мл,Опрыскивание в период вегетации,,3,III,39
tlya,тля,вредитель,ogurets,огурец,otrava-doktor-harvest,Отрава Доктор Харвест,инсектицид,769-01-3326-1,04.10.2031,6-18 мл/100 м2,,Опрыскивание в период вегетации,5,5,I,290
tlya,тля,вредитель,ogurets,огурец,fitoverm-forte,Фитоверм Форте,инсектицид,012-01-1326-1,12.01.2027,16 мл/10 лводы,16 мл,Опрыскивание в период вегетации,3,3,III,43
tlya,тля,вредитель,perets,перец,fitoverm-forte,Фитоверм Форте,инсектицид,012-01-1326-1,12.01.2027,16 мл/10 лводы,16 мл,Опрыскивание в период вегетации,3,3,III,43
tlya,тля,вредитель,plodovye-derevya,плодовые деревья (общее),batrayder,Батрайдер,инсектицид,021-01-2591-1,12.03.2030,2 мл/10 лводы,2 мл,Опрыскивание в период вегетации (в зависимости от возраста и объема кроны),,1,I,64
tlya,тля,вредитель,plodovye-derevya,плодовые деревья (общее),imiprid-duo,Имиприд Дуо,инсектицид,002-01-10053-0,28.07.2029,2 мл/10 лводы,2 мл,Опрыскивание в период вегетации,,1,I,172
tlya,тля,вредитель,plodovye-derevya,плодовые деревья (общее),tsvetolyuks-bau,Цветолюкс Бау,инсектицид,021-01-2420-1,07.10.2029,"700 мл/ 0,5-1 дерево",,Опрыскивание в период вегетации при появлении вредителей до полного смачивания. Флакон с курковым распылителем с готовым рабочим раствором,,2,I,148
tlya,тля,вредитель,roza,роза,antitlin,Антитлин,инсектицид,560-01-2329-1,23.07.2029,"0,5 кг/10 лводы","0,5 кг",Опрыскивание в период вегетации до и после цветения настоем или отваром,20,2,III,229
tlya,тля,вредитель,roza,роза,kortlis,Кортлис,инсектицид,356-01-9931-1,28.04.2036,2 мл/5 лводы,4 мл,Опрыскивание в период вегетации.,,1,I,160
tlya,тля,вредитель,roza,роза,matrinbio,МатринБио,инсектицид,021-01-2672-1,12.05.2030,10-15 мл/10 лводы,10–15 мл,Опрыскивание в период вегетации,,3,III,222
tlya,тля,вредитель,roza,роза,matrinbio,МатринБио,инсектицид,021-01-2672-1,12.05.2030,10-15 мл/10 лводы,10–15 мл,Опрыскивание в период вегетации,,3,III,222
tlya,тля,вредитель,roza,роза,tabamin,ТабаМин,инсектицид,560-01-3216-1,15.07.2031,125 мл/10 лводы,125 мл,Опрыскивание в фазу начала бутонизации и появления вредителей,,1,III,230
tlya,тля,вредитель,roza,роза,tabachnaya-pyl,Табачная пыль,инсектицид,560-01-2328-1,23.07.2029,"0,4 кг/5 лводы","0,8 кг",Опрыскивание в период вегетации до и после цветения настоем или отваром,,2,III,230
tlya,тля,вредитель,roza,роза,fitoverm-forte,Фитоверм Форте,инсектицид,012-01-1326-1,12.01.2027,8 мл/10 лводы,8 мл,Опрыскивание в период вегетации,2,3,III,43
tlya,тля,вредитель,sliva,слива,karbotsin,Карбоцин,инсектицид,441-01-1513-1,30.05.2027,1 таб./10 лводы,1 таб,Опрыскивание в период вегетации,30,2,I,289
tlya,тля,вредитель,sliva,слива,kinmiks,Кинмикс,инсектицид,262-01-9609-0,30.09.2028,"4,0",,Опрыскивание в период вегетации до или после цветения.,30,2,I,103
tlya,тля,вредитель,sliva,слива,preparat-30-plyus,Препарат 30 Плюс,инсектицид,089-01-2641-1,05.04.2030,"0,5 л/10 лводы","0,5 л",Опрыскивание до распускания почек весной при температуре не ниже +4 ˚С,,1,III,106
tlya,тля,вредитель,smorodina,смородина,aktara,Актара,инсектицид,041-01-4386-0,25.01.2027,2 г /10 лводы,2 г,Опрыскивание до цветения или после сбора урожая,60,2,I,250
tlya,тля,вредитель,smorodina,смородина,antitlin,Антитлин,инсектицид,560-01-2329-1,23.07.2029,"0,5 кг/10 лводы","0,5 кг",Опрыскивание в период вегетации до и после цветения настоем или отваром,20,2,III,229
tlya,тля,вредитель,smorodina,смородина,arkana,Аркана,инсектицид,012-01-5025-1,08.06.2033,2 мл/10 лводы,2 мл,Опрыскивание до цветения или после сбора урожая,60,1,I,250
tlya,тля,вредитель,smorodina,смородина,batrayder,Батрайдер,инсектицид,021-01-2591-1,12.03.2030,2 мл/10 лводы,2 мл,Опрыскивание в период вегетации,30,1,I,63
tlya,тля,вредитель,smorodina,смородина,biotlin,Биотлин,инсектицид,021-01-2767-1,15.07.2030,"3,0 мл/10 лводы",3 мл,Опрыскивание до цветения (в зависимости от возраста и типа формировки куста),60,1,I,143
tlya,тля,вредитель,smorodina,смородина,biotlin-bau,Биотлин Бау,инсектицид,021-01-3455-1,27.12.2031,"700 мл/1,5-7 кустов",,Опрыскивание до цветения. Флакон с курковым распылителем с готовым рабочим раствором,7,1,I,143
tlya,тля,вредитель,smorodina,смородина,gerold,Герольд,инсектицид,021-01-1679-1,11.01.2028,10 мл/10 лводы,10 мл,Опрыскивание в период вегетации,30,1,III,133
tlya,тля,вредитель,smorodina,смородина,insektor-supra,Инсектор Супра,инсектицид,008-01-3332-1,07.10.2031,3 мл/100 м2,,Опрыскивание до цветения,60,1,I,250
tlya,тля,вредитель,smorodina,смородина,insektor-supra,Инсектор Супра,инсектицид,008-01-3332-1,07.10.2031,3 мл/100 м2,,Опрыскивание после сбора урожая,60,1,I,250
tlya,тля,вредитель,smorodina,смородина,inta-vir,Инта-Вир,инсектицид,149-01-4581-1,20.05.2034,1 таб./10 лводы,1 таб,Опрыскивание до цветения и после сбора урожая,17,2,I,284
tlya,тля,вредитель,smorodina,смородина,iskra,Искра,инсектицид,046-01-5053-1,18.06.2030,1 таб./10 лводы,1 таб,Опрыскивание до цветения и после сбора урожая,60,2,I,290
tlya,тля,вредитель,smorodina,смородина,karbotsin,Карбоцин,инсектицид,441-01-1513-1,30.05.2027,1 таб./10 лводы,1 таб,Опрыскивание в период вегетации,20,2,I,289
tlya,тля,вредитель,smorodina,смородина,kortlis,Кортлис,инсектицид,356-01-9931-1,28.04.2036,5 мл/5 лводы,10 мл,Опрыскивание до цветения.,60,1,I,160
tlya,тля,вредитель,smorodina,смородина,kortlis,Кортлис,инсектицид,356-01-9931-1,28.04.2036,5 мл/5 лводы,10 мл,Опрыскивание после сбора урожая.,,1,I,160
tlya,тля,вредитель,smorodina,смородина,matrinbio,МатринБио,инсектицид,021-01-2672-1,12.05.2030,10-15 мл/10 лводы,10–15 мл,Опрыскивание в период вегетации,3,3,III,223
tlya,тля,вредитель,smorodina,смородина,matrinbio-bau,МатринБио БАУ,инсектицид,021-01-4440-1,04.03.2034,700 мл/4-8 кустов,,Опрыскивание с помощью флакона с курковым распылителем с готовым рабочим раствором в период вегетации при появлении вредителей,3,3,III,223
tlya,тля,вредитель,smorodina,смородина,preparat-30-plyus,Препарат 30 Плюс,инсектицид,089-01-2641-1,05.04.2030,"0,5 л/10 лводы","0,5 л",Опрыскивание до распускания почек весной при температуре не ниже +4 ˚С,,1,III,107
tlya,тля,вредитель,smorodina,смородина,profilaktin-bio,Профилактин Био,инсектицид,021-01-2703-1,17.06.2030,"0,5 л/10 лводы","0,5 л",Опрыскивание весной до распускания почек при температуре не ниже +4˚С (в зависимости от возраста и типа формировки куста),,1,III,107
tlya,тля,вредитель,smorodina,смородина,profilaktin-layt,Профилактин Лайт,инсектицид,021-01-2322-1,23.07.2029,"0,5 л/10 лводы","0,5 л",Опрыскивание весной до распускания почек при температуре не ниже +40С (в зависимости от возраста и объема кроны),,1,III,106
tlya,тля,вредитель,smorodina,смородина,tabamin,ТабаМин,инсектицид,560-01-3216-1,15.07.2031,125 мл/10 лводы,125 мл,Опрыскивание до и после цветения,20,2,III,230
tlya,тля,вредитель,smorodina,смородина,tabazol,Табазол,инсектицид,560-01-2332-1,24.07.2029,"0,6 кг/5 лводы","1,2 кг",Опрыскивание в период вегетации до и после цветения настоем или отваром 1:10,20,2,III,230
tlya,тля,вредитель,smorodina,смородина,tabachnaya-pyl,Табачная пыль,инсектицид,560-01-2328-1,23.07.2029,"0,4 кг/5 лводы","0,8 кг",Опрыскивание в период вегетации до и после цветения настоем или отваром,20,2,III,230
tlya,тля,вредитель,tomat,томат,biorazryad,Биоразряд,инсектицид,033-01-10004-1,08.06.2036,20 г/10 лводы,20 г,"Опрыскивание растений при появлении вредителей, интервал 5-7 дней.",7,2,I,38
tlya,тля,вредитель,tomat,томат,biotlin,Биотлин,инсектицид,021-01-2767-1,15.07.2030,5 мл/10 лводы,5 мл,Опрыскивание в период вегетации,3,1,I,143
tlya,тля,вредитель,tomat,томат,biotlin-bau,Биотлин Бау,инсектицид,021-01-3455-1,27.12.2031,700 мл/7 м2,,Опрыскивание в период вегетации при появлении вредителей. Флакон с курковым распылителем с готовым рабочим раствором,1,1,I,143
tlya,тля,вредитель,tomat,томат,doktor-harvest-forte-pro,Доктор Харвест Форте Про,инсектицид,909-01-4367-1,16.01.2034,6-18 мл/100 м2,,Опрыскивание в период вегетации,,5,I,231
tlya,тля,вредитель,tomat,томат,zubr,Зубр,инсектицид,012-01-2442-1,09.12.2029,5 мл/10 лводы,5 мл,Опрыскивание в период вегетации,3,1,I,146
tlya,тля,вредитель,tomat,томат,imiprid,Имиприд,инсектицид,002-01-4941-0,02.07.2028,5 мл/10 лводы,5 мл,Опрыскивание в период вегетации.,3,1,I,160
tlya,тля,вредитель,tomat,томат,inta-vir,Инта-Вир,инсектицид,149-01-4581-1,20.05.2034,1 таб./10 лводы,1 таб,Опрыскивание в период вегетации,3,1,I,284
tlya,тля,вредитель,tomat,томат,iskra,Искра,инсектицид,046-01-5053-1,18.06.2030,1 таб./10 лводы,1 таб,Опрыскивание в период вегетации,20,1,I,289
tlya,тля,вредитель,tomat,томат,iskra-zolotaya,Искра Золотая,инсектицид,046-01-5043-1,18.06.2030,5 мл/10 лводы,5 мл,Опрыскивание в период вегетации,3,1,I,158
tlya,тля,вредитель,tomat,томат,karbotsin,Карбоцин,инсектицид,441-01-1513-1,30.05.2027,1 таб./10 лводы,1 таб,Опрыскивание растений в период вегетации,5,1,I,289
tlya,тля,вредитель,tomat,томат,komandor,Командор,инсектицид,046-01-5061-1,09.04.2028,5 мл/10 лводы,5 мл,Опрыскивание в период вегетации,3,1,I,159
tlya,тля,вредитель,tomat,томат,komandor-maksi,Командор Макси,инсектицид,046-01-5049-1,25.06.2030,"1,5 г/10 лводы","1,5 г",Опрыскивание в период вегетации,3,1,I,158
tlya,тля,вредитель,tomat,томат,konfidor-ekstra,Конфидор Экстра,инсектицид,019-01-2064-1,30.01.2029,"1,5 г / 10 лводы","1,5 г",Опрыскивание в период вегетации,5,1,I,145
tlya,тля,вредитель,tomat,томат,matrinbio,МатринБио,инсектицид,021-01-2672-1,12.05.2030,10-15 мл/10 лводы,10–15 мл,Опрыскивание в период вегетации,3,3,III,222
tlya,тля,вредитель,tomat,томат,otrava-doktor-harvest,Отрава Доктор Харвест,инсектицид,769-01-3326-1,04.10.2031,6-18 мл/100 м2,,Опрыскивание в период вегетации,5,5,I,290
tlya,тля,вредитель,tomat,томат,fitoverm-forte,Фитоверм Форте,инсектицид,012-01-1326-1,12.01.2027,16 мл/10 лводы,16 мл,Опрыскивание в период вегетации,3,3,III,43
tlya,тля,вредитель,hvoynye,"хвойные (туя, ель, можжевельник)",pinotsid,Пиноцид,инсектицид,021-01-1899-1,27.04.2028,2 мл/10 лводы,2 мл,Опрыскивание в период вегетации,,1,I,64
tlya,тля,вредитель,hvoynye,"хвойные (туя, ель, можжевельник)",pinotsid,Пиноцид,инсектицид,021-01-1899-1,27.04.2028,2 мл/10 лводы,2 мл,Опрыскивание в период вегетации,,1,I,64
tlya,тля,вредитель,hvoynye,"хвойные (туя, ель, можжевельник)",pinotsid,Пиноцид,инсектицид,021-01-1899-1,27.04.2028,2 мл/10 лводы,2 мл,Опрыскивание в период вегетации,,1,I,64
tlya,тля,вредитель,hvoynye,"хвойные (туя, ель, можжевельник)",pinotsid,Пиноцид,инсектицид,021-01-1899-1,27.04.2028,2 мл/10 лводы,2 мл,Опрыскивание в период вегетации,,1,I,64
tlya,тля,вредитель,tsvety,цветы (общее),arkana,Аркана,инсектицид,012-01-5025-1,08.06.2033,1 мл/10 лводы,1 мл,Полив почвы под растениями в период вегетации,,1,I,250
tlya,тля,вредитель,tsvety,цветы (общее),batrayder,Батрайдер,инсектицид,021-01-2591-1,12.03.2030,2 мл/3 лводы,"6,7 мл",Опрыскивание в период вегетации,,1,I,64
tlya,тля,вредитель,tsvety,цветы (общее),biotlin,Биотлин,инсектицид,021-01-2767-1,15.07.2030,5 мл/10 лводы,5 мл,Опрыскивание в период вегетации,,1,I,143
tlya,тля,вредитель,tsvety,цветы (общее),doktor,Доктор,инсектицид,012-01-1444-1,06.04.2027,2-5 брикетов/горшок,,Внесение брикетов под растения с неодревесневшими стеблями высотой до 30-40 см на расстоянии 2-3 см от стебля в предварительно политую водой почву,,1,-,247
tlya,тля,вредитель,tsvety,цветы (общее),doktor,Доктор,инсектицид,012-01-1444-1,06.04.2027,2-3 брикета/растение,,Внесение брикетов под растения с неодревесневшими стеблями высотой до 30-40 см на расстоянии 2-3 см от стебля в предварительно политую водой почву,,1,-,247
tlya,тля,вредитель,tsvety,цветы (общее),drakor,Дракор,инсектицид,008-01-3303-1,16.09.2031,4 мл/10 лводы,4 мл,Полив почвы в период вегетации,,1,I,180
tlya,тля,вредитель,tsvety,цветы (общее),zubr,Зубр,инсектицид,012-01-2442-1,09.12.2029,5 мл/10 лводы,5 мл,Опрыскивание в период вегетации,,3,I,146
tlya,тля,вредитель,tsvety,цветы (общее),zubr,Зубр,инсектицид,012-01-2442-1,09.12.2029,5 мл/10 лводы,5 мл,Опрыскивание в период вегетации,,3,I,146
tlya,тля,вредитель,tsvety,цветы (общее),iskra,Искра,инсектицид,046-01-5053-1,18.06.2030,1 таб./10 лводы,1 таб,Опрыскивание в период вегетации,,2,I,290
tlya,тля,вредитель,tsvety,цветы (общее),iskra-zolotaya,Искра Золотая,инсектицид,046-01-5042-1,29.06.2030,¼ таблетки/2 л почвы,,Внесение таблетки под растения с неодревесневшими стеблями высотой не более 30-40 см на расстоянии 2-3 см от стебля в предварительно пролитую водой почву,,1,III,158
tlya,тля,вредитель,tsvety,цветы (общее),iskra-zolotaya,Искра Золотая,инсектицид,046-01-5043-1,18.06.2030,5 мл/10 лводы,5 мл,Опрыскивание в период вегетации,,1,I,158
tlya,тля,вредитель,tsvety,цветы (общее),iskra-zolotaya-prosto,Искра Золотая Просто,инсектицид,046-01-5041-1,18.06.2030,"1,0 л/10 м2",,Опрыскивание в период вегетации при появлении вредителей. Флакон с куроковым распылителем с готовым рабочим раствором,,2,I,158
tlya,тля,вредитель,tsvety,цветы (общее),karatel,Каратель,инсектицид,175-01-4953-0,22.07.2035,"0,4-0,6 г/3 лводы","1,3–2 г",Опрыскивание в период вегетации.,,1,I,182
tlya,тля,вредитель,tsvety,цветы (общее),karatel,Каратель,инсектицид,175-01-4953-0,22.07.2035,"0,4-0,6 г/3 лводы","1,3–2 г",Опрыскивание в период вегетации.,,1,I,182
tlya,тля,вредитель,tsvety,цветы (общее),komandor,Командор,инсектицид,046-01-5061-1,09.04.2028,5 мл/10 лводы,5 мл,Опрыскивание в период вегетации,,1,I,159
tlya,тля,вредитель,tsvety,цветы (общее),preparat-30-plyus,Препарат 30 Плюс,инсектицид,089-01-2641-1,05.04.2030,"0,5 л/10 лводы","0,5 л","Опрыскивание – первое весной до распускания почек, при температуре не ниже +4 ˚С, второе – летом при появлении вредителей",,2,III,107
tlya,тля,вредитель,tsvety,цветы (общее),fitoverm,Фитоверм,инсектицид,930-01-4625-1,23.06.2034,4 мл/лводы,40 мл,Опрыскивание по мере появления вредителей,1,3,III,42
tlya,тля,вредитель,tsvety,цветы (общее),fitoverm,Фитоверм,инсектицид,930-01-4625-1,23.06.2034,8 мл/лводы,80 мл,Опрыскивание по мере появления вредителей,1,4,III,42
tlya,тля,вредитель,tsvety,цветы (общее),tsvetolyuks-bau,Цветолюкс Бау,инсектицид,021-01-2420-1,07.10.2029,700 мл/7м2,,Опрыскивание в период вегетации при появлении вредителей. Флакон с курковым распылителем с готовым рабочим раствором,,2,I,148
tlya,тля,вредитель,tsvety,цветы (общее),tsvetolyuks-bau,Цветолюкс Бау,инсектицид,021-01-2420-1,07.10.2029,700 мл/7м2,,Опрыскивание в период вегетации при появлении вредителей. Флакон с курковым распылителем с готовым рабочим раствором,,2,I,148
tlya,тля,вредитель,yablonya,яблоня,alfatsin,Альфацин,инсектицид,682(913)-01-4415-1,24.03.2032,3 мл/10 л,3 мл,Опрыскивание в период вегетации,54,2,I,54
tlya,тля,вредитель,yablonya,яблоня,batrayder,Батрайдер,инсектицид,021-01-2591-1,12.03.2030,2 мл/10 лводы,2 мл,Опрыскивание в период вегетации (в зависимости от возраста и объема кроны),20,1,I,63
tlya,тля,вредитель,yablonya,яблоня,biotlin,Биотлин,инсектицид,021-01-2767-1,15.07.2030,"3,0 мл/10 лводы",3 мл,Опрыскивание в период вегетации,60,1,I,143
tlya,тля,вредитель,yablonya,яблоня,boveriks-zh,"Боверикс, Ж",инсектицид,585-01-9716-1,08.12.2035,100 мл/10 лводы,100 мл,Опрыскивание в период вегетации с интервалом 7-8 дней.,5,4,III,35
tlya,тля,вредитель,yablonya,яблоня,imiprid-duo,Имиприд Дуо,инсектицид,002-01-10053-0,28.07.2029,2 мл/10 лводы,2 мл,Опрыскивание в период вегетации.,30,2,I,172
tlya,тля,вредитель,yablonya,яблоня,iskra,Искра,инсектицид,046-01-5053-1,18.06.2030,1 таб./10 лводы,1 таб,Опрыскивание в период вегетации,20,1,I,290
tlya,тля,вредитель,yablonya,яблоня,karbotsin,Карбоцин,инсектицид,441-01-1513-1,30.05.2027,1 таб./10 лводы,1 таб,Опрыскивание в период вегетации,30,2,I,289
tlya,тля,вредитель,yablonya,яблоня,korado-layt,Корадо Лайт,инсектицид,543-01-2178-1,01.04.2029,5 мл/ 2 лводы,25 мл,Опрыскивание в период вегетации,20,1,I,146
tlya,тля,вредитель,yablonya,яблоня,matrinbio,МатринБио,инсектицид,021-01-2672-1,12.05.2030,10-15 мл/10 лводы,10–15 мл,Опрыскивание в период вегетации (в зависимости от возраста и объема кроны),3,3,III,222
tlya,тля,вредитель,yablonya,яблоня,movento-enerdzhi,Мовенто Энерджи,инсектицид,019-01-1232-1,18.09.2026,5 мл/10 лводы,5 мл,Опрыскивание в период вегетации,20,2,I,173
tlya,тля,вредитель,yablonya,яблоня,molniya-ekstra,Молния Экстра,инсектицид,046-01-5030-1,26.02.2027,2 мл/10 лводы,2 мл,Опрыскивание в период вегетации.,21,2,I,288
tlya,тля,вредитель,yablonya,яблоня,preparat-30-plyus,Препарат 30 Плюс,инсектицид,089-01-2641-1,05.04.2030,"0,5 л/10 лводы","0,5 л",Опрыскивание до распускания почек весной при температуре не ниже +4 ˚С,,1,III,106
tlya,тля,вредитель,yablonya,яблоня,profilaktin-bio,Профилактин Био,инсектицид,021-01-2703-1,17.06.2030,"0,5 л/10 лводы","0,5 л",Опрыскивание весной до распускания почек при температуре не ниже +4˚С (в зависимости от возраста и объема кроны),,1,III,107
tlya,тля,вредитель,yablonya,яблоня,profilaktin-layt,Профилактин Лайт,инсектицид,021-01-2322-1,23.07.2029,"0,5 л/10 лводы","0,5 л",Опрыскивание весной до распускания почек при температуре не ниже +40С (в зависимости от возраста и объема кроны),,1,III,105
tlya,тля,вредитель,yagodniki,ягодники (общее),batrayder,Батрайдер,инсектицид,021-01-2591-1,12.03.2030,2 мл/10 лводы,2 мл,Опрыскивание в период вегетации,,1,I,64
tlya,тля,вредитель,yagodniki,ягодники (общее),imiprid-duo,Имиприд Дуо,инсектицид,002-01-10053-0,28.07.2029,2 мл/10 лводы,2 мл,Опрыскивание в период вегетации,,1,I,172
tlya,тля,вредитель,yagodniki,ягодники (общее),iskra,Искра,инсектицид,046-01-5053-1,18.06.2030,1 таб./10 лводы,1 таб,Опрыскивание в период вегетации,,2,I,290
tlya,тля,вредитель,yagodniki,ягодники (общее),iskra-zolotaya-prosto,Искра Золотая Просто,инсектицид,046-01-5041-1,18.06.2030,"1,0 л/5-10 кустов",,Опрыскивание в период вегетации при появлении вредителей. Флакон с куроковым распылителем с готовым рабочим раствором,,2,I,158
tlya,тля,вредитель,yagodniki,ягодники (общее),karatel,Каратель,инсектицид,175-01-4953-0,22.07.2035,"0,6-0,8 г/10 лводы","0,6–0,8 г",Опрыскивание в период вегетации.,,1,I,182
tlya,тля,вредитель,yagodniki,ягодники (общее),profilaktin-bio,Профилактин Био,инсектицид,021-01-2703-1,17.06.2030,"0,5 л/10 лводы","0,5 л",Опрыскивание весной до распускания почек при температуре не ниже +4˚С (в зависимости от возраста и типа формировки куста),,1,III,108
tlya,тля,вредитель,yagodniki,ягодники (общее),profilaktin-layt,Профилактин Лайт,инсектицид,021-01-2322-1,23.07.2029,"0,5 л/10 лводы","0,5 л",Опрыскивание весной до распускания почек при температуре не ниже +40С (в зависимости от возраста и объема кроны),,1,III,106
tlya,тля,вредитель,yagodniki,ягодники (общее),tsvetolyuks-bau,Цветолюкс Бау,инсектицид,021-01-2420-1,07.10.2029,"700 мл/ 1,5-7 кустов",,Опрыскивание в период вегетации при появлении вредителей до полного смачивания. Флакон с курковым распылителем с готовым рабочим раствором,,2,I,148
traheomikoznoe-uvyadanie,трахеомикозное увядание,болезнь,ogurets,огурец,bakterra,Бактерра,фунгицид,008-02-2339-1,25.07.2029,10-20 г/10 лводы,10–20 г,Опрыскивание в период вегетации с интервалом 20-30 дней,,2,III,304
traheomikoznoe-uvyadanie,трахеомикозное увядание,болезнь,ogurets,огурец,bakterra,Бактерра,фунгицид,008-02-2339-1,25.07.2029,10-20 г/10 лводы,10–20 г,Опрыскивание в период вегетации с интервалом 20-30 дней,,2,III,305
traheomikoznoe-uvyadanie,трахеомикозное увядание,болезнь,ogurets,огурец,tetris,Тетрис,фунгицид,101(008)-02-3940-1,09.01.2033,3 г/10 л воды,3 г,Предпосевное замачивание семян в течение 1-2 часов с последующим просушиванием в тени,,1,III,358
traheomikoznoe-uvyadanie,трахеомикозное увядание,болезнь,ogurets,огурец,tetris,Тетрис,фунгицид,101(008)-02-3940-1,09.01.2033,25 г/10 лводы,25 г,"Полив растений под корень в фазе 2-4-х настоящих листьев, повторный полив-через 2 недели",,2,III,358
traheomikoznoe-uvyadanie,трахеомикозное увядание,болезнь,ogurets,огурец,tetris,Тетрис,фунгицид,101(008)-02-3940-1,09.01.2033,25 г/10 лводы,25 г,"Полив рассады при посадке в лунку, повторный полив через 2-3 недели",,2,III,358
traheomikoznoe-uvyadanie,трахеомикозное увядание,болезнь,ogurets,огурец,trihodermaveride-471,ТриходермаВериде 471,фунгицид,008-02-1364-1,01.02.2027,3 г/10 л воды,3 г,Предпосевное замачивание семян в течение 1-2 часов с последующим просушиванием в тени.,,2,III,354
traheomikoznoe-uvyadanie,трахеомикозное увядание,болезнь,ogurets,огурец,trihodermaveride-471,ТриходермаВериде 471,фунгицид,008-02-1364-1,01.02.2027,25-50 г/10 лводы,25–50 г,"Полив растений под корень в фазе 2-4-х настоящих листьев, последующий -через 2 недели.",,2,III,354
traheomikoznoe-uvyadanie,трахеомикозное увядание,болезнь,ogurets,огурец,trihodermaveride-471,ТриходермаВериде 471,фунгицид,008-02-1364-1,01.02.2027,3 г/10 л воды,3 г,Предпосевное замачивание семян в течение 1-2 часов с последующим просушиванием в тени,,2,III,355
traheomikoznoe-uvyadanie,трахеомикозное увядание,болезнь,ogurets,огурец,trihodermaveride-471,ТриходермаВериде 471,фунгицид,008-02-1364-1,01.02.2027,25-50 г/10 лводы,25–50 г,"Полив растений под корень в фазе 2-4-х настоящих листьев, последующий – через 2 недели",,2,III,355
traheomikoznoe-uvyadanie,трахеомикозное увядание,болезнь,ogurets,огурец,fitolavin,Фитолавин,фунгицид,831-02-3795-1,13.09.2032,20 мл/10 лводы,20 мл,"Полив рассады под корень 0,2%-й концентрацией рабочей жидкости в фазе 2-3 настоящих листьев, последующие- после высадки растений на постоянное место с интервалом 15 дней (рассада)",,2,III,621
traheomikoznoe-uvyadanie,трахеомикозное увядание,болезнь,ogurets,огурец,fitolavin,Фитолавин,фунгицид,831-02-3795-1,13.09.2032,20 мл/10 лводы,20 мл,"Полив рассады под корень 0,2%-й концентрацией рабочей жидкости в фазе 2-3 настоящих листьев, последующие- после высадки растений на постоянное место с интервалом 15 дней (постоянное место)",,2,III,622
traheomikoznoe-uvyadanie,трахеомикозное увядание,болезнь,plodovye-derevya,плодовые деревья (общее),alirin-b,Алирин-Б,фунгицид,139-02-2348-1,14.08.2029,1 таб./5 л,2 таб,Полив грунта суспензией препарата перед посевом семян и пикировкой рассады с интервалом 15-20 дней,,2,III,326
traheomikoznoe-uvyadanie,трахеомикозное увядание,болезнь,tomat,томат,tetris,Тетрис,фунгицид,101(008)-02-3940-1,09.01.2033,3 г/10 л воды,3 г,Предпосевное замачивание семян в течение 1-2 часов с последующим просушиванием в тени,,1,III,358
traheomikoznoe-uvyadanie,трахеомикозное увядание,болезнь,tomat,томат,tetris,Тетрис,фунгицид,101(008)-02-3940-1,09.01.2033,25 г/10 лводы,25 г,"Полив растений под корень в фазе 3-5-ти настоящих листьев, повторный полив через 2 недели",,2,III,358
traheomikoznoe-uvyadanie,трахеомикозное увядание,болезнь,tomat,томат,trihodermaveride-471,ТриходермаВериде 471,фунгицид,008-02-1364-1,01.02.2027,3 г/10 л воды,3 г,Предпосевное замачивание семян в течение 1-2 часов с последующим просушиванием в тени,,1,III,354
traheomikoznoe-uvyadanie,трахеомикозное увядание,болезнь,tomat,томат,trihodermaveride-471,ТриходермаВериде 471,фунгицид,008-02-1364-1,01.02.2027,25-50 г/10 лводы,25–50 г,"Полив растений под корень в фазе 2-5 настоящих листьев, последующий - через 2 недели",,2,III,354
traheomikoznoe-uvyadanie,трахеомикозное увядание,болезнь,tomat,томат,trihodermaveride-471,ТриходермаВериде 471,фунгицид,008-02-1364-1,01.02.2027,3 г/10 л воды,3 г,Предпосевное замачивание семян в течение 1 -2 часов с последующим просушиванием в тени,,1,III,355
traheomikoznoe-uvyadanie,трахеомикозное увядание,болезнь,tomat,томат,trihodermaveride-471,ТриходермаВериде 471,фунгицид,008-02-1364-1,01.02.2027,25-50 г/10 лводы,25–50 г,"Полив 0,25%-й рабочей жидкостью в лунку при посадке, последующий - под корень растения через 2-3 недели",,2,III,355
traheomikoznoe-uvyadanie,трахеомикозное увядание,болезнь,tomat,томат,trihodermaveride-471,ТриходермаВериде 471,фунгицид,008-02-1364-1,01.02.2027,25-50 г/10 лводы,25–50 г,"Полив растений под корень в фазе 2-5 настоящих листьев, последующий – через 2 недели",,2,III,355
traheomikoznoe-uvyadanie,трахеомикозное увядание,болезнь,tsvety,цветы (общее),alirin-b,Алирин-Б,фунгицид,139-02-2348-1,14.08.2029,1 таб./5 л,2 таб,Полив грунта суспензией препарата перед посевом семян и пикировкой рассады с интервалом 15-20 дней,,2,III,326
tripsy,трипсы,вредитель,baklazhan,баклажан,fitoverm-forte,Фитоверм Форте,инсектицид,012-01-1326-1,12.01.2027,20 мл/10 лводы,20 мл,Опрыскивание в период вегетации,3,3,III,43
tripsy,трипсы,вредитель,vinograd,виноград,bitoksibatsillin,Битоксибациллин,инсектицид,034-01-2881-1,17.11.2030,60-80 г/10 лводы,60–80 г,Опрыскивание в период вегетации с интервалом 8-10 дней,5,2,III,26
tripsy,трипсы,вредитель,vinograd,виноград,matrinbio,МатринБио,инсектицид,021-01-2672-1,12.05.2030,10-15 мл/10 лводы,10–15 мл,Опрыскивание в период вегетации (в зависимости от возраста и типа формирования куста),3,3,III,222
tripsy,трипсы,вредитель,zelen,"зелень (укроп, петрушка, салат)",zhukoed-bio,Жукоед Био,инсектицид,021-01-4782-1,22.01.2035,3-12 мл/10 лводы,3–12 мл,Опрыскивание в период вегетации,5,2,I,242
tripsy,трипсы,вредитель,zelen,"зелень (укроп, петрушка, салат)",zhukoed-bio,Жукоед Био,инсектицид,021-01-4782-1,22.01.2035,3-12 мл/10 лводы,3–12 мл,Опрыскивание в период вегетации,5,2,I,242
tripsy,трипсы,вредитель,komnatnye-rasteniya,комнатные растения (общее),arkana,Аркана,инсектицид,012-01-5025-1,08.06.2033,1 мл/10 лводы,1 мл,Полив почвы под растениями в период вегетации,,1,I,250
tripsy,трипсы,вредитель,komnatnye-rasteniya,комнатные растения (общее),doktor,Доктор,инсектицид,012-01-1444-1,06.04.2027,2-5 брикетов/горшок,,Внесение брикетов под растения с неодревесневшими стеблями высотой до 30-40 см на расстоянии 2-3 см от стебля в предварительно политую водой почву,,1,-,247
tripsy,трипсы,вредитель,komnatnye-rasteniya,комнатные растения (общее),drakor,Дракор,инсектицид,008-01-3303-1,16.09.2031,4 мл/10 лводы,4 мл,Полив почвы в период вегетации,,1,I,180
tripsy,трипсы,вредитель,komnatnye-rasteniya,комнатные растения (общее),zubr,Зубр,инсектицид,012-01-2442-1,09.12.2029,5 мл/10 лводы,5 мл,Опрыскивание в период вегетации,,3,I,146
tripsy,трипсы,вредитель,komnatnye-rasteniya,комнатные растения (общее),karatel,Каратель,инсектицид,175-01-4953-0,22.07.2035,"0,4-0,6 г/3 лводы","1,3–2 г",Опрыскивание в период вегетации.,,1,I,182
tripsy,трипсы,вредитель,komnatnye-rasteniya,комнатные растения (общее),fitoverm,Фитоверм,инсектицид,930-01-4625-1,23.06.2034,10 мл/лводы,100 мл,Опрыскивание по мере появления вредителей,1,4,III,43
tripsy,трипсы,вредитель,luk,лук,imiprid,Имиприд,инсектицид,002-01-4941-0,02.07.2028,5 мл/10 лводы,5 мл,Опрыскивание в период вегетации.,,1,I,160
tripsy,трипсы,вредитель,luk,лук,imiprid-duo,Имиприд Дуо,инсектицид,002-01-10053-0,28.07.2029,2 мл/100 м2,,Опрыскивание в период вегетации.,40,2,I,171
tripsy,трипсы,вредитель,luk,лук,imiprid-duo,Имиприд Дуо,инсектицид,002-01-10053-0,28.07.2029,2 мл/10 лводы,2 мл,Опрыскивание в период вегетации,,1,I,172
tripsy,трипсы,вредитель,luk,лук,matrinbio,МатринБио,инсектицид,021-01-2672-1,12.05.2030,10-15 мл/3 лводы,"33,3–50 мл",Опрыскивание в период вегетации,3,3,III,222
tripsy,трипсы,вредитель,luk,лук,matrinbio-bau,МатринБио БАУ,инсектицид,021-01-4440-1,04.03.2034,700 мл/10-30 растений,,Опрыскивание с помощью флакона с курковым распылителем с готовым рабочим раствором в период вегетации при появлении вредителей,3,3,III,223
tripsy,трипсы,вредитель,luk,лук,movento-enerdzhi,Мовенто Энерджи,инсектицид,019-01-1232-1,18.09.2026,6 мл/3 л воды,20 мл,Опрыскивание в период вегетации,7,2,I,174
tripsy,трипсы,вредитель,ogurets,огурец,batrayder,Батрайдер,инсектицид,021-01-2591-1,12.03.2030,5 мл/10 лводы,5 мл,Опрыскивание в период вегетации,,1,I,64
tripsy,трипсы,вредитель,ogurets,огурец,biovert,Биоверт,инсектицид,034-01-1314-1,22.12.2026,7-10 г/10 м2,,Опрыскивание в период вегетации,1,3,III,38
tripsy,трипсы,вредитель,ogurets,огурец,biorazryad,Биоразряд,инсектицид,033-01-10004-1,08.06.2036,20 г/10 лводы,20 г,"Опрыскивание растений при появлении вредителей, интервал 5-7 дней.",7,2,I,38
tripsy,трипсы,вредитель,ogurets,огурец,doktor-harvest-forte-pro,Доктор Харвест Форте Про,инсектицид,909-01-4367-1,16.01.2034,13-40 мл/100 м2,,Опрыскивание в период вегетации,,5,I,232
tripsy,трипсы,вредитель,ogurets,огурец,zhukoed-bio,Жукоед Био,инсектицид,021-01-4782-1,22.01.2035,5-12 мл/10 лводы,5–12 мл,Опрыскивание в период вегетации,3,2,I,242
tripsy,трипсы,вредитель,ogurets,огурец,iskra-zolotaya,Искра Золотая,инсектицид,046-01-5043-1,18.06.2030,5 мл/10 лводы,5 мл,Опрыскивание в период вегетации,3,1,I,158
tripsy,трипсы,вредитель,ogurets,огурец,karbotsin,Карбоцин,инсектицид,441-01-1513-1,30.05.2027,1 таб./10 лводы,1 таб,Опрыскивание растений в период вегетации,5,1,I,289
tripsy,трипсы,вредитель,ogurets,огурец,komandor,Командор,инсектицид,046-01-5061-1,09.04.2028,5 мл/10 лводы,5 мл,Опрыскивание в период вегетации,3,1,I,159
tripsy,трипсы,вредитель,ogurets,огурец,komandor-maksi,Командор Макси,инсектицид,046-01-5049-1,25.06.2030,"1,5 г/10 лводы","1,5 г",Опрыскивание в период вегетации,3,1,I,158
tripsy,трипсы,вредитель,ogurets,огурец,konfidor-ekstra,Конфидор Экстра,инсектицид,019-01-2064-1,30.01.2029,"1,5 г / 10 лводы","1,5 г",Опрыскивание в период вегетации,5,1,I,145
tripsy,трипсы,вредитель,ogurets,огурец,matrinbio,МатринБио,инсектицид,021-01-2672-1,12.05.2030,10-15 мл/10 лводы,10–15 мл,Опрыскивание в период вегетации,3,3,III,222
tripsy,трипсы,вредитель,ogurets,огурец,matrinbio-bau,МатринБио БАУ,инсектицид,021-01-4440-1,04.03.2034,700 мл/10-30 растений,,Опрыскивание с помощью флакона с курковым распылителем с готовым рабочим раствором в период вегетации при появлении вредителей,3,3,III,223
tripsy,трипсы,вредитель,ogurets,огурец,otrava-doktor-harvest,Отрава Доктор Харвест,инсектицид,769-01-3326-1,04.10.2031,13-40 мл/100 м2,,Опрыскивание в период вегетации,5,5,I,290
tripsy,трипсы,вредитель,ogurets,огурец,fitoverm-forte,Фитоверм Форте,инсектицид,012-01-1326-1,12.01.2027,20 мл/10 лводы,20 мл,Опрыскивание в период вегетации,3,3,III,43
tripsy,трипсы,вредитель,perets,перец,fitoverm-forte,Фитоверм Форте,инсектицид,012-01-1326-1,12.01.2027,20 мл/10 лводы,20 мл,Опрыскивание в период вегетации,3,3,III,43
tripsy,трипсы,вредитель,plodovye-derevya,плодовые деревья (общее),batrayder,Батрайдер,инсектицид,021-01-2591-1,12.03.2030,2 мл/10 лводы,2 мл,Опрыскивание в период вегетации (в зависимости от возраста и объема кроны),,1,I,64
tripsy,трипсы,вредитель,plodovye-derevya,плодовые деревья (общее),imiprid-duo,Имиприд Дуо,инсектицид,002-01-10053-0,28.07.2029,2 мл/10 лводы,2 мл,Опрыскивание в период вегетации,,1,I,172
tripsy,трипсы,вредитель,plodovye-derevya,плодовые деревья (общее),tsvetolyuks-bau,Цветолюкс Бау,инсектицид,021-01-2420-1,07.10.2029,"700 мл/ 0,5-1 дерево",,Опрыскивание в период вегетации при появлении вредителей до полного смачивания. Флакон с курковым распылителем с готовым рабочим раствором,,2,I,148
tripsy,трипсы,вредитель,roza,роза,antitlin,Антитлин,инсектицид,560-01-2329-1,23.07.2029,"0,5 кг/10 лводы","0,5 кг",Опрыскивание в период вегетации до и после цветения настоем или отваром,20,2,III,229
tripsy,трипсы,вредитель,roza,роза,matrinbio,МатринБио,инсектицид,021-01-2672-1,12.05.2030,10-15 мл/10 лводы,10–15 мл,Опрыскивание в период вегетации,,3,III,222
tripsy,трипсы,вредитель,roza,роза,tabamin,ТабаМин,инсектицид,560-01-3216-1,15.07.2031,125 мл/10 лводы,125 мл,Опрыскивание в фазу начала бутонизации и появления вредителей,,1,III,230
tripsy,трипсы,вредитель,roza,роза,fitoverm-forte,Фитоверм Форте,инсектицид,012-01-1326-1,12.01.2027,16 мл/10 лводы,16 мл,Опрыскивание в период вегетации,2,3,III,43
tripsy,трипсы,вредитель,tomat,томат,doktor-harvest-forte-pro,Доктор Харвест Форте Про,инсектицид,909-01-4367-1,16.01.2034,13-40 мл/100 м2,,Опрыскивание в период вегетации,,5,I,232
tripsy,трипсы,вредитель,tomat,томат,zhukoed-bio,Жукоед Био,инсектицид,021-01-4782-1,22.01.2035,5-12 мл/10 лводы,5–12 мл,Опрыскивание в период вегетации,5,2,I,242
tripsy,трипсы,вредитель,tomat,томат,iskra-zolotaya,Искра Золотая,инсектицид,046-01-5043-1,18.06.2030,5 мл/10 лводы,5 мл,Опрыскивание в период вегетации,3,1,I,158
tripsy,трипсы,вредитель,tomat,томат,karbotsin,Карбоцин,инсектицид,441-01-1513-1,30.05.2027,1 таб./10 лводы,1 таб,Опрыскивание растений в период вегетации,5,1,I,289
tripsy,трипсы,вредитель,tomat,томат,komandor,Командор,инсектицид,046-01-5061-1,09.04.2028,5 мл/10 лводы,5 мл,Опрыскивание в период вегетации,3,1,I,159
tripsy,трипсы,вредитель,tomat,томат,komandor-maksi,Командор Макси,инсектицид,046-01-5049-1,25.06.2030,"1,5 г/10 лводы","1,5 г",Опрыскивание в период вегетации,3,1,I,158
tripsy,трипсы,вредитель,tomat,томат,konfidor-ekstra,Конфидор Экстра,инсектицид,019-01-2064-1,30.01.2029,"1,5 г / 10 лводы","1,5 г",Опрыскивание в период вегетации,5,1,I,145
tripsy,трипсы,вредитель,tomat,томат,matrinbio,МатринБио,инсектицид,021-01-2672-1,12.05.2030,10-15 мл/10 лводы,10–15 мл,Опрыскивание в период вегетации,3,3,III,222
tripsy,трипсы,вредитель,tomat,томат,matrinbio-bau,МатринБио БАУ,инсектицид,021-01-4440-1,04.03.2034,700 мл/10-30 растений,,Опрыскивание с помощью флакона с курковым распылителем с готовым рабочим раствором в период вегетации при появлении вредителей,3,3,III,223
tripsy,трипсы,вредитель,tomat,томат,otrava-doktor-harvest,Отрава Доктор Харвест,инсектицид,769-01-3326-1,04.10.2031,13-40 мл/100 м2,,Опрыскивание в период вегетации,5,5,I,290
tripsy,трипсы,вредитель,tomat,томат,fitoverm-forte,Фитоверм Форте,инсектицид,012-01-1326-1,12.01.2027,20 мл/10 лводы,20 мл,Опрыскивание в период вегетации,3,3,III,43
tripsy,трипсы,вредитель,tsvety,цветы (общее),arkana,Аркана,инсектицид,012-01-5025-1,08.06.2033,1 мл/10 лводы,1 мл,Полив почвы под растениями в период вегетации,,1,I,250
tripsy,трипсы,вредитель,tsvety,цветы (общее),batrayder,Батрайдер,инсектицид,021-01-2591-1,12.03.2030,2 мл/3 лводы,"6,7 мл",Опрыскивание в период вегетации,,1,I,64
tripsy,трипсы,вредитель,tsvety,цветы (общее),biovert,Биоверт,инсектицид,034-01-1314-1,22.12.2026,7-10 г/10 м2,,Опрыскивание в период вегетации,1,3,III,38
tripsy,трипсы,вредитель,tsvety,цветы (общее),biotlin,Биотлин,инсектицид,021-01-2767-1,15.07.2030,5 мл/10 лводы,5 мл,Опрыскивание в период вегетации,,1,I,143
tripsy,трипсы,вредитель,tsvety,цветы (общее),boveriks-zh,"Боверикс, Ж",инсектицид,585-01-9716-1,08.12.2035,100 мл/10 лводы,100 мл,Опрыскивание в период вегетации с интервалом 10-14 дней.,,3,III,35
tripsy,трипсы,вредитель,tsvety,цветы (общее),doktor,Доктор,инсектицид,012-01-1444-1,06.04.2027,2-5 брикетов/горшок,,Внесение брикетов под растения с неодревесневшими стеблями высотой до 30-40 см на расстоянии 2-3 см от стебля в предварительно политую водой почву,,1,-,247
tripsy,трипсы,вредитель,tsvety,цветы (общее),doktor,Доктор,инсектицид,012-01-1444-1,06.04.2027,2-3 брикета/растение,,Внесение брикетов под растения с неодревесневшими стеблями высотой до 30-40 см на расстоянии 2-3 см от стебля в предварительно политую водой почву,,1,-,247
tripsy,трипсы,вредитель,tsvety,цветы (общее),drakor,Дракор,инсектицид,008-01-3303-1,16.09.2031,4 мл/10 лводы,4 мл,Полив почвы в период вегетации,,1,I,180
tripsy,трипсы,вредитель,tsvety,цветы (общее),zhukoed-bio,Жукоед Био,инсектицид,021-01-4782-1,22.01.2035,"2-7,5 мл/10 лводы","2–7,5 мл",Опрыскивание в период вегетации,,2,I,242
tripsy,трипсы,вредитель,tsvety,цветы (общее),zubr,Зубр,инсектицид,012-01-2442-1,09.12.2029,5 мл/10 лводы,5 мл,Опрыскивание в период вегетации,,3,I,146
tripsy,трипсы,вредитель,tsvety,цветы (общее),zubr,Зубр,инсектицид,012-01-2442-1,09.12.2029,5 мл/10 лводы,5 мл,Опрыскивание в период вегетации,,3,I,146
tripsy,трипсы,вредитель,tsvety,цветы (общее),iskra,Искра,инсектицид,046-01-5053-1,18.06.2030,1 таб./10 лводы,1 таб,Опрыскивание в период вегетации,,2,I,290
tripsy,трипсы,вредитель,tsvety,цветы (общее),iskra-zolotaya-prosto,Искра Золотая Просто,инсектицид,046-01-5041-1,18.06.2030,"1,0 л/10 м2",,Опрыскивание в период вегетации при появлении вредителей. Флакон с куроковым распылителем с готовым рабочим раствором,,2,I,158
tripsy,трипсы,вредитель,tsvety,цветы (общее),karatel,Каратель,инсектицид,175-01-4953-0,22.07.2035,"0,4-0,6 г/3 лводы","1,3–2 г",Опрыскивание в период вегетации.,,1,I,182
tripsy,трипсы,вредитель,tsvety,цветы (общее),karatel,Каратель,инсектицид,175-01-4953-0,22.07.2035,"0,4-0,6 г/3 лводы","1,3–2 г",Опрыскивание в период вегетации.,,1,I,182
tripsy,трипсы,вредитель,tsvety,цветы (общее),komandor,Командор,инсектицид,046-01-5061-1,09.04.2028,5 мл/10 лводы,5 мл,Опрыскивание в период вегетации,,1,I,159
tripsy,трипсы,вредитель,tsvety,цветы (общее),fitoverm,Фитоверм,инсектицид,930-01-4625-1,23.06.2034,8 мл/лводы,80 мл,Опрыскивание по мере появления вредителей,1,3,III,42
tripsy,трипсы,вредитель,tsvety,цветы (общее),fitoverm,Фитоверм,инсектицид,930-01-4625-1,23.06.2034,10 мл/лводы,100 мл,Опрыскивание по мере появления вредителей,1,4,III,42
tripsy,трипсы,вредитель,tsvety,цветы (общее),tsvetolyuks-bau,Цветолюкс Бау,инсектицид,021-01-2420-1,07.10.2029,700 мл/7м2,,Опрыскивание в период вегетации при появлении вредителей. Флакон с курковым распылителем с готовым рабочим раствором,,2,I,148
tripsy,трипсы,вредитель,tsvety,цветы (общее),tsvetolyuks-bau,Цветолюкс Бау,инсектицид,021-01-2420-1,07.10.2029,700 мл/7м2,,Опрыскивание в период вегетации при появлении вредителей. Флакон с курковым распылителем с готовым рабочим раствором,,2,I,148
tripsy,трипсы,вредитель,yagodniki,ягодники (общее),batrayder,Батрайдер,инсектицид,021-01-2591-1,12.03.2030,2 мл/10 лводы,2 мл,Опрыскивание в период вегетации,,1,I,64
tripsy,трипсы,вредитель,yagodniki,ягодники (общее),imiprid-duo,Имиприд Дуо,инсектицид,002-01-10053-0,28.07.2029,2 мл/10 лводы,2 мл,Опрыскивание в период вегетации,,1,I,172
tripsy,трипсы,вредитель,yagodniki,ягодники (общее),iskra,Искра,инсектицид,046-01-5053-1,18.06.2030,1 таб./10 лводы,1 таб,Опрыскивание в период вегетации,,2,I,290
tripsy,трипсы,вредитель,yagodniki,ягодники (общее),iskra-zolotaya-prosto,Искра Золотая Просто,инсектицид,046-01-5041-1,18.06.2030,"1,0 л/5-10 кустов",,Опрыскивание в период вегетации при появлении вредителей. Флакон с куроковым распылителем с готовым рабочим раствором,,2,I,158
tripsy,трипсы,вредитель,yagodniki,ягодники (общее),karatel,Каратель,инсектицид,175-01-4953-0,22.07.2035,"0,6-0,8 г/10 лводы","0,6–0,8 г",Опрыскивание в период вегетации.,,1,I,182
tripsy,трипсы,вредитель,yagodniki,ягодники (общее),tsvetolyuks-bau,Цветолюкс Бау,инсектицид,021-01-2420-1,07.10.2029,"700 мл/ 1,5-7 кустов",,Опрыскивание в период вегетации при появлении вредителей до полного смачивания. Флакон с курковым распылителем с готовым рабочим раствором,,2,I,148
fitoftoroz,фитофтороз,болезнь,kartofel,картофель,abiga-pik,Абига-Пик,фунгицид,407-02-1316-1,25.12.2026,50 г/10 лводы,50 г,Опрыскивание в период вегетации,20,5,III,654
fitoftoroz,фитофтороз,болезнь,kartofel,картофель,alirin-b,Алирин-Б,фунгицид,139-02-2348-1,14.08.2029,"4-6 таб./0,3 л","133,3–200 таб",Предпосадочная обработка клубней.,,1,III,326
fitoftoroz,фитофтороз,болезнь,kartofel,картофель,alirin-b,Алирин-Б,фунгицид,139-02-2348-1,14.08.2029,5-10 таб./10 л,5–10 таб,Опрыскивание вегетирующих растений в фазы бутонизации и после цветения с интервалом 10-15 дней.,,3,III,326
fitoftoroz,фитофтороз,болезнь,kartofel,картофель,albit,Альбит,фунгицид,081-02-2950-1,22.12.2030,10 мл/лводы,100 мл,Предпосадочная обработка клубней на 100 кг клубней,,1,III,436
fitoftoroz,фитофтороз,болезнь,kartofel,картофель,albit,Альбит,фунгицид,081-02-2950-1,22.12.2030,1 мл/10 лводы,1 мл,"Опрыскивание в период вегетации в фазах смыкание рядков – бутонизация, последующее – через 10-15 дней",,2,III,436
fitoftoroz,фитофтороз,болезнь,kartofel,картофель,bakterra,Бактерра,фунгицид,008-02-2339-1,25.07.2029,30-50 л/3 лводы,"100–166,7 л",Обработка клубней перед посадкой,,1,III,304
fitoftoroz,фитофтороз,болезнь,kartofel,картофель,bakterra,Бактерра,фунгицид,008-02-2339-1,25.07.2029,30-50 л/3 лводы,"100–166,7 л",Обработка клубней перед посадкой,,1,III,304
fitoftoroz,фитофтороз,болезнь,kartofel,картофель,bakterra,Бактерра,фунгицид,008-02-2339-1,25.07.2029,20-30 г/10 лводы,20–30 г,Обработка клубней перед посадкой,,1,III,304
fitoftoroz,фитофтороз,болезнь,kartofel,картофель,bakterra,Бактерра,фунгицид,008-02-2339-1,25.07.2029,20-30 г/10 лводы,20–30 г,Обработка клубней перед посадкой,,1,III,304
fitoftoroz,фитофтороз,болезнь,kartofel,картофель,bisolbisan,БисолбиСан,фунгицид,174-02-4328-1,20.12.2033,20 мл/4 лводы,50 мл,"Опрыскивание в период вегетации: первое профилактическое, последующее через 10-15 дней",,2,III,310
fitoftoroz,фитофтороз,болезнь,kartofel,картофель,bordoskaya-smes-f,Бордоская смесь-Ф,фунгицид,149-02-4542-1,02.05.2034,100 г сульфатамеди +100 г кальция гидроксида/1 0 л воды,,Опрыскивание в период вегетации 1% рабочим раствором (последняя обработка не позднее фазы цветения),25,4,III,465
fitoftoroz,фитофтороз,болезнь,kartofel,картофель,indigo,Индиго,фунгицид,018-02-2300-1,30.06.2029,50 мл/4 лводы,125 мл,"Опрыскивание в период вегетации: первое профилактическое, последующие с интервалом 7-10 дней",20,3,III,470
fitoftoroz,фитофтороз,болезнь,kartofel,картофель,insayd,Инсайд,фунгицид,021-02-3198-1,04.07.2031,8-10 мл/ 3 лводы,"26,7–33,3 мл","Опрыскивание в период вегетации: первое – в фазе смыкания рядков, последующие – с интервалом 7-10 дней",20,4,III,625
fitoftoroz,фитофтороз,болезнь,kartofel,картофель,konsento-top,Консенто Топ,фунгицид,561-02-4379-1,23.01.2034,20 мл/5 лводы,40 мл,"Опрыскивание в период вегетации: первое - при появлении первых признаков болезней, последующие - с интервалом 7-10 дней",21,4,III,501
fitoftoroz,фитофтороз,болезнь,kartofel,картофель,kuprolyuks,Купролюкс,фунгицид,012-02-3844-1,28.11.2032,50 г /10 лводы,50 г,"Опрыскивание в период вегетации: первое – профилактическое, последующие – с интервалом 10-12 дней",20,3,III,472
fitoftoroz,фитофтороз,болезнь,kartofel,картофель,kurzat-r,Курзат Р,фунгицид,029-02-2069-1,07.02.2029,50 г/10 лводы,50 г,"Опрыскивание в период вегетации: первое – профилактическое, последующие с интервалом 10-12 дней",20,3,III,655
fitoftoroz,фитофтороз,болезнь,kartofel,картофель,kurzat-r-ka,Курзат Р КА,фунгицид,866-02-4726-0,25.11.2027,50 г/10 лводы,50 г,"Опрыскивание в период вегетации: первое опрыскивание профилактическое, последующие с и интервалом 10-12 дней.",20,3,III,656
fitoftoroz,фитофтороз,болезнь,kartofel,картофель,libertador,Либертадор,фунгицид,021-02-3404-1,26.12.2025,4-5 мл/ 3 лводы,"13,3–16,7 мл","Опрыскивание в период вегетации: первое опрыскивание – профилактическое, последующие - с интервалом 7-10 дней.",3,3,III,660
fitoftoroz,фитофтороз,болезнь,kartofel,картофель,orgamika-f,Оргамика Ф,фунгицид,173-02-2477-1,19.11.2029,40 мл/6 лводы,"66,7 мл","Опрыскивание в период вегетации: первое -профилактическое в фазе смыкания рядков, второе - с интервалом 10-15 дней.",,2,III,345
fitoftoroz,фитофтороз,болезнь,kartofel,картофель,ordan,Ордан,фунгицид,021-02-2610-1,18.03.2030,25 г/5 л воды,50 г,"Опрыскивание в период вегетации: первое – профилактическое до смыкания ботвы в рядках или не позднее двух суток после инфицирования растений, последующие с интервалом 7-14 дней",20,3,III,473
fitoftoroz,фитофтороз,болезнь,kartofel,картофель,profit-gold,Профит Голд,фунгицид,012-02-2111-1,05.02.2029,6 г/10 лводы,6 г,"Опрыскивание в период вегетации: первое – до смыкания рядков, последующие с интервалом – 8-12 дней",15,4,III,619
fitoftoroz,фитофтороз,болезнь,kartofel,картофель,revus,Ревус,фунгицид,041-02-3558-1,21.03.2032,6 мл/5 л воды,12 мл,"Опрыскивание в период вегетации: первое опрыскивание – профилактическое, последующие – с интервалом 7-14 дней",5,4,III,451
fitoftoroz,фитофтороз,болезнь,kartofel,картофель,sanitar,Санитар,фунгицид,126-02-3620-1,12.04.2032,6 г/10 л воды,6 г,"Опрыскивание в период вегетации: первое – профилактическое, последующие с интервалом 8-12 дней",15,4,III,661
fitoftoroz,фитофтороз,болезнь,kartofel,картофель,spayk,Спайк,фунгицид,021-02-9687-0,23.11.2028,20-25,,"Опрыскивание в период вегетации: первое -профилактическое, последующие с интервалом 7-10 дней.",28,4,III,503
fitoftoroz,фитофтороз,болезнь,kartofel,картофель,stakkato,Стаккато,фунгицид,018-02-10081-1,17.08.2036,30 мл/1-3 лводы,,Обработка дна борозды.,,1,III,296
fitoftoroz,фитофтороз,болезнь,kartofel,картофель,stakkato,Стаккато,фунгицид,018-02-10081-1,17.08.2036,50 мл/2-4 лводы,,Опрыскивание в период вегетации с интервалом 10-14 дней.,,4,III,296
fitoftoroz,фитофтороз,болезнь,kartofel,картофель,tanos-ka,Танос КА,фунгицид,866-02-4725-0,25.11.2027,6 г/10 л воды,6 г,"Опрыскивание в период вегетации в фазы: начало смыкания рядков, бутонизация, конец цветения, рост ягод и клубней.",15,4,III,620
fitoftoroz,фитофтороз,болезнь,kartofel,картофель,famoks,Фамокс,фунгицид,097-02-2528-1,30.01.2030,6 г/10 л воды,6 г,Опрыскивание в период вегетации,15,4,III,618
fitoftoroz,фитофтороз,болезнь,kartofel,картофель,fitobakterin,Фитобактерин+,фунгицид,033-02-3523-1,13.03.2032,20 г/20 л,10 г,Опрыскивание в период вегетации с интервалом 5-10 дней,5,2,III,307
fitoftoroz,фитофтороз,болезнь,kartofel,картофель,fitosporin-as,Фитоспорин-АС,фунгицид,585-02-3649-1,21.04.2032,100 мл/2-3 лводы,,Предпосадочная обработка клубней суспензией препарата,,1,III,334
fitoftoroz,фитофтороз,болезнь,kartofel,картофель,fitosporin-as,Фитоспорин-АС,фунгицид,585-02-3649-1,21.04.2032,40 мл/10 лводы,40 мл,Опрыскивание в период вегетации: первое – профилактическое в фазах смыкание рядков -бутонизация; повторно – с интервалом 10-15 дней,,3,III,335
fitoftoroz,фитофтороз,болезнь,kartofel,картофель,fitosporin-m,Фитоспорин-М,фунгицид,016-02-2491-1,04.11.2029,100 мл/1-2 лводы,,Обработка клубней перед посадкой,,1,III,314
fitoftoroz,фитофтороз,болезнь,kartofel,картофель,fitosporin-m,Фитоспорин-М,фунгицид,016-02-2491-1,04.11.2029,40-50 мл/5 лводы,80–100 мл,"Опрыскивание в период вегетации: первое -профилактическое в фазы смыкание рядков – бутонизация, последующее -с интервалом 10-15 дней",,2,III,314
fitoftoroz,фитофтороз,болезнь,kartofel,картофель,fitosporin-m,Фитоспорин-М,фунгицид,016-02-2490-1,04.12.2029,50 г/1-2 лводы,,Предпосадочная обработка клубней,,1,III,316
fitoftoroz,фитофтороз,болезнь,kartofel,картофель,fitosporin-m,Фитоспорин-М,фунгицид,016-02-2490-1,04.12.2029,20-25 г/5 лводы,40–50 г,"Опрыскивание растений в период вегетации: первое – профилактическое в фазах смыкание рядков -бутонизация, повторно – с интервалом 10-15 дней",,2,III,316
fitoftoroz,фитофтороз,болезнь,kartofel,картофель,fitosporin-m,Фитоспорин-М,фунгицид,016-02-2489-1,04.12.2029,200 г/1-2 лводы,,Предпосадочная обработка клубней,,1,III,318
fitoftoroz,фитофтороз,болезнь,kartofel,картофель,fitosporin-m,Фитоспорин-М,фунгицид,016-02-2489-1,04.12.2029,2 г/5 л воды,4 г,"Опрыскивание в период вегетации: профилактическое в фазах смыкание рядков – бутонизация, повторно – с интервалом 10-15 дней",,2,III,318
fitoftoroz,фитофтороз,болезнь,kartofel,картофель,flo-ti-flu,Фло-Ти-Флу,фунгицид,002-02-10099-0,25.08.2029,8-10 мл/3 лводы,"26,7–33,3 мл","Опрыскивание в период вегетации: первое -профилактическое, последующее - с интервалом 10-14 дней.",14,2,III,626
fitoftoroz,фитофтороз,болезнь,kartofel,картофель,hom,Хом,фунгицид,046-02-5033-1,29.03.2028,40 г/10 лводы,40 г,"Опрыскивание растений в период вегетации 0,4 %-м рабочим раствором с интервалом 7-10 дней.",28,5,III,472
fitoftoroz,фитофтороз,болезнь,kartofel,картофель,tselitel,Целитель,фунгицид,175-02-1534-1,27.07.2027,6 г/10 л воды,6 г,"Опрыскивание в период вегетации в фазы: начало смыкания рядков, второе – бутонизация, третье – в конце цветения, четвертое – рост ягод и клубней.",15,4,III,661
fitoftoroz,фитофтороз,болезнь,kartofel,картофель,shirma,Ширма,фунгицид,018-02-1433-1,29.03.2027,3-4 мл/4 лводы,"7,5–10 мл","Опрыскивание в период вегетации: первое опрыскивание профилактическое в фазу смыкания рядков, последующие с интервалом 7-10 дней.",7,4,III,623
fitoftoroz,фитофтороз,болезнь,tomat,томат,abiga-pik,Абига-Пик,фунгицид,407-02-1316-1,25.12.2026,50 г/10 лводы,50 г,Опрыскивание в период вегетации,20,4,III,654
fitoftoroz,фитофтороз,болезнь,tomat,томат,alirin-b,Алирин-Б,фунгицид,139-02-2348-1,14.08.2029,1-2 таб./10 л,1–2 таб,"Полив грунта за 1-3 суток перед посевом семян, перед высадкой рассады и в рассадный период с интервалом 7-10 дней",,3,III,326
fitoftoroz,фитофтороз,болезнь,tomat,томат,alirin-b,Алирин-Б,фунгицид,139-02-2348-1,14.08.2029,10-20 таб./15 л,"6,7–13,3 таб",Опрыскивание растений в фазы начало цветения – плодообразование с интервалом 7-14 дней,,3,III,326
fitoftoroz,фитофтороз,болезнь,tomat,томат,alirin-b,Алирин-Б,фунгицид,139-02-2348-1,14.08.2029,1-2 таб./10 л,1–2 таб,"Полив грунта за 1-3 суток до посева семян, перед высадкой рассады, затем через 7-10 дней",,3,III,326
fitoftoroz,фитофтороз,болезнь,tomat,томат,alirin-b,Алирин-Б,фунгицид,139-02-2348-1,14.08.2029,5-10 таб./10 л,5–10 таб,"Опрыскивание растений в фазы начала бутонизации, начала цветения, плодообразование с интервалом 10-14 дней",,3,III,326
fitoftoroz,фитофтороз,болезнь,tomat,томат,biokompozit-pro,Биокомпозит-Про,фунгицид,018-02-3837-1,24.10.2032,100 мл/10 лводы,100 мл,Опрыскивание в период вегетации с интервалом 20 дней,7,4,III,339
fitoftoroz,фитофтороз,болезнь,tomat,томат,bisolbitsid,Бисолбицид,фунгицид,174-02-1916-1,15.05.2028,2 мл/л воды,20 мл,"Опрыскивание растений в период вегетации 0,4%-м рабочим раствором с интервалом 7-10 дней.",,1,III,328
fitoftoroz,фитофтороз,болезнь,tomat,томат,bisolbitsid,Бисолбицид,фунгицид,174-02-1916-1,15.05.2028,10 мл/10 лводы,10 мл,"Полив рассады под корень 0,1%-й рабочей жидкостью перед высадкой в грунт",,1,III,328
fitoftoroz,фитофтороз,болезнь,tomat,томат,bisolbitsid,Бисолбицид,фунгицид,174-02-1916-1,15.05.2028,2-3 мл/4 лводы,"5–7,5 мл","Опрыскивание растений в период вегетации: первое через 10 дней после высадки рассады на постоянное место, последующие – с интервалом 10-15 дней",,3,III,328
fitoftoroz,фитофтороз,болезнь,tomat,томат,bisolbitsid,Бисолбицид,фунгицид,174-02-1916-1,15.05.2028,2 мл/л воды,20 мл,"Опрыскивание растений в период вегетации 0,4%-м рабочим раствором с интервалом 7-10 дней",,1,III,328
fitoftoroz,фитофтороз,болезнь,tomat,томат,bisolbitsid,Бисолбицид,фунгицид,174-02-1916-1,15.05.2028,2-3 мл/4 лводы,"5–7,5 мл","Опрыскивание растений в период вегетации: первое через 10 дней после высадки рассады на постоянное место, последующие – с интервалом 10-15 дней",,3,III,328
fitoftoroz,фитофтороз,болезнь,tomat,томат,bordoskaya-smes-f,Бордоская смесь-Ф,фунгицид,149-02-4542-1,02.05.2034,100 г сульфатамеди +100 г кальция гидроксида/1 0 л воды,,Опрыскивание в период вегетации 1% рабочим раствором,15,4,III,465
fitoftoroz,фитофтороз,болезнь,tomat,томат,gamair,Гамаир,фунгицид,139-02-2349-1,14.08.2029,1-2 таб./10 л,1–2 таб,Полив грунта за 1-3 суток до посева семян,,1,III,331
fitoftoroz,фитофтороз,болезнь,tomat,томат,gamair,Гамаир,фунгицид,139-02-2349-1,14.08.2029,5-10 таб./15 л,"3,3–6,7 таб","Опрыскивание растений в период вегетации при появлении первых симптомов одного из заболеваний, затем с интервалом 7-14 дней",,3,III,331
fitoftoroz,фитофтороз,болезнь,tomat,томат,gamair,Гамаир,фунгицид,139-02-2349-1,14.08.2029,1-2 таб./10 л,1–2 таб,Полив грунта за 1-3 суток до посева семян,,1,III,331
fitoftoroz,фитофтороз,болезнь,tomat,томат,gamair,Гамаир,фунгицид,139-02-2349-1,14.08.2029,5-10 таб./10 л,5–10 таб,"Опрыскивание растений в период вегетации при появлении первых симптомов одного из заболеваний, затем с интервалом 10-14 дней",,3,III,331
fitoftoroz,фитофтороз,болезнь,tomat,томат,gliokladin,Глиокладин,фунгицид,139-02-2260-1,02.05.2029,1 таб./лунку,,Внесение в почву вручную или с помощью дозатора на глубину не менее 1 см при посеве или высадке рассады,,1,III,346
fitoftoroz,фитофтороз,болезнь,tomat,томат,indigo,Индиго,фунгицид,018-02-2300-1,30.06.2029,50 мл/4 лводы,125 мл,"Опрыскивание в период вегетации: первое профилактическое, последующие с интервалом 7-10 дней",21,3,III,470
fitoftoroz,фитофтороз,болезнь,tomat,томат,konsento-top,Консенто Топ,фунгицид,561-02-4379-1,23.01.2034,20 мл/5 лводы,40 мл,"Опрыскивание в период вегетации: первое -профилактическое, последующие - с интервалом 7-10 дней",21,4,III,502
fitoftoroz,фитофтороз,болезнь,tomat,томат,kuprolyuks,Купролюкс,фунгицид,012-02-3844-1,28.11.2032,50 г/10 л,50 г,Опрыскивание в период вегетации,4,2,III,472
fitoftoroz,фитофтороз,болезнь,tomat,томат,kurzat-r,Курзат Р,фунгицид,029-02-2069-1,07.02.2029,50 г/10 лводы,50 г,"Опрыскивание в период вегетации: первое – профилактическое, последующие с интервалом 10-12 дней",4,2,III,655
fitoftoroz,фитофтороз,болезнь,tomat,томат,kurzat-r-ka,Курзат Р КА,фунгицид,866-02-4726-0,25.11.2027,50 г/10 лводы,50 г,"Опрыскивание в период вегетации: первое опрыскивание -профилактическое, последующие с интервалом 10-12 дней.",4,2,III,656
fitoftoroz,фитофтороз,болезнь,tomat,томат,libertador,Либертадор,фунгицид,021-02-3404-1,26.12.2025,4-5 мл/ 3 лводы,"13,3–16,7 мл","Опрыскивание в период вегетации: первое опрыскивание – профилактическое, последующие - с интервалом 7-10 дней.",10,3,III,660
fitoftoroz,фитофтороз,болезнь,tomat,томат,orgamika-f,Оргамика Ф,фунгицид,173-02-2477-1,19.11.2029,40 мл/10 лводы,40 мл,"Опрыскивание в период вегетации: первое -профи-лактическое, второе -с интервалом 7-10 дней.",,2,III,345
fitoftoroz,фитофтороз,болезнь,tomat,томат,ordan,Ордан,фунгицид,021-02-2610-1,18.03.2030,25 г/5 л воды,50 г,"Опрыскивание в период вегетации: первое – профилактическое в стадии 4-6 настоящих листьев или не позднее двух суток после инфицирования растений, последующие с интервалом 7-10 дней",5,3,III,474
fitoftoroz,фитофтороз,болезнь,tomat,томат,ordan,Ордан,фунгицид,021-02-2610-1,18.03.2030,25 г/8 л воды,"31,2 г","Опрыскивание в период вегетации: первое – профилактическое в стадии 4-6 настоящих листьев или не позднее двух суток после инфицирования растений, последующие с интервалом 7-10 дней",3,3,III,474
fitoftoroz,фитофтороз,болезнь,tomat,томат,previkur-enerdzhi,Превикур Энерджи,фунгицид,019-02-3930-1,08.01.2033,"3,0 мл/2 лводы",15 мл,"Полив почвы (субстрата) сразу после высева семян или полив рассады под корень через 14 дней после высева семян 0,15%-й рабочей жидкостью",1,1,III,500
fitoftoroz,фитофтороз,болезнь,tomat,томат,previkur-enerdzhi,Превикур Энерджи,фунгицид,019-02-3930-1,08.01.2033,30 мл/20 лводы,15 мл,"Полив растений под корень 0,15%-й рабочей жидкостью через 2-3 дня после высадки рассады на постоянное место, последующие поливы –с интервалом 14 дней",1,5,III,500
fitoftoroz,фитофтороз,болезнь,tomat,томат,provizor,Провизор,фунгицид,046-02-5073-1,09.03.2030,8-10 мл/10 лводы,8–10 мл,"Опрыскивание в период вегетации: первое – профилактическое после цветения 1-2 кистей, последующее – с интервалом 7-14 дней",10,2,III,362
fitoftoroz,фитофтороз,болезнь,tomat,томат,profit-gold,Профит Голд,фунгицид,012-02-2111-1,05.02.2029,6 г/10 лводы,6 г,"Опрыскивание в период вегетации: первое – профилактическое, последующие с интервалом – 8-12 дней",14,4,III,619
fitoftoroz,фитофтороз,болезнь,tomat,томат,revus,Ревус,фунгицид,041-02-3558-1,21.03.2032,5-6 мл/5 лводы,10–12 мл,"Опрыскивание в период вегетации: первое опрыскивание – профилактическое, последующие – с интервалом 7-14 дней",5,4,III,451
fitoftoroz,фитофтороз,болезнь,tomat,томат,sanitar,Санитар,фунгицид,126-02-3620-1,12.04.2032,6 г/10 л воды,6 г,"Опрыскивание в период вегетации: первое – профилактическое, последующие с интервалом 8-12 дней",14,4,III,661
fitoftoroz,фитофтороз,болезнь,tomat,томат,silar,Силар,фунгицид,008-02-3711-1,07.06.2032,20 мл/л воды,200 мл,Опрыскивание в фазах: начало цветения – плодообразования с интервалом 10 – 14 дней,12,3,III,498
fitoftoroz,фитофтороз,болезнь,tomat,томат,spayk,Спайк,фунгицид,021-02-9687-0,23.11.2028,20-25,,"Опрыскивание растений в период вегетации: первое – профилактическое, последующие с интервалом 7-10 дней.",28,4,III,503
fitoftoroz,фитофтороз,болезнь,tomat,томат,stakkato,Стаккато,фунгицид,018-02-10081-1,17.08.2036,50 мл/2-4 лводы,,Опрыскивание в период вегетации с интервалом 10-14 дней.,,4,III,296
fitoftoroz,фитофтороз,болезнь,tomat,томат,tanos-ka,Танос КА,фунгицид,866-02-4725-0,25.11.2027,6 г/10 л воды,6 г,"Опрыскивание в период вегетации: первое – профилактическое, последующие – с интервалом 8-12 дней.",14,4,III,620
fitoftoroz,фитофтороз,болезнь,tomat,томат,trihodermaveride-471,ТриходермаВериде 471,фунгицид,008-02-1364-1,01.02.2027,30 г/10 лводы,30 г,Опрыскивание в период бутонизация - плодоношение,,1,III,354
fitoftoroz,фитофтороз,болезнь,tomat,томат,trihodermaveride-471,ТриходермаВериде 471,фунгицид,008-02-1364-1,01.02.2027,30 г/10 лводы,30 г,Опрыскивание в период бутонизация – плодоношение,,1,III,355
fitoftoroz,фитофтороз,болезнь,tomat,томат,famoks,Фамокс,фунгицид,097-02-2528-1,30.01.2030,6 г/10 л воды,6 г,"Опрыскивание в период вегетации: первое – профилактическое, последующие – с интервалом 8-12 дней",14,4,III,618
fitoftoroz,фитофтороз,болезнь,tomat,томат,fitobakterin,Фитобактерин+,фунгицид,033-02-3523-1,13.03.2032,20 г/20 л,10 г,Опрыскивание в период вегетации с интервалом 5-10 дней,5,2,III,307
fitoftoroz,фитофтороз,болезнь,tomat,томат,fitosporin-as,Фитоспорин-АС,фунгицид,585-02-3649-1,21.04.2032,30 мл/10 лводы,30 мл,"Опрыскивание в период вегетации: первое – профилактическое сразу после посадки, последующие – с интервалом 15 дней",4,,III,335
fitoftoroz,фитофтороз,болезнь,tomat,томат,fitosporin-as,Фитоспорин-АС,фунгицид,585-02-3649-1,21.04.2032,3 мл/кг семян,,Предпосевное замачивание семян в течение 1-2 часов с последующей обработкой по вегетации,,1,III,335
fitoftoroz,фитофтороз,болезнь,tomat,томат,fitosporin-as,Фитоспорин-АС,фунгицид,585-02-3649-1,21.04.2032,60 мл/10 лводы,60 мл,Полив в лунку рабочей жидкостью при высадке рассады на постоянное место,,1,III,336
fitoftoroz,фитофтороз,болезнь,tomat,томат,fitosporin-as,Фитоспорин-АС,фунгицид,585-02-3649-1,21.04.2032,30 мл/10 лводы,30 мл,"Опрыскивание в период вегетации: первое -профилактическое, последующие - с интервалом 10-15 дней",,4,III,336
fitoftoroz,фитофтороз,болезнь,tomat,томат,fitosporin-m,Фитоспорин-М,фунгицид,016-02-2491-1,04.11.2029,10 мл/10-15 лводы,,"Опрыскивание растений в период вегетации: первое -профилактическое, последующие – с интервалом 10-15 дней",,2,III,315
fitoftoroz,фитофтороз,болезнь,tomat,томат,fitosporin-m,Фитоспорин-М,фунгицид,016-02-2490-1,04.12.2029,5 г/5 л воды,10 г,"Опрыскивание в период вегетации: первое – профилактическое, последующее – с интервалом 10-15 дней",,2,III,317
fitoftoroz,фитофтороз,болезнь,tomat,томат,fitosporin-m,Фитоспорин-М,фунгицид,016-02-2490-1,04.12.2029,5 г/10-15 лводы,,"Опрыскивание в период вегетации: первое – профилактическое, последующее – с интервалом 10-15 дней",,2,III,317
fitoftoroz,фитофтороз,болезнь,tomat,томат,fitosporin-m,Фитоспорин-М,фунгицид,016-02-2489-1,04.12.2029,2 г/5 л воды,4 г,"Опрыскивание в период вегетации: первое – профилактическое, последующее – с интервалом 10-15 дней",,2,III,319
fitoftoroz,фитофтороз,болезнь,tomat,томат,fitosporin-m,Фитоспорин-М,фунгицид,016-02-2489-1,04.12.2029,2 г/10-15 лводы,,"Опрыскивание в период вегетации: первое профилактическое, последующие – с интервалом 10-15 дней",,2,III,319
fitoftoroz,фитофтороз,болезнь,tomat,томат,hom,Хом,фунгицид,046-02-5033-1,29.03.2028,40 г/10 лводы,40 г,"Опрыскивание растений в период вегетации 0,4 %-м рабочим раствором с интервалом 7-10 дней.",5,4,III,472
fitoftoroz,фитофтороз,болезнь,tomat,томат,tselitel,Целитель,фунгицид,175-02-1534-1,27.07.2027,6 г/10 л воды,6 г,"Опрыскивание: в период вегетации: первое – профилактическое, последующие – с интервалом 8-12 дней",14,4,III,661
fitoftoroz,фитофтороз,болезнь,yablonya,яблоня,fitosporin-m,Фитоспорин-М,фунгицид,016-02-2491-1,04.11.2029,20 мл/10 лводы,20 мл,Опрыскивание плодоносящих деревьев за сутки или в день снятия плодов,,1,III,316
fitoftoroz,фитофтороз,болезнь,yablonya,яблоня,fitosporin-m,Фитоспорин-М,фунгицид,016-02-2491-1,04.11.2029,100 мл/лводы,,Обработка плодов перед закладкой на хранение с последующим просушиванием,,1,III,316
fomoz,фомоз,болезнь,kapusta,капуста,ralli,Ралли,фунгицид,021-02-9607-0,30.09.2028,10-15 мл/3 лводы,"33,3–50 мл","Опрыскивание в период вегетации: первое - при появлении первых признаков болезни, последующие при необходимости с интервалом 7-12 дней.",21,3,III,388
fomoz,фомоз,болезнь,kapusta,капуста,stakkato,Стаккато,фунгицид,018-02-10081-1,17.08.2036,50 мл/2-4 лводы,,"Опрыскивание в период вегетации, последнее – за 10 дней до уборки урожая.",,4,III,297
fomoz,фомоз,болезнь,kartofel,картофель,vist-shashki-nasypnye,"Вист, шашки насыпные",фунгицид,295-02-4972-1,24.07.2035,"5 г/25 м3 0,01",,Фумигация после загрузки на хранение,7,1,I,589
fomoz,фомоз,болезнь,kartofel,картофель,kagatnik,Кагатник,фунгицид,018-02-3295-1,16.09.2031,25-40 мл/1 лводы,250–400 мл,Обработка клубней картофеля перед закладкой на хранение,,1,III,382
fomoz,фомоз,болезнь,kartofel,картофель,sinkler,Синклер,фунгицид,021-02-2593-1,23.05.2024,20 мл/ 1 лводы,200 мл,Обработка клубней семенного картофеля перед закладкой на хранение с последующим подсушиванием,,1,-,631
fomoz,фомоз,болезнь,kartofel,картофель,stakkato,Стаккато,фунгицид,018-02-10081-1,17.08.2036,30 мл/30 мл воды,,Обработка при закладке на хранение.,,1,III,297
fomoz,фомоз,болезнь,kartofel,картофель,fitosporin-m,Фитоспорин-М,фунгицид,016-02-2491-1,04.11.2029,100 мл/лводы,,Обработка клубней перед закладкой на хранение с последующим просушиванием,,1,III,314
fomoz,фомоз,болезнь,morkov,морковь,ralli,Ралли,фунгицид,021-02-9607-0,30.09.2028,10-12 мл/3 лводы,"33,3–40 мл","Опрыскивание в период вегетации: первое – при появлении первых признаков болезни, последующее при необходимости через 7-12 дней.",21,2,III,388
fomoz,фомоз,болезнь,morkov,морковь,stakkato,Стаккато,фунгицид,018-02-10081-1,17.08.2036,30 мл/30 мл воды,,Обработка при закладке на хранение.,,1,III,297
fomoz,фомоз,болезнь,morkov,морковь,fitosporin-m,Фитоспорин-М,фунгицид,016-02-2491-1,04.11.2029,100 мл/лводы,,Обработка корнеплодов перед закладкой на хранение с последующим просушиванием,,1,III,315
fomoz,фомоз,болезнь,pogreba-i-podvaly,погреба и подвалы,vist-shashki-nasypnye,"Вист, шашки насыпные",фунгицид,295-02-4972-1,24.07.2035,"5 г/25 м3 0,01",,Фумигация после загрузки на хранение,7,1,I,589
fomoz,фомоз,болезнь,svekla,свекла,stakkato,Стаккато,фунгицид,018-02-10081-1,17.08.2036,30 мл/30 мл воды,,Обработка при закладке на хранение.,,1,III,298
fomoz,фомоз,болезнь,sklady-i-zernohranilischa,склады и зернохранилища,vist-shashki-nasypnye,"Вист, шашки насыпные",фунгицид,295-02-4972-1,24.07.2035,"5 г/25 м3 0,01",,Фумигация после загрузки на хранение,7,1,I,589
fomoz,фомоз,болезнь,yablonya,яблоня,gekata,Геката,фунгицид,021-02-3255-1,04.08.2031,6 мл/10 лводы,6 мл,Опрыскивание в период созревания плодов,40,2,III,410
fuzarioz,фузариоз,болезнь,goroh-fasol,горох / фасоль,fitosporin-as,Фитоспорин-АС,фунгицид,585-02-3649-1,21.04.2032,15 мл/10 лводы,15 мл,Опрыскивание в период вегетации,,1,III,335
fuzarioz,фузариоз,болезнь,kapusta,капуста,stakkato,Стаккато,фунгицид,018-02-10081-1,17.08.2036,30 мл/30 мл воды,,Обработка при закладке на хранение.,,1,III,297
fuzarioz,фузариоз,болезнь,kapusta,капуста,fitosporin-m,Фитоспорин-М,фунгицид,016-02-2491-1,04.11.2029,3 мл/л воды,30 мл,Замачивание семян перед посевом в течение 1-2 часов с последующим просушиванием в тени,,1,III,315
fuzarioz,фузариоз,болезнь,kapusta,капуста,fitosporin-m,Фитоспорин-М,фунгицид,016-02-2491-1,04.11.2029,4 мл/л воды,40 мл,Погружение корней рассады в рабочий раствор препарата на 1-2 часа перед высадкой в грунт,,1,III,315
fuzarioz,фузариоз,болезнь,kapusta,капуста,fitosporin-m,Фитоспорин-М,фунгицид,016-02-2491-1,04.11.2029,10-15 мл/5 лводы,20–30 мл,Опрыскивание растений через 7-10 дней после высадки в грунт и повторно через 2-3 недели,,2,III,315
fuzarioz,фузариоз,болезнь,kapusta,капуста,fitosporin-m,Фитоспорин-М,фунгицид,016-02-2490-1,04.12.2029,"1,5 г/л воды",15 г,Предпосевное замачивание семян в суспензии препарата в течение 1-2 часов с последующим просушиванием в тени,,1,III,318
fuzarioz,фузариоз,болезнь,kapusta,капуста,fitosporin-m,Фитоспорин-М,фунгицид,016-02-2490-1,04.12.2029,2-3 г/л воды,20–30 г,Погружение корней рассады в суспензию препарата в течение 1-2 часов перед высадкой в грунт,,1,III,318
fuzarioz,фузариоз,болезнь,kapusta,капуста,fitosporin-m,Фитоспорин-М,фунгицид,016-02-2490-1,04.12.2029,6-8 г/5 лводы,12–16 г,Опрыскивание растений через 7-10 дней после высадки в грунт и повторно через 2-3 недели,,2,III,318
fuzarioz,фузариоз,болезнь,kapusta,капуста,fitosporin-m,Фитоспорин-М,фунгицид,016-02-2489-1,04.12.2029,"0,4 г/л воды",4 г,Предпосевное замачивание семян в течение 1-2 часов с последующим просушиванием в тени,,1,III,320
fuzarioz,фузариоз,болезнь,kapusta,капуста,fitosporin-m,Фитоспорин-М,фунгицид,016-02-2489-1,04.12.2029,"0,6 г/ л воды",6 г,Погружение корней рассады в суспензию препарата на 1-2 часа перед высадкой в грунт,,1,III,320
fuzarioz,фузариоз,болезнь,kapusta,капуста,fitosporin-m,Фитоспорин-М,фунгицид,016-02-2489-1,04.12.2029,2 г/5 л воды,4 г,Опрыскивание рассады через 7-10 дней после высадки в грунт и повторно через 2-3 недели,,2,III,320
fuzarioz,фузариоз,болезнь,kartofel,картофель,vist-shashki-nasypnye,"Вист, шашки насыпные",фунгицид,295-02-4972-1,24.07.2035,"5 г/25 м3 0,01",,Фумигация после загрузки на хранение,7,1,I,589
fuzarioz,фузариоз,болезнь,kartofel,картофель,depozit,Депозит,фунгицид,018-02-1860-1,09.04.2028,25-40 мл/лводы,250–400 мл,Обработка клубней перед посадкой,,1,-,634
fuzarioz,фузариоз,болезнь,kartofel,картофель,depozit-suprim,Депозит Суприм,фунгицид,018-02-3824-1,01.03.2024,25-40 мл/лводы,250–400 мл,Обработка клубней перед посадкой,,1,-,635
fuzarioz,фузариоз,болезнь,kartofel,картофель,kagatnik,Кагатник,фунгицид,018-02-3295-1,16.09.2031,25-40 мл/1 лводы,250–400 мл,Обработка клубней картофеля перед закладкой на хранение,,1,III,382
fuzarioz,фузариоз,болезнь,kartofel,картофель,kagatnik,Кагатник,фунгицид,018-02-3295-1,16.09.2031,50-80 мл/1 лводы,500–800 мл,Обработка клубней перед посадкой,,1,III,382
fuzarioz,фузариоз,болезнь,kartofel,картофель,sinkler,Синклер,фунгицид,021-02-2593-1,23.05.2024,20 мл/ 1 лводы,200 мл,Обработка клубней перед посадкой,,1,-,631
fuzarioz,фузариоз,болезнь,kartofel,картофель,sinkler,Синклер,фунгицид,021-02-2593-1,23.05.2024,20 мл/ 1 лводы,200 мл,Обработка клубней семенного картофеля перед закладкой на хранение с последующим подсушиванием,,1,-,631
fuzarioz,фузариоз,болезнь,kartofel,картофель,stakkato,Стаккато,фунгицид,018-02-10081-1,17.08.2036,30 мл/30 мл воды,,Обработка при закладке на хранение.,,1,III,297
fuzarioz,фузариоз,болезнь,kartofel,картофель,fitosporin-m,Фитоспорин-М,фунгицид,016-02-2491-1,04.11.2029,100 мл/лводы,,Обработка клубней перед закладкой на хранение с последующим просушиванием,,1,III,314
fuzarioz,фузариоз,болезнь,luk,лук,stakkato,Стаккато,фунгицид,018-02-10081-1,17.08.2036,30 мл/30 мл воды,,Обработка при закладке на хранение.,,1,III,298
fuzarioz,фузариоз,болезнь,morkov,морковь,ralli,Ралли,фунгицид,021-02-9607-0,30.09.2028,10-12 мл/3 лводы,"33,3–40 мл","Опрыскивание в период вегетации: первое – при появлении первых признаков болезни, последующее при необходимости через 7-12 дней.",21,2,III,388
fuzarioz,фузариоз,болезнь,ogurets,огурец,bakterra,Бактерра,фунгицид,008-02-2339-1,25.07.2029,10-20 г/10 лводы,10–20 г,Опрыскивание в период вегетации с интервалом 20-30 дней,,2,III,304
fuzarioz,фузариоз,болезнь,ogurets,огурец,bakterra,Бактерра,фунгицид,008-02-2339-1,25.07.2029,10-20 г/10 лводы,10–20 г,Опрыскивание в период вегетации с интервалом 20-30 дней,,2,III,305
fuzarioz,фузариоз,болезнь,ogurets,огурец,gliokladin,Глиокладин,фунгицид,139-02-2260-1,02.05.2029,1 таб./лунку,,Внесение в почву вручную или с помощью дозатора на глубину не менее 1 см при посеве или высадке рассады,,1,III,346
fuzarioz,фузариоз,болезнь,ogurets,огурец,fitosporin-as,Фитоспорин-АС,фунгицид,585-02-3649-1,21.04.2032,4 мл/кг семян,,Предпосевное замачивание семян в течение 1-2 часов,,1,III,335
fuzarioz,фузариоз,болезнь,ogurets,огурец,fitosporin-as,Фитоспорин-АС,фунгицид,585-02-3649-1,21.04.2032,40 мл/10 лводы,40 мл,Полив в фазу 3-4 настоящих листьев,,1,III,335
fuzarioz,фузариоз,болезнь,ogurets,огурец,fitosporin-as,Фитоспорин-АС,фунгицид,585-02-3649-1,21.04.2032,4 мл/кг семян,,Предпосевное замачивание семян в суспензии препарата в течение 1-2 часов с последующей обработкой по вегетации,,1,III,335
fuzarioz,фузариоз,болезнь,ogurets,огурец,fitosporin-as,Фитоспорин-АС,фунгицид,585-02-3649-1,21.04.2032,60 мл/10 лводы,60 мл,"Полив в лунку при высадке рассады на постоянное место, повторный - под корень с интервалом в 2 недели",,2,III,335
fuzarioz,фузариоз,болезнь,ogurets,огурец,fitosporin-m,Фитоспорин-М,фунгицид,016-02-2491-1,04.11.2029,3 мл/л воды,30 мл,Замачивание семян перед посевом в течение 1-2 часов с последующим просушиванием в тени,,1,III,315
fuzarioz,фузариоз,болезнь,ogurets,огурец,fitosporin-m,Фитоспорин-М,фунгицид,016-02-2491-1,04.11.2029,3 мл/л воды,30 мл,Замачивание семян перед посевом в течение 1-2 часов с последующим просушиванием в тени,,1,III,315
fuzarioz,фузариоз,болезнь,ogurets,огурец,fitosporin-m,Фитоспорин-М,фунгицид,016-02-2491-1,04.11.2029,40-50 мл/10 лводы,40–50 мл,"Полив в лунку 0,4-0,5 % рабочей жидкостью при высадке рассады на постоянное место, повторный – под корень с интервалом 3 недели",,2,III,315
fuzarioz,фузариоз,болезнь,ogurets,огурец,fitosporin-m,Фитоспорин-М,фунгицид,016-02-2490-1,04.12.2029,"1,5 г/л",15 г,Предпосевное замачивание семян в суспензии препарата в течение 1-2 часов с последующим просушиванием в тени,,1,III,317
fuzarioz,фузариоз,болезнь,ogurets,огурец,fitosporin-m,Фитоспорин-М,фунгицид,016-02-2490-1,04.12.2029,"1,5 г/л воды",15 г,Предпосевное замачивание семян в суспензии в течение 1-2 часов с последующим просушиванием в тени,,1,III,317
fuzarioz,фузариоз,болезнь,ogurets,огурец,fitosporin-m,Фитоспорин-М,фунгицид,016-02-2490-1,04.12.2029,20 г/10 лводы,20 г,"Полив в лунку 0,2%-й рабочей жидкостью при высадке рассады на постоянное место, повторный – под корень с интервалом 3 недели",,2,III,317
fuzarioz,фузариоз,болезнь,ogurets,огурец,fitosporin-m,Фитоспорин-М,фунгицид,016-02-2489-1,04.12.2029,"0,4 г/л воды",4 г,Предпосевное замачивание семян в течение 1-2 часов с последующим просушиванием в тени,,1,III,319
fuzarioz,фузариоз,болезнь,ogurets,огурец,fitosporin-m,Фитоспорин-М,фунгицид,016-02-2489-1,04.12.2029,"0,4 г/л воды",4 г,Предпосевное замачивание семян в течение 1-2 часов с последующим просушиванием в тени,,1,III,319
fuzarioz,фузариоз,болезнь,ogurets,огурец,fitosporin-m,Фитоспорин-М,фунгицид,016-02-2489-1,04.12.2029,5 г/10 л воды,5 г,"Полив в лунку 0,05% рабочей жидкостью при высадке рассады на постоянное место, повторный – под корень с интервалом 3 недели",,2,III,319
fuzarioz,фузариоз,болезнь,pogreba-i-podvaly,погреба и подвалы,vist-shashki-nasypnye,"Вист, шашки насыпные",фунгицид,295-02-4972-1,24.07.2035,"5 г/25 м3 0,01",,Фумигация после загрузки на хранение,7,1,I,589
fuzarioz,фузариоз,болезнь,sklady-i-zernohranilischa,склады и зернохранилища,vist-shashki-nasypnye,"Вист, шашки насыпные",фунгицид,295-02-4972-1,24.07.2035,"5 г/25 м3 0,01",,Фумигация после загрузки на хранение,7,1,I,589
fuzarioz,фузариоз,болезнь,tomat,томат,bakterra,Бактерра,фунгицид,008-02-2339-1,25.07.2029,10-20 г/10 лводы,10–20 г,Опрыскивание в период вегетации с интервалом 20-30 дней,,2,III,304
fuzarioz,фузариоз,болезнь,tomat,томат,bakterra,Бактерра,фунгицид,008-02-2339-1,25.07.2029,10-20 г/10 лводы,10–20 г,Опрыскивание в период вегетации с интервалом 20-30 дней,,2,III,305
fuzarioz,фузариоз,болезнь,tomat,томат,gliokladin,Глиокладин,фунгицид,139-02-2260-1,02.05.2029,1 таб./лунку,,Внесение в почву вручную или с помощью дозатора на глубину не менее 1 см при посеве или высадке рассады,,1,III,346
fuzarioz,фузариоз,болезнь,tomat,томат,fitosporin-as,Фитоспорин-АС,фунгицид,585-02-3649-1,21.04.2032,3 мл/кг семян,,Предпосевное замачивание семян в течение 1-2 часов с последующей обработкой по вегетации,,1,III,335
fuzarioz,фузариоз,болезнь,tomat,томат,fitosporin-as,Фитоспорин-АС,фунгицид,585-02-3649-1,21.04.2032,60 мл/10 лводы,60 мл,Полив в лунку рабочей жидкостью при высадке рассады на постоянное место,,1,III,336
fuzarioz,фузариоз,болезнь,tomat,томат,fitosporin-m,Фитоспорин-М,фунгицид,016-02-2491-1,04.11.2029,3 мл/л воды,30 мл,Замачивание семян перед посевом в течение 1-2 часов с последующим просушиванием в тени,,1,III,314
fuzarioz,фузариоз,болезнь,tomat,томат,fitosporin-m,Фитоспорин-М,фунгицид,016-02-2491-1,04.11.2029,40-50 мл/10 лводы,40–50 мл,"Полив в лунку 0,4-0,5% рабочей жидкостью при высадке рассады на постоянное место",,1,III,315
fuzarioz,фузариоз,болезнь,tomat,томат,fitosporin-m,Фитоспорин-М,фунгицид,016-02-2490-1,04.12.2029,"1,5 г/л воды",15 г,Предпосевное замачивание семян в течение 1-2 часов с последующим просушиванием в тени,,1,III,317
fuzarioz,фузариоз,болезнь,tomat,томат,fitosporin-m,Фитоспорин-М,фунгицид,016-02-2490-1,04.12.2029,20 г/10 лводы,20 г,"Полив в лунку 0,2%-й рабочей жидкостью при высадке рассады на постоянное место",,1,III,317
fuzarioz,фузариоз,болезнь,tsvety,цветы (общее),sinkler,Синклер,фунгицид,021-02-2593-1,23.05.2024,1 мл/1 л воды,10 мл,"Обработка посадочного материала путём погружения в 0,1 % рабочий раствор с экспозицией 30 минут и последующим просушиванием",,1,-,631
fuzarioz,фузариоз,болезнь,yablonya,яблоня,gekata,Геката,фунгицид,021-02-3255-1,04.08.2031,6 мл/10 лводы,6 мл,Опрыскивание в период созревания плодов,40,2,III,410
tsvetoed,цветоед,вредитель,grusha,груша,karbotsin,Карбоцин,инсектицид,441-01-1513-1,30.05.2027,1 таб./10 лводы,1 таб,Опрыскивание в период вегетации,30,2,I,289
tsvetoed,цветоед,вредитель,yablonya,яблоня,batrayder,Батрайдер,инсектицид,021-01-2591-1,12.03.2030,2 мл/10 лводы,2 мл,Опрыскивание в период вегетации (в зависимости от возраста и объема кроны),20,1,I,63
tsvetoed,цветоед,вредитель,yablonya,яблоня,biotlin,Биотлин,инсектицид,021-01-2767-1,15.07.2030,"3,0 мл/10 лводы",3 мл,Опрыскивание до цветения,60,1,I,143
tsvetoed,цветоед,вредитель,yablonya,яблоня,imiprid-duo,Имиприд Дуо,инсектицид,002-01-10053-0,28.07.2029,2 мл/10 лводы,2 мл,Опрыскивание в период вегетации.,30,2,I,172
tsvetoed,цветоед,вредитель,yablonya,яблоня,karachar,Карачар,инсектицид,018-01-3146-1,17.05.2031,"1,0-1,5 мл/10 л воды","1–1,5 мл",Опрыскивание в период обособления бутонов (в зависимости от объема кроны),21,2,I,196
tsvetoed,цветоед,вредитель,yablonya,яблоня,karbotsin,Карбоцин,инсектицид,441-01-1513-1,30.05.2027,1 таб./10 лводы,1 таб,Опрыскивание в период вегетации,30,2,I,289
tsvetoed,цветоед,вредитель,yablonya,яблоня,tvingo,Твинго,инсектицид,018-01-1919-1,20.05.2028,10 мл/10 лводы,10 мл,Опрыскивание в период обособления бутонов (в зависимости от объема кроны),20,2,I,136
tsvetoed,цветоед,вредитель,yablonya,яблоня,tvingo-evro,Твинго Евро,инсектицид,018-01-3283-1,02.09.2031,10 мл/10 лводы,10 мл,Опрыскивание в период обособления бутонов (в зависимости от объема кроны),28,2,III,135
tserkosporoz,церкоспороз,болезнь,saharnaya-svekla,сахарная свекла,abiga-pik,Абига-Пик,фунгицид,407-02-1316-1,25.12.2026,50 г/10 лводы,50 г,Опрыскивание в период вегетации,20,3,III,654
tsikadki,цикадки,вредитель,vinograd,виноград,akardo,Акардо,инсектицид,018-01-2796-1,13.09.2030,4 мл/10 лводы,4 мл,Опрыскивание в период вегетации,28,2,III,243
tsikadki,цикадки,вредитель,vinograd,виноград,akardo,Акардо,инсектицид,018-01-2796-1,13.09.2030,4 мл/10 лводы,4 мл,Опрыскивание в период вегетации,28,2,III,243
tsikadki,цикадки,вредитель,vinograd,виноград,bitoksibatsillin,Битоксибациллин,инсектицид,034-01-2881-1,17.11.2030,60-80 г/10 лводы,60–80 г,Опрыскивание в период вегетации с интервалом 8-10 дней,5,2,III,26
tsikadki,цикадки,вредитель,vinograd,виноград,matrinbio,МатринБио,инсектицид,021-01-2672-1,12.05.2030,10-15 мл/10 лводы,10–15 мл,Опрыскивание в период вегетации (в зависимости от возраста и типа формирования куста),3,3,III,222
tsikadki,цикадки,вредитель,kartofel,картофель,movento-enerdzhi,Мовенто Энерджи,инсектицид,019-01-1232-1,18.09.2026,5 мл/3 л воды,"16,7 мл",Опрыскивание в период вегетации,7,2,I,173
tsikadki,цикадки,вредитель,tsvety,цветы (общее),biotlin,Биотлин,инсектицид,021-01-2767-1,15.07.2030,5 мл/10 лводы,5 мл,Опрыскивание в период вегетации,,1,I,143
tsikadki,цикадки,вредитель,tsvety,цветы (общее),iskra-zolotaya-prosto,Искра Золотая Просто,инсектицид,046-01-5041-1,18.06.2030,"1,0 л/10 м2",,Опрыскивание в период вегетации при появлении вредителей. Флакон с куроковым распылителем с готовым рабочим раствором,,2,I,158
tsikadki,цикадки,вредитель,tsvety,цветы (общее),tsvetolyuks-bau,Цветолюкс Бау,инсектицид,021-01-2420-1,07.10.2029,700 мл/7м2,,Опрыскивание в период вегетации при появлении вредителей. Флакон с курковым распылителем с готовым рабочим раствором,,2,I,148
tsikadki,цикадки,вредитель,tsvety,цветы (общее),tsvetolyuks-bau,Цветолюкс Бау,инсектицид,021-01-2420-1,07.10.2029,700 мл/7м2,,Опрыскивание в период вегетации при появлении вредителей. Флакон с курковым распылителем с готовым рабочим раствором,,2,I,148
chernaya-nozhka,черная ножка,болезнь,kapusta,капуста,bisolbisan,БисолбиСан,фунгицид,174-02-4328-1,20.12.2033,2 мл/л воды,20 мл,Предпосевное замачивание семян в течение 1-2 часов с последующим просушиванием в тени,,1,III,310
chernaya-nozhka,черная ножка,болезнь,kapusta,капуста,bisolbisan,БисолбиСан,фунгицид,174-02-4328-1,20.12.2033,20-30 мл/10-15 лводы,,"Полив рассады под корень 0,2% рабочим раствором перед высадкой в грунт",,1,III,310
chernaya-nozhka,черная ножка,болезнь,kapusta,капуста,gamair,Гамаир,фунгицид,139-02-2349-1,14.08.2029,1-2 таб./10л,1–2 таб,Полив грунта за 1-3 суток до посева семян,,1,III,332
chernaya-nozhka,черная ножка,болезнь,kapusta,капуста,tetris,Тетрис,фунгицид,101(008)-02-3940-1,09.01.2033,25 г/10 лводы,25 г,"Полив рассады в фазе 2-3-х настоящих листьев с расходом рабочей жидкости 0,3-0,5л/м², повторный полив в лунку при высадке рассады на постоянное место",,2,III,358
chernaya-nozhka,черная ножка,болезнь,kapusta,капуста,trihodermaveride-471,ТриходермаВериде 471,фунгицид,008-02-1364-1,01.02.2027,3 г/10 л воды,3 г,Предпосевное замачивание семян в течение 1-2 часов с последующим просушиванием в тени,,1,III,354
chernaya-nozhka,черная ножка,болезнь,kapusta,капуста,trihodermaveride-471,ТриходермаВериде 471,фунгицид,008-02-1364-1,01.02.2027,25-50 г/10 лводы,25–50 г,"Полив рассады под корень в фазе 2-3-х настоящих листьев, повторный полив в лунку при высадке рассады на постоянное место",,2,III,354
chernaya-nozhka,черная ножка,болезнь,kapusta,капуста,trihodermaveride-471,ТриходермаВериде 471,фунгицид,008-02-1364-1,01.02.2027,25-50 г/10 лводы,25–50 г,"Полив рассады под корень в фазе 2-3-х настоящих листьев, повторный полив в лунку при высадке рассады на постоянное место",,2,III,354
chernaya-nozhka,черная ножка,болезнь,kapusta,капуста,fitosporin-m,Фитоспорин-М,фунгицид,016-02-2491-1,04.11.2029,3 мл/л воды,30 мл,Замачивание семян перед посевом в течение 1-2 часов с последующим просушиванием в тени,,1,III,315
chernaya-nozhka,черная ножка,болезнь,kapusta,капуста,fitosporin-m,Фитоспорин-М,фунгицид,016-02-2491-1,04.11.2029,4 мл/л воды,40 мл,Погружение корней рассады в рабочий раствор препарата на 1-2 часа перед высадкой в грунт,,1,III,315
chernaya-nozhka,черная ножка,болезнь,kapusta,капуста,fitosporin-m,Фитоспорин-М,фунгицид,016-02-2491-1,04.11.2029,10-15 мл/5 лводы,20–30 мл,Опрыскивание растений через 7-10 дней после высадки в грунт и повторно через 2-3 недели,,2,III,315
chernaya-nozhka,черная ножка,болезнь,kapusta,капуста,fitosporin-m,Фитоспорин-М,фунгицид,016-02-2490-1,04.12.2029,"1,5 г/л воды",15 г,Предпосевное замачивание семян в суспензии препарата в течение 1-2 часов с последующим просушиванием в тени,,1,III,318
chernaya-nozhka,черная ножка,болезнь,kapusta,капуста,fitosporin-m,Фитоспорин-М,фунгицид,016-02-2490-1,04.12.2029,2-3 г/л воды,20–30 г,Погружение корней рассады в суспензию препарата в течение 1-2 часов перед высадкой в грунт,,1,III,318
chernaya-nozhka,черная ножка,болезнь,kapusta,капуста,fitosporin-m,Фитоспорин-М,фунгицид,016-02-2490-1,04.12.2029,6-8 г/5 лводы,12–16 г,Опрыскивание растений через 7-10 дней после высадки в грунт и повторно через 2-3 недели,,2,III,318
chernaya-nozhka,черная ножка,болезнь,kapusta,капуста,fitosporin-m,Фитоспорин-М,фунгицид,016-02-2489-1,04.12.2029,"0,4 г/л воды",4 г,Предпосевное замачивание семян в течение 1-2 часов с последующим просушиванием в тени,,1,III,320
chernaya-nozhka,черная ножка,болезнь,kapusta,капуста,fitosporin-m,Фитоспорин-М,фунгицид,016-02-2489-1,04.12.2029,"0,6 г/ л воды",6 г,Погружение корней рассады в суспензию препарата на 1-2 часа перед высадкой в грунт,,1,III,320
chernaya-nozhka,черная ножка,болезнь,kapusta,капуста,fitosporin-m,Фитоспорин-М,фунгицид,016-02-2489-1,04.12.2029,2 г/5 л воды,4 г,Опрыскивание рассады через 7-10 дней после высадки в грунт и повторно через 2-3 недели,,2,III,320
chernaya-nozhka,черная ножка,болезнь,plodovye-derevya,плодовые деревья (общее),alirin-b,Алирин-Б,фунгицид,139-02-2348-1,14.08.2029,1 таб./5 л,2 таб,Полив грунта суспензией препарата перед посевом семян и пикировкой рассады с интервалом 15-20 дней,,2,III,326
chernaya-nozhka,черная ножка,болезнь,plodovye-derevya,плодовые деревья (общее),zdorovaya-zemlya,Здоровая земля,фунгицид,021-02-3505-1,01.03.2032,2 мл/лводы,20 мл,Дезинфекция почвы после высева семян методом полива.,,1,-,445
chernaya-nozhka,черная ножка,болезнь,tsvety,цветы (общее),alirin-b,Алирин-Б,фунгицид,139-02-2348-1,14.08.2029,1 таб./5 л,2 таб,Полив грунта суспензией препарата перед посевом семян и пикировкой рассады с интервалом 15-20 дней,,2,III,326
chernaya-nozhka,черная ножка,болезнь,tsvety,цветы (общее),zdorovaya-zemlya,Здоровая земля,фунгицид,021-02-3505-1,01.03.2032,2 мл/лводы,20 мл,Дезинфекция почвы после высева семян методом полива.,,1,-,445
chernaya-pyatnistost,черная пятнистость,болезнь,vinograd,виноград,abiga-pik,Абига-Пик,фунгицид,407-02-1316-1,25.12.2026,40 г/10 лводы,40 г,Опрыскивание в период вегетации- 10л/100 м2,30,6,III,654
chernaya-pyatnistost,черная пятнистость,болезнь,vinograd,виноград,gekata,Геката,фунгицид,021-02-3255-1,04.08.2031,5-7 мл/ 10 лводы,5–7 мл,"Опрыскивание в пе¬риод вегетации: первая обработка – вес¬ной в фазе бутонизация – цветение, вторая – до смыкания ягод в грозди, дальнейшие обработки с интервалом 10-14 дней",30,4,III,411
chernaya-pyatnistost,черная пятнистость,болезнь,vinograd,виноград,diskor,Дискор,фунгицид,002-02-3369-1,15.11.2031,4 мл/10 лводы,4 мл,"Опрыскивание в период вегетации. Первая обработка – весной в фазе бутонизация – цветение, вторая – до смыкания ягод в грозди, дальнейшие обработки с интервалом 10-14 дней",27,4,III,396
chernaya-pyatnistost,черная пятнистость,болезнь,vinograd,виноград,indigo,Индиго,фунгицид,018-02-2300-1,30.06.2029,40-60 мл/10 лводы,40–60 мл,Опрыскивание в период вегетации – при появлении первых признаков болезней; последующие – с интервалом 7-10 дней,20,4,III,469
chernaya-pyatnistost,черная пятнистость,болезнь,vinograd,виноград,insayd,Инсайд,фунгицид,021-02-3198-1,04.07.2031,9-12 мл/10 лводы,9–12 мл,"Опрыскивание в период вегетации: первое профилактическое до цветения, последующие – с интервалом 10-14 дней",30,3,III,626
chernaya-pyatnistost,черная пятнистость,болезнь,vinograd,виноград,medeya,Медея,фунгицид,018-02-4498-1,31.03.2034,10 мл/10 лводы,10 мл,"Опрыскивание в период вегетации: первое – профилактическое или при появлении первых признаков болезней, последующие с интервалом – 7-10 дней",28,4,III,413
chernaya-pyatnistost,черная пятнистость,болезнь,vinograd,виноград,flo-ti-flu,Фло-Ти-Флу,фунгицид,002-02-10099-0,25.08.2029,10-12 мл/10 лводы,10–12 мл,"Опрыскивание в период вегетации: первое профилактическое до цветения, последующее -с интервалом 10-14 дней.",21,2,III,626
chernaya-pyatnistost,черная пятнистость,болезнь,vinograd,виноград,hom,Хом,фунгицид,046-02-5033-1,29.03.2028,40 г/10 лводы,40 г,"Опрыскивание растений в период вегетации 0,4 %-м рабочим раствором с интервалом 7-10 дней.",43,6,III,472
chernaya-pyatnistost,черная пятнистость,болезнь,vinograd,виноград,shirma,Ширма,фунгицид,018-02-1433-1,29.03.2027,5-7 мл/10 лводы,5–7 мл,"Опрыскивание в период вегетации: первое опрыскивание профилактическое, последующие с интервалом 10-14 дней",20,3,III,623
chernaya-pyatnistost,черная пятнистость,болезнь,vinograd,виноград,shrilank,Шриланк,фунгицид,021-02-4134-1,20.06.2033,"5,0-7,0 мл/10 л воды",5–7 мл,"Опрыскивание в период вегетации: первая обработка весной в фазе бутонизация – цветение, вторая – до смыкания ягод в грозди, дальнейшие обработки с интервалом 10-14 дней",12,4,III,461
chernaya-pyatnistost,черная пятнистость,болезнь,petuniya-odnoletniki,петуния / однолетники,skoryy,Скорый,фунгицид,126-02-3456-1,27.12.2031,2-5 мл/10 лводы,2–5 мл,"Опрыскивание в период вегетации при появлении первых признаков болезней, последующие – с интервалом 14 дней",,4,III,399
chernaya-pyatnistost,черная пятнистость,болезнь,petuniya-odnoletniki,петуния / однолетники,skoryy,Скорый,фунгицид,126-02-3456-1,27.12.2031,2-5 мл/10 лводы,2–5 мл,"Опрыскивание в период вегетации при появлении первых признаков болезней, последующие – с интервалом 14 дней",,4,III,399
chernaya-pyatnistost,черная пятнистость,болезнь,roza,роза,skor,Скор,фунгицид,041-02-4371-0,22.01.2027,5 мл/10 лводы,5 мл,"Опрыскивание в период вегетации при появлении первых признаков болезней, последующие – с интервалом 14 дней.",,4,III,395
chernaya-pyatnistost,черная пятнистость,болезнь,roza,роза,skoryy,Скорый,фунгицид,126-02-3456-1,27.12.2031,2-5 мл/10 лводы,2–5 мл,"Опрыскивание в период вегетации при появлении первых признаков болезней, последующие – с интервалом 14 дней",,4,III,399
chernaya-pyatnistost,черная пятнистость,болезнь,roza,роза,skoryy,Скорый,фунгицид,126-02-3456-1,27.12.2031,2-5 мл/10 лводы,2–5 мл,"Опрыскивание в период вегетации при появлении первых признаков болезней, последующие – с интервалом 14 дней",,4,III,399
chernaya-pyatnistost,черная пятнистость,болезнь,roza,роза,fitosporin-m,Фитоспорин-М,фунгицид,016-02-2490-1,04.12.2029,3 г/10 л воды,3 г,Опрыскивание растений в период вегетации: профилактическое до цветения и повторно через 10-15 дней,,2,III,318
chernaya-pyatnistost,черная пятнистость,болезнь,roza,роза,chistotsvet-bau,Чистоцвет БАУ,фунгицид,021-02-4326-1,19.12.2033,700 мл/7-14 растений,,Опрыскивание в период вегетации готовым рабочим раствором из флакона с курковым распылителем с интервалом 14 дней,,2,III,503
shyutte,шютте,болезнь,lesnye-nasazhdeniya,лесные насаждения,medeya,Медея,фунгицид,018-02-4498-1,31.03.2034,10 мл/10 лводы,10 мл,Опрыскивание в период вегетации с интервалом 3 недели,,3,III,412
shyutte,шютте,болезнь,lesnye-nasazhdeniya,лесные насаждения,medeya,Медея,фунгицид,018-02-4498-1,31.03.2034,10 мл/10 лводы,10 мл,Опрыскивание в период вегетации с интервалом 3 недели,,3,III,413
shyutte,шютте,болезнь,lesnye-nasazhdeniya,лесные насаждения,medeya,Медея,фунгицид,018-02-4498-1,31.03.2034,10 мл/10 лводы,10 мл,Опрыскивание в период вегетации с интервалом 3 недели,,3,III,413
shyutte,шютте,болезнь,lesnye-nasazhdeniya,лесные насаждения,medeya,Медея,фунгицид,018-02-4498-1,31.03.2034,10 мл/10 лводы,10 мл,Опрыскивание поздно осенью перед установлением снежного покрова,,1,III,413
shyutte,шютте,болезнь,lesnye-nasazhdeniya,лесные насаждения,medeya,Медея,фунгицид,018-02-4498-1,31.03.2034,10 мл/10 лводы,10 мл,Опрыскивание поздно осенью перед установлением снежного покрова,,1,III,413
shyutte,шютте,болезнь,hvoynye,"хвойные (туя, ель, можжевельник)",medeya,Медея,фунгицид,018-02-4498-1,31.03.2034,10 мл/10 лводы,10 мл,Опрыскивание в период вегетации с интервалом 3 недели,,3,III,412
shyutte,шютте,болезнь,hvoynye,"хвойные (туя, ель, можжевельник)",medeya,Медея,фунгицид,018-02-4498-1,31.03.2034,10 мл/10 лводы,10 мл,Опрыскивание в период вегетации с интервалом 3 недели,,3,III,413
shyutte,шютте,болезнь,hvoynye,"хвойные (туя, ель, можжевельник)",medeya,Медея,фунгицид,018-02-4498-1,31.03.2034,10 мл/10 лводы,10 мл,Опрыскивание в период вегетации с интервалом 3 недели,,3,III,413
shyutte,шютте,болезнь,hvoynye,"хвойные (туя, ель, можжевельник)",medeya,Медея,фунгицид,018-02-4498-1,31.03.2034,10 мл/10 лводы,10 мл,Опрыскивание поздно осенью перед установлением снежного покрова,,1,III,413
shyutte,шютте,болезнь,hvoynye,"хвойные (туя, ель, можжевельник)",medeya,Медея,фунгицид,018-02-4498-1,31.03.2034,10 мл/10 лводы,10 мл,Опрыскивание поздно осенью перед установлением снежного покрова,,1,III,413
schitovka,щитовка,вредитель,ayva,айва,preparat-30-plyus,Препарат 30 Плюс,инсектицид,089-01-2641-1,05.04.2030,"0,5 л/10 лводы","0,5 л",Опрыскивание до распускания почек весной при температуре не ниже +4 ˚С,,1,III,106
schitovka,щитовка,вредитель,ayva,айва,profilaktin-bio,Профилактин Био,инсектицид,021-01-2703-1,17.06.2030,"0,5 л/10 лводы","0,5 л",Опрыскивание весной до распускания почек при температуре не ниже +4˚С (в зависимости от возраста и объема кроны),,1,III,107
schitovka,щитовка,вредитель,ayva,айва,profilaktin-layt,Профилактин Лайт,инсектицид,021-01-2322-1,23.07.2029,"0,5 л/10 лводы","0,5 л",Опрыскивание весной до распускания почек при температуре не ниже +40С (в зависимости от возраста и объема кроны),,1,III,105
schitovka,щитовка,вредитель,vinograd,виноград,preparat-30-plyus,Препарат 30 Плюс,инсектицид,089-01-2641-1,05.04.2030,"0,5 л/10 лводы","0,5 л",Опрыскивание до распускания почек весной,,1,III,107
schitovka,щитовка,вредитель,vinograd,виноград,profilaktin-bio,Профилактин Био,инсектицид,021-01-2703-1,17.06.2030,"0,5 л/10 лводы","0,5 л",Опрыскивание весной до распускания почек при температуре не ниже +4˚С (в зависимости от возраста и типа формировки куста),,1,III,107
schitovka,щитовка,вредитель,vinograd,виноград,profilaktin-layt,Профилактин Лайт,инсектицид,021-01-2322-1,23.07.2029,"0,5 л/10 лводы","0,5 л",Опрыскивание весной до распускания почек при температуре не ниже +40С (в зависимости от возраста и объема кроны),,1,III,106
schitovka,щитовка,вредитель,vishnya-chereshnya,вишня / черешня,preparat-30-plyus,Препарат 30 Плюс,инсектицид,089-01-2641-1,05.04.2030,"0,5 л/10 лводы","0,5 л",Опрыскивание до распускания почек весной при температуре не ниже +4 ˚С,,1,III,106
schitovka,щитовка,вредитель,vishnya-chereshnya,вишня / черешня,profilaktin-bio,Профилактин Био,инсектицид,021-01-2703-1,17.06.2030,"0,5 л/10 лводы","0,5 л",Опрыскивание весной до распускания почек при температуре не ниже +4˚С (в зависимости от возраста и объема кроны),,1,III,107
schitovka,щитовка,вредитель,vishnya-chereshnya,вишня / черешня,profilaktin-bio,Профилактин Био,инсектицид,021-01-2703-1,17.06.2030,"0,5 л/10 лводы","0,5 л",Опрыскивание весной до распускания почек при температуре не ниже +4˚С (в зависимости от возраста и типа формировки куста),,1,III,107
schitovka,щитовка,вредитель,vishnya-chereshnya,вишня / черешня,profilaktin-layt,Профилактин Лайт,инсектицид,021-01-2322-1,23.07.2029,"0,5 л/10 лводы","0,5 л",Опрыскивание весной до распускания почек при температуре не ниже +40С (в зависимости от возраста и объема кроны),,1,III,105
schitovka,щитовка,вредитель,grusha,груша,preparat-30-plyus,Препарат 30 Плюс,инсектицид,089-01-2641-1,05.04.2030,"0,5 л/10 лводы","0,5 л",Опрыскивание до распускания почек весной при температуре не ниже +4 ˚С,,1,III,106
schitovka,щитовка,вредитель,grusha,груша,profilaktin-bio,Профилактин Био,инсектицид,021-01-2703-1,17.06.2030,"0,5 л/10 лводы","0,5 л",Опрыскивание весной до распускания почек при температуре не ниже +4˚С (в зависимости от возраста и объема кроны),,1,III,107
schitovka,щитовка,вредитель,grusha,груша,profilaktin-layt,Профилактин Лайт,инсектицид,021-01-2322-1,23.07.2029,"0,5 л/10 лводы","0,5 л",Опрыскивание весной до распускания почек при температуре не ниже +40С (в зависимости от возраста и объема кроны),,1,III,105
schitovka,щитовка,вредитель,komnatnye-rasteniya,комнатные растения (общее),arkana,Аркана,инсектицид,012-01-5025-1,08.06.2033,1 мл/10 лводы,1 мл,Полив почвы под растениями в период вегетации,,1,I,250
schitovka,щитовка,вредитель,komnatnye-rasteniya,комнатные растения (общее),doktor,Доктор,инсектицид,012-01-1444-1,06.04.2027,2-5 брикетов/горшок,,Внесение брикетов под растения с неодревесневшими стеблями высотой до 30-40 см на расстоянии 2-3 см от стебля в предварительно политую водой почву,,1,-,247
schitovka,щитовка,вредитель,komnatnye-rasteniya,комнатные растения (общее),iskra-zolotaya,Искра Золотая,инсектицид,046-01-5042-1,29.06.2030,¼ таблетки/2 л почвы,,Внесение таблетки под растения с неодревесневшими стеблями высотой не более 30-40 см на расстоянии 2-3 см от стебля в предварительно пролитую водой почву,,1,III,158
schitovka,щитовка,вредитель,limon-tsitrusy,комнатные: лимон / цитрусы,preparat-30-plyus,Препарат 30 Плюс,инсектицид,089-01-2641-1,05.04.2030,"0,5 л/10 лводы","0,5 л",Опрыскивание в период относительного покоя культуры при температуре не ниже +4 ˚С,,1,III,107
schitovka,щитовка,вредитель,kryzhovnik,крыжовник,preparat-30-plyus,Препарат 30 Плюс,инсектицид,089-01-2641-1,05.04.2030,"0,5 л/10 лводы","0,5 л",Опрыскивание до распускания почек весной при температуре не ниже +4 ˚С,,1,III,107
schitovka,щитовка,вредитель,kryzhovnik,крыжовник,profilaktin-bio,Профилактин Био,инсектицид,021-01-2703-1,17.06.2030,"0,5 л/10 лводы","0,5 л",Опрыскивание весной до распускания почек при температуре не ниже +4˚С (в зависимости от возраста и типа формировки куста),,1,III,107
schitovka,щитовка,вредитель,kryzhovnik,крыжовник,profilaktin-layt,Профилактин Лайт,инсектицид,021-01-2322-1,23.07.2029,"0,5 л/10 лводы","0,5 л",Опрыскивание весной до распускания почек при температуре не ниже +40С (в зависимости от возраста и объема кроны),,1,III,106
schitovka,щитовка,вредитель,malina,малина,preparat-30-plyus,Препарат 30 Плюс,инсектицид,089-01-2641-1,05.04.2030,"0,5 л/10 лводы","0,5 л",Опрыскивание до распускания почек весной при температуре не ниже +4 ˚С,,1,III,107
schitovka,щитовка,вредитель,sliva,слива,preparat-30-plyus,Препарат 30 Плюс,инсектицид,089-01-2641-1,05.04.2030,"0,5 л/10 лводы","0,5 л",Опрыскивание до распускания почек весной при температуре не ниже +4 ˚С,,1,III,106
schitovka,щитовка,вредитель,sliva,слива,profilaktin-bio,Профилактин Био,инсектицид,021-01-2703-1,17.06.2030,"0,5 л/10 лводы","0,5 л",Опрыскивание весной до распускания почек при температуре не ниже +4˚С (в зависимости от возраста и объема кроны),,1,III,107
schitovka,щитовка,вредитель,sliva,слива,profilaktin-bio,Профилактин Био,инсектицид,021-01-2703-1,17.06.2030,"0,5 л/10 лводы","0,5 л",Опрыскивание весной до распускания почек при температуре не ниже +4˚С (в зависимости от возраста и типа формировки куста),,1,III,107
schitovka,щитовка,вредитель,sliva,слива,profilaktin-layt,Профилактин Лайт,инсектицид,021-01-2322-1,23.07.2029,"0,5 л/10 лводы","0,5 л",Опрыскивание весной до распускания почек при температуре не ниже +40С (в зависимости от возраста и объема кроны),,1,III,105
schitovka,щитовка,вредитель,smorodina,смородина,preparat-30-plyus,Препарат 30 Плюс,инсектицид,089-01-2641-1,05.04.2030,"0,5 л/10 лводы","0,5 л",Опрыскивание до распускания почек весной при температуре не ниже +4 ˚С,,1,III,107
schitovka,щитовка,вредитель,smorodina,смородина,profilaktin-bio,Профилактин Био,инсектицид,021-01-2703-1,17.06.2030,"0,5 л/10 лводы","0,5 л",Опрыскивание весной до распускания почек при температуре не ниже +4˚С (в зависимости от возраста и типа формировки куста),,1,III,107
schitovka,щитовка,вредитель,smorodina,смородина,profilaktin-layt,Профилактин Лайт,инсектицид,021-01-2322-1,23.07.2029,"0,5 л/10 лводы","0,5 л",Опрыскивание весной до распускания почек при температуре не ниже +40С (в зависимости от возраста и объема кроны),,1,III,106
schitovka,щитовка,вредитель,hvoynye,"хвойные (туя, ель, можжевельник)",pinotsid,Пиноцид,инсектицид,021-01-1899-1,27.04.2028,2 мл/10 лводы,2 мл,Опрыскивание в период вегетации,,1,I,64
schitovka,щитовка,вредитель,hvoynye,"хвойные (туя, ель, можжевельник)",pinotsid,Пиноцид,инсектицид,021-01-1899-1,27.04.2028,2 мл/10 лводы,2 мл,Опрыскивание в период вегетации,,1,I,64
schitovka,щитовка,вредитель,hvoynye,"хвойные (туя, ель, можжевельник)",pinotsid,Пиноцид,инсектицид,021-01-1899-1,27.04.2028,2 мл/10 лводы,2 мл,Опрыскивание в период вегетации,,1,I,64
schitovka,щитовка,вредитель,hvoynye,"хвойные (туя, ель, можжевельник)",pinotsid,Пиноцид,инсектицид,021-01-1899-1,27.04.2028,2 мл/10 лводы,2 мл,Опрыскивание в период вегетации,,1,I,64
schitovka,щитовка,вредитель,tsvety,цветы (общее),arkana,Аркана,инсектицид,012-01-5025-1,08.06.2033,1 мл/10 лводы,1 мл,Полив почвы под растениями в период вегетации,,1,I,250
schitovka,щитовка,вредитель,tsvety,цветы (общее),doktor,Доктор,инсектицид,012-01-1444-1,06.04.2027,2-5 брикетов/горшок,,Внесение брикетов под растения с неодревесневшими стеблями высотой до 30-40 см на расстоянии 2-3 см от стебля в предварительно политую водой почву,,1,-,247
schitovka,щитовка,вредитель,tsvety,цветы (общее),doktor,Доктор,инсектицид,012-01-1444-1,06.04.2027,2-3 брикета/растение,,Внесение брикетов под растения с неодревесневшими стеблями высотой до 30-40 см на расстоянии 2-3 см от стебля в предварительно политую водой почву,,1,-,247
schitovka,щитовка,вредитель,tsvety,цветы (общее),iskra-zolotaya,Искра Золотая,инсектицид,046-01-5042-1,29.06.2030,¼ таблетки/2 л почвы,,Внесение таблетки под растения с неодревесневшими стеблями высотой не более 30-40 см на расстоянии 2-3 см от стебля в предварительно пролитую водой почву,,1,III,158
schitovka,щитовка,вредитель,tsvety,цветы (общее),preparat-30-plyus,Препарат 30 Плюс,инсектицид,089-01-2641-1,05.04.2030,"0,5 л/10 лводы","0,5 л","Опрыскивание – первое весной до распускания почек, при температуре не ниже +4 ˚С, второе – летом при появлении вредителей",,2,III,107
schitovka,щитовка,вредитель,yablonya,яблоня,akardo,Акардо,инсектицид,018-01-2796-1,13.09.2030,4 мл/10 лводы,4 мл,Опрыскивание в период вегетации (в зависимости от возраста дерева и объема кроны),28,2,III,242
schitovka,щитовка,вредитель,yablonya,яблоня,apeks,Апекс,инсектицид,018-01-3914-1,18.12.2032,5 мл/10 лводы,5 мл,Опрыскивание в период вегетации,15,3,III,235
schitovka,щитовка,вредитель,yablonya,яблоня,batrayder,Батрайдер,инсектицид,021-01-2591-1,12.03.2030,2 мл/10 лводы,2 мл,Опрыскивание в период вегетации (в зависимости от возраста и объема кроны),20,1,I,63
schitovka,щитовка,вредитель,yablonya,яблоня,movento-enerdzhi,Мовенто Энерджи,инсектицид,019-01-1232-1,18.09.2026,5 мл/10 лводы,5 мл,Опрыскивание в период вегетации,20,2,I,173
schitovka,щитовка,вредитель,yablonya,яблоня,preparat-30-plyus,Препарат 30 Плюс,инсектицид,089-01-2641-1,05.04.2030,"0,5 л/10 лводы","0,5 л",Опрыскивание до распускания почек весной при температуре не ниже +4 ˚С,,1,III,106
schitovka,щитовка,вредитель,yablonya,яблоня,profilaktin-bio,Профилактин Био,инсектицид,021-01-2703-1,17.06.2030,"0,5 л/10 лводы","0,5 л",Опрыскивание весной до распускания почек при температуре не ниже +4˚С (в зависимости от возраста и объема кроны),,1,III,107
schitovka,щитовка,вредитель,yablonya,яблоня,profilaktin-layt,Профилактин Лайт,инсектицид,021-01-2322-1,23.07.2029,"0,5 л/10 лводы","0,5 л",Опрыскивание весной до распускания почек при температуре не ниже +40С (в зависимости от возраста и объема кроны),,1,III,105
schitovka,щитовка,вредитель,yagodniki,ягодники (общее),profilaktin-bio,Профилактин Био,инсектицид,021-01-2703-1,17.06.2030,"0,5 л/10 лводы","0,5 л",Опрыскивание весной до распускания почек при температуре не ниже +4˚С (в зависимости от возраста и типа формировки куста),,1,III,108
schitovka,щитовка,вредитель,yagodniki,ягодники (общее),profilaktin-layt,Профилактин Лайт,инсектицид,021-01-2322-1,23.07.2029,"0,5 л/10 лводы","0,5 л",Опрыскивание весной до распускания почек при температуре не ниже +40С (в зависимости от возраста и объема кроны),,1,III,106
