regulation_id,crop_slug,crop,condition
1,kapusta,капуста,
1,raps,рапс,
2,yablonya,яблоня,
3,kartofel,картофель,
4,lesnye-nasazhdeniya,лесные насаждения,
5,lesnye-nasazhdeniya,лесные насаждения,
6,lesnye-nasazhdeniya,лесные насаждения,
6,hvoynye,"хвойные (туя, ель, можжевельник)",
7,lesnye-nasazhdeniya,лесные насаждения,
7,hvoynye,"хвойные (туя, ель, можжевельник)",
8,kapusta,капуста,
9,yablonya,яблоня,
10,kartofel,картофель,
11,soya,соя,
12,yablonya,яблоня,
13,yablonya,яблоня,
14,vinograd,виноград,
15,vinograd,виноград,
16,ogurets,огурец,защищённый грунт
17,ogurets,огурец,защищённый грунт
18,baklazhan,баклажан,защищённый грунт
18,perets,перец,защищённый грунт
18,tomat,томат,защищённый грунт
19,tsvety,цветы (общее),защищённый грунт
20,tsvety,цветы (общее),открытый грунт
21,komnatnye-rasteniya,комнатные растения (общее),защищённый грунт
22,sklady-i-zernohranilischa,склады и зернохранилища,
23,sklady-i-zernohranilischa,склады и зернохранилища,
24,sklady-i-zernohranilischa,склады и зернохранилища,
25,sklady-i-zernohranilischa,склады и зернохранилища,
26,sklady-i-zernohranilischa,склады и зернохранилища,
27,sklady-i-zernohranilischa,склады и зернохранилища,
27,soya,соя,
28,sklady-i-zernohranilischa,склады и зернохранилища,
29,sklady-i-zernohranilischa,склады и зернохранилища,
30,sklady-i-zernohranilischa,склады и зернохранилища,
31,sklady-i-zernohranilischa,склады и зернохранилища,
32,sklady-i-zernohranilischa,склады и зернохранилища,
33,sklady-i-zernohranilischa,склады и зернохранилища,
34,sklady-i-zernohranilischa,склады и зернохранилища,
35,sliva,слива,
35,yablonya,яблоня,
36,abrikos-persik,абрикос / персик,
36,ayva,айва,
36,vishnya-chereshnya,вишня / черешня,
36,grusha,груша,
37,limon-tsitrusy,комнатные: лимон / цитрусы,
38,kartofel,картофель,
38,perets,перец,
38,tomat,томат,
39,tomat,томат,
40,kapusta,капуста,
41,smorodina,смородина,
42,vinograd,виноград,
42,ezhevika-golubika-zhimolost,ежевика / голубика / жимолость,
42,klubnika,клубника (земляника),
42,kryzhovnik,крыжовник,
42,malina,малина,
43,tsvety,цветы (общее),
44,tabak,табак (культура),
45,sklady-i-zernohranilischa,склады и зернохранилища,
46,sklady-i-zernohranilischa,склады и зернохранилища,
47,sklady-i-zernohranilischa,склады и зернохранилища,
48,kukuruza,кукуруза,
49,saharnaya-svekla,сахарная свекла,
50,soya,соя,
51,soya,соя,
52,pastbischa-i-luga,пастбища и луга,
53,pastbischa-i-luga,пастбища и луга,
54,pastbischa-i-luga,пастбища и луга,
55,lesnye-nasazhdeniya,лесные насаждения,
55,hvoynye,"хвойные (туя, ель, можжевельник)",
56,lesnye-nasazhdeniya,лесные насаждения,
56,hvoynye,"хвойные (туя, ель, можжевельник)",
57,lesnye-nasazhdeniya,лесные насаждения,
57,hvoynye,"хвойные (туя, ель, можжевельник)",
58,lesnye-nasazhdeniya,лесные насаждения,
59,lesnye-nasazhdeniya,лесные насаждения,
60,lesnye-nasazhdeniya,лесные насаждения,
61,raps,рапс,
62,raps,рапс,
63,raps,рапс,
64,maslichnye-i-tehnicheskie,масличные и технические,
65,maslichnye-i-tehnicheskie,масличные и технические,
66,maslichnye-i-tehnicheskie,масличные и технические,
67,pshenitsa,пшеница,
68,pshenitsa,пшеница,
68,yachmen,ячмень,
69,raps,рапс,
70,pshenitsa,пшеница,
71,pshenitsa,пшеница,
72,yachmen,ячмень,
73,raps,рапс,
74,raps,рапс,
75,soya,соя,
76,soya,соя,
77,saharnaya-svekla,сахарная свекла,
78,saharnaya-svekla,сахарная свекла,
79,yablonya,яблоня,
80,vinograd,виноград,
81,tomat,томат,открытый грунт
82,tomat,томат,защищённый грунт
83,tomat,томат,защищённый грунт
84,saharnaya-svekla,сахарная свекла,
85,podsolnechnik,подсолнечник,
86,goroh-fasol,горох / фасоль,
87,goroh-fasol,горох / фасоль,
88,kartofel,картофель,
89,podsolnechnik,подсолнечник,
90,pastbischa-i-luga,пастбища и луга,
91,pastbischa-i-luga,пастбища и луга,
92,maslichnye-i-tehnicheskie,масличные и технические,
93,maslichnye-i-tehnicheskie,масличные и технические,
94,goroh-fasol,горох / фасоль,
95,goroh-fasol,горох / фасоль,
96,goroh-fasol,горох / фасоль,
97,yachmen,ячмень,
98,yachmen,ячмень,
99,pshenitsa,пшеница,
100,pshenitsa,пшеница,
101,pshenitsa,пшеница,
102,pshenitsa,пшеница,
103,pshenitsa,пшеница,
104,raps,рапс,
105,raps,рапс,
106,raps,рапс,
107,len,лен,
108,saharnaya-svekla,сахарная свекла,
109,saharnaya-svekla,сахарная свекла,
110,saharnaya-svekla,сахарная свекла,
111,saharnaya-svekla,сахарная свекла,
112,saharnaya-svekla,сахарная свекла,
113,kukuruza,кукуруза,
114,kukuruza,кукуруза,
115,kukuruza,кукуруза,
116,kukuruza,кукуруза,
117,oves,овес,
118,oves,овес,
119,rozh,рожь,
120,rozh,рожь,
121,soya,соя,
122,soya,соя,
123,yablonya,яблоня,
124,vinograd,виноград,
125,yablonya,яблоня,
126,yablonya,яблоня,
127,vinograd,виноград,
128,pshenitsa,пшеница,
129,pshenitsa,пшеница,
129,yachmen,ячмень,
130,raps,рапс,
131,podsolnechnik,подсолнечник,
132,kukuruza,кукуруза,
133,kartofel,картофель,
134,soya,соя,
135,pshenitsa,пшеница,
135,yachmen,ячмень,
136,pshenitsa,пшеница,
136,yachmen,ячмень,
137,raps,рапс,
138,podsolnechnik,подсолнечник,
139,soya,соя,
140,len,лен,
141,yablonya,яблоня,
142,yablonya,яблоня,
143,podsolnechnik,подсолнечник,
144,kapusta,капуста,
145,perets,перец,открытый грунт
146,kartofel,картофель,
147,luk,лук,
148,tomat,томат,защищённый грунт
149,ogurets,огурец,защищённый грунт
150,kukuruza,кукуруза,
150,podsolnechnik,подсолнечник,
150,saharnaya-svekla,сахарная свекла,
151,lesnye-nasazhdeniya,лесные насаждения,
151,hvoynye,"хвойные (туя, ель, можжевельник)",
152,lesnye-nasazhdeniya,лесные насаждения,
152,hvoynye,"хвойные (туя, ель, можжевельник)",
153,kukuruza,кукуруза,
154,pshenitsa,пшеница,
155,pshenitsa,пшеница,
156,podsolnechnik,подсолнечник,
157,saharnaya-svekla,сахарная свекла,
158,soya,соя,
159,raps,рапс,
160,arbuz-dynya,арбуз / дыня,
161,ogurets,огурец,открытый грунт
162,tomat,томат,открытый грунт
163,perets,перец,открытый грунт
164,kartofel,картофель,
165,yablonya,яблоня,
166,vinograd,виноград,
167,lesnye-nasazhdeniya,лесные насаждения,
167,hvoynye,"хвойные (туя, ель, можжевельник)",
168,lesnye-nasazhdeniya,лесные насаждения,
168,hvoynye,"хвойные (туя, ель, можжевельник)",
169,pastbischa-i-luga,пастбища и луга,
170,pastbischa-i-luga,пастбища и луга,
171,soya,соя,
172,zernobobovye,"зернобобовые (нут, чечевица, люпин, бобы)",
172,soya,соя,
173,podsolnechnik,подсолнечник,
174,kukuruza,кукуруза,
175,goroh-fasol,горох / фасоль,
176,raps,рапс,
177,ogorod,огород (общее),
178,arbuz-dynya,арбуз / дыня,
179,tomat,томат,открытый грунт
180,yablonya,яблоня,
181,vishnya-chereshnya,вишня / черешня,
182,vinograd,виноград,
183,kartofel,картофель,
184,smorodina,смородина,
185,luk,лук,
186,len,лен,
187,podsolnechnik,подсолнечник,
188,yablonya,яблоня,
189,podsolnechnik,подсолнечник,
190,soya,соя,
191,yablonya,яблоня,
192,lesnye-nasazhdeniya,лесные насаждения,
192,hvoynye,"хвойные (туя, ель, можжевельник)",
193,kartofel,картофель,
194,kapusta,капуста,
195,ayva,айва,
195,grusha,груша,
195,yablonya,яблоня,
196,grusha,груша,
196,yablonya,яблоня,
197,vishnya-chereshnya,вишня / черешня,
197,sliva,слива,
198,vinograd,виноград,
199,ogurets,огурец,защищённый грунт
200,roza,роза,защищённый грунт
201,roza,роза,открытый грунт
202,tsvety,цветы (общее),открытый грунт
203,lesnye-nasazhdeniya,лесные насаждения,
203,oreh,"орех (грецкий, фундук)",
203,siren-dekorativnye-kustarniki,сирень / декоративные кустарники,
204,lesnye-nasazhdeniya,лесные насаждения,
204,oreh,"орех (грецкий, фундук)",
204,siren-dekorativnye-kustarniki,сирень / декоративные кустарники,
205,lesnye-nasazhdeniya,лесные насаждения,
205,oreh,"орех (грецкий, фундук)",
205,siren-dekorativnye-kustarniki,сирень / декоративные кустарники,
206,lesnye-nasazhdeniya,лесные насаждения,
206,oreh,"орех (грецкий, фундук)",
206,siren-dekorativnye-kustarniki,сирень / декоративные кустарники,
207,lesnye-nasazhdeniya,лесные насаждения,
207,oreh,"орех (грецкий, фундук)",
207,siren-dekorativnye-kustarniki,сирень / декоративные кустарники,
208,lesnye-nasazhdeniya,лесные насаждения,
208,oreh,"орех (грецкий, фундук)",
208,siren-dekorativnye-kustarniki,сирень / декоративные кустарники,
209,lesnye-nasazhdeniya,лесные насаждения,
209,hvoynye,"хвойные (туя, ель, можжевельник)",
210,lesnye-nasazhdeniya,лесные насаждения,
210,hvoynye,"хвойные (туя, ель, можжевельник)",
211,lesnye-nasazhdeniya,лесные насаждения,
211,hvoynye,"хвойные (туя, ель, можжевельник)",
212,kartofel,картофель,
213,kapusta,капуста,
214,ayva,айва,
214,grusha,груша,
214,yablonya,яблоня,
215,ogurets,огурец,защищённый грунт
216,roza,роза,защищённый грунт
217,roza,роза,открытый грунт
218,tsvety,цветы (общее),открытый грунт
219,vinograd,виноград,
220,kukuruza,кукуруза,
220,podsolnechnik,подсолнечник,
220,saharnaya-svekla,сахарная свекла,
221,lesnye-nasazhdeniya,лесные насаждения,
222,lesnye-nasazhdeniya,лесные насаждения,
223,lesnye-nasazhdeniya,лесные насаждения,
224,hvoynye,"хвойные (туя, ель, можжевельник)",
225,hvoynye,"хвойные (туя, ель, можжевельник)",
226,hvoynye,"хвойные (туя, ель, можжевельник)",
227,lesnye-nasazhdeniya,лесные насаждения,
228,lesnye-nasazhdeniya,лесные насаждения,
229,lesnye-nasazhdeniya,лесные насаждения,
230,kartofel,картофель,
231,tomat,томат,открытый грунт
232,ogurets,огурец,защищённый грунт
233,kartofel,картофель,
234,tomat,томат,открытый грунт
235,soya,соя,
236,tomat,томат,защищённый грунт
237,kukuruza,кукуруза,
238,kormovye-travy,кормовые травы,
238,podsolnechnik,подсолнечник,
238,saharnaya-svekla,сахарная свекла,
239,kapusta,капуста,
240,yablonya,яблоня,
241,ayva,айва,
241,vishnya-chereshnya,вишня / черешня,
241,grusha,груша,
241,yablonya,яблоня,
242,kryzhovnik,крыжовник,
242,malina,малина,
242,ryabina,рябина,
242,smorodina,смородина,
243,lesnye-nasazhdeniya,лесные насаждения,
244,lesnye-nasazhdeniya,лесные насаждения,
245,lesnye-nasazhdeniya,лесные насаждения,
246,siren-dekorativnye-kustarniki,сирень / декоративные кустарники,
247,siren-dekorativnye-kustarniki,сирень / декоративные кустарники,
248,oreh,"орех (грецкий, фундук)",
249,oreh,"орех (грецкий, фундук)",
250,lesnye-nasazhdeniya,лесные насаждения,
250,hvoynye,"хвойные (туя, ель, можжевельник)",
251,lesnye-nasazhdeniya,лесные насаждения,
251,hvoynye,"хвойные (туя, ель, можжевельник)",
252,lesnye-nasazhdeniya,лесные насаждения,
252,hvoynye,"хвойные (туя, ель, можжевельник)",
253,lesnye-nasazhdeniya,лесные насаждения,
253,hvoynye,"хвойные (туя, ель, можжевельник)",
254,lesnye-nasazhdeniya,лесные насаждения,
254,hvoynye,"хвойные (туя, ель, можжевельник)",
255,lesnye-nasazhdeniya,лесные насаждения,
255,hvoynye,"хвойные (туя, ель, можжевельник)",
256,lesnye-nasazhdeniya,лесные насаждения,
256,hvoynye,"хвойные (туя, ель, можжевельник)",
257,lesnye-nasazhdeniya,лесные насаждения,
257,hvoynye,"хвойные (туя, ель, можжевельник)",
258,lesnye-nasazhdeniya,лесные насаждения,
258,hvoynye,"хвойные (туя, ель, можжевельник)",
259,kapusta,капуста,
260,yablonya,яблоня,
261,plodovye-derevya,плодовые деревья (общее),
262,kryzhovnik,крыжовник,
262,malina,малина,
262,ryabina,рябина,
262,smorodina,смородина,
263,tomat,томат,защищённый грунт
264,kartofel,картофель,
265,soya,соя,
266,soya,соя,
267,tomat,томат,открытый и защищённый грунт
268,tomat,томат,открытый и защищённый грунт
269,kapusta,капуста,
270,podsolnechnik,подсолнечник,
271,podsolnechnik,подсолнечник,
272,raps,рапс,
273,raps,рапс,
274,yablonya,яблоня,
275,ayva,айва,
275,vishnya-chereshnya,вишня / черешня,
275,grusha,груша,
275,yablonya,яблоня,
276,kryzhovnik,крыжовник,
276,smorodina,смородина,
277,vinograd,виноград,
278,lesnye-nasazhdeniya,лесные насаждения,
279,lesnye-nasazhdeniya,лесные насаждения,
280,lesnye-nasazhdeniya,лесные насаждения,
280,hvoynye,"хвойные (туя, ель, можжевельник)",
281,lesnye-nasazhdeniya,лесные насаждения,
281,hvoynye,"хвойные (туя, ель, можжевельник)",
282,limon-tsitrusy,комнатные: лимон / цитрусы,
282,siren-dekorativnye-kustarniki,сирень / декоративные кустарники,
283,kapusta,капуста,
284,yablonya,яблоня,
285,kryzhovnik,крыжовник,
285,smorodina,смородина,
286,tomat,томат,открытый грунт
287,tomat,томат,защищённый грунт
288,vinograd,виноград,
289,podsolnechnik,подсолнечник,
290,podsolnechnik,подсолнечник,
291,kapusta,капуста,
292,kapusta,капуста,
293,raps,рапс,
294,raps,рапс,
295,ogurets,огурец,защищённый грунт
295,tomat,томат,защищённый грунт
296,yablonya,яблоня,
297,tsvety,цветы (общее),защищённый грунт
298,kapusta,капуста,
299,ogurets,огурец,защищённый грунт
299,tomat,томат,защищённый грунт
300,yablonya,яблоня,
301,tsvety,цветы (общее),защищённый грунт
302,pastbischa-i-luga,пастбища и луга,
303,pastbischa-i-luga,пастбища и луга,
304,pastbischa-i-luga,пастбища и луга,
305,raps,рапс,
306,pshenitsa,пшеница,
307,podsolnechnik,подсолнечник,
308,goroh-fasol,горох / фасоль,
309,yablonya,яблоня,
310,vinograd,виноград,
311,podsolnechnik,подсолнечник,
312,goroh-fasol,горох / фасоль,
313,yablonya,яблоня,
314,vinograd,виноград,
315,raps,рапс,
316,kukuruza,кукуруза,
317,kukuruza,кукуруза,
318,podsolnechnik,подсолнечник,
319,podsolnechnik,подсолнечник,
320,soya,соя,
321,zernobobovye,"зернобобовые (нут, чечевица, люпин, бобы)",
322,goroh-fasol,горох / фасоль,
323,saharnaya-svekla,сахарная свекла,
324,yablonya,яблоня,
325,vinograd,виноград,
326,luk,лук,
327,kartofel,картофель,
328,tomat,томат,защищённый грунт
329,ogurets,огурец,защищённый грунт
330,kukuruza,кукуруза,
331,podsolnechnik,подсолнечник,
332,saharnaya-svekla,сахарная свекла,
333,soya,соя,
334,raps,рапс,
335,arbuz-dynya,арбуз / дыня,открытый грунт
335,ogurets,огурец,открытый грунт
336,perets,перец,открытый грунт
336,tomat,томат,открытый грунт
337,kapusta,капуста,
338,kartofel,картофель,
339,siren-dekorativnye-kustarniki,сирень / декоративные кустарники,
340,yablonya,яблоня,
341,vinograd,виноград,
342,ogurets,огурец,защищённый грунт
343,tsvety,цветы (общее),защищённый грунт
344,ogurets,огурец,защищённый грунт
345,tsvety,цветы (общее),защищённый грунт
346,kartofel,картофель,
347,tomat,томат,защищённый грунт
348,ogurets,огурец,защищённый грунт
349,ogurets,огурец,открытый грунт
350,klubnika,клубника (земляника),
351,kartofel,картофель,
352,tomat,томат,открытый грунт
353,pastbischa-i-luga,пастбища и луга,
354,kartofel,картофель,
355,kartofel,картофель,
356,soya,соя,
357,kartofel,картофель,
358,ogurets,огурец,защищённый грунт
359,kartofel,картофель,
360,ogurets,огурец,защищённый грунт
361,vinograd,виноград,
362,vinograd,виноград,
363,vinograd,виноград,
364,vinograd,виноград,
365,yablonya,яблоня,
366,yablonya,яблоня,
367,yablonya,яблоня,
368,yablonya,яблоня,
369,vinograd,виноград,
370,ogurets,огурец,защищённый грунт
371,baklazhan,баклажан,защищённый грунт
371,perets,перец,защищённый грунт
371,tomat,томат,защищённый грунт
372,tsvety,цветы (общее),защищённый грунт
373,tsvety,цветы (общее),защищённый грунт
374,komnatnye-rasteniya,комнатные растения (общее),защищённый грунт
375,soya,соя,
376,kapusta,капуста,
377,ogurets,огурец,защищённый грунт
377,tomat,томат,защищённый грунт
378,ogurets,огурец,защищённый грунт
378,tomat,томат,защищённый грунт
379,ogurets,огурец,защищённый грунт
379,tomat,томат,защищённый грунт
380,yablonya,яблоня,
381,smorodina,смородина,
382,smorodina,смородина,
383,tomat,томат,защищённый грунт
384,klubnika,клубника (земляника),
384,malina,малина,
385,luk,лук,
386,roza,роза,открытый грунт
387,komnatnye-rasteniya,комнатные растения (общее),
387,tsvety,цветы (общее),
388,ogurets,огурец,защищённый грунт
389,roza,роза,защищённый грунт
390,yablonya,яблоня,
391,yablonya,яблоня,
392,vinograd,виноград,
393,soya,соя,
394,yablonya,яблоня,
395,yablonya,яблоня,
396,vinograd,виноград,
397,yablonya,яблоня,
398,yablonya,яблоня,
399,vinograd,виноград,
400,soya,соя,
401,saharnaya-svekla,сахарная свекла,
402,soya,соя,
403,yablonya,яблоня,
404,yablonya,яблоня,
405,vinograd,виноград,
406,yablonya,яблоня,
407,ogurets,огурец,защищённый грунт
407,tomat,томат,защищённый грунт
408,ogurets,огурец,защищённый грунт
409,tomat,томат,защищённый грунт
410,kartofel,картофель,
411,ogurets,огурец,защищённый грунт
412,tomat,томат,защищённый грунт
413,perets,перец,защищённый грунт
414,hmel,хмель,
415,tsvety,цветы (общее),защищённый грунт
416,tsvety,цветы (общее),защищённый грунт
417,tsvety,цветы (общее),защищённый грунт
418,tsvety,цветы (общее),открытый грунт
419,tsvety,цветы (общее),открытый грунт
420,tsvety,цветы (общее),открытый грунт
421,komnatnye-rasteniya,комнатные растения (общее),
422,komnatnye-rasteniya,комнатные растения (общее),
423,komnatnye-rasteniya,комнатные растения (общее),
424,kartofel,картофель,
425,kapusta,капуста,
426,smorodina,смородина,
427,yablonya,яблоня,
428,yablonya,яблоня,
429,baklazhan,баклажан,защищённый грунт
429,ogurets,огурец,защищённый грунт
429,perets,перец,защищённый грунт
429,tomat,томат,защищённый грунт
430,baklazhan,баклажан,защищённый грунт
430,ogurets,огурец,защищённый грунт
430,perets,перец,защищённый грунт
430,tomat,томат,защищённый грунт
431,roza,роза,защищённый грунт
432,roza,роза,защищённый грунт
433,roza,роза,защищённый грунт
434,oblepiha,облепиха,
435,yablonya,яблоня,
436,smorodina,смородина,
437,yablonya,яблоня,
438,kartofel,картофель,
439,kukuruza,кукуруза,
440,baklazhan,баклажан,защищённый грунт
440,ogurets,огурец,защищённый грунт
440,perets,перец,защищённый грунт
440,tomat,томат,защищённый грунт
441,baklazhan,баклажан,защищённый грунт
441,ogurets,огурец,защищённый грунт
441,perets,перец,защищённый грунт
441,tomat,томат,защищённый грунт
442,roza,роза,защищённый грунт
443,roza,роза,защищённый грунт
444,roza,роза,защищённый грунт
445,kapusta,капуста,
446,smorodina,смородина,
447,hmel,хмель,
448,kartofel,картофель,
449,baklazhan,баклажан,защищённый грунт
449,ogurets,огурец,защищённый грунт
449,perets,перец,защищённый грунт
449,tomat,томат,защищённый грунт
450,baklazhan,баклажан,защищённый грунт
450,ogurets,огурец,защищённый грунт
450,perets,перец,защищённый грунт
450,tomat,томат,защищённый грунт
451,baklazhan,баклажан,защищённый грунт
451,ogurets,огурец,защищённый грунт
451,perets,перец,защищённый грунт
451,tomat,томат,защищённый грунт
452,kapusta,капуста,
453,smorodina,смородина,
454,smorodina,смородина,
455,yablonya,яблоня,
456,yablonya,яблоня,
457,tsvety,цветы (общее),защищённый грунт
458,tsvety,цветы (общее),защищённый грунт
459,tsvety,цветы (общее),защищённый грунт
460,komnatnye-rasteniya,комнатные растения (общее),
461,komnatnye-rasteniya,комнатные растения (общее),
462,komnatnye-rasteniya,комнатные растения (общее),
463,tsvety,цветы (общее),открытый грунт
464,tsvety,цветы (общее),открытый грунт
465,tsvety,цветы (общее),открытый грунт
466,grusha,груша,
467,ogurets,огурец,защищённый грунт
468,tomat,томат,защищённый грунт
469,oblepiha,облепиха,
470,roza,роза,защищённый грунт
471,klubnika,клубника (земляника),защищённый грунт
472,klubnika,клубника (земляника),защищённый грунт
473,ogurets,огурец,защищённый грунт
473,tomat,томат,защищённый грунт
474,limon-tsitrusy,комнатные: лимон / цитрусы,
475,kukuruza,кукуруза,
476,ogurets,огурец,защищённый грунт
477,vinograd,виноград,
478,baklazhan,баклажан,защищённый грунт
478,ogurets,огурец,защищённый грунт
478,perets,перец,защищённый грунт
478,tomat,томат,защищённый грунт
479,pshenitsa,пшеница,
480,pshenitsa,пшеница,
481,yachmen,ячмень,
482,yachmen,ячмень,
483,goroh-fasol,горох / фасоль,
484,soya,соя,
485,pshenitsa,пшеница,
486,pshenitsa,пшеница,
487,yachmen,ячмень,
488,kartofel,картофель,
489,saharnaya-svekla,сахарная свекла,
490,raps,рапс,
491,raps,рапс,
492,pastbischa-i-luga,пастбища и луга,
493,pshenitsa,пшеница,
494,pshenitsa,пшеница,
495,yachmen,ячмень,
496,kartofel,картофель,
497,saharnaya-svekla,сахарная свекла,
498,raps,рапс,
499,raps,рапс,
500,pastbischa-i-luga,пастбища и луга,
501,kartofel,картофель,
502,pshenitsa,пшеница,
503,pshenitsa,пшеница,
504,yachmen,ячмень,
505,raps,рапс,
506,pastbischa-i-luga,пастбища и луга,
507,pshenitsa,пшеница,
508,yachmen,ячмень,
509,saharnaya-svekla,сахарная свекла,
510,pshenitsa,пшеница,
511,pshenitsa,пшеница,
512,saharnaya-svekla,сахарная свекла,
513,goroh-fasol,горох / фасоль,
514,kartofel,картофель,
515,raps,рапс,
516,raps,рапс,
517,kormovye-travy,кормовые травы,
518,vinograd,виноград,
519,yablonya,яблоня,
520,pastbischa-i-luga,пастбища и луга,
521,yachmen,ячмень,
522,pshenitsa,пшеница,
523,pshenitsa,пшеница,
524,maslichnye-i-tehnicheskie,масличные и технические,
524,raps,рапс,
525,kartofel,картофель,
526,yablonya,яблоня,
527,kormovye-travy,кормовые травы,
528,saharnaya-svekla,сахарная свекла,
529,goroh-fasol,горох / фасоль,
530,pastbischa-i-luga,пастбища и луга,
531,yachmen,ячмень,
532,pshenitsa,пшеница,
533,pshenitsa,пшеница,
534,raps,рапс,
534,sklady-i-zernohranilischa,склады и зернохранилища,
535,kartofel,картофель,
536,saharnaya-svekla,сахарная свекла,
537,goroh-fasol,горох / фасоль,
537,sklady-i-zernohranilischa,склады и зернохранилища,
538,pastbischa-i-luga,пастбища и луга,
539,yablonya,яблоня,
540,kartofel,картофель,
541,yablonya,яблоня,
542,len,лен,
543,pshenitsa,пшеница,
544,pshenitsa,пшеница,
545,yachmen,ячмень,
546,kartofel,картофель,
547,raps,рапс,
548,raps,рапс,
549,kormovye-travy,кормовые травы,
550,saharnaya-svekla,сахарная свекла,
551,pastbischa-i-luga,пастбища и луга,
552,saharnaya-svekla,сахарная свекла,
553,saharnaya-svekla,сахарная свекла,
554,kukuruza,кукуруза,
554,sklady-i-zernohranilischa,склады и зернохранилища,
555,yachmen,ячмень,
556,pshenitsa,пшеница,
557,pshenitsa,пшеница,
558,pshenitsa,пшеница,
559,saharnaya-svekla,сахарная свекла,
560,kartofel,картофель,
561,maslichnye-i-tehnicheskie,масличные и технические,
561,raps,рапс,
562,maslichnye-i-tehnicheskie,масличные и технические,
562,raps,рапс,
563,goroh-fasol,горох / фасоль,
564,pastbischa-i-luga,пастбища и луга,
565,yachmen,ячмень,
566,maslichnye-i-tehnicheskie,масличные и технические,
566,raps,рапс,
567,saharnaya-svekla,сахарная свекла,
568,goroh-fasol,горох / фасоль,
569,pastbischa-i-luga,пастбища и луга,
570,pshenitsa,пшеница,
571,pshenitsa,пшеница,
572,pshenitsa,пшеница,
573,raps,рапс,
574,saharnaya-svekla,сахарная свекла,
575,pshenitsa,пшеница,
576,pshenitsa,пшеница,
577,yachmen,ячмень,
578,raps,рапс,
579,saharnaya-svekla,сахарная свекла,
580,pshenitsa,пшеница,
581,pshenitsa,пшеница,
582,yachmen,ячмень,
583,raps,рапс,
584,kartofel,картофель,
585,saharnaya-svekla,сахарная свекла,
586,saharnaya-svekla,сахарная свекла,
587,goroh-fasol,горох / фасоль,
588,kormovye-travy,кормовые травы,
589,pastbischa-i-luga,пастбища и луга,
590,kartofel,картофель,
591,yablonya,яблоня,
592,pshenitsa,пшеница,
593,pshenitsa,пшеница,
594,yachmen,ячмень,
595,raps,рапс,
596,saharnaya-svekla,сахарная свекла,
597,goroh-fasol,горох / фасоль,
598,pastbischa-i-luga,пастбища и луга,
599,pshenitsa,пшеница,
600,pshenitsa,пшеница,
601,raps,рапс,
601,sklady-i-zernohranilischa,склады и зернохранилища,
602,kartofel,картофель,
603,goroh-fasol,горох / фасоль,
604,kartofel,картофель,
605,pshenitsa,пшеница,
606,yachmen,ячмень,
607,raps,рапс,
608,pshenitsa,пшеница,
609,pshenitsa,пшеница,
610,raps,рапс,
611,pshenitsa,пшеница,
612,pshenitsa,пшеница,
613,pshenitsa,пшеница,
614,yachmen,ячмень,
615,maslichnye-i-tehnicheskie,масличные и технические,
615,raps,рапс,
616,maslichnye-i-tehnicheskie,масличные и технические,
616,raps,рапс,
617,kartofel,картофель,
618,goroh-fasol,горох / фасоль,
619,saharnaya-svekla,сахарная свекла,
620,kormovye-travy,кормовые травы,
621,pastbischa-i-luga,пастбища и луга,
622,kukuruza,кукуруза,
623,kukuruza,кукуруза,
624,len,лен,
625,len,лен,
626,len,лен,
627,len,лен,
628,yachmen,ячмень,
629,pshenitsa,пшеница,
630,pshenitsa,пшеница,
631,saharnaya-svekla,сахарная свекла,
632,goroh-fasol,горох / фасоль,
633,raps,рапс,
634,vinograd,виноград,
635,yablonya,яблоня,
636,pshenitsa,пшеница,
637,pshenitsa,пшеница,
638,kukuruza,кукуруза,
639,podsolnechnik,подсолнечник,
640,saharnaya-svekla,сахарная свекла,
641,len,лен,
642,raps,рапс,
643,raps,рапс,
644,kartofel,картофель,
645,goroh-fasol,горох / фасоль,
646,lesnye-nasazhdeniya,лесные насаждения,
646,sklady-i-zernohranilischa,склады и зернохранилища,
646,hvoynye,"хвойные (туя, ель, можжевельник)",
647,oves,овес,
648,yachmen,ячмень,
649,pshenitsa,пшеница,
650,pshenitsa,пшеница,
651,raps,рапс,
651,sklady-i-zernohranilischa,склады и зернохранилища,
652,saharnaya-svekla,сахарная свекла,
653,goroh-fasol,горох / фасоль,
654,pshenitsa,пшеница,
655,pshenitsa,пшеница,
656,yachmen,ячмень,
657,maslichnye-i-tehnicheskie,масличные и технические,
657,raps,рапс,
658,saharnaya-svekla,сахарная свекла,
659,saharnaya-svekla,сахарная свекла,
660,goroh-fasol,горох / фасоль,
661,podsolnechnik,подсолнечник,
662,podsolnechnik,подсолнечник,
663,kukuruza,кукуруза,
664,pshenitsa,пшеница,
664,yachmen,ячмень,
665,raps,рапс,
666,kartofel,картофель,
667,goroh-fasol,горох / фасоль,
668,kormovye-travy,кормовые травы,
669,pastbischa-i-luga,пастбища и луга,
670,zernovye,зерновые (прочие),
670,oves,овес,
671,oves,овес,
672,kapusta,капуста,
673,len,лен,
674,podsolnechnik,подсолнечник,
675,vinograd,виноград,
676,pshenitsa,пшеница,
677,pshenitsa,пшеница,
678,yachmen,ячмень,
679,maslichnye-i-tehnicheskie,масличные и технические,
679,raps,рапс,
680,kartofel,картофель,
681,goroh-fasol,горох / фасоль,
682,kormovye-travy,кормовые травы,
683,pastbischa-i-luga,пастбища и луга,
684,pshenitsa,пшеница,
685,pshenitsa,пшеница,
686,yachmen,ячмень,
687,maslichnye-i-tehnicheskie,масличные и технические,
687,raps,рапс,
688,kartofel,картофель,
689,goroh-fasol,горох / фасоль,
690,kormovye-travy,кормовые травы,
691,pastbischa-i-luga,пастбища и луга,
692,pshenitsa,пшеница,
693,pshenitsa,пшеница,
694,pshenitsa,пшеница,
695,yachmen,ячмень,
696,raps,рапс,
697,kartofel,картофель,
698,saharnaya-svekla,сахарная свекла,
699,goroh-fasol,горох / фасоль,
700,kormovye-travy,кормовые травы,
701,pastbischa-i-luga,пастбища и луга,
702,pshenitsa,пшеница,
703,pshenitsa,пшеница,
704,yachmen,ячмень,
705,maslichnye-i-tehnicheskie,масличные и технические,
705,raps,рапс,
706,kartofel,картофель,
707,goroh-fasol,горох / фасоль,
708,kormovye-travy,кормовые травы,
709,pastbischa-i-luga,пастбища и луга,
710,pshenitsa,пшеница,
711,pshenitsa,пшеница,
712,pshenitsa,пшеница,
713,yachmen,ячмень,
714,oves,овес,
715,kukuruza,кукуруза,
716,podsolnechnik,подсолнечник,
717,podsolnechnik,подсолнечник,
718,kartofel,картофель,
719,saharnaya-svekla,сахарная свекла,
720,saharnaya-svekla,сахарная свекла,
721,saharnaya-svekla,сахарная свекла,
722,goroh-fasol,горох / фасоль,
723,goroh-fasol,горох / фасоль,
724,raps,рапс,
725,raps,рапс,
726,yablonya,яблоня,
727,yablonya,яблоня,
728,vinograd,виноград,
729,grusha,груша,
730,abrikos-persik,абрикос / персик,
731,kapusta,капуста,
732,tomat,томат,открытый грунт
733,soya,соя,
734,soya,соя,
735,zernobobovye,"зернобобовые (нут, чечевица, люпин, бобы)",
736,zernobobovye,"зернобобовые (нут, чечевица, люпин, бобы)",
737,kormovye-travy,кормовые травы,
738,zernobobovye,"зернобобовые (нут, чечевица, люпин, бобы)",
739,pastbischa-i-luga,пастбища и луга,
740,pastbischa-i-luga,пастбища и луга,
741,lesnye-nasazhdeniya,лесные насаждения,
741,hvoynye,"хвойные (туя, ель, можжевельник)",
742,lesnye-nasazhdeniya,лесные насаждения,
742,hvoynye,"хвойные (туя, ель, можжевельник)",
743,lesnye-nasazhdeniya,лесные насаждения,
744,lesnye-nasazhdeniya,лесные насаждения,
745,yablonya,яблоня,
746,vinograd,виноград,
747,kapusta,капуста,
748,tomat,томат,открытый грунт
749,kartofel,картофель,
750,smorodina,смородина,
751,vishnya-chereshnya,вишня / черешня,
752,vishnya-chereshnya,вишня / черешня,
753,tsvety,цветы (общее),открытый грунт
754,yagodniki,ягодники (общее),
755,plodovye-derevya,плодовые деревья (общее),
756,ogurets,огурец,защищённый грунт
757,morkov,морковь,
758,kartofel,картофель,
759,hvoynye,"хвойные (туя, ель, можжевельник)",
760,hvoynye,"хвойные (туя, ель, можжевельник)",
761,hvoynye,"хвойные (туя, ель, можжевельник)",
762,hvoynye,"хвойные (туя, ель, можжевельник)",
763,podsolnechnik,подсолнечник,
764,goroh-fasol,горох / фасоль,
765,soya,соя,
766,zernobobovye,"зернобобовые (нут, чечевица, люпин, бобы)",
767,pshenitsa,пшеница,
768,saharnaya-svekla,сахарная свекла,
769,saharnaya-svekla,сахарная свекла,
770,pshenitsa,пшеница,
771,yachmen,ячмень,
772,kartofel,картофель,
773,saharnaya-svekla,сахарная свекла,
774,pshenitsa,пшеница,
775,goroh-fasol,горох / фасоль,
776,raps,рапс,
777,raps,рапс,
778,pastbischa-i-luga,пастбища и луга,
779,yablonya,яблоня,
780,yablonya,яблоня,
781,vinograd,виноград,
782,kapusta,капуста,
783,tomat,томат,открытый грунт
784,soya,соя,
785,zernobobovye,"зернобобовые (нут, чечевица, люпин, бобы)",
786,zernobobovye,"зернобобовые (нут, чечевица, люпин, бобы)",
787,kormovye-travy,кормовые травы,
788,zernobobovye,"зернобобовые (нут, чечевица, люпин, бобы)",
789,oves,овес,
790,kukuruza,кукуруза,
791,podsolnechnik,подсолнечник,
792,tomat,томат,открытый грунт
793,yablonya,яблоня,
794,grusha,груша,
795,abrikos-persik,абрикос / персик,
796,lesnye-nasazhdeniya,лесные насаждения,
796,hvoynye,"хвойные (туя, ель, можжевельник)",
797,lesnye-nasazhdeniya,лесные насаждения,
798,pastbischa-i-luga,пастбища и луга,
799,lesnye-nasazhdeniya,лесные насаждения,
799,hvoynye,"хвойные (туя, ель, можжевельник)",
800,lesnye-nasazhdeniya,лесные насаждения,
801,sklady-i-zernohranilischa,склады и зернохранилища,
802,sklady-i-zernohranilischa,склады и зернохранилища,
803,sklady-i-zernohranilischa,склады и зернохранилища,
804,sklady-i-zernohranilischa,склады и зернохранилища,
805,sklady-i-zernohranilischa,склады и зернохранилища,
806,sklady-i-zernohranilischa,склады и зернохранилища,
807,sklady-i-zernohranilischa,склады и зернохранилища,
808,sklady-i-zernohranilischa,склады и зернохранилища,
809,sklady-i-zernohranilischa,склады и зернохранилища,
809,soya,соя,
810,sklady-i-zernohranilischa,склады и зернохранилища,
811,sklady-i-zernohranilischa,склады и зернохранилища,
812,sklady-i-zernohranilischa,склады и зернохранилища,
813,sklady-i-zernohranilischa,склады и зернохранилища,
813,soya,соя,
814,sklady-i-zernohranilischa,склады и зернохранилища,
815,sklady-i-zernohranilischa,склады и зернохранилища,
816,sklady-i-zernohranilischa,склады и зернохранилища,
817,sklady-i-zernohranilischa,склады и зернохранилища,
818,sklady-i-zernohranilischa,склады и зернохранилища,
819,sklady-i-zernohranilischa,склады и зернохранилища,
819,soya,соя,
820,sklady-i-zernohranilischa,склады и зернохранилища,
821,sklady-i-zernohranilischa,склады и зернохранилища,
822,sklady-i-zernohranilischa,склады и зернохранилища,
823,sklady-i-zernohranilischa,склады и зернохранилища,
824,sklady-i-zernohranilischa,склады и зернохранилища,
825,sklady-i-zernohranilischa,склады и зернохранилища,
826,sklady-i-zernohranilischa,склады и зернохранилища,
827,sklady-i-zernohranilischa,склады и зернохранилища,
827,soya,соя,
828,sklady-i-zernohranilischa,склады и зернохранилища,
829,sklady-i-zernohranilischa,склады и зернохранилища,
830,sklady-i-zernohranilischa,склады и зернохранилища,
831,sklady-i-zernohranilischa,склады и зернохранилища,
832,sklady-i-zernohranilischa,склады и зернохранилища,
833,sklady-i-zernohranilischa,склады и зернохранилища,
834,sklady-i-zernohranilischa,склады и зернохранилища,
835,sklady-i-zernohranilischa,склады и зернохранилища,
836,sklady-i-zernohranilischa,склады и зернохранилища,
837,sklady-i-zernohranilischa,склады и зернохранилища,
838,sklady-i-zernohranilischa,склады и зернохранилища,
839,sklady-i-zernohranilischa,склады и зернохранилища,
840,sklady-i-zernohranilischa,склады и зернохранилища,
841,sklady-i-zernohranilischa,склады и зернохранилища,
842,sklady-i-zernohranilischa,склады и зернохранилища,
843,sklady-i-zernohranilischa,склады и зернохранилища,
844,sklady-i-zernohranilischa,склады и зернохранилища,
845,sklady-i-zernohranilischa,склады и зернохранилища,
846,sklady-i-zernohranilischa,склады и зернохранилища,
847,sklady-i-zernohranilischa,склады и зернохранилища,
848,sklady-i-zernohranilischa,склады и зернохранилища,
849,sklady-i-zernohranilischa,склады и зернохранилища,
850,sklady-i-zernohranilischa,склады и зернохранилища,
850,soya,соя,
851,sklady-i-zernohranilischa,склады и зернохранилища,
852,sklady-i-zernohranilischa,склады и зернохранилища,
853,sklady-i-zernohranilischa,склады и зернохранилища,
854,sklady-i-zernohranilischa,склады и зернохранилища,
855,sklady-i-zernohranilischa,склады и зернохранилища,
856,sklady-i-zernohranilischa,склады и зернохранилища,
857,sklady-i-zernohranilischa,склады и зернохранилища,
858,sklady-i-zernohranilischa,склады и зернохранилища,
859,sklady-i-zernohranilischa,склады и зернохранилища,
860,sklady-i-zernohranilischa,склады и зернохранилища,
861,sklady-i-zernohranilischa,склады и зернохранилища,
862,sklady-i-zernohranilischa,склады и зернохранилища,
863,sliva,слива,
863,yablonya,яблоня,
864,abrikos-persik,абрикос / персик,
864,ayva,айва,
864,vishnya-chereshnya,вишня / черешня,
864,grusha,груша,
865,limon-tsitrusy,комнатные: лимон / цитрусы,
866,kartofel,картофель,
866,perets,перец,
866,tomat,томат,
867,kapusta,капуста,
868,smorodina,смородина,
869,vinograd,виноград,
869,ezhevika-golubika-zhimolost,ежевика / голубика / жимолость,
869,klubnika,клубника (земляника),
869,kryzhovnik,крыжовник,
869,malina,малина,
870,sklady-i-zernohranilischa,склады и зернохранилища,
871,tsvety,цветы (общее),
872,sklady-i-zernohranilischa,склады и зернохранилища,
873,sklady-i-zernohranilischa,склады и зернохранилища,
874,sklady-i-zernohranilischa,склады и зернохранилища,
875,sklady-i-zernohranilischa,склады и зернохранилища,
876,sklady-i-zernohranilischa,склады и зернохранилища,
877,sklady-i-zernohranilischa,склады и зернохранилища,
878,sklady-i-zernohranilischa,склады и зернохранилища,
879,sklady-i-zernohranilischa,склады и зернохранилища,
880,sklady-i-zernohranilischa,склады и зернохранилища,
881,sklady-i-zernohranilischa,склады и зернохранилища,
882,sklady-i-zernohranilischa,склады и зернохранилища,
883,sklady-i-zernohranilischa,склады и зернохранилища,
884,sklady-i-zernohranilischa,склады и зернохранилища,
884,soya,соя,
885,sklady-i-zernohranilischa,склады и зернохранилища,
886,sklady-i-zernohranilischa,склады и зернохранилища,
887,sklady-i-zernohranilischa,склады и зернохранилища,
888,sklady-i-zernohranilischa,склады и зернохранилища,
889,sklady-i-zernohranilischa,склады и зернохранилища,
889,soya,соя,
890,sklady-i-zernohranilischa,склады и зернохранилища,
891,sklady-i-zernohranilischa,склады и зернохранилища,
892,sklady-i-zernohranilischa,склады и зернохранилища,
893,sklady-i-zernohranilischa,склады и зернохранилища,
894,sklady-i-zernohranilischa,склады и зернохранилища,
895,sklady-i-zernohranilischa,склады и зернохранилища,
896,sklady-i-zernohranilischa,склады и зернохранилища,
897,sklady-i-zernohranilischa,склады и зернохранилища,
897,soya,соя,
898,kartofel,картофель,
899,pshenitsa,пшеница,
899,yachmen,ячмень,
900,pshenitsa,пшеница,
901,pshenitsa,пшеница,
902,kartofel,картофель,
903,ogurets,огурец,защищённый грунт
903,tomat,томат,защищённый грунт
904,pastbischa-i-luga,пастбища и луга,
905,kartofel,картофель,
906,kartofel,картофель,
907,pshenitsa,пшеница,
908,tomat,томат,защищённый грунт
909,ogurets,огурец,защищённый грунт
910,kartofel,картофель,
911,raps,рапс,
912,raps,рапс,
913,pshenitsa,пшеница,
914,pshenitsa,пшеница,
915,yachmen,ячмень,
916,yachmen,ячмень,
917,raps,рапс,
918,raps,рапс,
919,raps,рапс,
920,yablonya,яблоня,
921,yablonya,яблоня,
922,vinograd,виноград,
923,yablonya,яблоня,
924,yablonya,яблоня,
925,vinograd,виноград,
926,kartofel,картофель,
927,yablonya,яблоня,
928,pshenitsa,пшеница,
929,pshenitsa,пшеница,
930,kartofel,картофель,
931,kartofel,картофель,
932,pshenitsa,пшеница,
933,raps,рапс,
934,zernovye,зерновые (прочие),
934,oves,овес,
935,saharnaya-svekla,сахарная свекла,
936,saharnaya-svekla,сахарная свекла,
937,pshenitsa,пшеница,
938,pshenitsa,пшеница,
939,yachmen,ячмень,
940,saharnaya-svekla,сахарная свекла,
941,saharnaya-svekla,сахарная свекла,
942,goroh-fasol,горох / фасоль,
942,zernobobovye,"зернобобовые (нут, чечевица, люпин, бобы)",
943,soya,соя,
944,raps,рапс,
945,pshenitsa,пшеница,
945,yachmen,ячмень,
946,raps,рапс,
947,goroh-fasol,горох / фасоль,
948,pshenitsa,пшеница,
949,pshenitsa,пшеница,
950,yachmen,ячмень,
951,yachmen,ячмень,
952,saharnaya-svekla,сахарная свекла,
953,saharnaya-svekla,сахарная свекла,
954,kartofel,картофель,
955,raps,рапс,
956,raps,рапс,
957,goroh-fasol,горох / фасоль,
958,goroh-fasol,горох / фасоль,
959,soya,соя,
960,pshenitsa,пшеница,
960,yachmen,ячмень,
961,soya,соя,
962,goroh-fasol,горох / фасоль,
963,kartofel,картофель,
964,kukuruza,кукуруза,
965,luk,лук,
966,saharnaya-svekla,сахарная свекла,
967,kapusta,капуста,
968,raps,рапс,
969,yablonya,яблоня,
970,pshenitsa,пшеница,
971,pshenitsa,пшеница,
972,yachmen,ячмень,
973,pshenitsa,пшеница,
974,yachmen,ячмень,
975,pshenitsa,пшеница,
976,yachmen,ячмень,
977,pshenitsa,пшеница,
978,yachmen,ячмень,
979,pshenitsa,пшеница,
979,yachmen,ячмень,
980,zernovye,зерновые (прочие),
980,oves,овес,
981,kukuruza,кукуруза,
981,sklady-i-zernohranilischa,склады и зернохранилища,
982,kartofel,картофель,
983,zernovye,зерновые (прочие),
983,oves,овес,
984,soya,соя,
985,kukuruza,кукуруза,
986,kartofel,картофель,
987,zernovye,зерновые (прочие),
987,oves,овес,
988,pshenitsa,пшеница,
989,pshenitsa,пшеница,
989,yachmen,ячмень,
990,kartofel,картофель,
991,kartofel,картофель,
992,kartofel,картофель,
993,kapusta,капуста,
994,yablonya,яблоня,
995,vishnya-chereshnya,вишня / черешня,
995,sliva,слива,
996,kartofel,картофель,
997,kapusta,капуста,
998,vishnya-chereshnya,вишня / черешня,
998,sliva,слива,
999,yablonya,яблоня,
1000,podsolnechnik,подсолнечник,
1001,kukuruza,кукуруза,
1002,kukuruza,кукуруза,
1003,raps,рапс,
1004,soya,соя,
1005,sklady-i-zernohranilischa,склады и зернохранилища,
1006,lesnye-nasazhdeniya,лесные насаждения,
1006,hvoynye,"хвойные (туя, ель, можжевельник)",
1007,podsolnechnik,подсолнечник,
1008,kukuruza,кукуруза,
1009,grusha,груша,
1009,yablonya,яблоня,
1010,vinograd,виноград,
1011,podsolnechnik,подсолнечник,
1012,ogurets,огурец,открытый грунт
1013,soya,соя,
1014,raps,рапс,
1015,kartofel,картофель,
1016,kartofel,картофель,
1017,pshenitsa,пшеница,
1018,pshenitsa,пшеница,
1019,yachmen,ячмень,
1020,kartofel,картофель,
1021,raps,рапс,
1022,raps,рапс,
1023,saharnaya-svekla,сахарная свекла,
1024,saharnaya-svekla,сахарная свекла,
1025,kartofel,картофель,
1026,ogurets,огурец,защищённый грунт
1026,tomat,томат,защищённый грунт
1027,ayva,айва,
1027,grusha,груша,
1027,yablonya,яблоня,
1028,vishnya-chereshnya,вишня / черешня,
1028,sliva,слива,
1029,vinograd,виноград,
1030,smorodina,смородина,
1031,kryzhovnik,крыжовник,
1032,yagodniki,ягодники (общее),
1033,vishnya-chereshnya,вишня / черешня,
1033,grusha,груша,
1033,sliva,слива,
1033,yablonya,яблоня,
1034,kryzhovnik,крыжовник,
1034,malina,малина,
1034,smorodina,смородина,
1035,limon-tsitrusy,комнатные: лимон / цитрусы,
1036,tsvety,цветы (общее),
1037,vinograd,виноград,
1038,tsvety,цветы (общее),
1039,ayva,айва,
1039,vishnya-chereshnya,вишня / черешня,
1039,grusha,груша,
1039,sliva,слива,
1039,yablonya,яблоня,
1040,kryzhovnik,крыжовник,
1040,malina,малина,
1040,smorodina,смородина,
1041,limon-tsitrusy,комнатные: лимон / цитрусы,
1042,vinograd,виноград,
1043,tsvety,цветы (общее),
1044,ayva,айва,
1044,grusha,груша,
1044,yablonya,яблоня,
1045,vishnya-chereshnya,вишня / черешня,
1045,sliva,слива,
1046,vishnya-chereshnya,вишня / черешня,
1046,sliva,слива,
1047,vinograd,виноград,
1048,smorodina,смородина,
1049,kryzhovnik,крыжовник,
1050,yagodniki,ягодники (общее),
1051,yablonya,яблоня,
1052,abrikos-persik,абрикос / персик,
1053,yablonya,яблоня,
1054,abrikos-persik,абрикос / персик,
1055,baklazhan,баклажан,открытый грунт
1055,kukuruza,кукуруза,открытый грунт
1055,perets,перец,открытый грунт
1055,tomat,томат,открытый грунт
1056,baklazhan,баклажан,открытый грунт
1056,perets,перец,открытый грунт
1056,tomat,томат,открытый грунт
1057,kartofel,картофель,
1058,pshenitsa,пшеница,
1059,pshenitsa,пшеница,
1060,pshenitsa,пшеница,
1061,yachmen,ячмень,
1062,yachmen,ячмень,
1063,goroh-fasol,горох / фасоль,
1064,goroh-fasol,горох / фасоль,
1065,raps,рапс,
1066,raps,рапс,
1067,raps,рапс,
1068,yablonya,яблоня,
1069,pastbischa-i-luga,пастбища и луга,
1070,pastbischa-i-luga,пастбища и луга,
1071,pastbischa-i-luga,пастбища и луга,
1072,saharnaya-svekla,сахарная свекла,
1073,saharnaya-svekla,сахарная свекла,
1074,saharnaya-svekla,сахарная свекла,
1075,morkov,морковь,
1076,morkov,морковь,
1077,luk,лук,
1078,luk,лук,
1079,len,лен,
1080,len,лен,
1081,len,лен,
1082,len,лен,
1083,podsolnechnik,подсолнечник,
1084,kukuruza,кукуруза,
1085,yablonya,яблоня,
1086,vinograd,виноград,
1087,soya,соя,
1088,pshenitsa,пшеница,
1089,pshenitsa,пшеница,
1090,pshenitsa,пшеница,
1091,yachmen,ячмень,
1092,yachmen,ячмень,
1093,kukuruza,кукуруза,
1094,saharnaya-svekla,сахарная свекла,
1095,saharnaya-svekla,сахарная свекла,
1096,kartofel,картофель,
1097,goroh-fasol,горох / фасоль,
1098,tomat,томат,открытый грунт
1099,tomat,томат,открытый грунт
1100,raps,рапс,
1101,kapusta,капуста,
1102,kapusta,капуста,
1103,kapusta,капуста,
1104,yablonya,яблоня,
1105,yablonya,яблоня,
1106,vinograd,виноград,
1107,vinograd,виноград,
1108,vinograd,виноград,
1109,podsolnechnik,подсолнечник,
1110,soya,соя,
1111,luk,лук,
1112,kormovye-travy,кормовые травы,
1113,len,лен,
1114,pastbischa-i-luga,пастбища и луга,
1115,pshenitsa,пшеница,
1116,pshenitsa,пшеница,
1117,pshenitsa,пшеница,
1118,yachmen,ячмень,
1119,yachmen,ячмень,
1120,kukuruza,кукуруза,
1121,saharnaya-svekla,сахарная свекла,
1122,saharnaya-svekla,сахарная свекла,
1123,saharnaya-svekla,сахарная свекла,
1124,kartofel,картофель,
1125,goroh-fasol,горох / фасоль,
1126,tomat,томат,открытый грунт
1127,tomat,томат,открытый грунт
1128,raps,рапс,
1129,raps,рапс,
1130,raps,рапс,
1131,kapusta,капуста,
1132,kapusta,капуста,
1133,len,лен,
1134,vinograd,виноград,
1135,vinograd,виноград,
1136,yablonya,яблоня,
1137,yablonya,яблоня,
1138,pastbischa-i-luga,пастбища и луга,
1139,podsolnechnik,подсолнечник,
1140,soya,соя,
1141,luk,лук,
1142,kormovye-travy,кормовые травы,
1143,len,лен,
1144,pshenitsa,пшеница,
1145,pshenitsa,пшеница,
1146,pshenitsa,пшеница,
1147,yachmen,ячмень,
1148,yachmen,ячмень,
1149,yachmen,ячмень,
1150,kartofel,картофель,
1151,saharnaya-svekla,сахарная свекла,
1152,saharnaya-svekla,сахарная свекла,
1153,kapusta,капуста,
1154,len,лен,
1155,pastbischa-i-luga,пастбища и луга,
1156,yablonya,яблоня,
1157,grusha,груша,
1158,vinograd,виноград,
1159,zernobobovye,"зернобобовые (нут, чечевица, люпин, бобы)",
1160,sklady-i-zernohranilischa,склады и зернохранилища,
1161,sklady-i-zernohranilischa,склады и зернохранилища,
1162,sklady-i-zernohranilischa,склады и зернохранилища,
1163,sklady-i-zernohranilischa,склады и зернохранилища,
1164,kartofel,картофель,
1165,tsvety,цветы (общее),
1166,tsvety,цветы (общее),
1167,uchastok,участок (муравейники),
1168,kapusta,капуста,
1169,kartofel,картофель,
1170,kartofel,картофель,
1171,tsvety,цветы (общее),
1172,klubnika,клубника (земляника),
1173,kartofel,картофель,
1174,kapusta,капуста,
1175,lesnye-nasazhdeniya,лесные насаждения,
1175,sazhentsy-i-posadochnyy-material,саженцы и посадочный материал,
1175,hvoynye,"хвойные (туя, ель, можжевельник)",
1176,luk,лук,
1177,kartofel,картофель,
1178,kapusta,капуста,
1179,kapusta,капуста,
1180,luk,лук,
1181,komnatnye-rasteniya,комнатные растения (общее),
1181,tsvety,цветы (общее),
1182,tsvety,цветы (общее),
1183,kartofel,картофель,
1184,kapusta,капуста,
1184,luk,лук,
1185,tsvety,цветы (общее),
1186,kartofel,картофель,
1187,kartofel,картофель,
1187,klubnika,клубника (земляника),
1188,kartofel,картофель,защищённый грунт
1188,klubnika,клубника (земляника),защищённый грунт
1189,komnatnye-rasteniya,комнатные растения (общее),
1189,tsvety,цветы (общее),
1190,ogorod,огород (общее),
1190,plodovye-derevya,плодовые деревья (общее),
1190,tsvety,цветы (общее),
1191,klubnika,клубника (земляника),
1192,tsvety,цветы (общее),
1193,pshenitsa,пшеница,
1194,saharnaya-svekla,сахарная свекла,
1195,saharnaya-svekla,сахарная свекла,
1196,saharnaya-svekla,сахарная свекла,
1197,tsvety,цветы (общее),
1198,kartofel,картофель,
1199,luk,лук,
1200,kartofel,картофель,
1201,kapusta,капуста,
1202,tsvety,цветы (общее),
1203,kartofel,картофель,
1204,kapusta,капуста,
1204,luk,лук,
1205,pshenitsa,пшеница,
1206,pshenitsa,пшеница,
1207,pshenitsa,пшеница,
1208,yachmen,ячмень,
1209,oves,овес,
1210,goroh-fasol,горох / фасоль,
1211,soya,соя,
1212,yablonya,яблоня,
1213,yablonya,яблоня,
1214,sliva,слива,
1215,vinograd,виноград,
1216,saharnaya-svekla,сахарная свекла,
1217,saharnaya-svekla,сахарная свекла,
1218,raps,рапс,
1219,raps,рапс,
1220,raps,рапс,
1221,maslichnye-i-tehnicheskie,масличные и технические,
1222,kartofel,картофель,
1223,kapusta,капуста,
1224,kormovye-travy,кормовые травы,
1225,zernobobovye,"зернобобовые (нут, чечевица, люпин, бобы)",
1226,pshenitsa,пшеница,
1227,pshenitsa,пшеница,
1228,rozh,рожь,
1228,yachmen,ячмень,
1229,goroh-fasol,горох / фасоль,
1229,soya,соя,
1230,maslichnye-i-tehnicheskie,масличные и технические,
1230,raps,рапс,
1231,saharnaya-svekla,сахарная свекла,
1232,len,лен,
1233,zernobobovye,"зернобобовые (нут, чечевица, люпин, бобы)",
1234,len,лен,
1235,pshenitsa,пшеница,
1236,pshenitsa,пшеница,
1237,rozh,рожь,
1237,yachmen,ячмень,
1238,oves,овес,
1239,saharnaya-svekla,сахарная свекла,
1240,kukuruza,кукуруза,
1241,podsolnechnik,подсолнечник,
1242,kartofel,картофель,
1243,zernobobovye,"зернобобовые (нут, чечевица, люпин, бобы)",
1244,kormovye-travy,кормовые травы,
1245,yablonya,яблоня,
1246,yablonya,яблоня,
1247,vinograd,виноград,
1248,pshenitsa,пшеница,
1249,pshenitsa,пшеница,
1250,yachmen,ячмень,
1251,goroh-fasol,горох / фасоль,
1252,soya,соя,
1253,saharnaya-svekla,сахарная свекла,
1254,sliva,слива,
1255,pshenitsa,пшеница,
1256,pshenitsa,пшеница,
1257,yachmen,ячмень,
1258,yablonya,яблоня,
1259,yablonya,яблоня,
1260,vinograd,виноград,
1261,saharnaya-svekla,сахарная свекла,
1262,raps,рапс,
1263,raps,рапс,
1264,zernovye,зерновые (прочие),
1264,oves,овес,
1265,zernobobovye,"зернобобовые (нут, чечевица, люпин, бобы)",
1266,saharnaya-svekla,сахарная свекла,
1267,grusha,груша,
1267,yablonya,яблоня,
1268,pshenitsa,пшеница,
1269,pshenitsa,пшеница,
1270,pshenitsa,пшеница,
1271,yachmen,ячмень,
1272,oves,овес,
1273,goroh-fasol,горох / фасоль,
1274,soya,соя,
1275,yablonya,яблоня,
1276,yablonya,яблоня,
1277,sliva,слива,
1278,vinograd,виноград,
1279,saharnaya-svekla,сахарная свекла,
1280,saharnaya-svekla,сахарная свекла,
1281,raps,рапс,
1282,raps,рапс,
1283,raps,рапс,
1284,maslichnye-i-tehnicheskie,масличные и технические,
1285,kartofel,картофель,
1286,kapusta,капуста,
1287,kormovye-travy,кормовые травы,
1288,zernobobovye,"зернобобовые (нут, чечевица, люпин, бобы)",
1289,pshenitsa,пшеница,
1290,rozh,рожь,
1290,yachmen,ячмень,
1291,oves,овес,
1292,vinograd,виноград,
1293,pshenitsa,пшеница,
1294,yachmen,ячмень,
1295,goroh-fasol,горох / фасоль,
1296,saharnaya-svekla,сахарная свекла,
1297,luk,лук,
1298,luk,лук,
1299,tomat,томат,открытый грунт
1300,tomat,томат,открытый грунт
1301,kartofel,картофель,
1302,yablonya,яблоня,
1303,yablonya,яблоня,
1304,vinograd,виноград,
1305,pshenitsa,пшеница,
1306,pshenitsa,пшеница,
1307,yachmen,ячмень,
1308,goroh-fasol,горох / фасоль,
1309,pshenitsa,пшеница,
1310,yablonya,яблоня,
1311,pshenitsa,пшеница,
1312,pshenitsa,пшеница,
1313,rozh,рожь,
1313,yachmen,ячмень,
1314,oves,овес,
1315,grusha,груша,
1315,yablonya,яблоня,
1316,zernobobovye,"зернобобовые (нут, чечевица, люпин, бобы)",
1317,maslichnye-i-tehnicheskie,масличные и технические,
1318,ogorod,огород (общее),
1319,kormovye-travy,кормовые травы,
1320,kartofel,картофель,
1321,kartofel,картофель,
1322,len,лен,
1323,maslichnye-i-tehnicheskie,масличные и технические,
1324,saharnaya-svekla,сахарная свекла,
1325,lesnye-nasazhdeniya,лесные насаждения,
1325,smorodina,смородина,
1326,malina,малина,
1327,zernobobovye,"зернобобовые (нут, чечевица, люпин, бобы)",
1328,pshenitsa,пшеница,
1329,yachmen,ячмень,
1330,oves,овес,
1330,rozh,рожь,
1331,zernobobovye,"зернобобовые (нут, чечевица, люпин, бобы)",
1332,zernobobovye,"зернобобовые (нут, чечевица, люпин, бобы)",
1333,len,лен,
1334,kormovye-travy,кормовые травы,
1335,pshenitsa,пшеница,
1336,pshenitsa,пшеница,
1337,rozh,рожь,
1337,yachmen,ячмень,
1338,oves,овес,
1339,pshenitsa,пшеница,
1340,zernobobovye,"зернобобовые (нут, чечевица, люпин, бобы)",
1341,saharnaya-svekla,сахарная свекла,
1342,pshenitsa,пшеница,
1343,pshenitsa,пшеница,
1344,rozh,рожь,
1344,yachmen,ячмень,
1345,saharnaya-svekla,сахарная свекла,
1346,kartofel,картофель,
1347,yablonya,яблоня,
1348,yablonya,яблоня,
1349,len,лен,
1350,maslichnye-i-tehnicheskie,масличные и технические,
1351,raps,рапс,
1352,raps,рапс,
1353,pshenitsa,пшеница,
1354,pshenitsa,пшеница,
1355,pshenitsa,пшеница,
1356,yachmen,ячмень,
1357,rozh,рожь,
1358,goroh-fasol,горох / фасоль,
1359,soya,соя,
1360,saharnaya-svekla,сахарная свекла,
1361,ogurets,огурец,
1362,grusha,груша,
1362,yablonya,яблоня,
1363,pshenitsa,пшеница,
1364,saharnaya-svekla,сахарная свекла,
1365,grusha,груша,
1365,yablonya,яблоня,
1366,pshenitsa,пшеница,
1367,pshenitsa,пшеница,
1368,yachmen,ячмень,
1369,saharnaya-svekla,сахарная свекла,
1370,zernobobovye,"зернобобовые (нут, чечевица, люпин, бобы)",
1370,soya,соя,
1371,pshenitsa,пшеница,
1372,pshenitsa,пшеница,
1373,yachmen,ячмень,
1374,saharnaya-svekla,сахарная свекла,
1375,zernobobovye,"зернобобовые (нут, чечевица, люпин, бобы)",
1375,soya,соя,
1376,raps,рапс,
1377,raps,рапс,
1378,pshenitsa,пшеница,
1379,pshenitsa,пшеница,
1380,oves,овес,
1380,yachmen,ячмень,
1381,kartofel,картофель,
1382,pastbischa-i-luga,пастбища и луга,
1383,soya,соя,
1384,soya,соя,
1385,saharnaya-svekla,сахарная свекла,
1386,saharnaya-svekla,сахарная свекла,
1387,saharnaya-svekla,сахарная свекла,
1388,podsolnechnik,подсолнечник,
1389,podsolnechnik,подсолнечник,
1390,podsolnechnik,подсолнечник,
1391,kukuruza,кукуруза,
1392,kukuruza,кукуруза,
1393,kukuruza,кукуруза,
1394,goroh-fasol,горох / фасоль,
1395,zernobobovye,"зернобобовые (нут, чечевица, люпин, бобы)",
1396,yablonya,яблоня,
1397,grusha,груша,
1398,vinograd,виноград,
1399,vinograd,виноград,
1400,limon-tsitrusy,комнатные: лимон / цитрусы,
1400,lesnye-nasazhdeniya,лесные насаждения,
1401,pshenitsa,пшеница,
1402,podsolnechnik,подсолнечник,
1403,podsolnechnik,подсолнечник,
1404,oves,овес,
1404,yachmen,ячмень,
1405,kartofel,картофель,
1406,saharnaya-svekla,сахарная свекла,
1407,saharnaya-svekla,сахарная свекла,
1408,soya,соя,
1409,soya,соя,
1410,pastbischa-i-luga,пастбища и луга,
1411,pshenitsa,пшеница,
1412,yachmen,ячмень,
1413,saharnaya-svekla,сахарная свекла,
1414,saharnaya-svekla,сахарная свекла,
1415,pshenitsa,пшеница,
1416,pshenitsa,пшеница,
1417,goroh-fasol,горох / фасоль,
1418,soya,соя,
1419,kukuruza,кукуруза,
1419,sklady-i-zernohranilischa,склады и зернохранилища,
1420,podsolnechnik,подсолнечник,
1421,saharnaya-svekla,сахарная свекла,
1422,grusha,груша,
1422,yablonya,яблоня,
1423,vinograd,виноград,
1424,sklady-i-zernohranilischa,склады и зернохранилища,
1425,sklady-i-zernohranilischa,склады и зернохранилища,
1426,sklady-i-zernohranilischa,склады и зернохранилища,
1427,sklady-i-zernohranilischa,склады и зернохранилища,
1428,sklady-i-zernohranilischa,склады и зернохранилища,
1429,sklady-i-zernohranilischa,склады и зернохранилища,
1430,sklady-i-zernohranilischa,склады и зернохранилища,
1431,pshenitsa,пшеница,
1431,yachmen,ячмень,
1432,pshenitsa,пшеница,
1432,yachmen,ячмень,
1433,kartofel,картофель,
1434,raps,рапс,
1435,raps,рапс,
1436,kartofel,картофель,
1437,kartofel,картофель,
1438,kartofel,картофель,
1439,pshenitsa,пшеница,
1440,pshenitsa,пшеница,
1441,yachmen,ячмень,
1442,soya,соя,
1443,yablonya,яблоня,
1444,vinograd,виноград,
1445,yablonya,яблоня,
1446,vinograd,виноград,
1447,vinograd,виноград,
1448,ogurets,огурец,защищённый грунт
1449,roza,роза,защищённый грунт
1450,yablonya,яблоня,
1451,yablonya,яблоня,
1452,yablonya,яблоня,
1453,kapusta,капуста,
1454,pastbischa-i-luga,пастбища и луга,
1455,pastbischa-i-luga,пастбища и луга,
1456,kukuruza,кукуруза,
1456,podsolnechnik,подсолнечник,
1456,soya,соя,
1457,raps,рапс,
1458,kapusta,капуста,
1459,tsvety,цветы (общее),открытый грунт
1460,yablonya,яблоня,
1461,yagodniki,ягодники (общее),
1462,smorodina,смородина,
1463,yablonya,яблоня,
1464,yablonya,яблоня,
1465,yablonya,яблоня,
1467,griby,"грибы (шампиньон, вешенка)",защищённый грунт
1468,pastbischa-i-luga,пастбища и луга,
1469,pastbischa-i-luga,пастбища и луга,
1470,lesnye-nasazhdeniya,лесные насаждения,
1470,hvoynye,"хвойные (туя, ель, можжевельник)",
1471,yablonya,яблоня,
1472,pastbischa-i-luga,пастбища и луга,
1473,pastbischa-i-luga,пастбища и луга,
1474,pastbischa-i-luga,пастбища и луга,
1475,pastbischa-i-luga,пастбища и луга,
1476,lesnye-nasazhdeniya,лесные насаждения,
1476,hvoynye,"хвойные (туя, ель, можжевельник)",
1477,lesnye-nasazhdeniya,лесные насаждения,
1477,hvoynye,"хвойные (туя, ель, можжевельник)",
1478,yablonya,яблоня,
1479,pastbischa-i-luga,пастбища и луга,
1480,pastbischa-i-luga,пастбища и луга,
1481,raps,рапс,
1482,yablonya,яблоня,
1483,yablonya,яблоня,
1484,kapusta,капуста,
1485,pastbischa-i-luga,пастбища и луга,
1486,podsolnechnik,подсолнечник,
1487,raps,рапс,
1488,yablonya,яблоня,
1489,yablonya,яблоня,
1490,yablonya,яблоня,
1491,yablonya,яблоня,
1492,yablonya,яблоня,
1493,yablonya,яблоня,
1494,grusha,груша,
1495,vinograd,виноград,
1496,yablonya,яблоня,
1497,yablonya,яблоня,
1498,grusha,груша,
1499,vinograd,виноград,
1500,pastbischa-i-luga,пастбища и луга,
1501,pastbischa-i-luga,пастбища и луга,
1502,pastbischa-i-luga,пастбища и луга,
1503,lesnye-nasazhdeniya,лесные насаждения,
1503,hvoynye,"хвойные (туя, ель, можжевельник)",
1504,lesnye-nasazhdeniya,лесные насаждения,
1504,hvoynye,"хвойные (туя, ель, можжевельник)",
1505,lesnye-nasazhdeniya,лесные насаждения,
1505,hvoynye,"хвойные (туя, ель, можжевельник)",
1506,lesnye-nasazhdeniya,лесные насаждения,
1507,lesnye-nasazhdeniya,лесные насаждения,
1508,lesnye-nasazhdeniya,лесные насаждения,
1509,raps,рапс,
1510,raps,рапс,
1511,raps,рапс,
1512,ayva,айва,
1512,grusha,груша,
1512,yablonya,яблоня,
1513,vinograd,виноград,
1514,kapusta,капуста,
1515,pastbischa-i-luga,пастбища и луга,
1516,ayva,айва,
1516,grusha,груша,
1516,yablonya,яблоня,
1517,vinograd,виноград,
1518,kapusta,капуста,
1519,raps,рапс,
1520,raps,рапс,
1521,raps,рапс,
1522,kukuruza,кукуруза,
1523,kukuruza,кукуруза,
1524,podsolnechnik,подсолнечник,
1525,podsolnechnik,подсолнечник,
1526,soya,соя,
1527,pshenitsa,пшеница,
1528,raps,рапс,
1529,yachmen,ячмень,
1530,yachmen,ячмень,
1531,maslichnye-i-tehnicheskie,масличные и технические,
1531,raps,рапс,
1532,maslichnye-i-tehnicheskie,масличные и технические,
1532,raps,рапс,
1533,pshenitsa,пшеница,
1534,pshenitsa,пшеница,
1535,pastbischa-i-luga,пастбища и луга,
1536,smorodina,смородина,
1537,malina,малина,
1538,klubnika,клубника (земляника),
1539,pshenitsa,пшеница,
1540,pshenitsa,пшеница,
1541,yachmen,ячмень,
1542,yachmen,ячмень,
1543,maslichnye-i-tehnicheskie,масличные и технические,
1543,raps,рапс,
1544,maslichnye-i-tehnicheskie,масличные и технические,
1544,raps,рапс,
1545,pastbischa-i-luga,пастбища и луга,
1546,pastbischa-i-luga,пастбища и луга,
1547,smorodina,смородина,
1548,malina,малина,
1549,klubnika,клубника (земляника),
1550,kartofel,картофель,
1551,ogurets,огурец,защищённый грунт
1551,tomat,томат,защищённый грунт
1552,tsvety,цветы (общее),открытый грунт
1553,komnatnye-rasteniya,комнатные растения (общее),
1553,tsvety,цветы (общее),
1554,pshenitsa,пшеница,
1554,yachmen,ячмень,
1555,kukuruza,кукуруза,
1556,podsolnechnik,подсолнечник,
1557,pshenitsa,пшеница,
1558,soya,соя,
1559,pshenitsa,пшеница,
1560,yachmen,ячмень,
1561,saharnaya-svekla,сахарная свекла,
1562,saharnaya-svekla,сахарная свекла,
1563,kartofel,картофель,
1564,raps,рапс,
1565,kukuruza,кукуруза,
1566,podsolnechnik,подсолнечник,
1567,len,лен,
1568,kartofel,картофель,
1569,pshenitsa,пшеница,
1570,pshenitsa,пшеница,
1570,yachmen,ячмень,
1571,raps,рапс,
1572,kukuruza,кукуруза,
1573,podsolnechnik,подсолнечник,
1574,pshenitsa,пшеница,
1574,yachmen,ячмень,
1575,pshenitsa,пшеница,
1576,kukuruza,кукуруза,
1576,sklady-i-zernohranilischa,склады и зернохранилища,
1577,podsolnechnik,подсолнечник,
1578,raps,рапс,
1579,soya,соя,
1580,len,лен,
1581,kartofel,картофель,
1582,kartofel,картофель,
1583,len,лен,
1584,soya,соя,
1585,saharnaya-svekla,сахарная свекла,
1586,saharnaya-svekla,сахарная свекла,
1587,raps,рапс,
1588,kartofel,картофель,
1589,kartofel,картофель,
1590,pshenitsa,пшеница,
1590,yachmen,ячмень,
1591,pshenitsa,пшеница,
1592,podsolnechnik,подсолнечник,
1593,kukuruza,кукуруза,
1594,kartofel,картофель,
1595,kartofel,картофель,
1596,luk,лук,
1597,zernobobovye,"зернобобовые (нут, чечевица, люпин, бобы)",
1598,luk,лук,
1599,zernobobovye,"зернобобовые (нут, чечевица, люпин, бобы)",
1600,ogurets,огурец,защищённый грунт
1600,tomat,томат,защищённый грунт
1601,yablonya,яблоня,
1602,yablonya,яблоня,
1603,smorodina,смородина,
1604,tsvety,цветы (общее),
1605,ogurets,огурец,защищённый грунт
1605,tomat,томат,защищённый грунт
1606,smorodina,смородина,
1607,kartofel,картофель,
1608,pshenitsa,пшеница,
1609,pshenitsa,пшеница,
1610,yachmen,ячмень,
1611,kartofel,картофель,
1612,yablonya,яблоня,
1613,kartofel,картофель,
1614,luk,лук,
1615,luk,лук,
1616,tsvety,цветы (общее),открытый и защищённый грунт
1617,yagodniki,ягодники (общее),
1618,pshenitsa,пшеница,
1618,yachmen,ячмень,
1619,pshenitsa,пшеница,
1620,raps,рапс,
1621,kukuruza,кукуруза,
1622,podsolnechnik,подсолнечник,
1623,zernovye,зерновые (прочие),
1623,oves,овес,
1624,zernovye,зерновые (прочие),
1624,oves,овес,
1625,kartofel,картофель,
1626,pastbischa-i-luga,пастбища и луга,
1627,ayva,айва,
1627,grusha,груша,
1627,yablonya,яблоня,
1628,pshenitsa,пшеница,
1629,pshenitsa,пшеница,
1630,pshenitsa,пшеница,
1631,yachmen,ячмень,
1632,oves,овес,
1633,kartofel,картофель,
1634,kartofel,картофель,
1635,ogurets,огурец,защищённый грунт
1636,ogurets,огурец,защищённый грунт
1637,ogurets,огурец,защищённый грунт
1638,tomat,томат,защищённый грунт
1639,tomat,томат,защищённый грунт
1640,ogurets,огурец,защищённый грунт
1641,pastbischa-i-luga,пастбища и луга,
1642,pastbischa-i-luga,пастбища и луга,
1643,kartofel,картофель,
1644,ogurets,огурец,открытый грунт
1644,tomat,томат,открытый грунт
1645,kartofel,картофель,
1646,ogurets,огурец,защищённый грунт
1646,tomat,томат,защищённый грунт
1647,luk,лук,
1648,morkov,морковь,
1649,kartofel,картофель,
1650,yablonya,яблоня,
1651,yablonya,яблоня,
1652,kartofel,картофель,
1653,ogurets,огурец,защищённый грунт
1653,tomat,томат,защищённый грунт
1654,komnatnye-rasteniya,комнатные растения (общее),открытый грунт
1654,tsvety,цветы (общее),открытый грунт
1655,tsvety,цветы (общее),открытый грунт
1656,kartofel,картофель,
1657,kartofel,картофель,
1658,ogurets,огурец,защищённый грунт
1659,tomat,томат,защищённый грунт
1660,kukuruza,кукуруза,
1660,sklady-i-zernohranilischa,склады и зернохранилища,
1661,podsolnechnik,подсолнечник,
1662,pshenitsa,пшеница,
1663,pshenitsa,пшеница,
1664,pshenitsa,пшеница,
1665,kartofel,картофель,
1666,kartofel,картофель,
1667,ogurets,огурец,защищённый грунт
1668,tomat,томат,защищённый грунт
1669,tsvety,цветы (общее),открытый грунт
1670,kartofel,картофель,
1671,ogurets,огурец,защищённый грунт
1671,tomat,томат,защищённый грунт
1672,tomat,томат,защищённый грунт
1673,kartofel,картофель,
1674,luk,лук,
1675,kartofel,картофель,
1676,kartofel,картофель,
1677,tsvety,цветы (общее),
1678,tsvety,цветы (общее),
1679,kartofel,картофель,
1680,kartofel,картофель,
1681,tsvety,цветы (общее),открытый грунт
1682,tsvety,цветы (общее),защищённый грунт
1683,yagodniki,ягодники (общее),
1684,plodovye-derevya,плодовые деревья (общее),
1685,pshenitsa,пшеница,
1686,pshenitsa,пшеница,
1687,yachmen,ячмень,
1688,yachmen,ячмень,
1689,kartofel,картофель,
1690,saharnaya-svekla,сахарная свекла,
1691,saharnaya-svekla,сахарная свекла,
1692,saharnaya-svekla,сахарная свекла,
1693,saharnaya-svekla,сахарная свекла,
1694,saharnaya-svekla,сахарная свекла,
1695,saharnaya-svekla,сахарная свекла,
1696,saharnaya-svekla,сахарная свекла,
1697,saharnaya-svekla,сахарная свекла,
1698,raps,рапс,
1699,raps,рапс,
1700,raps,рапс,
1701,raps,рапс,
1702,raps,рапс,
1703,pastbischa-i-luga,пастбища и луга,
1704,pastbischa-i-luga,пастбища и луга,
1705,pshenitsa,пшеница,
1706,pshenitsa,пшеница,
1707,pshenitsa,пшеница,
1708,oves,овес,
1708,yachmen,ячмень,
1709,oves,овес,
1709,yachmen,ячмень,
1710,kartofel,картофель,
1711,ogurets,огурец,защищённый грунт
1712,ogurets,огурец,защищённый грунт
1712,tomat,томат,защищённый грунт
1713,pshenitsa,пшеница,
1713,yachmen,ячмень,
1714,pshenitsa,пшеница,
1715,kartofel,картофель,
1716,ogurets,огурец,защищённый грунт
1716,tomat,томат,защищённый грунт
1717,pshenitsa,пшеница,
1718,pshenitsa,пшеница,
1718,yachmen,ячмень,
1719,raps,рапс,
1720,kukuruza,кукуруза,
1721,podsolnechnik,подсолнечник,
1722,kartofel,картофель,
1723,pshenitsa,пшеница,
1724,pshenitsa,пшеница,
1725,kartofel,картофель,
1726,yablonya,яблоня,
1727,pastbischa-i-luga,пастбища и луга,
1728,pastbischa-i-luga,пастбища и луга,
1729,pshenitsa,пшеница,
1730,pshenitsa,пшеница,
1731,kartofel,картофель,
1732,pshenitsa,пшеница,
1733,pshenitsa,пшеница,
1733,yachmen,ячмень,
1734,raps,рапс,
1735,kukuruza,кукуруза,
1736,podsolnechnik,подсолнечник,
1737,podsolnechnik,подсолнечник,
1738,pshenitsa,пшеница,
1739,pshenitsa,пшеница,
1739,yachmen,ячмень,
1740,raps,рапс,
1741,kukuruza,кукуруза,
1742,tsvety,цветы (общее),
1743,tsvety,цветы (общее),
1744,kartofel,картофель,
1745,kartofel,картофель,
1746,tsvety,цветы (общее),
1747,tsvety,цветы (общее),
1748,kartofel,картофель,
1749,kartofel,картофель,
1750,pshenitsa,пшеница,
1751,pshenitsa,пшеница,
1752,kartofel,картофель,
1753,pshenitsa,пшеница,
1754,pshenitsa,пшеница,
1754,yachmen,ячмень,
1755,kukuruza,кукуруза,
1756,podsolnechnik,подсолнечник,
1757,raps,рапс,
1758,pshenitsa,пшеница,
1759,pshenitsa,пшеница,
1760,oves,овес,
1760,yachmen,ячмень,
1761,pshenitsa,пшеница,
1761,yachmen,ячмень,
1762,pshenitsa,пшеница,
1763,pastbischa-i-luga,пастбища и луга,
1764,podsolnechnik,подсолнечник,
1765,pshenitsa,пшеница,
1766,pshenitsa,пшеница,
1766,yachmen,ячмень,
1767,raps,рапс,
1768,kukuruza,кукуруза,
1769,soya,соя,
1770,pshenitsa,пшеница,
1771,pshenitsa,пшеница,
1771,yachmen,ячмень,
1772,raps,рапс,
1773,kukuruza,кукуруза,
1774,podsolnechnik,подсолнечник,
1775,pshenitsa,пшеница,
1776,pshenitsa,пшеница,
1776,yachmen,ячмень,
1777,raps,рапс,
1778,kukuruza,кукуруза,
1779,podsolnechnik,подсолнечник,
1780,pshenitsa,пшеница,
1781,kartofel,картофель,
1782,ogurets,огурец,защищённый грунт
1783,ogurets,огурец,защищённый грунт
1784,tomat,томат,защищённый грунт
1785,pshenitsa,пшеница,
1786,pshenitsa,пшеница,
1787,pshenitsa,пшеница,
1788,pshenitsa,пшеница,
1789,yachmen,ячмень,
1790,yachmen,ячмень,
1791,pastbischa-i-luga,пастбища и луга,
1792,pastbischa-i-luga,пастбища и луга,
1793,pshenitsa,пшеница,
1794,pshenitsa,пшеница,
1795,kartofel,картофель,
1796,ogurets,огурец,защищённый грунт
1796,tomat,томат,защищённый грунт
1797,yablonya,яблоня,
1798,yablonya,яблоня,
1799,grusha,груша,
1800,smorodina,смородина,
1801,komnatnye-rasteniya,комнатные растения (общее),защищённый грунт
1801,tsvety,цветы (общее),защищённый грунт
1802,kapusta,капуста,
1803,kartofel,картофель,
1804,smorodina,смородина,
1805,pshenitsa,пшеница,
1806,pshenitsa,пшеница,
1807,pshenitsa,пшеница,
1808,kartofel,картофель,
1809,pastbischa-i-luga,пастбища и луга,
1810,pastbischa-i-luga,пастбища и луга,
1811,ogurets,огурец,защищённый грунт
1812,ogurets,огурец,защищённый грунт
1813,tomat,томат,защищённый грунт
1814,tsvety,цветы (общее),открытый грунт
1815,tsvety,цветы (общее),защищённый грунт
1816,yablonya,яблоня,
1817,yablonya,яблоня,
1818,ogurets,огурец,защищённый грунт
1818,tomat,томат,защищённый грунт
1819,tsvety,цветы (общее),открытый и защищённый грунт
1820,kartofel,картофель,
1821,raps,рапс,
1822,raps,рапс,
1823,raps,рапс,
1824,pshenitsa,пшеница,
1825,pshenitsa,пшеница,
1826,pshenitsa,пшеница,
1827,pshenitsa,пшеница,
1828,oves,овес,
1828,yachmen,ячмень,
1829,oves,овес,
1829,yachmen,ячмень,
1830,kartofel,картофель,
1831,kartofel,картофель,
1832,ogurets,огурец,защищённый грунт
1833,ogurets,огурец,защищённый грунт
1834,tomat,томат,защищённый грунт
1835,saharnaya-svekla,сахарная свекла,
1836,saharnaya-svekla,сахарная свекла,
1837,saharnaya-svekla,сахарная свекла,
1838,saharnaya-svekla,сахарная свекла,
1839,raps,рапс,
1840,raps,рапс,
1841,pastbischa-i-luga,пастбища и луга,
1842,pastbischa-i-luga,пастбища и луга,
1843,kartofel,картофель,
1844,ogurets,огурец,защищённый грунт
1844,tomat,томат,защищённый грунт
1845,komnatnye-rasteniya,комнатные растения (общее),
1845,tsvety,цветы (общее),
1846,uchastok,участок (муравейники),
1847,komnatnye-rasteniya,комнатные растения (общее),
1847,tsvety,цветы (общее),
1848,ogorod,огород (общее),
1848,plodovye-derevya,плодовые деревья (общее),
1848,tsvety,цветы (общее),
1849,kartofel,картофель,открытый грунт
1849,klubnika,клубника (земляника),открытый грунт
1849,morkov,морковь,открытый грунт
1849,tomat,томат,открытый грунт
1850,uchastok,участок (муравейники),
1851,kapusta,капуста,
1852,kartofel,картофель,
1853,tsvety,цветы (общее),
1854,uchastok,участок (муравейники),
1855,tsvety,цветы (общее),открытый и защищённый грунт
1856,yagodniki,ягодники (общее),
1857,komnatnye-rasteniya,комнатные растения (общее),
1857,tsvety,цветы (общее),
1858,kartofel,картофель,
1859,ogurets,огурец,защищённый грунт
1859,tomat,томат,защищённый грунт
1860,tsvety,цветы (общее),открытый грунт
1861,kartofel,картофель,
1862,ogurets,огурец,защищённый грунт
1862,tomat,томат,защищённый грунт
1863,kartofel,картофель,
1864,luk,лук,
1865,luk,лук,
1866,kartofel,картофель,
1867,luk,лук,
1868,kartofel,картофель,
1869,kartofel,картофель,
1870,ogurets,огурец,защищённый грунт
1871,tomat,томат,защищённый грунт
1872,kukuruza,кукуруза,
1872,sklady-i-zernohranilischa,склады и зернохранилища,
1873,podsolnechnik,подсолнечник,
1874,pshenitsa,пшеница,
1875,pshenitsa,пшеница,
1876,pshenitsa,пшеница,
1877,kartofel,картофель,
1878,kartofel,картофель,
1879,ogurets,огурец,защищённый грунт
1880,tomat,томат,защищённый грунт
1881,tsvety,цветы (общее),открытый грунт
1882,tomat,томат,защищённый грунт
1883,kartofel,картофель,
1884,ogurets,огурец,защищённый грунт
1884,tomat,томат,защищённый грунт
1885,luk,лук,
1886,smorodina,смородина,
1887,smorodina,смородина,
1888,roza,роза,
1889,pshenitsa,пшеница,
1890,pshenitsa,пшеница,
1891,pshenitsa,пшеница,
1892,pshenitsa,пшеница,
1893,pshenitsa,пшеница,
1894,yachmen,ячмень,
1895,yachmen,ячмень,
1896,yachmen,ячмень,
1897,kukuruza,кукуруза,
1898,kukuruza,кукуруза,
1899,kukuruza,кукуруза,
1900,kukuruza,кукуруза,
1901,kukuruza,кукуруза,
1902,kukuruza,кукуруза,
1903,kukuruza,кукуруза,
1904,raps,рапс,
1905,raps,рапс,
1906,raps,рапс,
1907,raps,рапс,
1908,raps,рапс,
1909,maslichnye-i-tehnicheskie,масличные и технические,
1910,maslichnye-i-tehnicheskie,масличные и технические,
1911,maslichnye-i-tehnicheskie,масличные и технические,
1912,podsolnechnik,подсолнечник,
1913,podsolnechnik,подсолнечник,
1914,podsolnechnik,подсолнечник,
1915,podsolnechnik,подсолнечник,
1916,goroh-fasol,горох / фасоль,
1917,goroh-fasol,горох / фасоль,
1918,goroh-fasol,горох / фасоль,
1919,goroh-fasol,горох / фасоль,
1920,soya,соя,
1921,soya,соя,
1922,soya,соя,
1923,soya,соя,
1924,saharnaya-svekla,сахарная свекла,
1925,saharnaya-svekla,сахарная свекла,
1926,saharnaya-svekla,сахарная свекла,
1927,saharnaya-svekla,сахарная свекла,
1928,saharnaya-svekla,сахарная свекла,
1929,zernobobovye,"зернобобовые (нут, чечевица, люпин, бобы)",
1930,lesnye-nasazhdeniya,лесные насаждения,
1930,hvoynye,"хвойные (туя, ель, можжевельник)",
1931,lesnye-nasazhdeniya,лесные насаждения,
1931,hvoynye,"хвойные (туя, ель, можжевельник)",
1932,lesnye-nasazhdeniya,лесные насаждения,
1932,hvoynye,"хвойные (туя, ель, можжевельник)",
1933,lesnye-nasazhdeniya,лесные насаждения,
1934,lesnye-nasazhdeniya,лесные насаждения,
1935,lesnye-nasazhdeniya,лесные насаждения,
1936,lesnye-nasazhdeniya,лесные насаждения,
1936,hvoynye,"хвойные (туя, ель, можжевельник)",
1937,lesnye-nasazhdeniya,лесные насаждения,
1938,pshenitsa,пшеница,
1938,yachmen,ячмень,
1939,kartofel,картофель,
1940,pastbischa-i-luga,пастбища и луга,
1941,pshenitsa,пшеница,
1942,pshenitsa,пшеница,
1943,pshenitsa,пшеница,
1944,pshenitsa,пшеница,
1945,pshenitsa,пшеница,
1946,pshenitsa,пшеница,
1946,yachmen,ячмень,
1947,yachmen,ячмень,
1948,yachmen,ячмень,
1949,kukuruza,кукуруза,
1950,kukuruza,кукуруза,
1951,kukuruza,кукуруза,
1952,kukuruza,кукуруза,
1953,kukuruza,кукуруза,
1954,kukuruza,кукуруза,
1955,kukuruza,кукуруза,
1956,raps,рапс,
1957,raps,рапс,
1958,raps,рапс,
1959,raps,рапс,
1960,raps,рапс,
1961,podsolnechnik,подсолнечник,
1962,podsolnechnik,подсолнечник,
1963,podsolnechnik,подсолнечник,
1964,podsolnechnik,подсолнечник,
1965,goroh-fasol,горох / фасоль,
1966,goroh-fasol,горох / фасоль,
1967,goroh-fasol,горох / фасоль,
1968,goroh-fasol,горох / фасоль,
1969,soya,соя,
1970,soya,соя,
1971,soya,соя,
1972,soya,соя,
1973,saharnaya-svekla,сахарная свекла,
1974,saharnaya-svekla,сахарная свекла,
1975,saharnaya-svekla,сахарная свекла,
1976,saharnaya-svekla,сахарная свекла,
1977,saharnaya-svekla,сахарная свекла,
1978,lesnye-nasazhdeniya,лесные насаждения,
1978,hvoynye,"хвойные (туя, ель, можжевельник)",
1979,lesnye-nasazhdeniya,лесные насаждения,
1979,hvoynye,"хвойные (туя, ель, можжевельник)",
1980,lesnye-nasazhdeniya,лесные насаждения,
1980,hvoynye,"хвойные (туя, ель, можжевельник)",
1981,lesnye-nasazhdeniya,лесные насаждения,
1982,lesnye-nasazhdeniya,лесные насаждения,
1983,lesnye-nasazhdeniya,лесные насаждения,
1984,zernobobovye,"зернобобовые (нут, чечевица, люпин, бобы)",
1985,lesnye-nasazhdeniya,лесные насаждения,
1985,hvoynye,"хвойные (туя, ель, можжевельник)",
1986,lesnye-nasazhdeniya,лесные насаждения,
1987,yachmen,ячмень,
1988,pshenitsa,пшеница,
1989,pshenitsa,пшеница,
1990,raps,рапс,
1991,kapusta,капуста,
1992,kartofel,картофель,
1993,pshenitsa,пшеница,
1994,pshenitsa,пшеница,
1995,yachmen,ячмень,
1996,yachmen,ячмень,
1997,saharnaya-svekla,сахарная свекла,
1998,saharnaya-svekla,сахарная свекла,
1999,goroh-fasol,горох / фасоль,
2000,raps,рапс,
2001,raps,рапс,
2002,pshenitsa,пшеница,
2003,pshenitsa,пшеница,
2004,pshenitsa,пшеница,
2005,pshenitsa,пшеница,
2006,yachmen,ячмень,
2007,yachmen,ячмень,
2008,yachmen,ячмень,
2009,zernovye,зерновые (прочие),
2009,oves,овес,
2010,soya,соя,
2011,pshenitsa,пшеница,
2011,yachmen,ячмень,
2012,pshenitsa,пшеница,
2012,yachmen,ячмень,
2013,pshenitsa,пшеница,
2014,pshenitsa,пшеница,
2015,yachmen,ячмень,
2016,raps,рапс,
2017,kukuruza,кукуруза,
2019,soya,соя,
2020,pshenitsa,пшеница,
2020,yachmen,ячмень,
2021,pshenitsa,пшеница,
2021,yachmen,ячмень,
2022,pshenitsa,пшеница,
2023,pshenitsa,пшеница,
2024,pshenitsa,пшеница,
2025,yachmen,ячмень,
2026,raps,рапс,
2027,raps,рапс,
2028,vinograd,виноград,
2029,pastbischa-i-luga,пастбища и луга,
2030,pastbischa-i-luga,пастбища и луга,
2031,pshenitsa,пшеница,
2032,raps,рапс,
2033,zernovye,зерновые (прочие),
2033,oves,овес,
2034,saharnaya-svekla,сахарная свекла,
2035,saharnaya-svekla,сахарная свекла,
2036,raps,рапс,
2037,raps,рапс,
2038,soya,соя,
2039,goroh-fasol,горох / фасоль,
2040,kukuruza,кукуруза,
2041,podsolnechnik,подсолнечник,
2042,len,лен,
2043,kartofel,картофель,
2044,zernobobovye,"зернобобовые (нут, чечевица, люпин, бобы)",
2045,kapusta,капуста,
2046,luk,лук,
2047,yablonya,яблоня,
2048,vinograd,виноград,
2049,kapusta,капуста,
2050,luk,лук,
2051,yablonya,яблоня,
2052,vinograd,виноград,
2053,kartofel,картофель,
2054,luk,лук,
2055,plodovye-derevya,плодовые деревья (общее),
2055,yagodniki,ягодники (общее),
2056,pshenitsa,пшеница,
2057,raps,рапс,
2058,raps,рапс,
2059,kartofel,картофель,
2060,kartofel,картофель,
2061,pshenitsa,пшеница,
2062,pshenitsa,пшеница,
2062,yachmen,ячмень,
2063,kartofel,картофель,
2064,kartofel,картофель,
2065,kartofel,картофель,
2066,kartofel,картофель,
2067,kartofel,картофель,
2068,kartofel,картофель,
2069,luk,лук,
2070,kapusta,капуста,
2071,tomat,томат,защищённый грунт
2072,ogurets,огурец,защищённый грунт
2073,yablonya,яблоня,
2074,grusha,груша,
2075,vinograd,виноград,
2076,yablonya,яблоня,
2077,grusha,груша,
2078,vinograd,виноград,
2079,kartofel,картофель,
2080,luk,лук,
2081,kapusta,капуста,
2082,kartofel,картофель,
2083,pshenitsa,пшеница,
2084,pshenitsa,пшеница,
2084,yachmen,ячмень,
2085,rozh,рожь,
2086,oves,овес,
2087,pshenitsa,пшеница,
2088,pshenitsa,пшеница,
2088,yachmen,ячмень,
2089,soya,соя,
2090,podsolnechnik,подсолнечник,
2091,kartofel,картофель,
2092,kukuruza,кукуруза,
2093,goroh-fasol,горох / фасоль,
2094,vinograd,виноград,
2095,raps,рапс,
2096,raps,рапс,
2097,yablonya,яблоня,
2098,tomat,томат,открытый грунт
2099,luk,лук,
2100,kukuruza,кукуруза,
2101,kukuruza,кукуруза,
2102,kukuruza,кукуруза,
2103,podsolnechnik,подсолнечник,
2104,podsolnechnik,подсолнечник,
2105,podsolnechnik,подсолнечник,
2106,podsolnechnik,подсолнечник,
2107,saharnaya-svekla,сахарная свекла,
2108,saharnaya-svekla,сахарная свекла,
2109,saharnaya-svekla,сахарная свекла,
2110,saharnaya-svekla,сахарная свекла,
2111,saharnaya-svekla,сахарная свекла,
2112,saharnaya-svekla,сахарная свекла,
2113,kapusta,капуста,
2114,yablonya,яблоня,
2115,vinograd,виноград,
2116,tomat,томат,открытый грунт
2117,luk,лук,
2118,yablonya,яблоня,
2119,vinograd,виноград,
2120,raps,рапс,
2121,kapusta,капуста,
2122,yablonya,яблоня,
2123,vinograd,виноград,
2124,raps,рапс,
2125,raps,рапс,
2126,tomat,томат,открытый грунт
2127,luk,лук,
2128,kukuruza,кукуруза,
2129,kukuruza,кукуруза,
2130,kukuruza,кукуруза,
2131,podsolnechnik,подсолнечник,
2132,podsolnechnik,подсолнечник,
2133,podsolnechnik,подсолнечник,
2134,podsolnechnik,подсолнечник,
2135,saharnaya-svekla,сахарная свекла,
2136,saharnaya-svekla,сахарная свекла,
2137,saharnaya-svekla,сахарная свекла,
2138,saharnaya-svekla,сахарная свекла,
2139,saharnaya-svekla,сахарная свекла,
2140,saharnaya-svekla,сахарная свекла,
2141,kapusta,капуста,
2142,yablonya,яблоня,
2143,vinograd,виноград,
2144,luk,лук,
2145,tomat,томат,открытый грунт
2146,kukuruza,кукуруза,
2147,kukuruza,кукуруза,
2148,podsolnechnik,подсолнечник,
2149,podsolnechnik,подсолнечник,
2150,raps,рапс,
2151,soya,соя,
2152,luk,лук,
2153,kukuruza,кукуруза,
2154,kukuruza,кукуруза,
2155,podsolnechnik,подсолнечник,
2156,podsolnechnik,подсолнечник,
2157,kapusta,капуста,
2158,raps,рапс,
2159,soya,соя,
2160,luk,лук,
2161,tomat,томат,открытый грунт
2162,vinograd,виноград,
2163,ayva,айва,
2163,grusha,груша,
2163,yablonya,яблоня,
2164,raps,рапс,
2165,kukuruza,кукуруза,
2165,sklady-i-zernohranilischa,склады и зернохранилища,
2166,podsolnechnik,подсолнечник,
2167,soya,соя,
2168,kukuruza,кукуруза,
2169,kukuruza,кукуруза,
2170,podsolnechnik,подсолнечник,
2171,podsolnechnik,подсолнечник,
2172,raps,рапс,
2173,raps,рапс,
2174,soya,соя,
2175,kartofel,картофель,
2176,svekla,свекла,
2177,svekla,свекла,
2178,kartofel,картофель,
2179,pshenitsa,пшеница,
2179,yachmen,ячмень,
2180,pshenitsa,пшеница,
2181,raps,рапс,
2182,podsolnechnik,подсолнечник,
2183,svekla,свекла,
2184,kartofel,картофель,
2185,kartofel,картофель,
2186,kartofel,картофель,
2187,pshenitsa,пшеница,
2187,yachmen,ячмень,
2188,pshenitsa,пшеница,
2189,raps,рапс,
2190,saharnaya-svekla,сахарная свекла,
2191,podsolnechnik,подсолнечник,
2192,podsolnechnik,подсолнечник,
2193,podsolnechnik,подсолнечник,
2194,kartofel,картофель,
2195,kartofel,картофель,
2196,komnatnye-rasteniya,комнатные растения (общее),
2196,tsvety,цветы (общее),
2197,pshenitsa,пшеница,
2198,pshenitsa,пшеница,
2199,yachmen,ячмень,
2200,kartofel,картофель,
2201,saharnaya-svekla,сахарная свекла,
2202,pastbischa-i-luga,пастбища и луга,
2203,raps,рапс,
2204,tomat,томат,открытый грунт
2205,kartofel,картофель,
2206,pshenitsa,пшеница,
2206,yachmen,ячмень,
2207,pshenitsa,пшеница,
2207,yachmen,ячмень,
2208,len,лен,
2209,raps,рапс,
2210,soya,соя,
2211,podsolnechnik,подсолнечник,
2212,kartofel,картофель,
2213,kartofel,картофель,
2214,pshenitsa,пшеница,
2215,kartofel,картофель,
2216,raps,рапс,
2217,pshenitsa,пшеница,
2217,yachmen,ячмень,
2218,pshenitsa,пшеница,
2219,raps,рапс,
2220,saharnaya-svekla,сахарная свекла,
2221,podsolnechnik,подсолнечник,
2222,kartofel,картофель,
2223,podsolnechnik,подсолнечник,
2224,kukuruza,кукуруза,
2224,sklady-i-zernohranilischa,склады и зернохранилища,
2225,kartofel,картофель,
2226,tsvety,цветы (общее),открытый грунт
2227,komnatnye-rasteniya,комнатные растения (общее),
2227,tsvety,цветы (общее),
2228,yagodniki,ягодники (общее),
2229,pshenitsa,пшеница,
2229,yachmen,ячмень,
2230,soya,соя,
2231,kukuruza,кукуруза,
2231,sklady-i-zernohranilischa,склады и зернохранилища,
2232,raps,рапс,
2233,saharnaya-svekla,сахарная свекла,
2234,kartofel,картофель,
2235,raps,рапс,
2236,raps,рапс,
2237,raps,рапс,
2238,pshenitsa,пшеница,
2239,pshenitsa,пшеница,
2239,yachmen,ячмень,
2240,pshenitsa,пшеница,
2240,yachmen,ячмень,
2241,pshenitsa,пшеница,
2241,yachmen,ячмень,
2242,pshenitsa,пшеница,
2242,yachmen,ячмень,
2243,raps,рапс,
2244,raps,рапс,
2245,raps,рапс,
2246,raps,рапс,
2247,soya,соя,
2248,saharnaya-svekla,сахарная свекла,
2249,saharnaya-svekla,сахарная свекла,
2250,pastbischa-i-luga,пастбища и луга,
2251,pastbischa-i-luga,пастбища и луга,
2252,pastbischa-i-luga,пастбища и луга,
2253,pastbischa-i-luga,пастбища и луга,
2254,lesnye-nasazhdeniya,лесные насаждения,
2254,hvoynye,"хвойные (туя, ель, можжевельник)",
2255,lesnye-nasazhdeniya,лесные насаждения,
2255,hvoynye,"хвойные (туя, ель, можжевельник)",
2256,pshenitsa,пшеница,
2257,pshenitsa,пшеница,
2257,yachmen,ячмень,
2258,pshenitsa,пшеница,
2258,yachmen,ячмень,
2259,pshenitsa,пшеница,
2259,yachmen,ячмень,
2260,pshenitsa,пшеница,
2260,yachmen,ячмень,
2261,raps,рапс,
2262,raps,рапс,
2263,raps,рапс,
2264,raps,рапс,
2265,soya,соя,
2266,soya,соя,
2267,soya,соя,
2268,soya,соя,
2269,saharnaya-svekla,сахарная свекла,
2270,saharnaya-svekla,сахарная свекла,
2271,saharnaya-svekla,сахарная свекла,
2272,saharnaya-svekla,сахарная свекла,
2273,saharnaya-svekla,сахарная свекла,
2274,saharnaya-svekla,сахарная свекла,
2275,saharnaya-svekla,сахарная свекла,
2276,saharnaya-svekla,сахарная свекла,
2277,pastbischa-i-luga,пастбища и луга,
2278,pastbischa-i-luga,пастбища и луга,
2279,pastbischa-i-luga,пастбища и луга,
2280,pastbischa-i-luga,пастбища и луга,
2281,lesnye-nasazhdeniya,лесные насаждения,
2281,hvoynye,"хвойные (туя, ель, можжевельник)",
2282,lesnye-nasazhdeniya,лесные насаждения,
2282,hvoynye,"хвойные (туя, ель, можжевельник)",
2283,lesnye-nasazhdeniya,лесные насаждения,
2283,hvoynye,"хвойные (туя, ель, можжевельник)",
2284,lesnye-nasazhdeniya,лесные насаждения,
2284,hvoynye,"хвойные (туя, ель, можжевельник)",
2285,lesnye-nasazhdeniya,лесные насаждения,
2285,sklady-i-zernohranilischa,склады и зернохранилища,
2285,hvoynye,"хвойные (туя, ель, можжевельник)",
2286,lesnye-nasazhdeniya,лесные насаждения,
2286,hvoynye,"хвойные (туя, ель, можжевельник)",
2287,pshenitsa,пшеница,
2288,pshenitsa,пшеница,
2288,yachmen,ячмень,
2289,raps,рапс,
2290,kukuruza,кукуруза,
2290,podsolnechnik,подсолнечник,
2291,soya,соя,
2292,soya,соя,
2293,pshenitsa,пшеница,
2294,pshenitsa,пшеница,
2295,yachmen,ячмень,
2296,raps,рапс,
2297,raps,рапс,
2298,soya,соя,
2299,zernovye,зерновые (прочие),
2299,oves,овес,
2300,pshenitsa,пшеница,
2301,zernovye,зерновые (прочие),
2301,oves,овес,
2302,raps,рапс,
2303,soya,соя,
2304,pshenitsa,пшеница,
2305,pshenitsa,пшеница,
2306,yachmen,ячмень,
2307,raps,рапс,
2308,raps,рапс,
2309,soya,соя,
2310,soya,соя,
2311,pshenitsa,пшеница,
2312,pshenitsa,пшеница,
2313,pshenitsa,пшеница,
2314,yachmen,ячмень,
2315,oves,овес,
2316,raps,рапс,
2317,raps,рапс,
2318,raps,рапс,
2319,soya,соя,
2320,soya,соя,
2321,podsolnechnik,подсолнечник,
2322,podsolnechnik,подсолнечник,
2323,saharnaya-svekla,сахарная свекла,
2324,saharnaya-svekla,сахарная свекла,
2325,kukuruza,кукуруза,
2326,kartofel,картофель,
2327,kukuruza,кукуруза,
2327,sklady-i-zernohranilischa,склады и зернохранилища,
2328,pshenitsa,пшеница,
2328,yachmen,ячмень,
2329,pshenitsa,пшеница,
2330,yachmen,ячмень,
2331,pshenitsa,пшеница,
2332,yachmen,ячмень,
2333,pshenitsa,пшеница,
2334,yachmen,ячмень,
2335,raps,рапс,
2336,podsolnechnik,подсолнечник,
2337,raps,рапс,
2338,podsolnechnik,подсолнечник,
2339,yablonya,яблоня,
2340,vinograd,виноград,
2341,tomat,томат,защищённый грунт
2342,ogurets,огурец,защищённый грунт
2343,yablonya,яблоня,
2344,vinograd,виноград,
2345,roza,роза,открытый грунт
2346,komnatnye-rasteniya,комнатные растения (общее),открытый грунт
2346,tsvety,цветы (общее),открытый грунт
2347,ogurets,огурец,защищённый грунт
2347,tomat,томат,защищённый грунт
2348,ogurets,огурец,защищённый грунт
2348,tomat,томат,защищённый грунт
2349,yablonya,яблоня,
2350,kartofel,картофель,
2351,tomat,томат,открытый грунт
2352,vinograd,виноград,
2353,ayva,айва,
2353,grusha,груша,
2353,yablonya,яблоня,
2354,zernovye,зерновые (прочие),
2354,oves,овес,
2355,zernovye,зерновые (прочие),
2355,oves,овес,
2356,zernovye,зерновые (прочие),
2356,oves,овес,
2357,zernovye,зерновые (прочие),
2357,oves,овес,
2358,zernovye,зерновые (прочие),
2358,oves,овес,
2359,zernovye,зерновые (прочие),
2359,oves,овес,
2360,zernobobovye,"зернобобовые (нут, чечевица, люпин, бобы)",
2360,soya,соя,
2361,raps,рапс,
2362,raps,рапс,
2363,soya,соя,
2364,saharnaya-svekla,сахарная свекла,
2365,saharnaya-svekla,сахарная свекла,
2366,kukuruza,кукуруза,
2367,kukuruza,кукуруза,
2368,podsolnechnik,подсолнечник,
2369,podsolnechnik,подсолнечник,
2370,len,лен,
2371,len,лен,
2372,len,лен,
2373,len,лен,
2374,yablonya,яблоня,
2375,saharnaya-svekla,сахарная свекла,
2376,pshenitsa,пшеница,
2377,pshenitsa,пшеница,
2378,yachmen,ячмень,
2379,kartofel,картофель,
2380,raps,рапс,
2381,len,лен,
2382,pastbischa-i-luga,пастбища и луга,
2383,pastbischa-i-luga,пастбища и луга,
2384,saharnaya-svekla,сахарная свекла,
2385,pshenitsa,пшеница,
2386,podsolnechnik,подсолнечник,
2387,kartofel,картофель,
2388,len,лен,
2389,pastbischa-i-luga,пастбища и луга,
2390,pastbischa-i-luga,пастбища и луга,
2391,pshenitsa,пшеница,
2392,pshenitsa,пшеница,
2393,yachmen,ячмень,
2394,pshenitsa,пшеница,
2395,pshenitsa,пшеница,
2396,pshenitsa,пшеница,
2397,yachmen,ячмень,
2398,goroh-fasol,горох / фасоль,
2399,raps,рапс,
2400,saharnaya-svekla,сахарная свекла,
2401,saharnaya-svekla,сахарная свекла,
2402,grusha,груша,
2402,yablonya,яблоня,
2403,soya,соя,
2404,sklady-i-zernohranilischa,склады и зернохранилища,
2405,sklady-i-zernohranilischa,склады и зернохранилища,
2406,soya,соя,
2407,maslichnye-i-tehnicheskie,масличные и технические,
2408,raps,рапс,
2409,len,лен,
2410,yablonya,яблоня,
2411,yablonya,яблоня,
2412,vishnya-chereshnya,вишня / черешня,
2413,vinograd,виноград,
2414,yablonya,яблоня,
2415,yablonya,яблоня,
2416,vishnya-chereshnya,вишня / черешня,
2417,vinograd,виноград,
2418,goroh-fasol,горох / фасоль,
2419,pshenitsa,пшеница,
2420,pshenitsa,пшеница,
2421,yachmen,ячмень,
2422,goroh-fasol,горох / фасоль,
2423,kartofel,картофель,
2424,maslichnye-i-tehnicheskie,масличные и технические,
2425,raps,рапс,
2426,kormovye-travy,кормовые травы,
2427,vishnya-chereshnya,вишня / черешня,
2428,klubnika,клубника (земляника),
2429,malina,малина,
2430,smorodina,смородина,
2431,kryzhovnik,крыжовник,
2432,len,лен,
2433,yablonya,яблоня,
2434,kapusta,капуста,
2436,pastbischa-i-luga,пастбища и луга,
2437,pastbischa-i-luga,пастбища и луга,
2438,tomat,томат,открытый грунт
2439,pshenitsa,пшеница,
2440,pshenitsa,пшеница,
2441,yachmen,ячмень,
2442,raps,рапс,
2442,sklady-i-zernohranilischa,склады и зернохранилища,
2443,yablonya,яблоня,
2444,pastbischa-i-luga,пастбища и луга,
2445,pshenitsa,пшеница,
2446,raps,рапс,
2447,pshenitsa,пшеница,
2448,pshenitsa,пшеница,
2449,yachmen,ячмень,
2450,raps,рапс,
2451,saharnaya-svekla,сахарная свекла,
2452,saharnaya-svekla,сахарная свекла,
2453,pshenitsa,пшеница,
2454,pshenitsa,пшеница,
2455,yachmen,ячмень,
2456,kartofel,картофель,
2457,pshenitsa,пшеница,
2458,raps,рапс,
2459,kapusta,капуста,
2460,kartofel,картофель,
2461,yablonya,яблоня,
2462,pshenitsa,пшеница,
2463,pshenitsa,пшеница,
2464,pshenitsa,пшеница,
2465,yachmen,ячмень,
2466,pshenitsa,пшеница,
2467,pshenitsa,пшеница,
2468,yachmen,ячмень,
2469,maslichnye-i-tehnicheskie,масличные и технические,
2470,yablonya,яблоня,
2471,kartofel,картофель,
2472,kapusta,капуста,
2473,vinograd,виноград,
2474,raps,рапс,
2475,len,лен,
2476,kormovye-travy,кормовые травы,
2477,pastbischa-i-luga,пастбища и луга,
2478,pastbischa-i-luga,пастбища и луга,
2479,pastbischa-i-luga,пастбища и луга,
2480,pshenitsa,пшеница,
2481,pshenitsa,пшеница,
2482,oves,овес,
2483,yachmen,ячмень,
2484,goroh-fasol,горох / фасоль,
2485,maslichnye-i-tehnicheskie,масличные и технические,
2486,raps,рапс,
2487,raps,рапс,
2488,len,лен,
2489,saharnaya-svekla,сахарная свекла,
2490,saharnaya-svekla,сахарная свекла,
2491,kukuruza,кукуруза,
2492,luk,лук,
2493,luk,лук,
2494,tomat,томат,открытый грунт
2495,kapusta,капуста,
2496,yablonya,яблоня,
2497,vinograd,виноград,
2498,kormovye-travy,кормовые травы,
2499,pastbischa-i-luga,пастбища и луга,
2500,pastbischa-i-luga,пастбища и луга,
2501,pshenitsa,пшеница,
2502,pshenitsa,пшеница,
2503,pshenitsa,пшеница,
2504,kartofel,картофель,
2505,raps,рапс,
2506,pshenitsa,пшеница,
2507,pshenitsa,пшеница,
2508,pshenitsa,пшеница,
2509,kartofel,картофель,
2510,raps,рапс,
2511,yachmen,ячмень,
2512,pshenitsa,пшеница,
2513,pshenitsa,пшеница,
2514,pshenitsa,пшеница,
2515,pshenitsa,пшеница,
2516,yachmen,ячмень,
2517,pshenitsa,пшеница,
2518,pshenitsa,пшеница,
2519,pshenitsa,пшеница,
2520,yachmen,ячмень,
2521,kartofel,картофель,
2522,raps,рапс,
2523,pshenitsa,пшеница,
2524,yachmen,ячмень,
2525,kartofel,картофель,
2526,kartofel,картофель,
2527,goroh-fasol,горох / фасоль,
2528,goroh-fasol,горох / фасоль,
2529,saharnaya-svekla,сахарная свекла,
2530,saharnaya-svekla,сахарная свекла,
2531,raps,рапс,
2532,raps,рапс,
2533,soya,соя,
2534,kukuruza,кукуруза,
2535,kukuruza,кукуруза,
2536,kukuruza,кукуруза,
2536,sklady-i-zernohranilischa,склады и зернохранилища,
2537,podsolnechnik,подсолнечник,
2538,yachmen,ячмень,
2539,yachmen,ячмень,
2540,kukuruza,кукуруза,
2540,sklady-i-zernohranilischa,склады и зернохранилища,
2541,kukuruza,кукуруза,
2541,sklady-i-zernohranilischa,склады и зернохранилища,
2542,goroh-fasol,горох / фасоль,
2543,soya,соя,
2544,raps,рапс,
2545,yablonya,яблоня,
2546,kapusta,капуста,
2547,tomat,томат,
2548,tomat,томат,
2549,pshenitsa,пшеница,
2550,pshenitsa,пшеница,
2551,pshenitsa,пшеница,
2552,pshenitsa,пшеница,
2553,luk,лук,
2554,luk,лук,
2555,morkov,морковь,
2556,morkov,морковь,
2557,saharnaya-svekla,сахарная свекла,
2558,pastbischa-i-luga,пастбища и луга,
2559,vinograd,виноград,
2560,kartofel,картофель,
2561,pshenitsa,пшеница,
2562,pshenitsa,пшеница,
2563,yachmen,ячмень,
2564,raps,рапс,
2565,saharnaya-svekla,сахарная свекла,
2566,saharnaya-svekla,сахарная свекла,
2567,pshenitsa,пшеница,
2568,pshenitsa,пшеница,
2569,pshenitsa,пшеница,
2570,yachmen,ячмень,
2571,raps,рапс,
2572,pshenitsa,пшеница,
2573,pshenitsa,пшеница,
2574,pshenitsa,пшеница,
2575,raps,рапс,
2576,kartofel,картофель,
2577,morkov,морковь,
2578,pshenitsa,пшеница,
2579,pshenitsa,пшеница,
2580,yachmen,ячмень,
2581,svekla,свекла,
2582,svekla,свекла,
2583,kartofel,картофель,
2584,raps,рапс,
2585,raps,рапс,
2586,raps,рапс,
2587,yablonya,яблоня,
2588,tomat,томат,открытый грунт
2589,kapusta,капуста,
2590,luk,лук,
2591,morkov,морковь,
2592,luk,лук,
2593,pshenitsa,пшеница,
2594,pshenitsa,пшеница,
2595,pshenitsa,пшеница,
2596,yachmen,ячмень,
2597,raps,рапс,
2598,raps,рапс,
2599,saharnaya-svekla,сахарная свекла,
2600,saharnaya-svekla,сахарная свекла,
2601,pastbischa-i-luga,пастбища и луга,
2602,pastbischa-i-luga,пастбища и луга,
2603,goroh-fasol,горох / фасоль,
2604,kartofel,картофель,
2605,tomat,томат,открытый грунт
2606,luk,лук,
2607,morkov,морковь,
2608,morkov,морковь,
2609,kapusta,капуста,
2610,yablonya,яблоня,
2611,vinograd,виноград,
2612,pshenitsa,пшеница,
2613,pshenitsa,пшеница,
2614,yachmen,ячмень,
2615,raps,рапс,
2616,raps,рапс,
2617,soya,соя,
2618,soya,соя,
2619,pshenitsa,пшеница,
2620,pshenitsa,пшеница,
2621,yachmen,ячмень,
2622,kapusta,капуста,
2623,goroh-fasol,горох / фасоль,
2624,pshenitsa,пшеница,
2625,pshenitsa,пшеница,
2626,pshenitsa,пшеница,
2627,yachmen,ячмень,
2628,yachmen,ячмень,
2629,yachmen,ячмень,
2630,yachmen,ячмень,
2631,yachmen,ячмень,
2632,raps,рапс,
2633,raps,рапс,
2634,raps,рапс,
2635,raps,рапс,
2636,goroh-fasol,горох / фасоль,
2637,goroh-fasol,горох / фасоль,
2638,zernobobovye,"зернобобовые (нут, чечевица, люпин, бобы)",
2639,zernobobovye,"зернобобовые (нут, чечевица, люпин, бобы)",
2640,zernobobovye,"зернобобовые (нут, чечевица, люпин, бобы)",
2641,kukuruza,кукуруза,
2642,kukuruza,кукуруза,
2643,kukuruza,кукуруза,
2644,podsolnechnik,подсолнечник,
2645,podsolnechnik,подсолнечник,
2646,podsolnechnik,подсолнечник,
2647,podsolnechnik,подсолнечник,
2648,podsolnechnik,подсолнечник,
2649,saharnaya-svekla,сахарная свекла,
2650,saharnaya-svekla,сахарная свекла,
2651,soya,соя,
2652,soya,соя,
2653,soya,соя,
2654,pastbischa-i-luga,пастбища и луга,
2655,pastbischa-i-luga,пастбища и луга,
2656,pshenitsa,пшеница,
2657,pshenitsa,пшеница,
2658,yachmen,ячмень,
2659,pshenitsa,пшеница,
2660,pshenitsa,пшеница,
2661,yachmen,ячмень,
2662,pshenitsa,пшеница,
2663,pshenitsa,пшеница,
2664,yachmen,ячмень,
2665,kapusta,капуста,
2666,goroh-fasol,горох / фасоль,
2667,kukuruza,кукуруза,
2668,kukuruza,кукуруза,
2669,kukuruza,кукуруза,
2670,podsolnechnik,подсолнечник,
2671,podsolnechnik,подсолнечник,
2672,yablonya,яблоня,
2673,kapusta,капуста,
2674,sklady-i-zernohranilischa,склады и зернохранилища,
2675,sklady-i-zernohranilischa,склады и зернохранилища,
2676,sklady-i-zernohranilischa,склады и зернохранилища,
2677,sklady-i-zernohranilischa,склады и зернохранилища,
2678,sklady-i-zernohranilischa,склады и зернохранилища,
2679,sklady-i-zernohranilischa,склады и зернохранилища,
2680,sklady-i-zernohranilischa,склады и зернохранилища,
2681,sklady-i-zernohranilischa,склады и зернохранилища,
2682,sklady-i-zernohranilischa,склады и зернохранилища,
2683,sklady-i-zernohranilischa,склады и зернохранилища,
2684,sklady-i-zernohranilischa,склады и зернохранилища,
2685,sklady-i-zernohranilischa,склады и зернохранилища,
2686,sklady-i-zernohranilischa,склады и зернохранилища,
2687,sklady-i-zernohranilischa,склады и зернохранилища,
2688,sklady-i-zernohranilischa,склады и зернохранилища,
2689,sklady-i-zernohranilischa,склады и зернохранилища,
2690,sklady-i-zernohranilischa,склады и зернохранилища,
2691,sklady-i-zernohranilischa,склады и зернохранилища,
2692,sklady-i-zernohranilischa,склады и зернохранилища,
2693,sklady-i-zernohranilischa,склады и зернохранилища,
2694,sklady-i-zernohranilischa,склады и зернохранилища,
2695,sklady-i-zernohranilischa,склады и зернохранилища,
2696,zernovye,зерновые (прочие),
2696,oves,овес,
2697,len,лен,
2698,sazhentsy-i-posadochnyy-material,саженцы и посадочный материал,
2699,kormovye-travy,кормовые травы,
2700,oblepiha,облепиха,
2701,sklady-i-zernohranilischa,склады и зернохранилища,
2702,kukuruza,кукуруза,
2703,pshenitsa,пшеница,
2704,podsolnechnik,подсолнечник,
2705,soya,соя,
2706,kartofel,картофель,
2707,raps,рапс,
2708,len,лен,
2709,len,лен,
2710,pshenitsa,пшеница,
2711,yachmen,ячмень,
2712,kormovye-travy,кормовые травы,
2713,pastbischa-i-luga,пастбища и луга,
2714,goroh-fasol,горох / фасоль,
2715,raps,рапс,
2716,zernovye,зерновые (прочие),
2717,len,лен,
2718,ayva,айва,
2718,grusha,груша,
2718,yablonya,яблоня,
2720,smorodina,смородина,
2721,kormovye-travy,кормовые травы,
2722,oblepiha,облепиха,
2723,pshenitsa,пшеница,
2723,yachmen,ячмень,
2724,kukuruza,кукуруза,
2725,goroh-fasol,горох / фасоль,
2726,saharnaya-svekla,сахарная свекла,
2727,len,лен,
2729,ayva,айва,
2729,grusha,груша,
2729,yablonya,яблоня,
2730,vishnya-chereshnya,вишня / черешня,
2730,sliva,слива,
2731,smorodina,смородина,
2732,kryzhovnik,крыжовник,
2733,malina,малина,
2734,vinograd,виноград,
2735,klubnika,клубника (земляника),
2736,kapusta,капуста,
2737,ogurets,огурец,открытый грунт
2738,tomat,томат,открытый грунт
2739,ogurets,огурец,защищённый грунт
2740,tomat,томат,защищённый грунт
2741,kormovye-travy,кормовые травы,
2742,oblepiha,облепиха,
2743,soya,соя,
2744,raps,рапс,
2745,raps,рапс,
2746,podsolnechnik,подсолнечник,
2747,pshenitsa,пшеница,
2748,yachmen,ячмень,
2749,kormovye-travy,кормовые травы,
2750,pastbischa-i-luga,пастбища и луга,
2751,ogurets,огурец,защищённый грунт
2751,tomat,томат,защищённый грунт
2752,ayva,айва,
2752,grusha,груша,
2752,yablonya,яблоня,
2753,vinograd,виноград,
2754,tomat,томат,защищённый грунт
2755,ogurets,огурец,защищённый грунт
2756,roza,роза,защищённый грунт
2757,soya,соя,
2758,tomat,томат,открытый грунт
2759,ogurets,огурец,открытый грунт
2760,roza,роза,открытый грунт
2761,kartofel,картофель,
2762,kapusta,капуста,
2763,kapusta,капуста,
2764,luk,лук,
2765,sparzha,спаржа,
2766,zelen,"зелень (укроп, петрушка, салат)",
2767,zelen,"зелень (укроп, петрушка, салат)",
2768,ayva,айва,
2768,grusha,груша,
2768,yablonya,яблоня,
2769,vinograd,виноград,
2770,tomat,томат,открытый грунт
2771,ogurets,огурец,открытый грунт
2772,roza,роза,открытый грунт
2773,tomat,томат,защищённый грунт
2774,ogurets,огурец,защищённый грунт
2775,roza,роза,защищённый грунт
2776,komnatnye-rasteniya,комнатные растения (общее),
2777,kartofel,картофель,
2778,kapusta,капуста,
2779,kapusta,капуста,
2780,luk,лук,
2781,sparzha,спаржа,
2782,zelen,"зелень (укроп, петрушка, салат)",
2783,zelen,"зелень (укроп, петрушка, салат)",
2784,smorodina,смородина,
2785,smorodina,смородина,
2786,ogurets,огурец,защищённый грунт
2786,tomat,томат,защищённый грунт
2787,luk,лук,
2788,komnatnye-rasteniya,комнатные растения (общее),
2789,klubnika,клубника (земляника),
2790,sklady-i-zernohranilischa,склады и зернохранилища,
2791,sklady-i-zernohranilischa,склады и зернохранилища,
2792,sklady-i-zernohranilischa,склады и зернохранилища,
2793,sazhentsy-i-posadochnyy-material,саженцы и посадочный материал,
2795,sazhentsy-i-posadochnyy-material,саженцы и посадочный материал,
2796,vinograd,виноград,
2796,goroh-fasol,горох / фасоль,
2796,kartofel,картофель,
2796,ogurets,огурец,
2796,tomat,томат,
2797,sklady-i-zernohranilischa,склады и зернохранилища,
2798,limon-tsitrusy,комнатные: лимон / цитрусы,
2799,yablonya,яблоня,
2800,vinograd,виноград,
2801,luk,лук,
2802,kapusta,капуста,
2803,tomat,томат,открытый грунт
2804,goroh-fasol,горох / фасоль,
2805,goroh-fasol,горох / фасоль,
2806,podsolnechnik,подсолнечник,
2807,podsolnechnik,подсолнечник,
2808,soya,соя,
2809,kukuruza,кукуруза,
2810,kukuruza,кукуруза,
2811,morkov,морковь,
2812,morkov,морковь,
2813,yablonya,яблоня,
2814,vinograd,виноград,
2815,yablonya,яблоня,
2816,podsolnechnik,подсолнечник,
2817,soya,соя,
2818,limon-tsitrusy,комнатные: лимон / цитрусы,
2819,oreh,"орех (грецкий, фундук)",
2820,vinograd,виноград,
2821,kukuruza,кукуруза,
2822,soya,соя,
2823,goroh-fasol,горох / фасоль,
2823,zernobobovye,"зернобобовые (нут, чечевица, люпин, бобы)",
2824,raps,рапс,
2825,yablonya,яблоня,
2826,vinograd,виноград,
2827,luk,лук,
2828,tomat,томат,открытый грунт
2829,podsolnechnik,подсолнечник,
2830,soya,соя,
2831,kukuruza,кукуруза,
2832,kapusta,капуста,
2833,kapusta,капуста,
2834,roza,роза,
2835,kryzhovnik,крыжовник,
2835,smorodina,смородина,
2836,redis,редис,
2837,kapusta,капуста,
2838,kapusta,капуста,
2839,luk,лук,
2840,kryzhovnik,крыжовник,
2840,smorodina,смородина,
2841,roza,роза,открытый грунт
2842,smorodina,смородина,
2843,kapusta,капуста,
2844,roza,роза,
2845,kryzhovnik,крыжовник,
2845,smorodina,смородина,
2846,yablonya,яблоня,
2847,grusha,груша,
2847,yablonya,яблоня,
2848,kartofel,картофель,
2849,kartofel,картофель,
2850,pshenitsa,пшеница,
2851,yachmen,ячмень,
2852,pshenitsa,пшеница,
2852,yachmen,ячмень,
2853,kartofel,картофель,
2854,ogurets,огурец,защищённый грунт
2855,ogurets,огурец,защищённый грунт
2855,tomat,томат,защищённый грунт
2856,tomat,томат,защищённый грунт
2857,kartofel,картофель,
2858,raps,рапс,
2859,ogurets,огурец,защищённый грунт
2859,tomat,томат,защищённый грунт
2860,klubnika,клубника (земляника),защищённый грунт
2861,ogurets,огурец,защищённый грунт
2861,tomat,томат,защищённый грунт
2862,ogurets,огурец,защищённый грунт
2862,tomat,томат,защищённый грунт
2863,ogurets,огурец,защищённый грунт
2863,tomat,томат,защищённый грунт
2864,ogurets,огурец,защищённый грунт
2864,tomat,томат,защищённый грунт
2865,klubnika,клубника (земляника),защищённый грунт
2866,ogurets,огурец,защищённый грунт
2866,tomat,томат,защищённый грунт
2867,ogurets,огурец,защищённый грунт
2867,tomat,томат,защищённый грунт
2868,ogurets,огурец,защищённый грунт
2868,tomat,томат,защищённый грунт
2869,ogurets,огурец,защищённый грунт
2869,tomat,томат,защищённый грунт
2870,klubnika,клубника (земляника),защищённый грунт
2871,ogurets,огурец,защищённый грунт
2871,tomat,томат,защищённый грунт
2872,ogurets,огурец,защищённый грунт
2872,tomat,томат,защищённый грунт
2873,ogurets,огурец,защищённый грунт
2873,tomat,томат,защищённый грунт
2874,ogurets,огурец,защищённый грунт
2874,tomat,томат,защищённый грунт
2875,klubnika,клубника (земляника),защищённый грунт
2876,ogurets,огурец,защищённый грунт
2876,tomat,томат,защищённый грунт
2877,ogurets,огурец,защищённый грунт
2877,tomat,томат,защищённый грунт
2878,ogurets,огурец,защищённый грунт
2878,tomat,томат,защищённый грунт
2879,klubnika,клубника (земляника),защищённый грунт
2880,yablonya,яблоня,
2881,sklady-i-zernohranilischa,склады и зернохранилища,
2882,sklady-i-zernohranilischa,склады и зернохранилища,
2883,sklady-i-zernohranilischa,склады и зернохранилища,
2884,sklady-i-zernohranilischa,склады и зернохранилища,
2885,sklady-i-zernohranilischa,склады и зернохранилища,
2886,sklady-i-zernohranilischa,склады и зернохранилища,
2887,sklady-i-zernohranilischa,склады и зернохранилища,
2888,sklady-i-zernohranilischa,склады и зернохранилища,
2889,sklady-i-zernohranilischa,склады и зернохранилища,
2890,sklady-i-zernohranilischa,склады и зернохранилища,
2891,sklady-i-zernohranilischa,склады и зернохранилища,
2892,sklady-i-zernohranilischa,склады и зернохранилища,
2893,sklady-i-zernohranilischa,склады и зернохранилища,
2894,sklady-i-zernohranilischa,склады и зернохранилища,
2895,sklady-i-zernohranilischa,склады и зернохранилища,
2896,sklady-i-zernohranilischa,склады и зернохранилища,
2897,zernovye,зерновые (прочие),
2897,sklady-i-zernohranilischa,склады и зернохранилища,
2898,sklady-i-zernohranilischa,склады и зернохранилища,
2899,yablonya,яблоня,
2900,raps,рапс,
2901,ogurets,огурец,защищённый грунт
2901,tomat,томат,защищённый грунт
2902,yablonya,яблоня,
2903,ogurets,огурец,защищённый грунт
2903,tomat,томат,защищённый грунт
2904,yablonya,яблоня,
2905,yablonya,яблоня,
2906,ogurets,огурец,защищённый грунт
2906,tomat,томат,защищённый грунт
2907,yablonya,яблоня,
2908,yablonya,яблоня,
2909,soya,соя,
2910,sklady-i-zernohranilischa,склады и зернохранилища,
2911,pogreba-i-podvaly,погреба и подвалы,
2911,sklady-i-zernohranilischa,склады и зернохранилища,
2912,sklady-i-zernohranilischa,склады и зернохранилища,
2913,pogreba-i-podvaly,погреба и подвалы,
2913,sklady-i-zernohranilischa,склады и зернохранилища,
2914,sklady-i-zernohranilischa,склады и зернохранилища,
2915,pogreba-i-podvaly,погреба и подвалы,
2915,sklady-i-zernohranilischa,склады и зернохранилища,
2916,sklady-i-zernohranilischa,склады и зернохранилища,
2917,pogreba-i-podvaly,погреба и подвалы,
2917,sklady-i-zernohranilischa,склады и зернохранилища,
2918,sklady-i-zernohranilischa,склады и зернохранилища,
2919,pogreba-i-podvaly,погреба и подвалы,
2919,sklady-i-zernohranilischa,склады и зернохранилища,
2920,grusha,груша,
2920,yablonya,яблоня,
2921,grusha,груша,
2921,yablonya,яблоня,
2922,vinograd,виноград,
2923,vinograd,виноград,
2924,grusha,груша,
2924,yablonya,яблоня,
2925,grusha,груша,
2925,yablonya,яблоня,
2926,vinograd,виноград,
2927,vinograd,виноград,
2928,vinograd,виноград,
2929,vinograd,виноград,
2930,sklady-i-zernohranilischa,склады и зернохранилища,
2931,pogreba-i-podvaly,погреба и подвалы,
2931,sklady-i-zernohranilischa,склады и зернохранилища,
2932,sklady-i-zernohranilischa,склады и зернохранилища,
2933,pogreba-i-podvaly,погреба и подвалы,
2933,sklady-i-zernohranilischa,склады и зернохранилища,
2934,sklady-i-zernohranilischa,склады и зернохранилища,
2935,pogreba-i-podvaly,погреба и подвалы,
2935,sklady-i-zernohranilischa,склады и зернохранилища,
2936,kartofel,картофель,
2937,ogurets,огурец,защищённый грунт
2937,perets,перец,защищённый грунт
2938,tsvety,цветы (общее),защищённый грунт
2939,kartofel,картофель,
2940,ogurets,огурец,защищённый грунт
2941,tomat,томат,защищённый грунт
2942,tsvety,цветы (общее),защищённый грунт
2943,zelen,"зелень (укроп, петрушка, салат)",защищённый грунт
2944,zelen,"зелень (укроп, петрушка, салат)",защищённый грунт
2945,kartofel,картофель,
2946,ogurets,огурец,защищённый грунт
2947,tomat,томат,защищённый грунт
2948,tsvety,цветы (общее),защищённый грунт
2949,zelen,"зелень (укроп, петрушка, салат)",защищённый грунт
2950,zelen,"зелень (укроп, петрушка, салат)",защищённый грунт
2951,luk,лук,
2952,gazon,газон,
2953,klubnika,клубника (земляника),
2954,yablonya,яблоня,
2955,yablonya,яблоня,
2956,vinograd,виноград,
2957,soya,соя,
2958,yablonya,яблоня,
2959,yablonya,яблоня,
2960,vinograd,виноград,
2961,vinograd,виноград,
2962,soya,соя,
2963,yablonya,яблоня,
2964,yablonya,яблоня,
2965,vinograd,виноград,
2966,yablonya,яблоня,
2967,vinograd,виноград,
2968,soya,соя,
2969,ogurets,огурец,открытый грунт
2970,arbuz-dynya,арбуз / дыня,
2971,yablonya,яблоня,
2972,vinograd,виноград,
2973,soya,соя,
2974,yablonya,яблоня,
2975,vinograd,виноград,
2976,kapusta,капуста,
2977,soya,соя,
2978,tomat,томат,открытый грунт
2979,ogurets,огурец,открытый грунт
2980,pshenitsa,пшеница,
2981,yachmen,ячмень,
2982,kartofel,картофель,
2983,raps,рапс,
2984,yablonya,яблоня,
2985,yablonya,яблоня,
2986,vinograd,виноград,
2987,yablonya,яблоня,
2988,vinograd,виноград,
2989,kukuruza,кукуруза,
2990,podsolnechnik,подсолнечник,
2991,saharnaya-svekla,сахарная свекла,
2992,kartofel,картофель,
2993,luk,лук,
2994,saharnaya-svekla,сахарная свекла,
2995,saharnaya-svekla,сахарная свекла,
2996,pogreba-i-podvaly,погреба и подвалы,
2997,raps,рапс,
2998,kartofel,картофель,
2999,raps,рапс,
3000,raps,рапс,
3001,kartofel,картофель,
3002,raps,рапс,
3003,yablonya,яблоня,
3004,yablonya,яблоня,
3005,yablonya,яблоня,
3006,yablonya,яблоня,
3007,raps,рапс,
3008,vinograd,виноград,
3009,yablonya,яблоня,
3010,yablonya,яблоня,
3011,raps,рапс,
3012,vinograd,виноград,
3013,yablonya,яблоня,
3014,yablonya,яблоня,
3015,yablonya,яблоня,
3016,yablonya,яблоня,
3017,vinograd,виноград,
3018,raps,рапс,
3019,kartofel,картофель,
3020,kartofel,картофель,
3021,pshenitsa,пшеница,
3022,pshenitsa,пшеница,
3023,yachmen,ячмень,
3024,kukuruza,кукуруза,
3025,raps,рапс,
3026,raps,рапс,
3027,goroh-fasol,горох / фасоль,
3028,tomat,томат,открытый грунт
3029,morkov,морковь,
3030,morkov,морковь,
3031,svekla,свекла,
3032,saharnaya-svekla,сахарная свекла,
3033,saharnaya-svekla,сахарная свекла,
3034,raps,рапс,
3035,maslichnye-i-tehnicheskie,масличные и технические,
3036,podsolnechnik,подсолнечник,
3037,kartofel,картофель,
3038,komnatnye-rasteniya,комнатные растения (общее),
3038,tsvety,цветы (общее),
3039,tsvety,цветы (общее),
3040,soya,соя,
3041,maslichnye-i-tehnicheskie,масличные и технические,
3041,raps,рапс,
3042,podsolnechnik,подсолнечник,
3043,pshenitsa,пшеница,
3043,yachmen,ячмень,
3044,kartofel,картофель,
3045,saharnaya-svekla,сахарная свекла,
3046,kukuruza,кукуруза,
3047,podsolnechnik,подсолнечник,
3048,pshenitsa,пшеница,
3049,pshenitsa,пшеница,
3050,yachmen,ячмень,
3051,kartofel,картофель,
3052,kartofel,картофель,
3053,goroh-fasol,горох / фасоль,
3054,tomat,томат,защищённый грунт
3055,tomat,томат,защищённый грунт
3056,tomat,томат,открытый грунт
3057,tomat,томат,открытый грунт
3058,ogurets,огурец,защищённый грунт
3059,ogurets,огурец,защищённый грунт
3060,ogurets,огурец,защищённый грунт
3061,perets,перец,защищённый грунт
3062,perets,перец,защищённый грунт
3063,baklazhan,баклажан,защищённый грунт
3064,baklazhan,баклажан,защищённый грунт
3065,smorodina,смородина,
3066,kapusta,капуста,
3067,roza,роза,открытый грунт
3068,roza,роза,защищённый грунт
3069,yablonya,яблоня,
3070,yablonya,яблоня,
3071,grusha,груша,
3072,luk,лук,
3073,luk,лук,
3074,vinograd,виноград,
3075,kartofel,картофель,
3076,smorodina,смородина,
3077,kartofel,картофель,
3078,smorodina,смородина,
3079,komnatnye-rasteniya,комнатные растения (общее),
3079,tsvety,цветы (общее),
3080,kartofel,картофель,
3081,smorodina,смородина,
3082,smorodina,смородина,
3083,komnatnye-rasteniya,комнатные растения (общее),
3084,pshenitsa,пшеница,
3085,pshenitsa,пшеница,
3086,yachmen,ячмень,
3087,yachmen,ячмень,
3088,pshenitsa,пшеница,
3089,pshenitsa,пшеница,
3090,raps,рапс,
3091,podsolnechnik,подсолнечник,
3092,kukuruza,кукуруза,
3093,pshenitsa,пшеница,
3094,pshenitsa,пшеница,
3094,yachmen,ячмень,
3095,saharnaya-svekla,сахарная свекла,
3096,saharnaya-svekla,сахарная свекла,
3097,maslichnye-i-tehnicheskie,масличные и технические,
3097,raps,рапс,
3098,podsolnechnik,подсолнечник,
3099,kukuruza,кукуруза,
3099,sklady-i-zernohranilischa,склады и зернохранилища,
3100,kartofel,картофель,
3101,kukuruza,кукуруза,
3101,sklady-i-zernohranilischa,склады и зернохранилища,
3102,podsolnechnik,подсолнечник,
3103,pshenitsa,пшеница,
3103,yachmen,ячмень,
3104,kartofel,картофель,
3105,maslichnye-i-tehnicheskie,масличные и технические,
3105,raps,рапс,
3106,soya,соя,
3107,pshenitsa,пшеница,
3108,pshenitsa,пшеница,
3108,yachmen,ячмень,
3109,pshenitsa,пшеница,
3110,yachmen,ячмень,
3111,pshenitsa,пшеница,
3111,yachmen,ячмень,
3112,podsolnechnik,подсолнечник,
3113,pshenitsa,пшеница,
3114,pshenitsa,пшеница,
3115,yachmen,ячмень,
3116,rozh,рожь,
3117,zernovye,зерновые (прочие),
3118,zernovye,зерновые (прочие),
3119,raps,рапс,
3120,pshenitsa,пшеница,
3120,yachmen,ячмень,
3121,pshenitsa,пшеница,
3122,pshenitsa,пшеница,
3123,yachmen,ячмень,
3124,raps,рапс,
3125,kartofel,картофель,
3126,kartofel,картофель,
3127,saharnaya-svekla,сахарная свекла,
3128,yablonya,яблоня,
3129,yablonya,яблоня,
3130,pshenitsa,пшеница,
3130,yachmen,ячмень,
3131,pshenitsa,пшеница,
3131,yachmen,ячмень,
3132,saharnaya-svekla,сахарная свекла,
3133,raps,рапс,
3134,podsolnechnik,подсолнечник,
3135,pshenitsa,пшеница,
3135,yachmen,ячмень,
3136,pshenitsa,пшеница,
3137,pshenitsa,пшеница,
3138,yachmen,ячмень,
3139,pshenitsa,пшеница,
3140,pshenitsa,пшеница,
3140,yachmen,ячмень,
3141,maslichnye-i-tehnicheskie,масличные и технические,
3141,raps,рапс,
3142,podsolnechnik,подсолнечник,
3143,kukuruza,кукуруза,
3144,pshenitsa,пшеница,
3145,yachmen,ячмень,
3146,yablonya,яблоня,
3147,kormovye-travy,кормовые травы,
3148,goroh-fasol,горох / фасоль,
3149,podsolnechnik,подсолнечник,
3150,kukuruza,кукуруза,
3151,oves,овес,
3151,rozh,рожь,
3152,raps,рапс,
3153,pshenitsa,пшеница,
3154,yachmen,ячмень,
3155,yablonya,яблоня,
3156,pshenitsa,пшеница,
3157,yachmen,ячмень,
3158,raps,рапс,
3159,saharnaya-svekla,сахарная свекла,
3160,goroh-fasol,горох / фасоль,
3161,soya,соя,
3162,kukuruza,кукуруза,
3163,podsolnechnik,подсолнечник,
3164,maslichnye-i-tehnicheskie,масличные и технические,
3165,vinograd,виноград,
3166,yablonya,яблоня,
3167,tomat,томат,
3168,kartofel,картофель,
3169,kormovye-travy,кормовые травы,
3170,pastbischa-i-luga,пастбища и луга,
3171,pshenitsa,пшеница,
3172,pshenitsa,пшеница,
3172,yachmen,ячмень,
3173,raps,рапс,
3174,kartofel,картофель,
3175,kartofel,картофель,
3176,kartofel,картофель,
3177,kartofel,картофель,
3178,kartofel,картофель,
3179,pshenitsa,пшеница,
3180,pshenitsa,пшеница,
3181,pshenitsa,пшеница,
3182,yachmen,ячмень,
3183,kartofel,картофель,
3184,pshenitsa,пшеница,
3184,yachmen,ячмень,
3185,pshenitsa,пшеница,
3185,yachmen,ячмень,
3186,pshenitsa,пшеница,
3187,pshenitsa,пшеница,
3188,pshenitsa,пшеница,
3189,yachmen,ячмень,
3190,oves,овес,
3191,kukuruza,кукуруза,
3192,saharnaya-svekla,сахарная свекла,
3193,saharnaya-svekla,сахарная свекла,
3194,kartofel,картофель,
3195,tomat,томат,открытый грунт
3196,raps,рапс,
3197,raps,рапс,
3198,vinograd,виноград,
3199,vinograd,виноград,
3200,yablonya,яблоня,
3201,yablonya,яблоня,
3202,oves,овес,
3203,pshenitsa,пшеница,
3204,pshenitsa,пшеница,
3205,pshenitsa,пшеница,
3206,yachmen,ячмень,
3207,oves,овес,
3208,kapusta,капуста,
3209,kapusta,капуста,
3210,goroh-fasol,горох / фасоль,
3211,goroh-fasol,горох / фасоль,
3212,saharnaya-svekla,сахарная свекла,
3213,saharnaya-svekla,сахарная свекла,
3214,luk,лук,
3215,yablonya,яблоня,
3216,kartofel,картофель,
3217,pshenitsa,пшеница,
3218,pshenitsa,пшеница,
3219,yachmen,ячмень,
3220,pshenitsa,пшеница,
3221,pshenitsa,пшеница,
3222,yachmen,ячмень,
3223,oves,овес,
3224,pshenitsa,пшеница,
3225,pshenitsa,пшеница,
3226,yachmen,ячмень,
3227,yachmen,ячмень,
3228,saharnaya-svekla,сахарная свекла,
3229,raps,рапс,
3230,raps,рапс,
3231,goroh-fasol,горох / фасоль,
3232,pastbischa-i-luga,пастбища и луга,
3233,pastbischa-i-luga,пастбища и луга,
3234,pshenitsa,пшеница,
3235,pshenitsa,пшеница,
3236,pshenitsa,пшеница,
3237,yachmen,ячмень,
3238,kukuruza,кукуруза,
3239,saharnaya-svekla,сахарная свекла,
3240,saharnaya-svekla,сахарная свекла,
3241,kartofel,картофель,
3242,tomat,томат,открытый грунт
3243,raps,рапс,
3244,raps,рапс,
3245,vinograd,виноград,
3246,vinograd,виноград,
3247,yablonya,яблоня,
3248,yablonya,яблоня,
3249,pshenitsa,пшеница,
3250,pshenitsa,пшеница,
3251,pshenitsa,пшеница,
3252,yachmen,ячмень,
3253,yachmen,ячмень,
3254,yachmen,ячмень,
3255,saharnaya-svekla,сахарная свекла,
3256,saharnaya-svekla,сахарная свекла,
3257,raps,рапс,
3258,raps,рапс,
3259,raps,рапс,
3260,raps,рапс,
3261,kartofel,картофель,
3262,pshenitsa,пшеница,
3262,yachmen,ячмень,
3263,pshenitsa,пшеница,
3264,kukuruza,кукуруза,
3264,sklady-i-zernohranilischa,склады и зернохранилища,
3265,soya,соя,
3266,soya,соя,
3267,pshenitsa,пшеница,
3268,yachmen,ячмень,
3269,pshenitsa,пшеница,
3270,pshenitsa,пшеница,
3271,yachmen,ячмень,
3272,pshenitsa,пшеница,
3273,pshenitsa,пшеница,
3274,pshenitsa,пшеница,
3275,yachmen,ячмень,
3276,pshenitsa,пшеница,
3277,pshenitsa,пшеница,
3278,pshenitsa,пшеница,
3279,pshenitsa,пшеница,
3280,yachmen,ячмень,
3281,podsolnechnik,подсолнечник,
3282,podsolnechnik,подсолнечник,
3283,podsolnechnik,подсолнечник,
3284,kartofel,картофель,
3285,raps,рапс,
3286,raps,рапс,
3287,raps,рапс,
3288,pshenitsa,пшеница,
3288,yachmen,ячмень,
3289,soya,соя,
3290,podsolnechnik,подсолнечник,
3291,kukuruza,кукуруза,
3291,sklady-i-zernohranilischa,склады и зернохранилища,
3292,kartofel,картофель,
3293,pshenitsa,пшеница,
3294,saharnaya-svekla,сахарная свекла,
3295,pshenitsa,пшеница,
3295,yachmen,ячмень,
3296,kartofel,картофель,
3297,kukuruza,кукуруза,
3297,sklady-i-zernohranilischa,склады и зернохранилища,
3298,podsolnechnik,подсолнечник,
3299,pshenitsa,пшеница,
3299,yachmen,ячмень,
3300,zernovye,зерновые (прочие),
3300,oves,овес,
3301,kartofel,картофель,
3302,kartofel,картофель,
3303,yablonya,яблоня,
3304,vinograd,виноград,
3305,tomat,томат,защищённый грунт
3306,yablonya,яблоня,
3307,vinograd,виноград,
3308,grusha,груша,
3308,yablonya,яблоня,
3309,grusha,груша,
3309,yablonya,яблоня,
3310,pshenitsa,пшеница,
3311,pshenitsa,пшеница,
3312,pshenitsa,пшеница,
3313,yachmen,ячмень,
3314,grusha,груша,
3314,yablonya,яблоня,
3315,grusha,груша,
3315,yablonya,яблоня,
3316,pshenitsa,пшеница,
3317,pshenitsa,пшеница,
3318,yachmen,ячмень,
3319,yachmen,ячмень,
3320,kartofel,картофель,
3321,vinograd,виноград,
3322,yablonya,яблоня,
3323,grusha,груша,
3324,vinograd,виноград,
3325,yablonya,яблоня,
3326,sliva,слива,
3327,yablonya,яблоня,
3328,vinograd,виноград,
3329,sliva,слива,
3330,vinograd,виноград,
3331,vinograd,виноград,
3332,yablonya,яблоня,
3333,yablonya,яблоня,
3334,vinograd,виноград,
3335,soya,соя,
3336,saharnaya-svekla,сахарная свекла,
3337,pshenitsa,пшеница,
3338,pastbischa-i-luga,пастбища и луга,
3339,pshenitsa,пшеница,
3340,pshenitsa,пшеница,
3341,pshenitsa,пшеница,
3342,yachmen,ячмень,
3343,kartofel,картофель,
3344,pshenitsa,пшеница,
3345,pshenitsa,пшеница,
3346,pshenitsa,пшеница,
3347,yachmen,ячмень,
3348,kartofel,картофель,
3349,pastbischa-i-luga,пастбища и луга,
3350,pshenitsa,пшеница,
3351,kartofel,картофель,
3352,kartofel,картофель,
3353,pshenitsa,пшеница,
3354,pshenitsa,пшеница,
3355,pshenitsa,пшеница,
3356,yachmen,ячмень,
3357,kartofel,картофель,
3358,pshenitsa,пшеница,
3359,pshenitsa,пшеница,
3360,kartofel,картофель,
3361,pastbischa-i-luga,пастбища и луга,
3362,soya,соя,
3363,yablonya,яблоня,
3364,yablonya,яблоня,
3365,yablonya,яблоня,
3366,vinograd,виноград,
3367,kapusta,капуста,
3368,tomat,томат,открытый грунт
3369,pshenitsa,пшеница,
3369,rozh,рожь,
3370,pshenitsa,пшеница,
3370,rozh,рожь,
3371,pshenitsa,пшеница,
3371,yachmen,ячмень,
3372,pshenitsa,пшеница,
3372,yachmen,ячмень,
3373,yachmen,ячмень,
3374,yablonya,яблоня,
3375,kartofel,картофель,
3376,kartofel,картофель,
3377,yablonya,яблоня,
3378,vinograd,виноград,
3379,tomat,томат,открытый грунт
3380,tomat,томат,открытый грунт
3381,kukuruza,кукуруза,
3382,kukuruza,кукуруза,
3383,kukuruza,кукуруза,
3384,podsolnechnik,подсолнечник,
3385,podsolnechnik,подсолнечник,
3386,podsolnechnik,подсолнечник,
3387,kartofel,картофель,
3388,yablonya,яблоня,
3389,vinograd,виноград,
3390,tomat,томат,открытый грунт
3391,kartofel,картофель,
3392,yablonya,яблоня,
3393,vinograd,виноград,
3394,tomat,томат,открытый грунт
3395,tomat,томат,открытый грунт
3396,kukuruza,кукуруза,
3397,kukuruza,кукуруза,
3398,kukuruza,кукуруза,
3399,podsolnechnik,подсолнечник,
3400,podsolnechnik,подсолнечник,
3401,podsolnechnik,подсолнечник,
3402,goroh-fasol,горох / фасоль,
3403,soya,соя,
3404,soya,соя,
3405,kartofel,картофель,
3406,yablonya,яблоня,
3407,vinograd,виноград,
3408,tomat,томат,открытый грунт
3409,tomat,томат,открытый грунт
3410,tomat,томат,открытый грунт
3411,tomat,томат,открытый грунт
3412,kartofel,картофель,
3413,goroh-fasol,горох / фасоль,
3414,kukuruza,кукуруза,
3415,kukuruza,кукуруза,
3416,kukuruza,кукуруза,
3417,podsolnechnik,подсолнечник,
3418,podsolnechnik,подсолнечник,
3419,podsolnechnik,подсолнечник,
3420,soya,соя,
3421,soya,соя,
3422,kapusta,капуста,
3423,kapusta,капуста,
3424,yablonya,яблоня,
3425,vinograd,виноград,
3426,kukuruza,кукуруза,
3426,sklady-i-zernohranilischa,склады и зернохранилища,
3427,kukuruza,кукуруза,
3427,sklady-i-zernohranilischa,склады и зернохранилища,
3428,podsolnechnik,подсолнечник,
3429,soya,соя,
3430,raps,рапс,
3431,raps,рапс,
3432,kartofel,картофель,
3433,tomat,томат,открытый грунт
3434,tomat,томат,открытый грунт
3435,yablonya,яблоня,
3436,vinograd,виноград,
3437,kartofel,картофель,
3438,tomat,томат,открытый грунт
3439,tomat,томат,открытый грунт
3440,yablonya,яблоня,
3441,vinograd,виноград,
3442,tomat,томат,открытый грунт
3443,tomat,томат,открытый грунт
3444,kartofel,картофель,
3445,podsolnechnik,подсолнечник,
3446,podsolnechnik,подсолнечник,
3447,podsolnechnik,подсолнечник,
3448,podsolnechnik,подсолнечник,
3449,kukuruza,кукуруза,
3450,kukuruza,кукуруза,
3451,kukuruza,кукуруза,
3452,kukuruza,кукуруза,
3453,kapusta,капуста,
3454,goroh-fasol,горох / фасоль,
3455,soya,соя,
3456,soya,соя,
3457,yablonya,яблоня,
3458,vinograd,виноград,
3459,yablonya,яблоня,
3460,vinograd,виноград,
3461,tomat,томат,открытый грунт
3462,tomat,томат,открытый грунт
3463,kapusta,капуста,
3464,kartofel,картофель,
3465,raps,рапс,
3466,raps,рапс,
3467,grusha,груша,
3467,yablonya,яблоня,
3468,vinograd,виноград,
3469,podsolnechnik,подсолнечник,
3470,raps,рапс,
3471,soya,соя,
3472,kukuruza,кукуруза,
3472,sklady-i-zernohranilischa,склады и зернохранилища,
3473,goroh-fasol,горох / фасоль,
3474,kartofel,картофель,
3475,kartofel,картофель,
3476,yablonya,яблоня,
3477,vinograd,виноград,
3478,tomat,томат,открытый грунт
3479,tomat,томат,открытый грунт
3480,kukuruza,кукуруза,
3481,kukuruza,кукуруза,
3482,kukuruza,кукуруза,
3483,podsolnechnik,подсолнечник,
3484,podsolnechnik,подсолнечник,
3485,podsolnechnik,подсолнечник,
3486,goroh-fasol,горох / фасоль,
3487,soya,соя,
3488,soya,соя,
3489,kartofel,картофель,
3490,yablonya,яблоня,
3491,vinograd,виноград,
3492,tomat,томат,открытый грунт
3493,tomat,томат,открытый грунт
3494,soya,соя,
3495,kukuruza,кукуруза,
3496,podsolnechnik,подсолнечник,
3497,kukuruza,кукуруза,
3498,podsolnechnik,подсолнечник,
3499,raps,рапс,
3500,raps,рапс,
3501,soya,соя,
3502,kartofel,картофель,
3503,saharnaya-svekla,сахарная свекла,
3504,saharnaya-svekla,сахарная свекла,
3505,saharnaya-svekla,сахарная свекла,
3506,saharnaya-svekla,сахарная свекла,
3507,pshenitsa,пшеница,
3507,yachmen,ячмень,
3508,pshenitsa,пшеница,
3508,yachmen,ячмень,
3509,saharnaya-svekla,сахарная свекла,
3510,saharnaya-svekla,сахарная свекла,
3511,saharnaya-svekla,сахарная свекла,
3512,saharnaya-svekla,сахарная свекла,
3513,saharnaya-svekla,сахарная свекла,
3514,pshenitsa,пшеница,
3515,yachmen,ячмень,
3516,saharnaya-svekla,сахарная свекла,
3517,saharnaya-svekla,сахарная свекла,
3518,saharnaya-svekla,сахарная свекла,
3519,saharnaya-svekla,сахарная свекла,
3520,pshenitsa,пшеница,
3521,saharnaya-svekla,сахарная свекла,
3522,saharnaya-svekla,сахарная свекла,
3523,saharnaya-svekla,сахарная свекла,
3524,saharnaya-svekla,сахарная свекла,
3525,soya,соя,
3526,raps,рапс,
3527,raps,рапс,
3528,raps,рапс,
3529,pshenitsa,пшеница,
3530,pshenitsa,пшеница,
3531,saharnaya-svekla,сахарная свекла,
3532,saharnaya-svekla,сахарная свекла,
3533,raps,рапс,
3534,raps,рапс,
3535,pshenitsa,пшеница,
3536,pshenitsa,пшеница,
3537,saharnaya-svekla,сахарная свекла,
3538,raps,рапс,
3539,raps,рапс,
3540,pshenitsa,пшеница,
3541,pshenitsa,пшеница,
3542,saharnaya-svekla,сахарная свекла,
3543,raps,рапс,
3544,raps,рапс,
3545,pshenitsa,пшеница,
3546,pshenitsa,пшеница,
3547,yachmen,ячмень,
3548,raps,рапс,
3549,raps,рапс,
3550,pshenitsa,пшеница,
3551,pshenitsa,пшеница,
3552,yachmen,ячмень,
3553,raps,рапс,
3554,raps,рапс,
3555,pshenitsa,пшеница,
3556,pshenitsa,пшеница,
3557,yachmen,ячмень,
3558,raps,рапс,
3559,pshenitsa,пшеница,
3560,saharnaya-svekla,сахарная свекла,
3561,raps,рапс,
3562,raps,рапс,
3563,pshenitsa,пшеница,
3564,pshenitsa,пшеница,
3565,yachmen,ячмень,
3566,raps,рапс,
3567,raps,рапс,
3568,pshenitsa,пшеница,
3569,pastbischa-i-luga,пастбища и луга,
3570,pshenitsa,пшеница,
3571,pshenitsa,пшеница,
3572,yachmen,ячмень,
3573,raps,рапс,
3574,raps,рапс,
3575,pshenitsa,пшеница,
3576,pshenitsa,пшеница,
3577,yachmen,ячмень,
3578,raps,рапс,
3579,raps,рапс,
3580,pshenitsa,пшеница,
3581,pshenitsa,пшеница,
3582,yachmen,ячмень,
3583,raps,рапс,
3584,raps,рапс,
3585,soya,соя,
3586,pshenitsa,пшеница,
3587,pshenitsa,пшеница,
3588,pshenitsa,пшеница,
3589,pshenitsa,пшеница,
3590,raps,рапс,
3591,raps,рапс,
3592,raps,рапс,
3593,kukuruza,кукуруза,
3593,sklady-i-zernohranilischa,склады и зернохранилища,
3594,soya,соя,
3595,saharnaya-svekla,сахарная свекла,
3596,saharnaya-svekla,сахарная свекла,
3597,pshenitsa,пшеница,
3598,pshenitsa,пшеница,
3599,yachmen,ячмень,
3600,raps,рапс,
3601,raps,рапс,
3602,soya,соя,
3603,kartofel,картофель,
3604,svekla,свекла,
3605,kormovye-travy,кормовые травы,
3606,yablonya,яблоня,
3607,vinograd,виноград,
3608,kapusta,капуста,
3609,kapusta,капуста,
3610,kapusta,капуста,
3611,tomat,томат,открытый грунт
3612,tomat,томат,открытый грунт
3613,luk,лук,
3614,luk,лук,
3615,morkov,морковь,
3616,morkov,морковь,
3617,tomat,томат,защищённый грунт
3618,tomat,томат,защищённый грунт
3619,ogurets,огурец,защищённый грунт
3620,ogurets,огурец,защищённый грунт
3621,tomat,томат,открытый грунт
3622,luk,лук,
3623,tomat,томат,защищённый грунт
3624,ogurets,огурец,защищённый грунт
3625,kukuruza,кукуруза,
3626,podsolnechnik,подсолнечник,
3627,kukuruza,кукуруза,
3628,raps,рапс,
3629,kukuruza,кукуруза,
3630,podsolnechnik,подсолнечник,
3631,kukuruza,кукуруза,
3632,podsolnechnik,подсолнечник,
3633,yablonya,яблоня,
3634,yablonya,яблоня,
3635,tomat,томат,защищённый грунт
3636,ogurets,огурец,защищённый грунт
3637,ogurets,огурец,защищённый грунт
3637,tomat,томат,защищённый грунт
3638,ogurets,огурец,защищённый грунт
3638,tomat,томат,защищённый грунт
3639,kartofel,картофель,
3640,ayva,айва,
3640,grusha,груша,
3640,yablonya,яблоня,
3641,ayva,айва,
3641,grusha,груша,
3641,yablonya,яблоня,
3642,smorodina,смородина,
3643,kartofel,картофель,
3644,pshenitsa,пшеница,
3645,saharnaya-svekla,сахарная свекла,
3646,saharnaya-svekla,сахарная свекла,
3647,kartofel,картофель,
3648,soya,соя,
3649,maslichnye-i-tehnicheskie,масличные и технические,
3650,kapusta,капуста,
3651,pshenitsa,пшеница,
3652,soya,соя,
3653,raps,рапс,
3654,pshenitsa,пшеница,
3655,kukuruza,кукуруза,
3655,sklady-i-zernohranilischa,склады и зернохранилища,
3656,pastbischa-i-luga,пастбища и луга,
3657,pshenitsa,пшеница,
3658,kukuruza,кукуруза,
3659,kukuruza,кукуруза,
3660,pshenitsa,пшеница,
3661,pshenitsa,пшеница,
3662,pshenitsa,пшеница,
3663,pshenitsa,пшеница,
3664,yachmen,ячмень,
3665,yachmen,ячмень,
3666,yachmen,ячмень,
3667,podsolnechnik,подсолнечник,
3668,soya,соя,
3669,goroh-fasol,горох / фасоль,
3670,goroh-fasol,горох / фасоль,
3671,kartofel,картофель,
3672,kartofel,картофель,
3673,kartofel,картофель,
3674,saharnaya-svekla,сахарная свекла,
3675,saharnaya-svekla,сахарная свекла,
3676,saharnaya-svekla,сахарная свекла,
3677,saharnaya-svekla,сахарная свекла,
3678,kormovye-travy,кормовые травы,
3679,kapusta,капуста,
3680,raps,рапс,
3681,len,лен,
3682,vinograd,виноград,
3683,pastbischa-i-luga,пастбища и луга,
3684,kartofel,картофель,
3685,kapusta,капуста,
3686,vinograd,виноград,
3687,yablonya,яблоня,
3688,pshenitsa,пшеница,
3689,kartofel,картофель,
3690,kartofel,картофель,
3691,pshenitsa,пшеница,
3692,kukuruza,кукуруза,
3693,kukuruza,кукуруза,
3694,saharnaya-svekla,сахарная свекла,
3695,maslichnye-i-tehnicheskie,масличные и технические,
3696,pastbischa-i-luga,пастбища и луга,
3697,lesnye-nasazhdeniya,лесные насаждения,
3697,hvoynye,"хвойные (туя, ель, можжевельник)",
3698,lesnye-nasazhdeniya,лесные насаждения,
3698,hvoynye,"хвойные (туя, ель, можжевельник)",
3699,hvoynye,"хвойные (туя, ель, можжевельник)",
3700,pshenitsa,пшеница,
3701,kukuruza,кукуруза,
3702,kukuruza,кукуруза,
3703,kartofel,картофель,
3704,kapusta,капуста,
3705,yablonya,яблоня,
3706,kartofel,картофель,
3707,kapusta,капуста,
3708,yablonya,яблоня,
3709,pshenitsa,пшеница,
3710,kukuruza,кукуруза,
3711,kukuruza,кукуруза,
3712,ogurets,огурец,защищённый грунт
3712,tomat,томат,защищённый грунт
3713,ogurets,огурец,защищённый грунт
3713,tomat,томат,защищённый грунт
3714,kartofel,картофель,
3715,grusha,груша,
3715,yablonya,яблоня,
3716,vishnya-chereshnya,вишня / черешня,
3716,sliva,слива,
3717,kryzhovnik,крыжовник,
3717,smorodina,смородина,
3718,ogurets,огурец,защищённый грунт
3718,tomat,томат,защищённый грунт
3719,ogurets,огурец,защищённый грунт
3719,tomat,томат,защищённый грунт
3720,kartofel,картофель,
3721,grusha,груша,
3721,yablonya,яблоня,
3722,vishnya-chereshnya,вишня / черешня,
3722,sliva,слива,
3723,kryzhovnik,крыжовник,
3723,smorodina,смородина,
3724,kapusta,капуста,
3725,kartofel,картофель,
3726,ogurets,огурец,открытый грунт
3726,tomat,томат,открытый грунт
3727,yablonya,яблоня,
3728,smorodina,смородина,
3729,tsvety,цветы (общее),
3729,yagodniki,ягодники (общее),
3730,kartofel,картофель,
3731,ogurets,огурец,открытый грунт
3731,tomat,томат,открытый грунт
3732,yablonya,яблоня,
3733,smorodina,смородина,
3734,tsvety,цветы (общее),
3734,yagodniki,ягодники (общее),
3735,ogurets,огурец,защищённый грунт
3735,tomat,томат,защищённый грунт
3736,ogurets,огурец,защищённый грунт
3736,tomat,томат,защищённый грунт
3737,ogurets,огурец,защищённый грунт
3737,tomat,томат,защищённый грунт
3738,ogurets,огурец,защищённый грунт
3738,tomat,томат,защищённый грунт
3739,ogurets,огурец,защищённый грунт
3739,tomat,томат,защищённый грунт
3740,ogurets,огурец,защищённый грунт
3740,tomat,томат,защищённый грунт
3741,ogurets,огурец,защищённый грунт
3741,tomat,томат,защищённый грунт
3742,ogurets,огурец,защищённый грунт
3742,tomat,томат,защищённый грунт
3743,kapusta,капуста,
3744,tomat,томат,открытый грунт
3745,vinograd,виноград,
3746,yablonya,яблоня,
3747,tomat,томат,открытый грунт
3748,grusha,груша,
3748,yablonya,яблоня,
3749,vinograd,виноград,
3750,kapusta,капуста,
3751,grusha,груша,
3751,yablonya,яблоня,
3752,vinograd,виноград,
3753,tomat,томат,открытый грунт
3754,kapusta,капуста,
3755,yablonya,яблоня,
3756,vinograd,виноград,
3757,yablonya,яблоня,
3758,vinograd,виноград,
3759,tomat,томат,открытый грунт
3760,tomat,томат,открытый грунт
3761,yablonya,яблоня,
3762,vinograd,виноград,
3763,vinograd,виноград,
3764,kukuruza,кукуруза,
3765,kukuruza,кукуруза,
3766,kukuruza,кукуруза,
3767,kukuruza,кукуруза,
3768,kukuruza,кукуруза,
3769,podsolnechnik,подсолнечник,
3770,podsolnechnik,подсолнечник,
3771,podsolnechnik,подсолнечник,
3772,podsolnechnik,подсолнечник,
3773,podsolnechnik,подсолнечник,
3774,soya,соя,
3775,soya,соя,
3776,soya,соя,
3777,soya,соя,
3778,soya,соя,
3779,saharnaya-svekla,сахарная свекла,
3780,saharnaya-svekla,сахарная свекла,
3781,saharnaya-svekla,сахарная свекла,
3782,vinograd,виноград,
3783,ayva,айва,
3783,grusha,груша,
3783,yablonya,яблоня,
3784,podsolnechnik,подсолнечник,
3785,podsolnechnik,подсолнечник,
3786,podsolnechnik,подсолнечник,
3787,kukuruza,кукуруза,
3788,kukuruza,кукуруза,
3789,kukuruza,кукуруза,
3790,plodovye-derevya,плодовые деревья (общее),
3790,yagodniki,ягодники (общее),
3791,kartofel,картофель,
3792,pshenitsa,пшеница,
3793,goroh-fasol,горох / фасоль,
3794,yablonya,яблоня,
3795,kartofel,картофель,
3796,maslichnye-i-tehnicheskie,масличные и технические,
3796,raps,рапс,
3797,kapusta,капуста,
3798,yablonya,яблоня,
3799,yablonya,яблоня,
3800,kapusta,капуста,
3801,len,лен,
3802,kukuruza,кукуруза,
3802,podsolnechnik,подсолнечник,
3802,soya,соя,
3803,raps,рапс,
3804,lesnye-nasazhdeniya,лесные насаждения,
3804,hvoynye,"хвойные (туя, ель, можжевельник)",
3805,lesnye-nasazhdeniya,лесные насаждения,
3805,hvoynye,"хвойные (туя, ель, можжевельник)",
3806,lesnye-nasazhdeniya,лесные насаждения,
3807,lesnye-nasazhdeniya,лесные насаждения,
3808,yablonya,яблоня,
3809,kapusta,капуста,
3810,soya,соя,
3811,zernobobovye,"зернобобовые (нут, чечевица, люпин, бобы)",
3812,goroh-fasol,горох / фасоль,
3813,kartofel,картофель,
3814,kartofel,картофель,
3815,tomat,томат,открытый грунт
3816,tomat,томат,защищённый грунт
3817,kapusta,капуста,
3818,luk,лук,
3818,chesnok,чеснок,
3819,vishnya-chereshnya,вишня / черешня,
3819,sliva,слива,
3820,klubnika,клубника (земляника),
3821,yablonya,яблоня,
3822,vinograd,виноград,
3823,kartofel,картофель,
3824,svekla,свекла,
3825,morkov,морковь,
3826,kapusta,капуста,
3827,luk,лук,
3827,chesnok,чеснок,
3828,kartofel,картофель,
3829,kartofel,картофель,
3830,tomat,томат,открытый грунт
3831,tomat,томат,защищённый грунт
3832,kapusta,капуста,
3833,luk,лук,
3833,chesnok,чеснок,
3834,vishnya-chereshnya,вишня / черешня,
3834,sliva,слива,
3835,klubnika,клубника (земляника),
3836,yablonya,яблоня,
3837,vinograd,виноград,
3838,kapusta,капуста,
3839,morkov,морковь,
3840,kartofel,картофель,
3841,luk,лук,
3842,svekla,свекла,
3843,pshenitsa,пшеница,
3844,pshenitsa,пшеница,
3845,yachmen,ячмень,
3846,yachmen,ячмень,
3847,saharnaya-svekla,сахарная свекла,
3848,yablonya,яблоня,
3849,vinograd,виноград,
3850,yablonya,яблоня,
3851,vinograd,виноград,
3852,pshenitsa,пшеница,
3853,pshenitsa,пшеница,
3854,yachmen,ячмень,
3855,saharnaya-svekla,сахарная свекла,
3856,pshenitsa,пшеница,
3857,pshenitsa,пшеница,
3858,yachmen,ячмень,
3859,yachmen,ячмень,
3860,saharnaya-svekla,сахарная свекла,
3861,pshenitsa,пшеница,
3862,yachmen,ячмень,
3863,rozh,рожь,
3864,ris,рис,
3865,kukuruza,кукуруза,
3866,kukuruza,кукуруза,
3867,soya,соя,
3868,soya,соя,
3869,svekla,свекла,
3872,raps,рапс,
3873,raps,рапс,
3874,vinograd,виноград,
3875,kapusta,капуста,
3876,kapusta,капуста,
3877,kartofel,картофель,
3878,kartofel,картофель,
3879,kartofel,картофель,
3880,morkov,морковь,
3881,ogurets,огурец,защищённый грунт
3882,ogurets,огурец,открытый грунт
3883,tomat,томат,защищённый грунт
3884,tomat,томат,открытый грунт
3885,perets,перец,защищённый грунт
3886,perets,перец,открытый грунт
3887,baklazhan,баклажан,защищённый грунт
3888,baklazhan,баклажан,открытый грунт
3889,luk,лук,
3890,sazhentsy-i-posadochnyy-material,саженцы и посадочный материал,
3890,chesnok,чеснок,
3891,arbuz-dynya,арбуз / дыня,
3892,zelen,"зелень (укроп, петрушка, салат)",
3893,zelen,"зелень (укроп, петрушка, салат)",
3894,klubnika,клубника (земляника),
3895,kryzhovnik,крыжовник,
3895,smorodina,смородина,
3896,yablonya,яблоня,
3897,grusha,груша,
3898,vinograd,виноград,
3899,roza,роза,защищённый грунт
3900,tsvety,цветы (общее),открытый грунт
3901,pshenitsa,пшеница,
3902,pshenitsa,пшеница,
3903,yachmen,ячмень,
3904,yachmen,ячмень,
3905,rozh,рожь,
3906,kukuruza,кукуруза,
3907,soya,соя,
3908,soya,соя,
3909,podsolnechnik,подсолнечник,
3910,saharnaya-svekla,сахарная свекла,
3911,raps,рапс,
3912,raps,рапс,
3913,vinograd,виноград,
3914,kartofel,картофель,
3915,kartofel,картофель,
3916,kartofel,картофель,
3917,ogurets,огурец,защищённый грунт
3918,tomat,томат,защищённый грунт
3919,kartofel,картофель,
3920,ogurets,огурец,защищённый грунт
3921,tomat,томат,защищённый грунт
3922,vinograd,виноград,
3923,kapusta,капуста,
3924,kapusta,капуста,
3925,kartofel,картофель,
3926,ogurets,огурец,открытый грунт
3927,ogurets,огурец,открытый грунт
3928,tomat,томат,защищённый грунт
3929,tomat,томат,защищённый грунт
3930,yablonya,яблоня,
3931,klubnika,клубника (земляника),
3932,vinograd,виноград,
3933,kapusta,капуста,
3934,kapusta,капуста,
3935,kartofel,картофель,
3936,ogurets,огурец,открытый грунт
3937,ogurets,огурец,открытый грунт
3938,tomat,томат,защищённый грунт
3939,tomat,томат,защищённый грунт
3940,yablonya,яблоня,
3941,klubnika,клубника (земляника),
3942,pshenitsa,пшеница,
3943,pshenitsa,пшеница,
3944,kartofel,картофель,
3945,kartofel,картофель,
3946,kartofel,картофель,
3947,tomat,томат,открытый грунт
3948,ogurets,огурец,открытый грунт
3949,tomat,томат,защищённый грунт
3950,ogurets,огурец,защищённый грунт
3951,ogurets,огурец,защищённый грунт
3952,perets,перец,защищённый грунт
3953,baklazhan,баклажан,защищённый грунт
3954,roza,роза,защищённый грунт
3955,zelen,"зелень (укроп, петрушка, салат)",защищённый грунт
3956,tomat,томат,защищённый грунт
3957,ogurets,огурец,защищённый грунт
3958,saharnaya-svekla,сахарная свекла,
3959,pshenitsa,пшеница,
3960,roza,роза,защищённый грунт
3961,tomat,томат,защищённый грунт
3962,ogurets,огурец,защищённый грунт
3963,saharnaya-svekla,сахарная свекла,
3964,pshenitsa,пшеница,
3965,kapusta,капуста,
3966,kapusta,капуста,
3967,yachmen,ячмень,
3968,yachmen,ячмень,
3969,kartofel,картофель,
3970,kartofel,картофель,
3971,saharnaya-svekla,сахарная свекла,
3972,saharnaya-svekla,сахарная свекла,
3973,luk,лук,
3973,chesnok,чеснок,
3974,luk,лук,
3974,chesnok,чеснок,
3975,luk,лук,
3976,morkov,морковь,
3977,soya,соя,
3978,soya,соя,
3979,arbuz-dynya,арбуз / дыня,
3980,arbuz-dynya,арбуз / дыня,
3981,vinograd,виноград,
3982,yablonya,яблоня,
3983,kukuruza,кукуруза,
3984,kukuruza,кукуруза,
3985,podsolnechnik,подсолнечник,
3986,len,лен,
3987,kartofel,картофель,
3988,pshenitsa,пшеница,
3989,kapusta,капуста,
3990,kapusta,капуста,
3991,kapusta,капуста,
3992,kartofel,картофель,
3993,soya,соя,
3994,soya,соя,
3995,kapusta,капуста,
3996,kapusta,капуста,
3997,kapusta,капуста,
3998,kartofel,картофель,
3999,kartofel,картофель,
4000,tomat,томат,защищённый грунт
4001,tomat,томат,защищённый грунт
4002,ogurets,огурец,защищённый грунт
4003,ogurets,огурец,защищённый грунт
4004,zelen,"зелень (укроп, петрушка, салат)",защищённый грунт
4005,zelen,"зелень (укроп, петрушка, салат)",защищённый грунт
4006,roza,роза,защищённый грунт
4007,roza,роза,защищённый грунт
4008,saharnaya-svekla,сахарная свекла,
4009,pshenitsa,пшеница,
4010,pshenitsa,пшеница,
4011,pshenitsa,пшеница,
4012,pshenitsa,пшеница,
4013,kartofel,картофель,
4014,kartofel,картофель,
4015,kartofel,картофель,
4016,kapusta,капуста,
4017,kapusta,капуста,
4018,kapusta,капуста,
4019,tomat,томат,открытый грунт
4020,tomat,томат,открытый грунт
4021,tomat,томат,защищённый грунт
4022,tomat,томат,защищённый грунт
4023,tomat,томат,защищённый грунт
4024,ogurets,огурец,открытый грунт
4025,ogurets,огурец,открытый грунт
4026,ogurets,огурец,защищённый грунт
4027,ogurets,огурец,защищённый грунт
4028,ogurets,огурец,защищённый грунт
4029,morkov,морковь,
4030,saharnaya-svekla,сахарная свекла,
4031,yablonya,яблоня,
4032,yablonya,яблоня,
4033,klubnika,клубника (земляника),
4034,klubnika,клубника (земляника),
4035,vinograd,виноград,
4036,tsvety,цветы (общее),открытый и защищённый грунт
4037,tsvety,цветы (общее),открытый и защищённый грунт
4038,tsvety,цветы (общее),открытый и защищённый грунт
4039,kartofel,картофель,
4040,kartofel,картофель,
4041,kartofel,картофель,
4042,tomat,томат,открытый грунт
4043,tomat,томат,открытый грунт
4044,tomat,томат,открытый грунт
4045,tomat,томат,открытый грунт
4046,tomat,томат,защищённый грунт
4047,tomat,томат,защищённый грунт
4048,tomat,томат,защищённый грунт
4049,ogurets,огурец,открытый грунт
4050,ogurets,огурец,открытый грунт
4051,ogurets,огурец,защищённый грунт
4052,ogurets,огурец,защищённый грунт
4053,ogurets,огурец,защищённый грунт
4054,kapusta,капуста,
4055,kapusta,капуста,
4056,kapusta,капуста,
4057,morkov,морковь,
4058,klubnika,клубника (земляника),
4059,klubnika,клубника (земляника),
4060,yablonya,яблоня,
4061,yablonya,яблоня,
4062,yablonya,яблоня,
4063,vinograd,виноград,
4064,tsvety,цветы (общее),открытый и защищённый грунт
4065,tsvety,цветы (общее),открытый и защищённый грунт
4066,komnatnye-rasteniya,комнатные растения (общее),
4066,tsvety,цветы (общее),
4067,komnatnye-rasteniya,комнатные растения (общее),
4067,tsvety,цветы (общее),
4068,kartofel,картофель,
4069,kartofel,картофель,
4070,tomat,томат,открытый грунт
4071,tomat,томат,открытый грунт
4072,tomat,томат,открытый грунт
4073,tomat,томат,открытый грунт
4074,tomat,томат,защищённый грунт
4075,tomat,томат,защищённый грунт
4076,tomat,томат,защищённый грунт
4077,ogurets,огурец,открытый грунт
4078,ogurets,огурец,открытый грунт
4079,ogurets,огурец,защищённый грунт
4080,ogurets,огурец,защищённый грунт
4081,ogurets,огурец,защищённый грунт
4082,kapusta,капуста,
4083,kapusta,капуста,
4084,kapusta,капуста,
4085,smorodina,смородина,
4086,roza,роза,открытый и защищённый грунт
4087,tsvety,цветы (общее),открытый и защищённый грунт
4088,tsvety,цветы (общее),открытый и защищённый грунт
4089,komnatnye-rasteniya,комнатные растения (общее),
4089,tsvety,цветы (общее),
4090,komnatnye-rasteniya,комнатные растения (общее),
4090,tsvety,цветы (общее),
4091,kartofel,картофель,
4092,kartofel,картофель,
4093,tomat,томат,открытый грунт
4094,tomat,томат,открытый грунт
4095,tomat,томат,открытый грунт
4096,tomat,томат,открытый грунт
4097,tomat,томат,защищённый грунт
4098,tomat,томат,защищённый грунт
4099,tomat,томат,защищённый грунт
4100,ogurets,огурец,открытый грунт
4101,ogurets,огурец,открытый грунт
4102,ogurets,огурец,защищённый грунт
4103,ogurets,огурец,защищённый грунт
4104,ogurets,огурец,защищённый грунт
4105,kapusta,капуста,
4106,kapusta,капуста,
4107,kapusta,капуста,
4108,tsvety,цветы (общее),открытый и защищённый грунт
4109,tsvety,цветы (общее),открытый и защищённый грунт
4110,komnatnye-rasteniya,комнатные растения (общее),
4110,tsvety,цветы (общее),
4111,komnatnye-rasteniya,комнатные растения (общее),
4111,tsvety,цветы (общее),
4112,saharnaya-svekla,сахарная свекла,
4113,kartofel,картофель,
4114,ogurets,огурец,открытый грунт
4115,ogurets,огурец,открытый грунт
4116,ogurets,огурец,открытый грунт
4117,ogurets,огурец,защищённый грунт
4118,ogurets,огурец,защищённый грунт
4119,tomat,томат,открытый грунт
4120,tomat,томат,открытый грунт
4121,tomat,томат,открытый грунт
4122,tomat,томат,защищённый грунт
4123,tomat,томат,защищённый грунт
4124,yablonya,яблоня,
4125,vinograd,виноград,
4126,klubnika,клубника (земляника),
4127,luk,лук,
4128,luk,лук,
4129,pshenitsa,пшеница,
4129,yachmen,ячмень,
4130,pshenitsa,пшеница,
4130,yachmen,ячмень,
4131,pshenitsa,пшеница,
4131,yachmen,ячмень,
4132,pshenitsa,пшеница,
4132,yachmen,ячмень,
4133,kapusta,капуста,
4134,podsolnechnik,подсолнечник,
4135,soya,соя,
4136,kukuruza,кукуруза,
4137,raps,рапс,
4138,klubnika,клубника (земляника),
4139,saharnaya-svekla,сахарная свекла,
4140,kartofel,картофель,
4141,ogurets,огурец,открытый грунт
4142,ogurets,огурец,открытый грунт
4143,ogurets,огурец,открытый грунт
4144,ogurets,огурец,защищённый грунт
4145,ogurets,огурец,защищённый грунт
4146,tomat,томат,открытый грунт
4147,tomat,томат,открытый грунт
4148,tomat,томат,открытый грунт
4149,tomat,томат,защищённый грунт
4150,tomat,томат,защищённый грунт
4151,yablonya,яблоня,
4152,vinograd,виноград,
4153,luk,лук,
4154,luk,лук,
4155,pshenitsa,пшеница,
4155,yachmen,ячмень,
4156,pshenitsa,пшеница,
4156,yachmen,ячмень,
4157,pshenitsa,пшеница,
4157,yachmen,ячмень,
4158,pshenitsa,пшеница,
4158,yachmen,ячмень,
4159,kapusta,капуста,
4160,raps,рапс,
4161,kukuruza,кукуруза,
4162,morkov,морковь,
4163,morkov,морковь,
4164,vinograd,виноград,
4165,pshenitsa,пшеница,
4166,pshenitsa,пшеница,
4167,yachmen,ячмень,
4168,yachmen,ячмень,
4169,kartofel,картофель,
4170,kartofel,картофель,
4171,podsolnechnik,подсолнечник,
4172,soya,соя,
4173,soya,соя,
4174,saharnaya-svekla,сахарная свекла,
4175,svekla,свекла,
4176,tomat,томат,открытый грунт
4177,tomat,томат,открытый грунт
4178,kabachok,кабачок,
4178,tykva,тыква,
4179,kapusta,капуста,
4180,luk,лук,
4181,luk,лук,
4182,perets,перец,
4183,perets,перец,
4184,arbuz-dynya,арбуз / дыня,
4185,arbuz-dynya,арбуз / дыня,
4186,zelen,"зелень (укроп, петрушка, салат)",
4187,klubnika,клубника (земляника),
4188,yablonya,яблоня,
4189,ogurets,огурец,защищённый грунт
4190,plodovye-derevya,плодовые деревья (общее),
4190,tsvety,цветы (общее),
4191,tomat,томат,защищённый грунт
4192,tomat,томат,защищённый грунт
4193,ogurets,огурец,защищённый грунт
4194,tomat,томат,открытый грунт
4195,tomat,томат,открытый грунт
4196,ogurets,огурец,открытый грунт
4197,ogurets,огурец,открытый грунт
4198,kartofel,картофель,
4199,kartofel,картофель,
4200,klubnika,клубника (земляника),
4201,plodovye-derevya,плодовые деревья (общее),
4201,tsvety,цветы (общее),
4202,komnatnye-rasteniya,комнатные растения (общее),
4202,tsvety,цветы (общее),
4203,komnatnye-rasteniya,комнатные растения (общее),
4203,tsvety,цветы (общее),
4204,tsvety,цветы (общее),открытый грунт
4205,tsvety,цветы (общее),открытый грунт
4206,tomat,томат,защищённый грунт
4207,tomat,томат,защищённый грунт
4208,tomat,томат,защищённый грунт
4209,ogurets,огурец,защищённый грунт
4210,ogurets,огурец,защищённый грунт
4211,zelen,"зелень (укроп, петрушка, салат)",
4212,tomat,томат,защищённый грунт
4213,tomat,томат,защищённый грунт
4214,ogurets,огурец,защищённый грунт
4215,ogurets,огурец,защищённый грунт
4216,roza,роза,защищённый грунт
4217,roza,роза,защищённый грунт
4218,tomat,томат,открытый грунт
4219,tomat,томат,открытый грунт
4220,tomat,томат,открытый грунт
4221,tomat,томат,открытый грунт
4222,tomat,томат,открытый грунт
4223,tomat,томат,открытый грунт
4224,tomat,томат,открытый грунт
4225,tomat,томат,открытый грунт
4226,tomat,томат,открытый грунт
4227,tomat,томат,открытый грунт
4228,pshenitsa,пшеница,
4229,pshenitsa,пшеница,
4230,yachmen,ячмень,
4231,yachmen,ячмень,
4232,vinograd,виноград,
4233,yablonya,яблоня,
4234,vinograd,виноград,
4235,yablonya,яблоня,
4236,ogurets,огурец,защищённый грунт
4237,tomat,томат,защищённый грунт
4238,ogurets,огурец,защищённый грунт
4239,tomat,томат,защищённый грунт
4240,pshenitsa,пшеница,
4241,tsvety,цветы (общее),открытый грунт
4242,tsvety,цветы (общее),открытый грунт
4243,tomat,томат,защищённый грунт
4244,tomat,томат,защищённый грунт
4245,ogurets,огурец,защищённый грунт
4246,ogurets,огурец,защищённый грунт
4247,tomat,томат,защищённый грунт
4248,tomat,томат,защищённый грунт
4249,ogurets,огурец,защищённый грунт
4250,ogurets,огурец,защищённый грунт
4251,komnatnye-rasteniya,комнатные растения (общее),защищённый грунт
4251,tsvety,цветы (общее),защищённый грунт
4252,tsvety,цветы (общее),открытый грунт
4253,komnatnye-rasteniya,комнатные растения (общее),защищённый грунт
4253,tsvety,цветы (общее),защищённый грунт
4254,tsvety,цветы (общее),открытый грунт
4255,tomat,томат,защищённый грунт
4256,tomat,томат,защищённый грунт
4257,ogurets,огурец,защищённый грунт
4258,ogurets,огурец,защищённый грунт
4259,tomat,томат,открытый грунт
4260,tomat,томат,открытый грунт
4261,ogurets,огурец,открытый грунт
4262,ogurets,огурец,открытый грунт
4263,kapusta,капуста,
4264,kapusta,капуста,
4265,yablonya,яблоня,
4266,komnatnye-rasteniya,комнатные растения (общее),
4266,tsvety,цветы (общее),
4267,komnatnye-rasteniya,комнатные растения (общее),
4267,tsvety,цветы (общее),
4268,tsvety,цветы (общее),открытый грунт
4269,tsvety,цветы (общее),открытый грунт
4270,pshenitsa,пшеница,
4271,kartofel,картофель,
4272,tomat,томат,открытый грунт
4273,tomat,томат,защищённый грунт
4274,kartofel,картофель,
4275,goroh-fasol,горох / фасоль,
4276,pshenitsa,пшеница,
4277,pshenitsa,пшеница,
4278,pshenitsa,пшеница,
4279,pshenitsa,пшеница,
4280,saharnaya-svekla,сахарная свекла,
4281,kartofel,картофель,
4282,kartofel,картофель,
4283,ogurets,огурец,открытый грунт
4284,ogurets,огурец,открытый грунт
4285,ogurets,огурец,открытый грунт
4286,ogurets,огурец,защищённый грунт
4287,tomat,томат,открытый грунт
4288,ogurets,огурец,защищённый грунт
4289,ogurets,огурец,защищённый грунт
4290,tomat,томат,открытый грунт
4291,tomat,томат,открытый грунт
4292,tomat,томат,защищённый грунт
4293,goroh-fasol,горох / фасоль,
4294,tomat,томат,защищённый грунт
4295,tomat,томат,защищённый грунт
4296,kartofel,картофель,
4297,kartofel,картофель,
4298,ogurets,огурец,открытый грунт
4299,ogurets,огурец,открытый грунт
4300,ogurets,огурец,открытый грунт
4301,goroh-fasol,горох / фасоль,
4302,ogurets,огурец,
4303,ogurets,огурец,
4304,ogurets,огурец,
4305,tomat,томат,открытый грунт
4306,tomat,томат,открытый грунт
4307,tomat,томат,открытый грунт
4308,tomat,томат,защищённый грунт
4309,tomat,томат,защищённый грунт
4310,tomat,томат,защищённый грунт
4311,goroh-fasol,горох / фасоль,
4312,tomat,томат,защищённый грунт
4313,ogurets,огурец,защищённый грунт
4314,ogurets,огурец,защищённый грунт
4315,kartofel,картофель,
4316,pshenitsa,пшеница,
4317,pshenitsa,пшеница,
4318,tomat,томат,защищённый грунт
4319,ogurets,огурец,защищённый грунт
4320,ogurets,огурец,защищённый грунт
4321,kartofel,картофель,
4322,pshenitsa,пшеница,
4323,pshenitsa,пшеница,
4324,pshenitsa,пшеница,
4325,pshenitsa,пшеница,
4326,pshenitsa,пшеница,
4327,pshenitsa,пшеница,
4328,yachmen,ячмень,
4329,yachmen,ячмень,
4330,yachmen,ячмень,
4331,pshenitsa,пшеница,
4332,pshenitsa,пшеница,
4333,pshenitsa,пшеница,
4334,yachmen,ячмень,
4335,yachmen,ячмень,
4336,yachmen,ячмень,
4337,tomat,томат,защищённый грунт
4338,tomat,томат,защищённый грунт
4339,tomat,томат,защищённый грунт
4340,yablonya,яблоня,
4341,vinograd,виноград,
4342,tomat,томат,защищённый грунт
4343,yablonya,яблоня,
4344,vinograd,виноград,
4345,tomat,томат,защищённый грунт
4346,pshenitsa,пшеница,
4347,pshenitsa,пшеница,
4348,yachmen,ячмень,
4349,yachmen,ячмень,
4350,ris,рис,
4351,kukuruza,кукуруза,
4352,kukuruza,кукуруза,
4353,soya,соя,
4354,soya,соя,
4355,podsolnechnik,подсолнечник,
4356,podsolnechnik,подсолнечник,
4357,saharnaya-svekla,сахарная свекла,
4358,raps,рапс,
4359,raps,рапс,
4360,pshenitsa,пшеница,
4360,rozh,рожь,
4360,yachmen,ячмень,
4361,pshenitsa,пшеница,
4361,rozh,рожь,
4361,yachmen,ячмень,
4362,saharnaya-svekla,сахарная свекла,
4363,ogurets,огурец,защищённый грунт
4364,ogurets,огурец,защищённый грунт
4365,tomat,томат,защищённый грунт
4366,tomat,томат,защищённый грунт
4367,pshenitsa,пшеница,
4367,rozh,рожь,
4367,yachmen,ячмень,
4368,pshenitsa,пшеница,
4368,rozh,рожь,
4368,yachmen,ячмень,
4369,saharnaya-svekla,сахарная свекла,
4370,ogurets,огурец,защищённый грунт
4371,ogurets,огурец,защищённый грунт
4372,tomat,томат,защищённый грунт
4373,tomat,томат,защищённый грунт
4374,pshenitsa,пшеница,
4375,pshenitsa,пшеница,
4376,yachmen,ячмень,
4377,yachmen,ячмень,
4378,kartofel,картофель,
4379,kartofel,картофель,
4380,pshenitsa,пшеница,
4381,pshenitsa,пшеница,
4382,kapusta,капуста,
4383,pshenitsa,пшеница,
4384,pshenitsa,пшеница,
4385,pshenitsa,пшеница,
4386,yachmen,ячмень,
4387,yachmen,ячмень,
4388,saharnaya-svekla,сахарная свекла,
4389,kartofel,картофель,
4390,yablonya,яблоня,
4391,vinograd,виноград,
4392,klubnika,клубника (земляника),
4393,pshenitsa,пшеница,
4394,yachmen,ячмень,
4395,kartofel,картофель,
4396,kapusta,капуста,
4397,kapusta,капуста,
4398,kartofel,картофель,
4399,ogurets,огурец,защищённый грунт
4400,tomat,томат,защищённый грунт
4401,roza,роза,защищённый грунт
4402,pshenitsa,пшеница,
4403,yachmen,ячмень,
4404,soya,соя,
4405,pshenitsa,пшеница,
4406,pshenitsa,пшеница,
4407,yachmen,ячмень,
4408,yachmen,ячмень,
4409,tomat,томат,защищённый грунт
4410,tomat,томат,защищённый грунт
4411,tomat,томат,защищённый грунт
4412,ogurets,огурец,защищённый грунт
4413,ogurets,огурец,защищённый грунт
4414,ogurets,огурец,защищённый грунт
4415,kartofel,картофель,
4416,kartofel,картофель,
4417,goroh-fasol,горох / фасоль,
4418,goroh-fasol,горох / фасоль,
4419,soya,соя,
4420,soya,соя,
4421,tomat,томат,защищённый грунт
4422,tomat,томат,защищённый грунт
4423,ogurets,огурец,защищённый грунт
4424,ogurets,огурец,защищённый грунт
4425,kartofel,картофель,
4426,kartofel,картофель,
4427,tomat,томат,защищённый грунт
4428,tomat,томат,защищённый грунт
4429,ogurets,огурец,защищённый грунт
4430,ogurets,огурец,защищённый грунт
4431,ogurets,огурец,защищённый грунт
4431,tomat,томат,защищённый грунт
4432,tomat,томат,открытый и защищённый грунт
4433,ogurets,огурец,открытый и защищённый грунт
4434,komnatnye-rasteniya,комнатные растения (общее),
4434,plodovye-derevya,плодовые деревья (общее),
4434,tsvety,цветы (общее),
4435,tomat,томат,открытый и защищённый грунт
4436,ogurets,огурец,открытый и защищённый грунт
4437,komnatnye-rasteniya,комнатные растения (общее),
4437,plodovye-derevya,плодовые деревья (общее),
4437,tsvety,цветы (общее),
4438,komnatnye-rasteniya,комнатные растения (общее),
4438,plodovye-derevya,плодовые деревья (общее),
4438,tsvety,цветы (общее),
4439,pshenitsa,пшеница,
4439,yachmen,ячмень,
4440,pshenitsa,пшеница,
4440,yachmen,ячмень,
4441,kartofel,картофель,
4442,kartofel,картофель,
4443,tomat,томат,открытый грунт
4444,tomat,томат,открытый грунт
4445,podsolnechnik,подсолнечник,
4446,podsolnechnik,подсолнечник,
4447,kukuruza,кукуруза,
4448,kukuruza,кукуруза,
4449,saharnaya-svekla,сахарная свекла,
4450,saharnaya-svekla,сахарная свекла,
4451,soya,соя,
4452,soya,соя,
4453,kabachok,кабачок,
4453,tykva,тыква,
4454,kapusta,капуста,
4455,morkov,морковь,
4456,zelen,"зелень (укроп, петрушка, салат)",
4457,luk,лук,
4457,chesnok,чеснок,
4458,luk,лук,
4458,chesnok,чеснок,
4459,yablonya,яблоня,
4460,yablonya,яблоня,
4461,vinograd,виноград,
4462,vinograd,виноград,
4463,len,лен,
4464,kartofel,картофель,
4465,yachmen,ячмень,
4466,yachmen,ячмень,
4467,yachmen,ячмень,
4468,yachmen,ячмень,
4469,kartofel,картофель,
4470,saharnaya-svekla,сахарная свекла,
4471,saharnaya-svekla,сахарная свекла,
4472,svekla,свекла,
4473,svekla,свекла,
4474,morkov,морковь,
4475,morkov,морковь,
4476,zelen,"зелень (укроп, петрушка, салат)",защищённый грунт
4477,kapusta,капуста,
4478,kapusta,капуста,
4479,kapusta,капуста,
4480,vinograd,виноград,
4481,soya,соя,
4482,soya,соя,
4483,plodovye-derevya,плодовые деревья (общее),
4483,tsvety,цветы (общее),
4484,tsvety,цветы (общее),открытый грунт
4485,yablonya,яблоня,
4486,podsolnechnik,подсолнечник,
4487,podsolnechnik,подсолнечник,
4488,luk,лук,
4489,kukuruza,кукуруза,
4489,sklady-i-zernohranilischa,склады и зернохранилища,
4490,kukuruza,кукуруза,
4490,sklady-i-zernohranilischa,склады и зернохранилища,
4491,klubnika,клубника (земляника),
4492,plodovye-derevya,плодовые деревья (общее),
4492,tsvety,цветы (общее),
4493,tomat,томат,открытый грунт
4494,tomat,томат,открытый грунт
4495,ogurets,огурец,открытый грунт
4496,ogurets,огурец,открытый грунт
4497,morkov,морковь,открытый грунт
4498,morkov,морковь,открытый грунт
4499,ogurets,огурец,защищённый грунт
4500,pshenitsa,пшеница,
4501,pshenitsa,пшеница,
4502,pshenitsa,пшеница,
4503,yachmen,ячмень,
4504,yachmen,ячмень,
4505,yachmen,ячмень,
4506,ogurets,огурец,защищённый грунт
4507,ogurets,огурец,защищённый грунт
4508,ogurets,огурец,защищённый грунт
4509,tomat,томат,защищённый грунт
4510,tomat,томат,защищённый грунт
4511,tomat,томат,защищённый грунт
4512,ogurets,огурец,защищённый грунт
4513,ogurets,огурец,защищённый грунт
4514,ogurets,огурец,защищённый грунт
4515,tomat,томат,защищённый грунт
4516,tomat,томат,защищённый грунт
4517,tomat,томат,защищённый грунт
4518,pshenitsa,пшеница,
4519,pshenitsa,пшеница,
4520,pshenitsa,пшеница,
4521,yachmen,ячмень,
4522,yachmen,ячмень,
4523,yachmen,ячмень,
4524,ogurets,огурец,защищённый грунт
4525,ogurets,огурец,защищённый грунт
4526,tomat,томат,защищённый грунт
4527,tomat,томат,защищённый грунт
4528,tomat,томат,защищённый грунт
4529,ogurets,огурец,защищённый грунт
4530,ogurets,огурец,защищённый грунт
4531,tomat,томат,защищённый грунт
4532,tomat,томат,защищённый грунт
4533,tomat,томат,защищённый грунт
4534,kapusta,капуста,
4535,kapusta,капуста,
4536,kapusta,капуста,
4537,kapusta,капуста,
4538,ogurets,огурец,открытый грунт
4539,ogurets,огурец,открытый грунт
4540,ogurets,огурец,открытый грунт
4541,tomat,томат,открытый грунт
4542,tomat,томат,открытый грунт
4543,tomat,томат,открытый грунт
4544,ogurets,огурец,защищённый грунт
4545,ogurets,огурец,защищённый грунт
4546,ogurets,огурец,защищённый грунт
4547,tomat,томат,защищённый грунт
4548,tomat,томат,защищённый грунт
4549,tomat,томат,защищённый грунт
4550,kapusta,капуста,
4551,kapusta,капуста,
4552,kapusta,капуста,
4553,kapusta,капуста,
4554,ogurets,огурец,открытый грунт
4555,ogurets,огурец,открытый грунт
4556,ogurets,огурец,открытый грунт
4557,tomat,томат,открытый грунт
4558,tomat,томат,открытый грунт
4559,ogurets,огурец,защищённый грунт
4560,ogurets,огурец,защищённый грунт
4561,ogurets,огурец,защищённый грунт
4562,tomat,томат,защищённый грунт
4563,tomat,томат,защищённый грунт
4564,tomat,томат,защищённый грунт
4565,saharnaya-svekla,сахарная свекла,
4566,saharnaya-svekla,сахарная свекла,
4567,ogurets,огурец,защищённый грунт
4568,ogurets,огурец,защищённый грунт
4569,ogurets,огурец,защищённый грунт
4570,ogurets,огурец,защищённый грунт
4571,ogurets,огурец,защищённый грунт
4572,ogurets,огурец,защищённый грунт
4573,tomat,томат,защищённый грунт
4574,tomat,томат,защищённый грунт
4575,tomat,томат,защищённый грунт
4576,tomat,томат,защищённый грунт
4577,tomat,томат,защищённый грунт
4578,klubnika,клубника (земляника),
4579,roza,роза,открытый и защищённый грунт
4580,tomat,томат,защищённый грунт
4581,ogurets,огурец,защищённый грунт
4582,kukuruza,кукуруза,
4583,soya,соя,
4584,kapusta,капуста,
4585,tomat,томат,открытый грунт
4586,tomat,томат,открытый грунт
4587,ogurets,огурец,открытый грунт
4588,ogurets,огурец,открытый грунт
4589,ogurets,огурец,защищённый грунт
4590,luk,лук,
4591,plodovye-derevya,плодовые деревья (общее),
4591,tsvety,цветы (общее),
4592,tomat,томат,открытый грунт
4593,tomat,томат,защищённый грунт
4594,ogurets,огурец,открытый грунт
4595,ogurets,огурец,защищённый грунт
4596,luk,лук,
4597,kartofel,картофель,
4598,tomat,томат,открытый грунт
4599,tomat,томат,защищённый грунт
4600,ogurets,огурец,открытый грунт
4601,ogurets,огурец,защищённый грунт
4602,kartofel,картофель,
4603,raps,рапс,
4604,raps,рапс,
4605,soya,соя,
4606,kormovye-travy,кормовые травы,
4607,kapusta,капуста,
4608,zernobobovye,"зернобобовые (нут, чечевица, люпин, бобы)",
4609,goroh-fasol,горох / фасоль,
4610,luk,лук,
4611,vinograd,виноград,
4612,podsolnechnik,подсолнечник,
4613,kartofel,картофель,
4614,tomat,томат,открытый грунт
4615,tomat,томат,защищённый грунт
4616,ogurets,огурец,открытый грунт
4617,ogurets,огурец,защищённый грунт
4618,kartofel,картофель,
4619,kapusta,капуста,
4620,luk,лук,
4621,vinograd,виноград,
4622,kartofel,картофель,
4623,tomat,томат,открытый грунт
4624,tomat,томат,защищённый грунт
4625,ogurets,огурец,открытый грунт
4626,ogurets,огурец,защищённый грунт
4627,luk,лук,
4628,kartofel,картофель,
4629,vinograd,виноград,
4630,luk,лук,
4631,kartofel,картофель,
4632,saharnaya-svekla,сахарная свекла,
4633,kartofel,картофель,
4634,tomat,томат,защищённый грунт
4635,ogurets,огурец,защищённый грунт
4636,vinograd,виноград,
4637,podsolnechnik,подсолнечник,
4638,podsolnechnik,подсолнечник,
4639,saharnaya-svekla,сахарная свекла,
4640,saharnaya-svekla,сахарная свекла,
4641,soya,соя,
4642,zernobobovye,"зернобобовые (нут, чечевица, люпин, бобы)",
4643,ris,рис,
4644,ris,рис,
4645,podsolnechnik,подсолнечник,
4646,soya,соя,
4647,kartofel,картофель,
4648,kartofel,картофель,
4649,kukuruza,кукуруза,
4650,goroh-fasol,горох / фасоль,
4650,zernobobovye,"зернобобовые (нут, чечевица, люпин, бобы)",
4651,kartofel,картофель,
4652,tomat,томат,открытый грунт
4653,tomat,томат,открытый грунт
4654,arbuz-dynya,арбуз / дыня,
4655,kartofel,картофель,
4656,ogurets,огурец,защищённый грунт
4657,luk,лук,
4658,kartofel,картофель,
4659,tomat,томат,открытый грунт
4660,arbuz-dynya,арбуз / дыня,
4661,ogurets,огурец,открытый грунт
4662,ogurets,огурец,защищённый грунт
4663,tomat,томат,
4664,tomat,томат,защищённый грунт
4665,luk,лук,
4666,pshenitsa,пшеница,
4667,pshenitsa,пшеница,
4668,yachmen,ячмень,
4669,pshenitsa,пшеница,
4670,pshenitsa,пшеница,
4671,pshenitsa,пшеница,
4672,pshenitsa,пшеница,
4673,pshenitsa,пшеница,
4674,yachmen,ячмень,
4675,yachmen,ячмень,
4676,yachmen,ячмень,
4677,saharnaya-svekla,сахарная свекла,
4678,podsolnechnik,подсолнечник,
4679,soya,соя,
4680,soya,соя,
4681,pshenitsa,пшеница,
4682,pshenitsa,пшеница,
4683,yachmen,ячмень,
4684,pshenitsa,пшеница,
4685,pshenitsa,пшеница,
4686,yachmen,ячмень,
4687,pshenitsa,пшеница,
4688,pshenitsa,пшеница,
4689,pshenitsa,пшеница,
4690,yachmen,ячмень,
4691,yachmen,ячмень,
4692,yachmen,ячмень,
4693,yachmen,ячмень,
4694,raps,рапс,
4695,saharnaya-svekla,сахарная свекла,
4696,soya,соя,
4697,pshenitsa,пшеница,
4698,pshenitsa,пшеница,
4699,yachmen,ячмень,
4700,podsolnechnik,подсолнечник,
4701,soya,соя,
4702,raps,рапс,
4703,pshenitsa,пшеница,
4704,pshenitsa,пшеница,
4705,yachmen,ячмень,
4706,soya,соя,
4707,podsolnechnik,подсолнечник,
4708,zernovye,зерновые (прочие),
4708,oves,овес,
4709,kukuruza,кукуруза,
4710,len,лен,
4711,pshenitsa,пшеница,
4712,pshenitsa,пшеница,
4713,yachmen,ячмень,
4714,ris,рис,
4715,raps,рапс,
4716,pshenitsa,пшеница,
4717,pshenitsa,пшеница,
4718,yachmen,ячмень,
4719,pshenitsa,пшеница,
4720,yachmen,ячмень,
4721,ris,рис,
4722,raps,рапс,
4723,raps,рапс,
4724,kukuruza,кукуруза,
4725,pshenitsa,пшеница,
4726,pshenitsa,пшеница,
4727,yachmen,ячмень,
4728,pshenitsa,пшеница,
4729,kukuruza,кукуруза,
4730,podsolnechnik,подсолнечник,
4731,soya,соя,
4732,yachmen,ячмень,
4733,kukuruza,кукуруза,
4734,pshenitsa,пшеница,
4735,yachmen,ячмень,
4736,pshenitsa,пшеница,
4737,pshenitsa,пшеница,
4738,yachmen,ячмень,
4739,raps,рапс,
4740,rozh,рожь,
4741,kukuruza,кукуруза,
4742,podsolnechnik,подсолнечник,
4743,pshenitsa,пшеница,
4744,pshenitsa,пшеница,
4745,yachmen,ячмень,
4746,rozh,рожь,
4747,kukuruza,кукуруза,
4748,saharnaya-svekla,сахарная свекла,
4749,podsolnechnik,подсолнечник,
4750,soya,соя,
4751,zernobobovye,"зернобобовые (нут, чечевица, люпин, бобы)",
4752,pshenitsa,пшеница,
4753,pshenitsa,пшеница,
4754,rozh,рожь,
4755,yachmen,ячмень,
4756,yachmen,ячмень,
4757,raps,рапс,
4758,soya,соя,
4759,kukuruza,кукуруза,
4759,sklady-i-zernohranilischa,склады и зернохранилища,
4760,saharnaya-svekla,сахарная свекла,
4761,podsolnechnik,подсолнечник,
4762,pshenitsa,пшеница,
4763,pshenitsa,пшеница,
4764,yachmen,ячмень,
4765,raps,рапс,
4766,rozh,рожь,
4767,kukuruza,кукуруза,
4768,podsolnechnik,подсолнечник,
4769,pshenitsa,пшеница,
4770,pshenitsa,пшеница,
4771,pshenitsa,пшеница,
4772,pshenitsa,пшеница,
4773,yachmen,ячмень,
4774,saharnaya-svekla,сахарная свекла,
4775,soya,соя,
4776,pshenitsa,пшеница,
4777,pshenitsa,пшеница,
4778,yachmen,ячмень,
4779,yachmen,ячмень,
4780,rozh,рожь,
4781,soya,соя,
4782,podsolnechnik,подсолнечник,
4783,luk,лук,
4784,luk,лук,
4785,kukuruza,кукуруза,
4786,zernobobovye,"зернобобовые (нут, чечевица, люпин, бобы)",
4787,saharnaya-svekla,сахарная свекла,
4788,pshenitsa,пшеница,
4789,podsolnechnik,подсолнечник,
4790,pshenitsa,пшеница,
4791,pshenitsa,пшеница,
4792,pshenitsa,пшеница,
4793,yachmen,ячмень,
4794,yachmen,ячмень,
4795,rozh,рожь,
4796,soya,соя,
4797,soya,соя,
4798,pshenitsa,пшеница,
4799,pshenitsa,пшеница,
4800,yachmen,ячмень,
4801,yachmen,ячмень,
4802,rozh,рожь,
4803,podsolnechnik,подсолнечник,
4804,kukuruza,кукуруза,
4804,sklady-i-zernohranilischa,склады и зернохранилища,
4805,vinograd,виноград,
4806,pshenitsa,пшеница,
4807,pshenitsa,пшеница,
4808,yachmen,ячмень,
4809,yachmen,ячмень,
4810,pshenitsa,пшеница,
4811,pshenitsa,пшеница,
4812,yachmen,ячмень,
4813,pshenitsa,пшеница,
4814,yachmen,ячмень,
4815,pshenitsa,пшеница,
4815,yachmen,ячмень,
4816,pshenitsa,пшеница,
4817,pshenitsa,пшеница,
4818,pshenitsa,пшеница,
4819,yachmen,ячмень,
4820,kartofel,картофель,
4821,podsolnechnik,подсолнечник,
4822,pshenitsa,пшеница,
4823,pshenitsa,пшеница,
4824,yachmen,ячмень,
4825,yachmen,ячмень,
4826,saharnaya-svekla,сахарная свекла,
4827,saharnaya-svekla,сахарная свекла,
4828,kartofel,картофель,
4829,kartofel,картофель,
4830,kartofel,картофель,
4831,kartofel,картофель,
4832,pshenitsa,пшеница,
4833,pshenitsa,пшеница,
4834,rozh,рожь,
4835,saharnaya-svekla,сахарная свекла,
4836,pshenitsa,пшеница,
4837,pshenitsa,пшеница,
4838,yachmen,ячмень,
4839,yachmen,ячмень,
4840,oves,овес,
4841,rozh,рожь,
4842,pshenitsa,пшеница,
4843,pshenitsa,пшеница,
4844,rozh,рожь,
4845,saharnaya-svekla,сахарная свекла,
4846,pshenitsa,пшеница,
4847,pshenitsa,пшеница,
4848,pshenitsa,пшеница,
4849,pshenitsa,пшеница,
4850,pshenitsa,пшеница,
4851,yachmen,ячмень,
4852,rozh,рожь,
4853,rozh,рожь,
4854,kartofel,картофель,
4855,saharnaya-svekla,сахарная свекла,
4856,podsolnechnik,подсолнечник,
4857,kukuruza,кукуруза,
4858,soya,соя,
4859,goroh-fasol,горох / фасоль,
4860,len,лен,
4861,ris,рис,
4862,pshenitsa,пшеница,
4863,pshenitsa,пшеница,
4864,rozh,рожь,
4865,saharnaya-svekla,сахарная свекла,
4866,pshenitsa,пшеница,
4866,rozh,рожь,
4867,pshenitsa,пшеница,
4868,pshenitsa,пшеница,
4869,pshenitsa,пшеница,
4870,pshenitsa,пшеница,
4871,rozh,рожь,
4872,saharnaya-svekla,сахарная свекла,
4873,vinograd,виноград,
4874,morkov,морковь,
4875,tomat,томат,открытый грунт
4876,kapusta,капуста,
4877,ogurets,огурец,открытый грунт
4878,luk,лук,
4879,vinograd,виноград,
4880,goroh-fasol,горох / фасоль,
4881,goroh-fasol,горох / фасоль,
4882,kartofel,картофель,
4883,goroh-fasol,горох / фасоль,
4884,soya,соя,
4885,kukuruza,кукуруза,
4886,podsolnechnik,подсолнечник,
4887,raps,рапс,
4888,podsolnechnik,подсолнечник,
4889,soya,соя,
4890,raps,рапс,
4891,vinograd,виноград,
4892,yablonya,яблоня,
4893,raps,рапс,
4894,podsolnechnik,подсолнечник,
4895,grusha,груша,
4895,yablonya,яблоня,
4896,grusha,груша,
4896,yablonya,яблоня,
4897,morkov,морковь,
4898,tomat,томат,открытый грунт
4899,ogurets,огурец,открытый грунт
4900,luk,лук,
4901,kartofel,картофель,
4902,kapusta,капуста,
4903,kapusta,капуста,
4904,kartofel,картофель,
4905,morkov,морковь,
4906,luk,лук,
4907,ogurets,огурец,открытый грунт
4908,tomat,томат,открытый грунт
4909,grusha,груша,
4909,yablonya,яблоня,
4910,grusha,груша,
4910,yablonya,яблоня,
4911,vinograd,виноград,
4912,vinograd,виноград,
4913,kartofel,картофель,
4914,kapusta,капуста,
4915,morkov,морковь,
4916,luk,лук,
4917,ogurets,огурец,открытый грунт
4918,tomat,томат,открытый грунт
4919,grusha,груша,
4919,yablonya,яблоня,
4920,grusha,груша,
4920,yablonya,яблоня,
4921,vinograd,виноград,
4922,vinograd,виноград,
4923,podsolnechnik,подсолнечник,
4924,raps,рапс,
4925,kukuruza,кукуруза,
4925,sklady-i-zernohranilischa,склады и зернохранилища,
4926,soya,соя,
4927,goroh-fasol,горох / фасоль,
4928,saharnaya-svekla,сахарная свекла,
4929,pshenitsa,пшеница,
4929,yachmen,ячмень,
4930,saharnaya-svekla,сахарная свекла,
4931,svekla,свекла,
4932,svekla,свекла,
4933,saharnaya-svekla,сахарная свекла,
4934,saharnaya-svekla,сахарная свекла,
4935,saharnaya-svekla,сахарная свекла,
4936,saharnaya-svekla,сахарная свекла,
4937,saharnaya-svekla,сахарная свекла,
4938,kartofel,картофель,
4939,tomat,томат,открытый грунт
4940,ogurets,огурец,открытый грунт
4941,luk,лук,
4942,vinograd,виноград,
4943,zelen,"зелень (укроп, петрушка, салат)",
4944,kartofel,картофель,
4945,ogurets,огурец,открытый грунт
4946,ogurets,огурец,
4947,kartofel,картофель,
4948,luk,лук,
4949,vinograd,виноград,
4950,podsolnechnik,подсолнечник,
4951,raps,рапс,
4952,yablonya,яблоня,
4953,vinograd,виноград,
4954,grusha,груша,
4954,yablonya,яблоня,
4955,yablonya,яблоня,
4956,vinograd,виноград,
4957,yablonya,яблоня,
4958,vinograd,виноград,
4959,yablonya,яблоня,
4960,vinograd,виноград,
4961,yablonya,яблоня,
4962,vinograd,виноград,
4963,yablonya,яблоня,
4964,grusha,груша,
4964,yablonya,яблоня,
4965,grusha,груша,
4965,yablonya,яблоня,
4966,yablonya,яблоня,
4967,vinograd,виноград,
4968,grusha,груша,
4968,yablonya,яблоня,
4969,tsvety,цветы (общее),
4970,tsvety,цветы (общее),
4971,tsvety,цветы (общее),
4972,yagodniki,ягодники (общее),
4973,yagodniki,ягодники (общее),
4974,grusha,груша,
4974,yablonya,яблоня,
4975,yablonya,яблоня,
4976,abrikos-persik,абрикос / персик,
4976,vishnya-chereshnya,вишня / черешня,
4976,sliva,слива,
4977,tomat,томат,открытый грунт
4978,kartofel,картофель,
4979,morkov,морковь,
4980,vinograd,виноград,
4981,grusha,груша,
4981,yablonya,яблоня,
4982,yablonya,яблоня,
4983,abrikos-persik,абрикос / персик,
4983,sliva,слива,
4984,vishnya-chereshnya,вишня / черешня,
4985,tsvety,цветы (общее),
4986,tsvety,цветы (общее),
4987,roza,роза,
4988,roza,роза,
4989,yagodniki,ягодники (общее),
4990,yagodniki,ягодники (общее),
4991,grusha,груша,
4991,yablonya,яблоня,
4992,yablonya,яблоня,
4993,kartofel,картофель,
4994,saharnaya-svekla,сахарная свекла,
4995,vinograd,виноград,
4996,grusha,груша,
4996,yablonya,яблоня,
4997,grusha,груша,
4997,yablonya,яблоня,
4998,yablonya,яблоня,
4999,yablonya,яблоня,
5000,kartofel,картофель,
5001,vinograd,виноград,
5002,luk,лук,
5003,plodovye-derevya,плодовые деревья (общее),
5003,yagodniki,ягодники (общее),
5004,yablonya,яблоня,
5005,grusha,груша,
5005,yablonya,яблоня,
5006,grusha,груша,
5006,yablonya,яблоня,
5007,saharnaya-svekla,сахарная свекла,
5008,kartofel,картофель,
5009,tomat,томат,открытый грунт
5010,grusha,груша,
5010,yablonya,яблоня,
5011,kartofel,картофель,
5012,tomat,томат,открытый грунт
5013,roza,роза,
5014,grusha,груша,
5014,yablonya,яблоня,
5015,yablonya,яблоня,
5016,tsvety,цветы (общее),
5017,tsvety,цветы (общее),
5018,roza,роза,
5019,yagodniki,ягодники (общее),
5020,yagodniki,ягодники (общее),
5021,yablonya,яблоня,
5022,yablonya,яблоня,
5023,grusha,груша,
5024,kartofel,картофель,
5025,vinograd,виноград,
5026,grusha,груша,
5026,yablonya,яблоня,
5027,abrikos-persik,абрикос / персик,
5027,sliva,слива,
5028,vishnya-chereshnya,вишня / черешня,
5029,gortenziya,гортензия,открытый грунт
5029,liliya-tyulpan-lukovichnye,лилия / тюльпан / луковичные,открытый грунт
5029,petuniya-odnoletniki,петуния / однолетники,открытый грунт
5029,roza,роза,открытый грунт
5030,gortenziya,гортензия,открытый грунт
5030,liliya-tyulpan-lukovichnye,лилия / тюльпан / луковичные,открытый грунт
5030,petuniya-odnoletniki,петуния / однолетники,открытый грунт
5030,roza,роза,открытый грунт
5031,roza,роза,открытый грунт
5032,roza,роза,открытый грунт
5033,liliya-tyulpan-lukovichnye,лилия / тюльпан / луковичные,
5034,liliya-tyulpan-lukovichnye,лилия / тюльпан / луковичные,
5035,gortenziya,гортензия,
5036,gortenziya,гортензия,
5037,petuniya-odnoletniki,петуния / однолетники,
5038,petuniya-odnoletniki,петуния / однолетники,
5039,grusha,груша,
5039,yablonya,яблоня,
5040,yablonya,яблоня,
5041,kartofel,картофель,
5042,vishnya-chereshnya,вишня / черешня,
5042,sliva,слива,
5043,vinograd,виноград,
5044,grusha,груша,
5044,yablonya,яблоня,
5045,yablonya,яблоня,
5046,grusha,груша,
5046,yablonya,яблоня,
5047,yablonya,яблоня,
5048,grusha,груша,
5048,yablonya,яблоня,
5049,yablonya,яблоня,
5050,kartofel,картофель,
5051,vishnya-chereshnya,вишня / черешня,
5051,sliva,слива,
5052,vinograd,виноград,
5053,ayva,айва,
5053,grusha,груша,
5053,yablonya,яблоня,
5054,ayva,айва,
5054,grusha,груша,
5054,yablonya,яблоня,
5055,abrikos-persik,абрикос / персик,
5055,vishnya-chereshnya,вишня / черешня,
5055,sliva,слива,
5056,podsolnechnik,подсолнечник,
5057,podsolnechnik,подсолнечник,
5058,podsolnechnik,подсолнечник,
5059,kartofel,картофель,
5060,kartofel,картофель,
5061,svekla,свекла,
5062,svekla,свекла,
5063,raps,рапс,
5064,len,лен,
5065,pshenitsa,пшеница,
5066,pshenitsa,пшеница,
5067,yachmen,ячмень,
5068,podsolnechnik,подсолнечник,
5069,raps,рапс,
5070,soya,соя,
5071,pshenitsa,пшеница,
5072,yachmen,ячмень,
5073,kartofel,картофель,
5074,tomat,томат,открытый грунт
5075,pshenitsa,пшеница,
5076,raps,рапс,
5077,pshenitsa,пшеница,
5078,pshenitsa,пшеница,
5079,pshenitsa,пшеница,
5080,pshenitsa,пшеница,
5081,soya,соя,
5082,saharnaya-svekla,сахарная свекла,
5083,saharnaya-svekla,сахарная свекла,
5084,soya,соя,
5085,pshenitsa,пшеница,
5086,pshenitsa,пшеница,
5087,saharnaya-svekla,сахарная свекла,
5088,pshenitsa,пшеница,
5089,yachmen,ячмень,
5090,saharnaya-svekla,сахарная свекла,
5091,pshenitsa,пшеница,
5092,yachmen,ячмень,
5093,saharnaya-svekla,сахарная свекла,
5094,zernovye,зерновые (прочие),
5094,oves,овес,
5095,zernovye,зерновые (прочие),
5095,oves,овес,
5096,oves,овес,
5097,soya,соя,
5098,goroh-fasol,горох / фасоль,
5099,len,лен,
5100,raps,рапс,
5101,podsolnechnik,подсолнечник,
5102,pshenitsa,пшеница,
5103,yachmen,ячмень,
5104,raps,рапс,
5105,pshenitsa,пшеница,
5106,pshenitsa,пшеница,
5107,yachmen,ячмень,
5108,rozh,рожь,
5109,rozh,рожь,
5110,oves,овес,
5111,soya,соя,
5112,goroh-fasol,горох / фасоль,
5113,len,лен,
5114,pshenitsa,пшеница,
5115,pshenitsa,пшеница,
5116,yachmen,ячмень,
5117,rozh,рожь,
5118,oves,овес,
5119,soya,соя,
5120,pshenitsa,пшеница,
5121,pshenitsa,пшеница,
5122,yachmen,ячмень,
5123,rozh,рожь,
5124,rozh,рожь,
5125,goroh-fasol,горох / фасоль,
5126,len,лен,
5127,pshenitsa,пшеница,
5128,pshenitsa,пшеница,
5129,pshenitsa,пшеница,
5130,yachmen,ячмень,
5131,rozh,рожь,
5132,rozh,рожь,
5133,goroh-fasol,горох / фасоль,
5134,len,лен,
5135,pshenitsa,пшеница,
5136,pshenitsa,пшеница,
5137,yachmen,ячмень,
5138,goroh-fasol,горох / фасоль,
5139,len,лен,
5140,pshenitsa,пшеница,
5141,pshenitsa,пшеница,
5142,yachmen,ячмень,
5143,yachmen,ячмень,
5144,saharnaya-svekla,сахарная свекла,
5145,saharnaya-svekla,сахарная свекла,
5146,grusha,груша,
5146,yablonya,яблоня,
5147,yablonya,яблоня,
5148,vinograd,виноград,
5149,grusha,груша,
5149,yablonya,яблоня,
5150,yablonya,яблоня,
5151,vinograd,виноград,
5152,ris,рис,
5153,raps,рапс,
5154,pshenitsa,пшеница,
5155,yachmen,ячмень,
5156,kartofel,картофель,
5157,pshenitsa,пшеница,
5158,yachmen,ячмень,
5159,pshenitsa,пшеница,
5160,yachmen,ячмень,
5161,yablonya,яблоня,
5162,lesnye-nasazhdeniya,лесные насаждения,
5162,hvoynye,"хвойные (туя, ель, можжевельник)",
5163,vinograd,виноград,
5164,lesnye-nasazhdeniya,лесные насаждения,
5164,hvoynye,"хвойные (туя, ель, можжевельник)",
5165,lesnye-nasazhdeniya,лесные насаждения,
5165,hvoynye,"хвойные (туя, ель, можжевельник)",
5166,yablonya,яблоня,
5167,yablonya,яблоня,
5168,vinograd,виноград,
5169,lesnye-nasazhdeniya,лесные насаждения,
5169,hvoynye,"хвойные (туя, ель, можжевельник)",
5170,lesnye-nasazhdeniya,лесные насаждения,
5170,hvoynye,"хвойные (туя, ель, можжевельник)",
5171,lesnye-nasazhdeniya,лесные насаждения,
5171,hvoynye,"хвойные (туя, ель, можжевельник)",
5172,lesnye-nasazhdeniya,лесные насаждения,
5172,hvoynye,"хвойные (туя, ель, можжевельник)",
5173,saharnaya-svekla,сахарная свекла,
5174,saharnaya-svekla,сахарная свекла,
5175,soya,соя,
5176,soya,соя,
5177,goroh-fasol,горох / фасоль,
5178,goroh-fasol,горох / фасоль,
5179,ris,рис,
5180,ris,рис,
5181,zernobobovye,"зернобобовые (нут, чечевица, люпин, бобы)",
5182,zernobobovye,"зернобобовые (нут, чечевица, люпин, бобы)",
5183,len,лен,
5184,saharnaya-svekla,сахарная свекла,
5185,saharnaya-svekla,сахарная свекла,
5186,soya,соя,
5187,soya,соя,
5188,goroh-fasol,горох / фасоль,
5189,goroh-fasol,горох / фасоль,
5190,ris,рис,
5191,ris,рис,
5192,zernobobovye,"зернобобовые (нут, чечевица, люпин, бобы)",
5193,zernobobovye,"зернобобовые (нут, чечевица, люпин, бобы)",
5194,len,лен,
5195,pshenitsa,пшеница,
5196,pshenitsa,пшеница,
5197,yachmen,ячмень,
5198,yachmen,ячмень,
5199,rozh,рожь,
5200,pshenitsa,пшеница,
5201,pshenitsa,пшеница,
5202,pshenitsa,пшеница,
5203,yachmen,ячмень,
5204,yachmen,ячмень,
5205,yachmen,ячмень,
5206,yachmen,ячмень,
5207,oves,овес,
5208,oves,овес,
5209,rozh,рожь,
5210,podsolnechnik,подсолнечник,
5211,podsolnechnik,подсолнечник,
5212,saharnaya-svekla,сахарная свекла,
5213,saharnaya-svekla,сахарная свекла,
5214,pshenitsa,пшеница,
5215,pshenitsa,пшеница,
5216,pshenitsa,пшеница,
5217,yachmen,ячмень,
5218,yachmen,ячмень,
5219,yachmen,ячмень,
5220,yachmen,ячмень,
5221,oves,овес,
5222,oves,овес,
5223,rozh,рожь,
5224,vinograd,виноград,
5225,yablonya,яблоня,
5226,morkov,морковь,
5227,kartofel,картофель,
5228,kartofel,картофель,
5229,pshenitsa,пшеница,
5230,pshenitsa,пшеница,
5231,yachmen,ячмень,
5232,grusha,груша,
5232,yablonya,яблоня,
5233,abrikos-persik,абрикос / персик,
5234,vishnya-chereshnya,вишня / черешня,
5234,sliva,слива,
5235,yablonya,яблоня,
5236,sliva,слива,
5237,grusha,груша,
5237,yablonya,яблоня,
5238,abrikos-persik,абрикос / персик,
5239,vishnya-chereshnya,вишня / черешня,
5239,sliva,слива,
5240,kartofel,картофель,
5241,vinograd,виноград,
5242,yablonya,яблоня,
5243,yablonya,яблоня,
5244,ris,рис,
5245,kartofel,картофель,
5246,pshenitsa,пшеница,
5247,pshenitsa,пшеница,
5248,yachmen,ячмень,
5249,soya,соя,
5250,yachmen,ячмень,
5251,yachmen,ячмень,
5252,yachmen,ячмень,
5253,rozh,рожь,
5254,pshenitsa,пшеница,
5255,pshenitsa,пшеница,
5256,yachmen,ячмень,
5257,yachmen,ячмень,
5258,rozh,рожь,
5259,pshenitsa,пшеница,
5260,pshenitsa,пшеница,
5261,pshenitsa,пшеница,
5262,yachmen,ячмень,
5263,rozh,рожь,
5264,rozh,рожь,
5265,oves,овес,
5266,kukuruza,кукуруза,
5266,sklady-i-zernohranilischa,склады и зернохранилища,
5267,podsolnechnik,подсолнечник,
5268,raps,рапс,
5269,soya,соя,
5270,goroh-fasol,горох / фасоль,
5271,pshenitsa,пшеница,
5272,pshenitsa,пшеница,
5273,pshenitsa,пшеница,
5274,yachmen,ячмень,
5275,soya,соя,
5276,goroh-fasol,горох / фасоль,
5277,soya,соя,
5278,raps,рапс,
5279,pshenitsa,пшеница,
5280,pshenitsa,пшеница,
5281,pshenitsa,пшеница,
5282,yachmen,ячмень,
5283,soya,соя,
5284,goroh-fasol,горох / фасоль,
5285,pshenitsa,пшеница,
5286,pshenitsa,пшеница,
5287,yachmen,ячмень,
5288,soya,соя,
5289,oves,овес,
5290,pshenitsa,пшеница,
5291,pshenitsa,пшеница,
5292,raps,рапс,
5293,rozh,рожь,
5294,yachmen,ячмень,
5295,pshenitsa,пшеница,
5296,pshenitsa,пшеница,
5297,pshenitsa,пшеница,
5298,pshenitsa,пшеница,
5299,yachmen,ячмень,
5300,yachmen,ячмень,
5301,yachmen,ячмень,
5302,zernovye,зерновые (прочие),
5302,oves,овес,
5303,soya,соя,
5304,pshenitsa,пшеница,
5305,pshenitsa,пшеница,
5306,pshenitsa,пшеница,
5307,yachmen,ячмень,
5308,yachmen,ячмень,
5309,pshenitsa,пшеница,
5310,pshenitsa,пшеница,
5311,pshenitsa,пшеница,
5312,yachmen,ячмень,
5313,yachmen,ячмень,
5314,kartofel,картофель,
5315,kartofel,картофель,
5316,pshenitsa,пшеница,
5317,yachmen,ячмень,
5318,kartofel,картофель,
5319,kartofel,картофель,
5320,kartofel,картофель,
5321,kartofel,картофель,
5322,kartofel,картофель,
5323,pshenitsa,пшеница,
5324,yachmen,ячмень,
5325,rozh,рожь,
5326,oves,овес,
5327,pshenitsa,пшеница,
5328,pshenitsa,пшеница,
5329,rozh,рожь,
5330,yachmen,ячмень,
5331,kukuruza,кукуруза,
5332,kukuruza,кукуруза,
5333,podsolnechnik,подсолнечник,
5334,soya,соя,
5335,pshenitsa,пшеница,
5336,yachmen,ячмень,
5337,podsolnechnik,подсолнечник,
5338,kartofel,картофель,
5339,yablonya,яблоня,
5340,vinograd,виноград,
5341,vinograd,виноград,
5342,ogurets,огурец,защищённый грунт
5343,tomat,томат,защищённый грунт
5344,tomat,томат,открытый грунт
5345,kartofel,картофель,
5346,yablonya,яблоня,
5347,vinograd,виноград,
5348,vinograd,виноград,
5349,vinograd,виноград,
5350,yablonya,яблоня,
5351,vinograd,виноград,
5352,yablonya,яблоня,
5353,yablonya,яблоня,
5354,vinograd,виноград,
5355,yablonya,яблоня,
5356,yablonya,яблоня,
5357,yablonya,яблоня,
5358,vinograd,виноград,
5359,yablonya,яблоня,
5360,yablonya,яблоня,
5361,vinograd,виноград,
5362,yablonya,яблоня,
5363,yablonya,яблоня,
5364,vinograd,виноград,
5365,yablonya,яблоня,
5366,yablonya,яблоня,
5367,vishnya-chereshnya,вишня / черешня,
5368,vishnya-chereshnya,вишня / черешня,
5369,vinograd,виноград,
5370,pshenitsa,пшеница,
5371,yachmen,ячмень,
5372,pshenitsa,пшеница,
5373,yachmen,ячмень,
5374,len,лен,
5375,len,лен,
5376,kartofel,картофель,
5377,kartofel,картофель,
5378,saharnaya-svekla,сахарная свекла,
5379,vinograd,виноград,
5380,kapusta,капуста,
5381,kapusta,капуста,
5382,vinograd,виноград,
5383,kartofel,картофель,
5384,kartofel,картофель,
5385,kapusta,капуста,
5386,kapusta,капуста,
5387,kapusta,капуста,
5388,pshenitsa,пшеница,
5389,pshenitsa,пшеница,
5390,yachmen,ячмень,
5391,yachmen,ячмень,
5392,saharnaya-svekla,сахарная свекла,
5393,pshenitsa,пшеница,
5394,saharnaya-svekla,сахарная свекла,
5395,pshenitsa,пшеница,
5396,pshenitsa,пшеница,
5397,pshenitsa,пшеница,
5398,pshenitsa,пшеница,
5399,pshenitsa,пшеница,
5400,pshenitsa,пшеница,
5401,yachmen,ячмень,
5402,yachmen,ячмень,
5403,yachmen,ячмень,
5404,rozh,рожь,
5405,rozh,рожь,
5406,rozh,рожь,
5407,saharnaya-svekla,сахарная свекла,
5408,soya,соя,
5409,pshenitsa,пшеница,
5409,yachmen,ячмень,
5410,pshenitsa,пшеница,
5410,rozh,рожь,
5410,yachmen,ячмень,
5411,pshenitsa,пшеница,
5411,rozh,рожь,
5411,yachmen,ячмень,
5412,saharnaya-svekla,сахарная свекла,
5413,pshenitsa,пшеница,
5414,pshenitsa,пшеница,
5415,pshenitsa,пшеница,
5416,pshenitsa,пшеница,
5417,pshenitsa,пшеница,
5418,yachmen,ячмень,
5419,saharnaya-svekla,сахарная свекла,
5420,pshenitsa,пшеница,
5420,yachmen,ячмень,
5421,pshenitsa,пшеница,
5421,yachmen,ячмень,
5422,saharnaya-svekla,сахарная свекла,
5423,pshenitsa,пшеница,
5423,rozh,рожь,
5423,yachmen,ячмень,
5424,pshenitsa,пшеница,
5424,rozh,рожь,
5424,yachmen,ячмень,
5425,saharnaya-svekla,сахарная свекла,
5426,rozh,рожь,
5427,pshenitsa,пшеница,
5427,yachmen,ячмень,
5428,podsolnechnik,подсолнечник,
5429,pshenitsa,пшеница,
5429,rozh,рожь,
5429,yachmen,ячмень,
5430,pshenitsa,пшеница,
5430,rozh,рожь,
5430,yachmen,ячмень,
5431,pshenitsa,пшеница,
5431,yachmen,ячмень,
5432,pshenitsa,пшеница,
5432,yachmen,ячмень,
5433,saharnaya-svekla,сахарная свекла,
5434,pshenitsa,пшеница,
5434,rozh,рожь,
5434,yachmen,ячмень,
5435,pshenitsa,пшеница,
5435,rozh,рожь,
5435,yachmen,ячмень,
5436,saharnaya-svekla,сахарная свекла,
5437,pshenitsa,пшеница,
5437,yachmen,ячмень,
5438,pshenitsa,пшеница,
5439,pshenitsa,пшеница,
5440,saharnaya-svekla,сахарная свекла,
5441,pshenitsa,пшеница,
5442,pshenitsa,пшеница,
5443,yachmen,ячмень,
5444,yachmen,ячмень,
5445,rozh,рожь,
5446,rozh,рожь,
5447,saharnaya-svekla,сахарная свекла,
5448,pshenitsa,пшеница,
5449,pshenitsa,пшеница,
5450,pshenitsa,пшеница,
5451,pshenitsa,пшеница,
5452,yachmen,ячмень,
5453,yachmen,ячмень,
5454,yachmen,ячмень,
5455,rozh,рожь,
5456,rozh,рожь,
5457,rozh,рожь,
5458,saharnaya-svekla,сахарная свекла,
5459,pshenitsa,пшеница,
5459,rozh,рожь,
5459,yachmen,ячмень,
5460,pshenitsa,пшеница,
5460,rozh,рожь,
5460,yachmen,ячмень,
5461,saharnaya-svekla,сахарная свекла,
5462,pshenitsa,пшеница,
5462,rozh,рожь,
5462,yachmen,ячмень,
5463,pshenitsa,пшеница,
5463,rozh,рожь,
5463,yachmen,ячмень,
5464,saharnaya-svekla,сахарная свекла,
5465,saharnaya-svekla,сахарная свекла,
5466,pshenitsa,пшеница,
5466,yachmen,ячмень,
5467,raps,рапс,
5468,zernobobovye,"зернобобовые (нут, чечевица, люпин, бобы)",
5469,pshenitsa,пшеница,
5470,pshenitsa,пшеница,
5471,yachmen,ячмень,
5472,yachmen,ячмень,
5473,rozh,рожь,
5474,rozh,рожь,
5475,raps,рапс,
5476,zernobobovye,"зернобобовые (нут, чечевица, люпин, бобы)",
5477,pshenitsa,пшеница,
5477,yachmen,ячмень,
5478,pshenitsa,пшеница,
5478,yachmen,ячмень,
5479,saharnaya-svekla,сахарная свекла,
5480,pshenitsa,пшеница,
5480,yachmen,ячмень,
5481,pshenitsa,пшеница,
5481,yachmen,ячмень,
5482,pshenitsa,пшеница,
5482,yachmen,ячмень,
5483,saharnaya-svekla,сахарная свекла,
5484,pshenitsa,пшеница,
5484,rozh,рожь,
5485,pshenitsa,пшеница,
5485,rozh,рожь,
5486,pshenitsa,пшеница,
5487,pshenitsa,пшеница,
5488,yachmen,ячмень,
5489,soya,соя,
5490,saharnaya-svekla,сахарная свекла,
5491,pshenitsa,пшеница,
5492,pshenitsa,пшеница,
5493,yachmen,ячмень,
5494,yachmen,ячмень,
5495,raps,рапс,
5496,soya,соя,
5497,zernobobovye,"зернобобовые (нут, чечевица, люпин, бобы)",
5498,saharnaya-svekla,сахарная свекла,
5499,zernobobovye,"зернобобовые (нут, чечевица, люпин, бобы)",
5500,podsolnechnik,подсолнечник,
5501,pshenitsa,пшеница,
5502,pshenitsa,пшеница,
5503,yachmen,ячмень,
5504,yachmen,ячмень,
5505,yachmen,ячмень,
5506,plodovye-derevya,плодовые деревья (общее),
5506,tsvety,цветы (общее),
5507,saharnaya-svekla,сахарная свекла,
5508,saharnaya-svekla,сахарная свекла,
5509,raps,рапс,
5510,ris,рис,
5511,kapusta,капуста,
5512,tomat,томат,открытый грунт
5513,tomat,томат,защищённый грунт
5514,yablonya,яблоня,
5515,kartofel,картофель,
5516,pshenitsa,пшеница,
5517,pshenitsa,пшеница,
5518,yachmen,ячмень,
5519,pshenitsa,пшеница,
5520,pshenitsa,пшеница,
5521,pshenitsa,пшеница,
5522,yachmen,ячмень,
5523,yachmen,ячмень,
5524,raps,рапс,
5525,podsolnechnik,подсолнечник,
5526,raps,рапс,
5527,podsolnechnik,подсолнечник,
5528,kartofel,картофель,
5529,kartofel,картофель,
5530,ogurets,огурец,защищённый грунт
5531,roza,роза,защищённый грунт
5532,yablonya,яблоня,
5533,vinograd,виноград,
5534,morkov,морковь,
5535,vinograd,виноград,
5536,vinograd,виноград,
5537,grusha,груша,
5537,yablonya,яблоня,
5538,yablonya,яблоня,
5539,vinograd,виноград,
5540,grusha,груша,
5540,yablonya,яблоня,
5541,kartofel,картофель,
5542,vinograd,виноград,
5543,pshenitsa,пшеница,
5544,yachmen,ячмень,
5545,pshenitsa,пшеница,
5546,yachmen,ячмень,
5547,saharnaya-svekla,сахарная свекла,
5548,podsolnechnik,подсолнечник,
5549,podsolnechnik,подсолнечник,
5550,yablonya,яблоня,
5551,abrikos-persik,абрикос / персик,
5552,vinograd,виноград,
5553,tomat,томат,открытый грунт
5554,tomat,томат,защищённый грунт
5555,ogurets,огурец,защищённый грунт
5556,tomat,томат,защищённый грунт
5557,tomat,томат,
5558,tomat,томат,
5559,tomat,томат,
5560,tomat,томат,
5561,kartofel,картофель,
5562,tomat,томат,открытый грунт
5563,luk,лук,
5564,kartofel,картофель,
5565,tomat,томат,открытый грунт
5566,luk,лук,
5567,kartofel,картофель,
5568,tomat,томат,открытый грунт
5569,vinograd,виноград,
5570,luk,лук,
5571,vinograd,виноград,
5572,tomat,томат,открытый грунт
5573,tomat,томат,защищённый грунт
5574,kartofel,картофель,
5575,kartofel,картофель,
5576,kartofel,картофель,
5577,tomat,томат,открытый грунт
5578,vinograd,виноград,
5579,kartofel,картофель,
5580,tomat,томат,открытый грунт
5581,vinograd,виноград,
5582,kartofel,картофель,
5583,vinograd,виноград,
5584,kartofel,картофель,
5585,tomat,томат,открытый грунт
5586,vinograd,виноград,
5587,kartofel,картофель,
5588,tomat,томат,открытый грунт
5589,vinograd,виноград,
5590,kartofel,картофель,
5591,vinograd,виноград,
5592,kartofel,картофель,
5593,tomat,томат,открытый грунт
5594,vinograd,виноград,
5595,kartofel,картофель,
5596,tomat,томат,открытый грунт
5597,vinograd,виноград,
5598,kartofel,картофель,
5599,kartofel,картофель,
5600,luk,лук,
5601,vinograd,виноград,
5602,kartofel,картофель,
5603,vinograd,виноград,
5604,kartofel,картофель,
5605,ogurets,огурец,
5606,kartofel,картофель,
5607,ogurets,огурец,открытый грунт
5608,kartofel,картофель,
5609,kartofel,картофель,
5610,vinograd,виноград,
5611,tomat,томат,открытый грунт
5612,ogurets,огурец,открытый грунт
5613,vinograd,виноград,
5614,luk,лук,
5615,kartofel,картофель,
5616,kartofel,картофель,
5617,vinograd,виноград,
5618,kartofel,картофель,
5619,vinograd,виноград,
5620,kartofel,картофель,
5621,luk,лук,
5622,vinograd,виноград,
5623,kartofel,картофель,
5624,vinograd,виноград,
5625,kartofel,картофель,
5626,luk,лук,
5627,kartofel,картофель,
5628,tomat,томат,открытый грунт
5629,vinograd,виноград,
5630,ogurets,огурец,открытый грунт
5631,luk,лук,
5632,kartofel,картофель,
5633,tomat,томат,открытый грунт
5634,vinograd,виноград,
5635,ogurets,огурец,открытый грунт
5636,luk,лук,
5637,kartofel,картофель,
5638,kartofel,картофель,
5639,tomat,томат,открытый грунт
5640,vinograd,виноград,
5641,kartofel,картофель,
5642,ogurets,огурец,открытый грунт
5643,tomat,томат,открытый грунт
5644,vinograd,виноград,
5645,luk,лук,
5646,kartofel,картофель,
5647,vinograd,виноград,
5648,kartofel,картофель,
5649,ogurets,огурец,открытый грунт
5650,tomat,томат,открытый грунт
5651,vinograd,виноград,
5652,luk,лук,
5653,kartofel,картофель,
5654,tomat,томат,открытый грунт
5655,ogurets,огурец,открытый грунт
5656,vinograd,виноград,
5657,ogurets,огурец,защищённый грунт
5657,tomat,томат,защищённый грунт
5658,ogurets,огурец,защищённый грунт
5658,tomat,томат,защищённый грунт
5659,smorodina,смородина,
5660,tomat,томат,защищённый грунт
5661,ogurets,огурец,защищённый грунт
5662,luk,лук,
5663,komnatnye-rasteniya,комнатные растения (общее),
5664,klubnika,клубника (земляника),
5665,ogurets,огурец,защищённый грунт
5666,tomat,томат,защищённый грунт
5667,vinograd,виноград,
5668,kartofel,картофель,
5669,kartofel,картофель,
5670,ogurets,огурец,защищённый грунт
5671,tomat,томат,защищённый грунт
5672,vinograd,виноград,
5673,kartofel,картофель,
5674,kartofel,картофель,
5675,grusha,груша,
5675,yablonya,яблоня,
5676,grusha,груша,
5676,yablonya,яблоня,
5677,vinograd,виноград,
5678,morkov,морковь,
5679,tomat,томат,открытый грунт
5680,kapusta,капуста,
5681,grusha,груша,
5681,yablonya,яблоня,
5682,grusha,груша,
5682,yablonya,яблоня,
5683,vinograd,виноград,
5684,morkov,морковь,
5685,tomat,томат,открытый грунт
5686,kapusta,капуста,
5687,kartofel,картофель,
5688,yablonya,яблоня,
5689,vinograd,виноград,
5690,kartofel,картофель,
5691,yablonya,яблоня,
5692,vinograd,виноград,
5693,luk,лук,
5694,vinograd,виноград,
5695,yablonya,яблоня,
5696,kartofel,картофель,
5697,luk,лук,
5698,tomat,томат,открытый грунт
5699,yablonya,яблоня,
5700,vinograd,виноград,
5701,kartofel,картофель,
5702,ogurets,огурец,открытый грунт
5703,luk,лук,
5704,tomat,томат,открытый грунт
5705,vinograd,виноград,
5706,yablonya,яблоня,
5707,vinograd,виноград,
5708,vinograd,виноград,
5709,kartofel,картофель,
5710,vinograd,виноград,
5711,tomat,томат,открытый грунт
5712,ogurets,огурец,открытый грунт
5713,yablonya,яблоня,
5714,yablonya,яблоня,
5715,vinograd,виноград,
5716,tomat,томат,открытый грунт
5717,luk,лук,
5718,kartofel,картофель,
5719,kartofel,картофель,
5720,vishnya-chereshnya,вишня / черешня,
5720,sliva,слива,
5721,tomat,томат,открытый грунт
5722,smorodina,смородина,
5723,yablonya,яблоня,
5724,vinograd,виноград,
5725,kartofel,картофель,
5726,klubnika,клубника (земляника),
5727,malina,малина,
5728,roza,роза,открытый грунт
5729,vinograd,виноград,
5730,vishnya-chereshnya,вишня / черешня,
5731,yablonya,яблоня,
5732,kartofel,картофель,
5733,klubnika,клубника (земляника),
5734,malina,малина,
5735,roza,роза,открытый грунт
5736,vinograd,виноград,
5737,vishnya-chereshnya,вишня / черешня,
5738,yablonya,яблоня,
5739,kartofel,картофель,
5740,yablonya,яблоня,
5741,vinograd,виноград,
5742,vinograd,виноград,
5743,vinograd,виноград,
5744,abrikos-persik,абрикос / персик,
5745,grusha,груша,
5745,yablonya,яблоня,
5746,abrikos-persik,абрикос / персик,
5746,vishnya-chereshnya,вишня / черешня,
5746,sliva,слива,
5747,sliva,слива,
5748,kryzhovnik,крыжовник,
5748,smorodina,смородина,
5749,grusha,груша,
5749,yablonya,яблоня,
5750,abrikos-persik,абрикос / персик,
5750,vishnya-chereshnya,вишня / черешня,
5750,sliva,слива,
5751,sliva,слива,
5752,smorodina,смородина,
5753,kryzhovnik,крыжовник,
5754,klubnika,клубника (земляника),
5755,roza,роза,открытый грунт
5756,grusha,груша,
5756,yablonya,яблоня,
5757,vinograd,виноград,
5758,vinograd,виноград,
5759,abrikos-persik,абрикос / персик,
5759,vishnya-chereshnya,вишня / черешня,
5759,sliva,слива,
5760,kartofel,картофель,
5761,luk,лук,
5762,ogurets,огурец,открытый грунт
5763,tomat,томат,открытый грунт
5764,grusha,груша,
5764,yablonya,яблоня,
5765,grusha,груша,
5765,yablonya,яблоня,
5766,vinograd,виноград,
5767,vinograd,виноград,
5768,abrikos-persik,абрикос / персик,
5768,vishnya-chereshnya,вишня / черешня,
5768,sliva,слива,
5769,abrikos-persik,абрикос / персик,
5769,vishnya-chereshnya,вишня / черешня,
5769,sliva,слива,
5770,kartofel,картофель,
5771,tomat,томат,открытый грунт
5772,ogurets,огурец,открытый грунт
5773,luk,лук,
5774,kartofel,картофель,
5775,tomat,томат,открытый грунт
5776,grusha,груша,
5776,yablonya,яблоня,
5777,vinograd,виноград,
5778,yablonya,яблоня,
5779,vinograd,виноград,
5780,kartofel,картофель,
5781,abrikos-persik,абрикос / персик,
5782,kartofel,картофель,
5783,tomat,томат,открытый грунт
5784,grusha,груша,
5784,yablonya,яблоня,
5785,vinograd,виноград,
5786,kartofel,картофель,
5787,vinograd,виноград,
5788,kartofel,картофель,
5789,tomat,томат,защищённый грунт
5790,ogurets,огурец,защищённый грунт
5791,vinograd,виноград,
5792,kartofel,картофель,
5793,vinograd,виноград,
5794,kartofel,картофель,
5795,tomat,томат,защищённый грунт
5796,ogurets,огурец,защищённый грунт
5797,vinograd,виноград,
5798,kartofel,картофель,
5799,tomat,томат,открытый грунт
5800,vinograd,виноград,
5801,kartofel,картофель,
5802,tomat,томат,открытый грунт
5803,luk,лук,
5804,ogurets,огурец,открытый грунт
5805,vinograd,виноград,
5806,kartofel,картофель,
5807,ogurets,огурец,открытый грунт
5808,tomat,томат,открытый грунт
5809,ogurets,огурец,защищённый грунт
5810,tomat,томат,защищённый грунт
5811,vinograd,виноград,
5812,luk,лук,
5813,kartofel,картофель,
5814,ogurets,огурец,открытый грунт
5815,tomat,томат,открытый грунт
5816,ogurets,огурец,защищённый грунт
5817,tomat,томат,защищённый грунт
5818,kartofel,картофель,
5819,vinograd,виноград,
5820,grusha,груша,
5820,yablonya,яблоня,
5821,kartofel,картофель,
5822,tomat,томат,открытый грунт
5823,tomat,томат,защищённый грунт
5824,ogurets,огурец,открытый грунт
5825,ogurets,огурец,защищённый грунт
5826,luk,лук,
5827,vinograd,виноград,
5828,grusha,груша,
5828,yablonya,яблоня,
5829,vinograd,виноград,
5830,kartofel,картофель,
5831,grusha,груша,
5831,yablonya,яблоня,
5832,kartofel,картофель,
5833,vinograd,виноград,
5834,raps,рапс,
5835,raps,рапс,
5836,raps,рапс,
5837,raps,рапс,
5838,raps,рапс,
5839,raps,рапс,
5840,vinograd,виноград,
5841,pshenitsa,пшеница,
5841,yachmen,ячмень,
5842,podsolnechnik,подсолнечник,
5843,saharnaya-svekla,сахарная свекла,
5844,saharnaya-svekla,сахарная свекла,
5845,luk,лук,
5846,kapusta,капуста,
5847,morkov,морковь,
5848,kukuruza,кукуруза,
5848,sklady-i-zernohranilischa,склады и зернохранилища,
5849,podsolnechnik,подсолнечник,
5850,saharnaya-svekla,сахарная свекла,
5851,saharnaya-svekla,сахарная свекла,
5852,soya,соя,
5853,kukuruza,кукуруза,
5854,podsolnechnik,подсолнечник,
5855,kukuruza,кукуруза,
5855,sklady-i-zernohranilischa,склады и зернохранилища,
5856,goroh-fasol,горох / фасоль,
5856,sklady-i-zernohranilischa,склады и зернохранилища,
5856,soya,соя,
5857,podsolnechnik,подсолнечник,
5858,podsolnechnik,подсолнечник,
5859,podsolnechnik,подсолнечник,
5860,podsolnechnik,подсолнечник,
5861,kartofel,картофель,
5862,vinograd,виноград,
5863,tomat,томат,открытый грунт
5864,luk,лук,
5865,vinograd,виноград,
5866,ogurets,огурец,открытый грунт
5867,ogurets,огурец,защищённый грунт
5868,smorodina,смородина,
5869,abrikos-persik,абрикос / персик,
5870,klubnika,клубника (земляника),
5871,vishnya-chereshnya,вишня / черешня,
5872,lesnye-nasazhdeniya,лесные насаждения,
5872,smorodina,смородина,
5873,lesnye-nasazhdeniya,лесные насаждения,
5873,malina,малина,
5874,yablonya,яблоня,
5875,vinograd,виноград,
5876,ogurets,огурец,открытый грунт
5877,smorodina,смородина,
5878,klubnika,клубника (земляника),
5879,roza,роза,открытый грунт
5880,pshenitsa,пшеница,
5881,yachmen,ячмень,
5882,raps,рапс,
5883,podsolnechnik,подсолнечник,
5884,soya,соя,
5885,yablonya,яблоня,
5886,tomat,томат,открытый грунт
5887,yablonya,яблоня,
5888,yablonya,яблоня,
5889,pshenitsa,пшеница,
5890,yachmen,ячмень,
5891,oves,овес,
5892,kartofel,картофель,
5893,kartofel,картофель,
5894,yablonya,яблоня,
5895,abrikos-persik,абрикос / персик,
5896,abrikos-persik,абрикос / персик,
5897,kartofel,картофель,
5898,tomat,томат,открытый грунт
5899,arbuz-dynya,арбуз / дыня,
5900,luk,лук,
5901,luk,лук,
5902,kapusta,капуста,
5903,morkov,морковь,
5904,pshenitsa,пшеница,
5905,pshenitsa,пшеница,
5906,yachmen,ячмень,
5907,yachmen,ячмень,
5908,goroh-fasol,горох / фасоль,
5909,soya,соя,
5910,soya,соя,
5911,goroh-fasol,горох / фасоль,
5911,zernobobovye,"зернобобовые (нут, чечевица, люпин, бобы)",
5912,zernobobovye,"зернобобовые (нут, чечевица, люпин, бобы)",
5913,pshenitsa,пшеница,
5914,yachmen,ячмень,
5915,podsolnechnik,подсолнечник,
5916,raps,рапс,
5917,saharnaya-svekla,сахарная свекла,
5918,ris,рис,
5919,kukuruza,кукуруза,
5920,saharnaya-svekla,сахарная свекла,
5921,zernobobovye,"зернобобовые (нут, чечевица, люпин, бобы)",
5922,zernobobovye,"зернобобовые (нут, чечевица, люпин, бобы)",
5923,kartofel,картофель,
5924,gazon,газон,
5925,zernobobovye,"зернобобовые (нут, чечевица, люпин, бобы)",
5926,pshenitsa,пшеница,
5927,pshenitsa,пшеница,
5928,yachmen,ячмень,
5929,oves,овес,
5930,saharnaya-svekla,сахарная свекла,
5931,ris,рис,
5932,ris,рис,
5933,kukuruza,кукуруза,
5934,podsolnechnik,подсолнечник,
5935,raps,рапс,
5936,raps,рапс,
5937,soya,соя,
5938,goroh-fasol,горох / фасоль,
5939,zernovye,зерновые (прочие),
5939,oves,овес,
5940,ris,рис,
5941,kukuruza,кукуруза,
5942,podsolnechnik,подсолнечник,
5943,raps,рапс,
5944,soya,соя,
5945,goroh-fasol,горох / фасоль,
5946,pshenitsa,пшеница,
5947,pshenitsa,пшеница,
5948,yachmen,ячмень,
5949,oves,овес,
5950,saharnaya-svekla,сахарная свекла,
5951,ris,рис,
5952,ris,рис,
5953,kukuruza,кукуруза,
5954,podsolnechnik,подсолнечник,
5955,raps,рапс,
5956,raps,рапс,
5957,soya,соя,
5958,goroh-fasol,горох / фасоль,
5959,soya,соя,
5960,podsolnechnik,подсолнечник,
5961,goroh-fasol,горох / фасоль,
5962,kukuruza,кукуруза,
5963,soya,соя,
5964,goroh-fasol,горох / фасоль,
5965,podsolnechnik,подсолнечник,
5966,soya,соя,
5967,pshenitsa,пшеница,
5968,podsolnechnik,подсолнечник,
5969,goroh-fasol,горох / фасоль,
5970,soya,соя,
5971,raps,рапс,
5972,podsolnechnik,подсолнечник,
5973,podsolnechnik,подсолнечник,
5974,kukuruza,кукуруза,
5975,soya,соя,
5976,saharnaya-svekla,сахарная свекла,
5977,raps,рапс,
5978,raps,рапс,
5979,podsolnechnik,подсолнечник,
5980,soya,соя,
5981,raps,рапс,
5982,podsolnechnik,подсолнечник,
5983,podsolnechnik,подсолнечник,
5984,kukuruza,кукуруза,
5985,soya,соя,
5986,goroh-fasol,горох / фасоль,
5987,saharnaya-svekla,сахарная свекла,
5988,raps,рапс,
5989,podsolnechnik,подсолнечник,
5990,podsolnechnik,подсолнечник,
5991,kukuruza,кукуруза,
5992,soya,соя,
5993,goroh-fasol,горох / фасоль,
5994,saharnaya-svekla,сахарная свекла,
5995,podsolnechnik,подсолнечник,
5996,ris,рис,
5997,ris,рис,
5998,ris,рис,
5999,pshenitsa,пшеница,
6000,yachmen,ячмень,
6001,rozh,рожь,
6002,oves,овес,
6003,zernovye,зерновые (прочие),
6004,pshenitsa,пшеница,
6005,pshenitsa,пшеница,
6006,pshenitsa,пшеница,
6007,yachmen,ячмень,
6008,kukuruza,кукуруза,
6008,sklady-i-zernohranilischa,склады и зернохранилища,
6009,soya,соя,
6010,goroh-fasol,горох / фасоль,
6011,podsolnechnik,подсолнечник,
6012,raps,рапс,
6013,pshenitsa,пшеница,
6014,pshenitsa,пшеница,
6015,yachmen,ячмень,
6016,grusha,груша,
6016,yablonya,яблоня,
6017,vinograd,виноград,
6018,saharnaya-svekla,сахарная свекла,
6019,soya,соя,
6020,podsolnechnik,подсолнечник,
6021,raps,рапс,
6022,kukuruza,кукуруза,
6023,soya,соя,
6024,goroh-fasol,горох / фасоль,
6025,zernobobovye,"зернобобовые (нут, чечевица, люпин, бобы)",
6026,kartofel,картофель,
6027,kartofel,картофель,
6028,raps,рапс,
6029,soya,соя,
6030,goroh-fasol,горох / фасоль,
6030,sklady-i-zernohranilischa,склады и зернохранилища,
6031,zernobobovye,"зернобобовые (нут, чечевица, люпин, бобы)",
6032,pshenitsa,пшеница,
6033,yachmen,ячмень,
6034,soya,соя,
6035,pshenitsa,пшеница,
6036,pshenitsa,пшеница,
6037,yachmen,ячмень,
6038,yachmen,ячмень,
6039,yachmen,ячмень,
6040,svekla,свекла,
6041,pshenitsa,пшеница,
6042,yachmen,ячмень,
6043,saharnaya-svekla,сахарная свекла,
6044,grusha,груша,
6044,yablonya,яблоня,
6045,vinograd,виноград,
6046,klubnika,клубника (земляника),
6047,tomat,томат,защищённый грунт
6048,roza,роза,защищённый грунт
6049,yablonya,яблоня,
6050,vinograd,виноград,
6051,grusha,груша,
6051,yablonya,яблоня,
6052,vinograd,виноград,
6053,klubnika,клубника (земляника),
6054,tomat,томат,защищённый грунт
6055,roza,роза,защищённый грунт
6056,yablonya,яблоня,
6057,yablonya,яблоня,
6058,vinograd,виноград,
6059,yablonya,яблоня,
6060,yablonya,яблоня,
6061,vinograd,виноград,
6062,klubnika,клубника (земляника),
6063,kartofel,картофель,
6064,tomat,томат,открытый грунт
6065,grusha,груша,
6065,yablonya,яблоня,
6066,vinograd,виноград,
6067,klubnika,клубника (земляника),
6068,vishnya-chereshnya,вишня / черешня,
6069,tomat,томат,защищённый грунт
6070,ogurets,огурец,открытый и защищённый грунт
6071,yablonya,яблоня,
6072,sliva,слива,
6073,kryzhovnik,крыжовник,
6073,smorodina,смородина,
6074,vinograd,виноград,
6075,klubnika,клубника (земляника),
6076,luk,лук,
6077,pshenitsa,пшеница,
6077,yachmen,ячмень,
6078,pshenitsa,пшеница,
6078,yachmen,ячмень,
6079,vinograd,виноград,
6080,vinograd,виноград,
6081,tomat,томат,защищённый грунт
6082,tomat,томат,защищённый грунт
6083,tomat,томат,защищённый грунт
6084,ogurets,огурец,защищённый грунт
6085,ogurets,огурец,защищённый грунт
6086,ogurets,огурец,защищённый грунт
6087,tomat,томат,открытый грунт
6088,ogurets,огурец,открытый грунт
6089,kapusta,капуста,
6090,arbuz-dynya,арбуз / дыня,
6091,tomat,томат,защищённый грунт
6092,tomat,томат,защищённый грунт
6093,ogurets,огурец,защищённый грунт
6094,ogurets,огурец,защищённый грунт
6095,kartofel,картофель,
6096,tomat,томат,открытый грунт
6097,ogurets,огурец,открытый грунт
6098,luk,лук,
6099,kartofel,картофель,
6100,tomat,томат,открытый грунт
6101,ogurets,огурец,открытый грунт
6102,luk,лук,
6103,kartofel,картофель,
6104,tomat,томат,открытый грунт
6105,ogurets,огурец,открытый грунт
6106,luk,лук,
6107,kartofel,картофель,
6108,tomat,томат,открытый грунт
6109,ogurets,огурец,открытый грунт
6110,luk,лук,
6111,kartofel,картофель,
6112,kartofel,картофель,
6113,ogurets,огурец,открытый грунт
6114,tomat,томат,открытый грунт
6115,kartofel,картофель,
6116,kartofel,картофель,
6117,tomat,томат,открытый грунт
6118,ogurets,огурец,открытый грунт
6119,luk,лук,
6120,kartofel,картофель,
6121,tomat,томат,открытый грунт
6122,ogurets,огурец,открытый грунт
6123,luk,лук,
6124,tsvety,цветы (общее),открытый грунт
6125,yagodniki,ягодники (общее),
6126,roza,роза,
6127,yachmen,ячмень,
6128,pshenitsa,пшеница,
6129,pshenitsa,пшеница,
6130,yachmen,ячмень,
6131,rozh,рожь,
6132,oves,овес,
6133,klubnika,клубника (земляника),
6134,smorodina,смородина,
6135,kryzhovnik,крыжовник,
6136,malina,малина,
6137,oves,овес,
6138,pshenitsa,пшеница,
6139,yachmen,ячмень,
6140,rozh,рожь,
6141,raps,рапс,
6142,oves,овес,
6143,pshenitsa,пшеница,
6144,yachmen,ячмень,
6145,rozh,рожь,
6146,pshenitsa,пшеница,
6147,yachmen,ячмень,
6148,rozh,рожь,
6149,oves,овес,
6150,raps,рапс,
6151,pshenitsa,пшеница,
6152,yachmen,ячмень,
6153,rozh,рожь,
6154,oves,овес,
6155,raps,рапс,
6156,pshenitsa,пшеница,
6157,yachmen,ячмень,
6158,rozh,рожь,
6159,oves,овес,
6160,klubnika,клубника (земляника),
6161,smorodina,смородина,
6162,pshenitsa,пшеница,
6163,yachmen,ячмень,
6164,rozh,рожь,
6165,oves,овес,
6166,pshenitsa,пшеница,
6167,yachmen,ячмень,
6168,soya,соя,
6169,goroh-fasol,горох / фасоль,
6170,saharnaya-svekla,сахарная свекла,
6171,pshenitsa,пшеница,
6172,yachmen,ячмень,
6173,rozh,рожь,
6174,oves,овес,
6175,klubnika,клубника (земляника),
6176,kryzhovnik,крыжовник,
6176,smorodina,смородина,
6177,malina,малина,
6178,pshenitsa,пшеница,
6179,pshenitsa,пшеница,
6180,yachmen,ячмень,
6181,yachmen,ячмень,
6182,rozh,рожь,
6183,rozh,рожь,
6184,saharnaya-svekla,сахарная свекла,
6185,saharnaya-svekla,сахарная свекла,
6186,raps,рапс,
6187,raps,рапс,
6188,vinograd,виноград,
6189,pshenitsa,пшеница,
6190,yachmen,ячмень,
6191,rozh,рожь,
6192,oves,овес,
6193,saharnaya-svekla,сахарная свекла,
6194,pshenitsa,пшеница,
6195,yachmen,ячмень,
6196,rozh,рожь,
6197,oves,овес,
6198,pshenitsa,пшеница,
6199,yachmen,ячмень,
6200,rozh,рожь,
6201,oves,овес,
6202,klubnika,клубника (земляника),
6203,smorodina,смородина,
6204,pshenitsa,пшеница,
6205,yachmen,ячмень,
6206,rozh,рожь,
6207,saharnaya-svekla,сахарная свекла,
6208,vinograd,виноград,
6209,soya,соя,
6210,pshenitsa,пшеница,
6211,yachmen,ячмень,
6212,pshenitsa,пшеница,
6213,pshenitsa,пшеница,
6214,yachmen,ячмень,
6215,ris,рис,
6216,pshenitsa,пшеница,
6217,yachmen,ячмень,
6218,pshenitsa,пшеница,
6219,yachmen,ячмень,
6220,yachmen,ячмень,
6221,pshenitsa,пшеница,
6222,podsolnechnik,подсолнечник,
6223,pshenitsa,пшеница,
6224,yachmen,ячмень,
6225,goroh-fasol,горох / фасоль,
6226,soya,соя,
6227,podsolnechnik,подсолнечник,
6228,raps,рапс,
6229,raps,рапс,
6230,pshenitsa,пшеница,
6231,yachmen,ячмень,
6232,soya,соя,
6233,pshenitsa,пшеница,
6234,yachmen,ячмень,
6235,saharnaya-svekla,сахарная свекла,
6236,vinograd,виноград,
6237,raps,рапс,
6238,raps,рапс,
6239,soya,соя,
6240,pshenitsa,пшеница,
6241,yachmen,ячмень,
6242,oves,овес,
6243,raps,рапс,
6244,raps,рапс,
6245,soya,соя,
6246,goroh-fasol,горох / фасоль,
6247,zernobobovye,"зернобобовые (нут, чечевица, люпин, бобы)",
6247,sklady-i-zernohranilischa,склады и зернохранилища,
6248,zernobobovye,"зернобобовые (нут, чечевица, люпин, бобы)",
6249,kormovye-travy,кормовые травы,
6250,podsolnechnik,подсолнечник,
6251,saharnaya-svekla,сахарная свекла,
6252,vinograd,виноград,
6253,len,лен,
6254,len,лен,
6255,pshenitsa,пшеница,
6256,pshenitsa,пшеница,
6257,yachmen,ячмень,
6258,pshenitsa,пшеница,
6259,pshenitsa,пшеница,
6260,yachmen,ячмень,
6261,ris,рис,
6262,pshenitsa,пшеница,
6263,pshenitsa,пшеница,
6264,pshenitsa,пшеница,
6265,yachmen,ячмень,
6266,yachmen,ячмень,
6267,rozh,рожь,
6268,saharnaya-svekla,сахарная свекла,
6269,podsolnechnik,подсолнечник,
6270,goroh-fasol,горох / фасоль,
6271,raps,рапс,
6272,raps,рапс,
6273,pshenitsa,пшеница,
6274,pshenitsa,пшеница,
6275,yachmen,ячмень,
6276,rozh,рожь,
6277,oves,овес,
6278,podsolnechnik,подсолнечник,
6279,len,лен,
6280,len,лен,
6281,soya,соя,
6282,goroh-fasol,горох / фасоль,
6283,goroh-fasol,горох / фасоль,
6284,saharnaya-svekla,сахарная свекла,
6285,raps,рапс,
6286,raps,рапс,
6287,pshenitsa,пшеница,
6288,pshenitsa,пшеница,
6289,zernovye,зерновые (прочие),
6290,oves,овес,
6291,yachmen,ячмень,
6292,kukuruza,кукуруза,
6293,saharnaya-svekla,сахарная свекла,
6294,goroh-fasol,горох / фасоль,
6295,soya,соя,
6296,podsolnechnik,подсолнечник,
6297,raps,рапс,
6298,raps,рапс,
6299,pshenitsa,пшеница,
6300,pshenitsa,пшеница,
6301,yachmen,ячмень,
6302,pshenitsa,пшеница,
6303,pshenitsa,пшеница,
6304,pshenitsa,пшеница,
6305,yachmen,ячмень,
6306,yachmen,ячмень,
6307,vinograd,виноград,
6308,pshenitsa,пшеница,
6309,pshenitsa,пшеница,
6310,pshenitsa,пшеница,
6311,yachmen,ячмень,
6312,yachmen,ячмень,
6313,vinograd,виноград,
6314,grusha,груша,
6314,yablonya,яблоня,
6315,pshenitsa,пшеница,
6316,pshenitsa,пшеница,
6317,yachmen,ячмень,
6318,saharnaya-svekla,сахарная свекла,
6319,pshenitsa,пшеница,
6320,pshenitsa,пшеница,
6321,yachmen,ячмень,
6322,rozh,рожь,
6323,zernovye,зерновые (прочие),
6324,oves,овес,
6325,saharnaya-svekla,сахарная свекла,
6326,pshenitsa,пшеница,
6327,yachmen,ячмень,
6328,rozh,рожь,
6329,zernovye,зерновые (прочие),
6330,pshenitsa,пшеница,
6331,pshenitsa,пшеница,
6332,yachmen,ячмень,
6333,rozh,рожь,
6334,zernovye,зерновые (прочие),
6335,zernovye,зерновые (прочие),
6336,oves,овес,
6337,saharnaya-svekla,сахарная свекла,
6338,zernovye,зерновые (прочие),
6338,oves,овес,
6339,saharnaya-svekla,сахарная свекла,
6340,pshenitsa,пшеница,
6341,yachmen,ячмень,
6342,rozh,рожь,
6343,oves,овес,
6344,saharnaya-svekla,сахарная свекла,
6345,goroh-fasol,горох / фасоль,
6346,oves,овес,
6347,pshenitsa,пшеница,
6348,yachmen,ячмень,
6349,rozh,рожь,
6350,saharnaya-svekla,сахарная свекла,
6351,zernovye,зерновые (прочие),
6351,oves,овес,
6352,saharnaya-svekla,сахарная свекла,
6353,pshenitsa,пшеница,
6354,yachmen,ячмень,
6355,rozh,рожь,
6356,oves,овес,
6357,saharnaya-svekla,сахарная свекла,
6358,pshenitsa,пшеница,
6359,pshenitsa,пшеница,
6360,yachmen,ячмень,
6361,rozh,рожь,
6362,oves,овес,
6363,saharnaya-svekla,сахарная свекла,
6364,pshenitsa,пшеница,
6365,rozh,рожь,
6366,yachmen,ячмень,
6367,oves,овес,
6368,saharnaya-svekla,сахарная свекла,
6369,pshenitsa,пшеница,
6370,rozh,рожь,
6371,oves,овес,
6372,saharnaya-svekla,сахарная свекла,
6373,pshenitsa,пшеница,
6374,yachmen,ячмень,
6375,saharnaya-svekla,сахарная свекла,
6376,goroh-fasol,горох / фасоль,
6377,pshenitsa,пшеница,
6378,yachmen,ячмень,
6379,rozh,рожь,
6380,oves,овес,
6381,saharnaya-svekla,сахарная свекла,
6382,pshenitsa,пшеница,
6383,pshenitsa,пшеница,
6384,saharnaya-svekla,сахарная свекла,
6385,pshenitsa,пшеница,
6386,yachmen,ячмень,
6387,pshenitsa,пшеница,
6388,yachmen,ячмень,
6389,rozh,рожь,
6390,oves,овес,
6391,saharnaya-svekla,сахарная свекла,
6392,pshenitsa,пшеница,
6393,saharnaya-svekla,сахарная свекла,
6394,pshenitsa,пшеница,
6395,pshenitsa,пшеница,
6396,pshenitsa,пшеница,
6397,yachmen,ячмень,
6398,yachmen,ячмень,
6399,saharnaya-svekla,сахарная свекла,
6400,zernovye,зерновые (прочие),
6400,oves,овес,
6401,saharnaya-svekla,сахарная свекла,
6402,pshenitsa,пшеница,
6403,yachmen,ячмень,
6404,saharnaya-svekla,сахарная свекла,
6405,soya,соя,
6406,podsolnechnik,подсолнечник,
6407,kartofel,картофель,
6408,tomat,томат,открытый грунт
6409,luk,лук,
6410,yablonya,яблоня,
6411,vinograd,виноград,
6412,zernovye,зерновые (прочие),
6412,oves,овес,
6413,raps,рапс,
6414,pshenitsa,пшеница,
6415,pshenitsa,пшеница,
6416,yachmen,ячмень,
6417,rozh,рожь,
6418,kukuruza,кукуруза,
6419,raps,рапс,
6420,goroh-fasol,горох / фасоль,
6421,zernobobovye,"зернобобовые (нут, чечевица, люпин, бобы)",
6422,zernobobovye,"зернобобовые (нут, чечевица, люпин, бобы)",
6423,soya,соя,
6424,pshenitsa,пшеница,
6425,pshenitsa,пшеница,
6426,yachmen,ячмень,
6427,raps,рапс,
6428,svekla,свекла,
6429,pshenitsa,пшеница,
6430,yachmen,ячмень,
6431,rozh,рожь,
6432,oves,овес,
6433,soya,соя,
6434,soya,соя,
6435,kukuruza,кукуруза,
6436,kukuruza,кукуруза,
6437,zernobobovye,"зернобобовые (нут, чечевица, люпин, бобы)",
6438,pshenitsa,пшеница,
6439,pshenitsa,пшеница,
6440,yachmen,ячмень,
6441,ris,рис,
6442,raps,рапс,
6443,raps,рапс,
6444,goroh-fasol,горох / фасоль,
6445,soya,соя,
6446,zernobobovye,"зернобобовые (нут, чечевица, люпин, бобы)",
6447,zernobobovye,"зернобобовые (нут, чечевица, люпин, бобы)",
6448,kukuruza,кукуруза,
6449,podsolnechnik,подсолнечник,
6450,pshenitsa,пшеница,
6451,pshenitsa,пшеница,
6452,yachmen,ячмень,
6453,pshenitsa,пшеница,
6454,pshenitsa,пшеница,
6455,yachmen,ячмень,
6456,pshenitsa,пшеница,
6457,pshenitsa,пшеница,
6458,yachmen,ячмень,
6459,rozh,рожь,
6460,zernovye,зерновые (прочие),
6461,oves,овес,
6462,krupyanye,"крупяные (гречиха, просо, сорго)",
6463,len,лен,
6464,goroh-fasol,горох / фасоль,
6465,zernobobovye,"зернобобовые (нут, чечевица, люпин, бобы)",
6466,zernobobovye,"зернобобовые (нут, чечевица, люпин, бобы)",
6467,pshenitsa,пшеница,
6468,pshenitsa,пшеница,
6469,yachmen,ячмень,
6470,pshenitsa,пшеница,
6471,pshenitsa,пшеница,
6472,pshenitsa,пшеница,
6473,yachmen,ячмень,
6474,yachmen,ячмень,
6475,raps,рапс,
6476,raps,рапс,
6477,len,лен,
6478,pshenitsa,пшеница,
6479,yachmen,ячмень,
6480,rozh,рожь,
6481,oves,овес,
6482,pshenitsa,пшеница,
6483,raps,рапс,
6484,raps,рапс,
6485,raps,рапс,
6486,pshenitsa,пшеница,
6487,pshenitsa,пшеница,
6488,yachmen,ячмень,
6489,rozh,рожь,
6490,zernovye,зерновые (прочие),
6491,oves,овес,
6492,krupyanye,"крупяные (гречиха, просо, сорго)",
6493,len,лен,
6494,goroh-fasol,горох / фасоль,
6495,zernobobovye,"зернобобовые (нут, чечевица, люпин, бобы)",
6496,zernobobovye,"зернобобовые (нут, чечевица, люпин, бобы)",
6497,pshenitsa,пшеница,
6498,pshenitsa,пшеница,
6499,yachmen,ячмень,
6500,raps,рапс,
6501,kukuruza,кукуруза,
6502,pshenitsa,пшеница,
6503,raps,рапс,
6504,raps,рапс,
6505,raps,рапс,
6506,pshenitsa,пшеница,
6507,pshenitsa,пшеница,
6508,yachmen,ячмень,
6509,pshenitsa,пшеница,
6510,pshenitsa,пшеница,
6511,yachmen,ячмень,
6512,pshenitsa,пшеница,
6513,pshenitsa,пшеница,
6514,yachmen,ячмень,
6515,pshenitsa,пшеница,
6516,pshenitsa,пшеница,
6517,yachmen,ячмень,
6518,yachmen,ячмень,
6519,yachmen,ячмень,
6520,pshenitsa,пшеница,
6521,yachmen,ячмень,
6522,yachmen,ячмень,
6523,pshenitsa,пшеница,
6524,pshenitsa,пшеница,
6525,yachmen,ячмень,
6526,yachmen,ячмень,
6527,rozh,рожь,
6528,oves,овес,
6529,ris,рис,
6530,ris,рис,
6531,saharnaya-svekla,сахарная свекла,
6532,soya,соя,
6533,pshenitsa,пшеница,
6534,pshenitsa,пшеница,
6535,yachmen,ячмень,
6536,yachmen,ячмень,
6537,soya,соя,
6538,saharnaya-svekla,сахарная свекла,
6539,pshenitsa,пшеница,
6540,pshenitsa,пшеница,
6541,yachmen,ячмень,
6542,pshenitsa,пшеница,
6543,pshenitsa,пшеница,
6544,yachmen,ячмень,
6545,kukuruza,кукуруза,
6546,soya,соя,
6547,kartofel,картофель,
6548,kartofel,картофель,
6549,pshenitsa,пшеница,
6550,pshenitsa,пшеница,
6551,yachmen,ячмень,
6552,yachmen,ячмень,
6553,luk,лук,
6554,pshenitsa,пшеница,
6555,yachmen,ячмень,
6556,zernovye,зерновые (прочие),
6556,oves,овес,
6557,pshenitsa,пшеница,
6558,pshenitsa,пшеница,
6559,pshenitsa,пшеница,
6560,yachmen,ячмень,
6561,yachmen,ячмень,
6562,pshenitsa,пшеница,
6563,pshenitsa,пшеница,
6564,pshenitsa,пшеница,
6565,yachmen,ячмень,
6566,yachmen,ячмень,
6567,saharnaya-svekla,сахарная свекла,
6568,zernovye,зерновые (прочие),
6568,oves,овес,
6569,zernovye,зерновые (прочие),
6569,oves,овес,
6570,pshenitsa,пшеница,
6571,pshenitsa,пшеница,
6572,yachmen,ячмень,
6573,pshenitsa,пшеница,
6574,yachmen,ячмень,
6575,saharnaya-svekla,сахарная свекла,
6576,zernovye,зерновые (прочие),
6576,oves,овес,
6577,pshenitsa,пшеница,
6578,pshenitsa,пшеница,
6579,pshenitsa,пшеница,
6580,yachmen,ячмень,
6581,yachmen,ячмень,
6582,yachmen,ячмень,
6583,rozh,рожь,
6584,rozh,рожь,
6585,zernovye,зерновые (прочие),
6586,pshenitsa,пшеница,
6587,pshenitsa,пшеница,
6588,yachmen,ячмень,
6589,rozh,рожь,
6591,oves,овес,
6592,kukuruza,кукуруза,
6593,kukuruza,кукуруза,
6594,pshenitsa,пшеница,
6595,yachmen,ячмень,
6596,grusha,груша,
6596,yablonya,яблоня,
6597,vinograd,виноград,
6598,tomat,томат,открытый грунт
6599,tomat,томат,защищённый грунт
6600,vinograd,виноград,
6601,vinograd,виноград,
6602,grusha,груша,
6602,yablonya,яблоня,
6603,tomat,томат,открытый грунт
6604,tomat,томат,защищённый грунт
6605,ogurets,огурец,открытый грунт
6606,roza,роза,защищённый грунт
6607,ogurets,огурец,защищённый грунт
6608,kabachok,кабачок,
6609,smorodina,смородина,
6610,kryzhovnik,крыжовник,
6611,roza,роза,открытый грунт
6612,vinograd,виноград,
6613,grusha,груша,
6613,yablonya,яблоня,
6614,smorodina,смородина,
6615,kryzhovnik,крыжовник,
6616,roza,роза,открытый грунт
6617,sklady-i-zernohranilischa,склады и зернохранилища,
6618,pogreba-i-podvaly,погреба и подвалы,
6618,sklady-i-zernohranilischa,склады и зернохранилища,
6619,grusha,груша,
6619,yablonya,яблоня,
6620,grusha,груша,
6620,yablonya,яблоня,
6621,vinograd,виноград,
6622,vinograd,виноград,
6623,grusha,груша,
6623,yablonya,яблоня,
6624,grusha,груша,
6624,yablonya,яблоня,
6625,vinograd,виноград,
6626,vinograd,виноград,
6627,vinograd,виноград,
6628,vinograd,виноград,
6629,yablonya,яблоня,
6630,vinograd,виноград,
6631,vinograd,виноград,
6632,ogurets,огурец,открытый грунт
6633,grusha,груша,
6633,yablonya,яблоня,
6634,vinograd,виноград,
6635,grusha,груша,
6635,yablonya,яблоня,
6636,tomat,томат,защищённый грунт
6637,vinograd,виноград,
6638,yablonya,яблоня,
6639,vinograd,виноград,
6640,grusha,груша,
6640,yablonya,яблоня,
6641,vinograd,виноград,
6642,grusha,груша,
6642,yablonya,яблоня,
6643,sklady-i-zernohranilischa,склады и зернохранилища,
6644,pogreba-i-podvaly,погреба и подвалы,
6644,sklady-i-zernohranilischa,склады и зернохранилища,
6645,pshenitsa,пшеница,
6646,yachmen,ячмень,
6647,soya,соя,
6648,saharnaya-svekla,сахарная свекла,
6649,podsolnechnik,подсолнечник,
6650,goroh-fasol,горох / фасоль,
6651,pshenitsa,пшеница,
6652,pshenitsa,пшеница,
6653,pshenitsa,пшеница,
6654,zernovye,зерновые (прочие),
6654,oves,овес,
6655,vinograd,виноград,
6656,pshenitsa,пшеница,
6657,pshenitsa,пшеница,
6658,yachmen,ячмень,
6659,yachmen,ячмень,
6660,rozh,рожь,
6661,pshenitsa,пшеница,
6662,pshenitsa,пшеница,
6663,pshenitsa,пшеница,
6664,oves,овес,
6665,pshenitsa,пшеница,
6666,pshenitsa,пшеница,
6667,pshenitsa,пшеница,
6668,yachmen,ячмень,
6669,yachmen,ячмень,
6670,oves,овес,
6671,rozh,рожь,
6672,svekla,свекла,
6673,pshenitsa,пшеница,
6674,yachmen,ячмень,
6675,rozh,рожь,
6676,vinograd,виноград,
6677,saharnaya-svekla,сахарная свекла,
6678,pshenitsa,пшеница,
6679,pshenitsa,пшеница,
6680,pshenitsa,пшеница,
6681,pshenitsa,пшеница,
6682,pshenitsa,пшеница,
6683,pshenitsa,пшеница,
6684,yachmen,ячмень,
6685,yachmen,ячмень,
6686,yachmen,ячмень,
6687,rozh,рожь,
6688,rozh,рожь,
6689,ris,рис,
6690,raps,рапс,
6691,raps,рапс,
6692,vinograd,виноград,
6693,pshenitsa,пшеница,
6694,yachmen,ячмень,
6695,rozh,рожь,
6696,oves,овес,
6697,raps,рапс,
6698,raps,рапс,
6699,krupyanye,"крупяные (гречиха, просо, сорго)",
6700,len,лен,
6701,pshenitsa,пшеница,
6702,pshenitsa,пшеница,
6703,yachmen,ячмень,
6704,yachmen,ячмень,
6705,yachmen,ячмень,
6706,oves,овес,
6707,pshenitsa,пшеница,
6708,pshenitsa,пшеница,
6709,yachmen,ячмень,
6710,pshenitsa,пшеница,
6711,yachmen,ячмень,
6712,yachmen,ячмень,
6713,oves,овес,
6714,pshenitsa,пшеница,
6715,pshenitsa,пшеница,
6716,len,лен,
6717,pshenitsa,пшеница,
6718,pshenitsa,пшеница,
6719,pshenitsa,пшеница,
6720,yachmen,ячмень,
6721,yachmen,ячмень,
6722,yachmen,ячмень,
6723,pshenitsa,пшеница,
6724,yachmen,ячмень,
6725,rozh,рожь,
6726,oves,овес,
6727,krupyanye,"крупяные (гречиха, просо, сорго)",
6728,pshenitsa,пшеница,
6729,pshenitsa,пшеница,
6730,pshenitsa,пшеница,
6731,pshenitsa,пшеница,
6732,rozh,рожь,
6733,rozh,рожь,
6734,yachmen,ячмень,
6735,yachmen,ячмень,
6736,yachmen,ячмень,
6737,oves,овес,
6738,oves,овес,
6739,len,лен,
6740,pshenitsa,пшеница,
6741,pshenitsa,пшеница,
6742,yachmen,ячмень,
6743,rozh,рожь,
6744,oves,овес,
6745,raps,рапс,
6746,pshenitsa,пшеница,
6747,pshenitsa,пшеница,
6748,pshenitsa,пшеница,
6749,yachmen,ячмень,
6750,yachmen,ячмень,
6751,yachmen,ячмень,
6752,rozh,рожь,
6753,rozh,рожь,
6754,oves,овес,
6755,len,лен,
6756,yachmen,ячмень,
6757,pshenitsa,пшеница,
6758,pshenitsa,пшеница,
6759,yachmen,ячмень,
6760,yachmen,ячмень,
6761,rozh,рожь,
6762,rozh,рожь,
6763,len,лен,
6764,pshenitsa,пшеница,
6765,pshenitsa,пшеница,
6766,pshenitsa,пшеница,
6767,yachmen,ячмень,
6768,rozh,рожь,
6769,oves,овес,
6770,raps,рапс,
6771,pshenitsa,пшеница,
6772,pshenitsa,пшеница,
6773,yachmen,ячмень,
6774,yachmen,ячмень,
6775,yachmen,ячмень,
6776,pshenitsa,пшеница,
6777,pshenitsa,пшеница,
6778,yachmen,ячмень,
6779,yachmen,ячмень,
6780,yachmen,ячмень,
6781,pshenitsa,пшеница,
6782,zernovye,зерновые (прочие),
6782,oves,овес,
6783,soya,соя,
6784,pshenitsa,пшеница,
6785,yachmen,ячмень,
6786,oves,овес,
6787,rozh,рожь,
6788,pshenitsa,пшеница,
6789,pshenitsa,пшеница,
6790,pshenitsa,пшеница,
6791,yachmen,ячмень,
6792,yachmen,ячмень,
6793,yachmen,ячмень,
6794,oves,овес,
6795,raps,рапс,
6796,len,лен,
6797,pshenitsa,пшеница,
6798,yachmen,ячмень,
6799,oves,овес,
6800,rozh,рожь,
6801,len,лен,
6802,krupyanye,"крупяные (гречиха, просо, сорго)",
6803,pshenitsa,пшеница,
6804,pshenitsa,пшеница,
6805,yachmen,ячмень,
6806,rozh,рожь,
6807,oves,овес,
6808,pshenitsa,пшеница,
6809,pshenitsa,пшеница,
6810,yachmen,ячмень,
6811,raps,рапс,
6812,ris,рис,
6813,soya,соя,
6814,pshenitsa,пшеница,
6815,pshenitsa,пшеница,
6816,pshenitsa,пшеница,
6817,yachmen,ячмень,
6818,yachmen,ячмень,
6819,yachmen,ячмень,
6820,oves,овес,
6821,pshenitsa,пшеница,
6822,pshenitsa,пшеница,
6823,pshenitsa,пшеница,
6824,yachmen,ячмень,
6825,yachmen,ячмень,
6826,yachmen,ячмень,
6827,rozh,рожь,
6828,rozh,рожь,
6829,oves,овес,
6829,rozh,рожь,
6830,oves,овес,
6830,rozh,рожь,
6831,pshenitsa,пшеница,
6832,pshenitsa,пшеница,
6833,pshenitsa,пшеница,
6834,yachmen,ячмень,
6835,rozh,рожь,
6835,yachmen,ячмень,
6836,rozh,рожь,
6836,yachmen,ячмень,
6837,rozh,рожь,
6837,yachmen,ячмень,
6838,oves,овес,
6838,rozh,рожь,
6839,oves,овес,
6839,rozh,рожь,
6840,oves,овес,
6840,raps,рапс,
6841,oves,овес,
6841,raps,рапс,
6842,len,лен,
6843,pshenitsa,пшеница,
6844,pshenitsa,пшеница,
6845,yachmen,ячмень,
6846,raps,рапс,
6847,krupyanye,"крупяные (гречиха, просо, сорго)",
6848,krupyanye,"крупяные (гречиха, просо, сорго)",
6849,len,лен,
6850,yachmen,ячмень,
6851,yachmen,ячмень,
6852,rozh,рожь,
6853,rozh,рожь,
6854,oves,овес,
6855,oves,овес,
6856,len,лен,
6857,pshenitsa,пшеница,
6858,pshenitsa,пшеница,
6859,pshenitsa,пшеница,
6860,rozh,рожь,
6861,podsolnechnik,подсолнечник,
6862,pshenitsa,пшеница,
6863,pshenitsa,пшеница,
6864,yachmen,ячмень,
6865,rozh,рожь,
6866,raps,рапс,
6867,kukuruza,кукуруза,
6868,soya,соя,
6869,zernobobovye,"зернобобовые (нут, чечевица, люпин, бобы)",
6870,pshenitsa,пшеница,
6871,yachmen,ячмень,
6872,pshenitsa,пшеница,
6873,pshenitsa,пшеница,
6874,pshenitsa,пшеница,
6875,yachmen,ячмень,
6876,yachmen,ячмень,
6877,oves,овес,
6878,krupyanye,"крупяные (гречиха, просо, сорго)",
6879,podsolnechnik,подсолнечник,
6880,pshenitsa,пшеница,
6881,yachmen,ячмень,
6882,rozh,рожь,
6883,raps,рапс,
6884,pshenitsa,пшеница,
6885,yachmen,ячмень,
6886,pshenitsa,пшеница,
6887,yachmen,ячмень,
6888,pshenitsa,пшеница,
6889,yachmen,ячмень,
6890,pshenitsa,пшеница,
6891,pshenitsa,пшеница,
6892,pshenitsa,пшеница,
6893,pshenitsa,пшеница,
6894,pshenitsa,пшеница,
6895,yachmen,ячмень,
6896,yachmen,ячмень,
6897,rozh,рожь,
6898,saharnaya-svekla,сахарная свекла,
6899,podsolnechnik,подсолнечник,
6900,pshenitsa,пшеница,
6901,yachmen,ячмень,
6902,rozh,рожь,
6903,zernovye,зерновые (прочие),
6904,oves,овес,
6905,pshenitsa,пшеница,
6906,pshenitsa,пшеница,
6907,pshenitsa,пшеница,
6908,yachmen,ячмень,
6909,pshenitsa,пшеница,
6910,pshenitsa,пшеница,
6911,yachmen,ячмень,
6912,raps,рапс,
6913,raps,рапс,
6914,soya,соя,
6915,goroh-fasol,горох / фасоль,
6916,pshenitsa,пшеница,
6917,pshenitsa,пшеница,
6918,yachmen,ячмень,
6919,raps,рапс,
6920,raps,рапс,
6921,soya,соя,
6922,goroh-fasol,горох / фасоль,
6923,pshenitsa,пшеница,
6924,pshenitsa,пшеница,
6925,yachmen,ячмень,
6926,raps,рапс,
6927,zernobobovye,"зернобобовые (нут, чечевица, люпин, бобы)",
6928,pshenitsa,пшеница,
6929,raps,рапс,
6930,pshenitsa,пшеница,
6931,pshenitsa,пшеница,
6932,yachmen,ячмень,
6933,kukuruza,кукуруза,
6934,kukuruza,кукуруза,
6935,soya,соя,
6936,goroh-fasol,горох / фасоль,
6936,sklady-i-zernohranilischa,склады и зернохранилища,
6937,zernobobovye,"зернобобовые (нут, чечевица, люпин, бобы)",
6938,pshenitsa,пшеница,
6939,yachmen,ячмень,
6940,pshenitsa,пшеница,
6941,pshenitsa,пшеница,
6942,pshenitsa,пшеница,
6943,pshenitsa,пшеница,
6944,yachmen,ячмень,
6945,yachmen,ячмень,
6946,rozh,рожь,
6947,pshenitsa,пшеница,
6948,pshenitsa,пшеница,
6949,pshenitsa,пшеница,
6950,yachmen,ячмень,
6951,yachmen,ячмень,
6952,rozh,рожь,
6953,raps,рапс,
6954,soya,соя,
6955,podsolnechnik,подсолнечник,
6956,pshenitsa,пшеница,
6957,pshenitsa,пшеница,
6958,yachmen,ячмень,
6959,saharnaya-svekla,сахарная свекла,
6960,raps,рапс,
6961,goroh-fasol,горох / фасоль,
6962,ris,рис,
6963,vinograd,виноград,
6964,pshenitsa,пшеница,
6965,yachmen,ячмень,
6966,soya,соя,
6967,goroh-fasol,горох / фасоль,
6968,raps,рапс,
6969,podsolnechnik,подсолнечник,
6970,pshenitsa,пшеница,
6971,pshenitsa,пшеница,
6972,yachmen,ячмень,
6973,yachmen,ячмень,
6974,raps,рапс,
6975,pshenitsa,пшеница,
6976,rozh,рожь,
6977,goroh-fasol,горох / фасоль,
6977,sklady-i-zernohranilischa,склады и зернохранилища,
6978,soya,соя,
6979,saharnaya-svekla,сахарная свекла,
6980,podsolnechnik,подсолнечник,
6981,pshenitsa,пшеница,
6982,pshenitsa,пшеница,
6983,yachmen,ячмень,
6984,oves,овес,
6985,pshenitsa,пшеница,
6986,pshenitsa,пшеница,
6987,yachmen,ячмень,
6988,ris,рис,
6989,raps,рапс,
6990,pshenitsa,пшеница,
6991,yachmen,ячмень,
6992,soya,соя,
6993,saharnaya-svekla,сахарная свекла,
6994,pshenitsa,пшеница,
6995,pshenitsa,пшеница,
6996,yachmen,ячмень,
6997,soya,соя,
6998,pshenitsa,пшеница,
6999,yachmen,ячмень,
7000,pshenitsa,пшеница,
7001,pshenitsa,пшеница,
7002,yachmen,ячмень,
7003,goroh-fasol,горох / фасоль,
7004,ris,рис,
7005,raps,рапс,
7006,raps,рапс,
7007,pshenitsa,пшеница,
7008,pshenitsa,пшеница,
7009,saharnaya-svekla,сахарная свекла,
7010,yablonya,яблоня,
7011,vinograd,виноград,
7012,vinograd,виноград,
7013,kartofel,картофель,
7013,sklady-i-zernohranilischa,склады и зернохранилища,
7014,kartofel,картофель,
7015,kartofel,картофель,
7016,kartofel,картофель,
7016,pogreba-i-podvaly,погреба и подвалы,
7016,sklady-i-zernohranilischa,склады и зернохранилища,
7017,kartofel,картофель,
7017,sklady-i-zernohranilischa,склады и зернохранилища,
7018,kartofel,картофель,
7019,kartofel,картофель,
7020,kartofel,картофель,
7021,kartofel,картофель,
7021,pogreba-i-podvaly,погреба и подвалы,
7021,sklady-i-zernohranilischa,склады и зернохранилища,
7022,oves,овес,
7023,rozh,рожь,
7024,yachmen,ячмень,
7025,pshenitsa,пшеница,
7026,pshenitsa,пшеница,
7027,pshenitsa,пшеница,
7028,yachmen,ячмень,
7029,yachmen,ячмень,
7030,rozh,рожь,
7031,rozh,рожь,
7032,oves,овес,
7033,pshenitsa,пшеница,
7034,pshenitsa,пшеница,
7035,yachmen,ячмень,
7036,pshenitsa,пшеница,
7037,pshenitsa,пшеница,
7038,yachmen,ячмень,
7039,yachmen,ячмень,
7040,yachmen,ячмень,
7041,yachmen,ячмень,
7042,rozh,рожь,
7043,podsolnechnik,подсолнечник,
7044,raps,рапс,
7045,pshenitsa,пшеница,
7046,yachmen,ячмень,
7047,rozh,рожь,
7048,pshenitsa,пшеница,
7049,yachmen,ячмень,
7050,pshenitsa,пшеница,
7051,pshenitsa,пшеница,
7052,yachmen,ячмень,
7053,zernovye,зерновые (прочие),
7053,oves,овес,
7054,zernovye,зерновые (прочие),
7054,oves,овес,
7055,pshenitsa,пшеница,
7056,yachmen,ячмень,
7057,soya,соя,
7058,zernobobovye,"зернобобовые (нут, чечевица, люпин, бобы)",
7059,kukuruza,кукуруза,
7060,pshenitsa,пшеница,
7061,pshenitsa,пшеница,
7062,yachmen,ячмень,
7063,pshenitsa,пшеница,
7064,pshenitsa,пшеница,
7065,yachmen,ячмень,
7066,yachmen,ячмень,
7067,podsolnechnik,подсолнечник,
7068,krupyanye,"крупяные (гречиха, просо, сорго)",
7069,goroh-fasol,горох / фасоль,
7070,pogreba-i-podvaly,погреба и подвалы,
7071,pshenitsa,пшеница,
7072,pshenitsa,пшеница,
7073,pshenitsa,пшеница,
7074,pshenitsa,пшеница,
7075,pshenitsa,пшеница,
7076,yachmen,ячмень,
7077,raps,рапс,
7078,kartofel,картофель,
7079,pshenitsa,пшеница,
7080,yachmen,ячмень,
7081,kartofel,картофель,
7082,pshenitsa,пшеница,
7083,yachmen,ячмень,
7084,kartofel,картофель,
7085,goroh-fasol,горох / фасоль,
7085,zernobobovye,"зернобобовые (нут, чечевица, люпин, бобы)",
7085,sklady-i-zernohranilischa,склады и зернохранилища,
7086,soya,соя,
7087,raps,рапс,
7088,raps,рапс,
7089,raps,рапс,
7090,raps,рапс,
7091,raps,рапс,
7092,pshenitsa,пшеница,
7092,yachmen,ячмень,
7093,pshenitsa,пшеница,
7094,pshenitsa,пшеница,
7095,pshenitsa,пшеница,
7096,yachmen,ячмень,
7097,yachmen,ячмень,
7098,kartofel,картофель,
7099,pshenitsa,пшеница,
7100,pshenitsa,пшеница,
7100,yachmen,ячмень,
7101,yachmen,ячмень,
7102,soya,соя,
7103,soya,соя,
7104,pshenitsa,пшеница,
7105,yachmen,ячмень,
7106,pshenitsa,пшеница,
7107,pshenitsa,пшеница,
7108,yachmen,ячмень,
7109,pshenitsa,пшеница,
7110,pshenitsa,пшеница,
7111,pshenitsa,пшеница,
7112,yachmen,ячмень,
7113,yachmen,ячмень,
7114,zernovye,зерновые (прочие),
7114,oves,овес,
7115,pshenitsa,пшеница,
7116,pshenitsa,пшеница,
7117,yachmen,ячмень,
7118,yachmen,ячмень,
7119,pshenitsa,пшеница,
7120,pshenitsa,пшеница,
7121,yachmen,ячмень,
7122,yachmen,ячмень,
7123,pshenitsa,пшеница,
7124,pshenitsa,пшеница,
7125,pshenitsa,пшеница,
7126,yachmen,ячмень,
7127,yachmen,ячмень,
7128,saharnaya-svekla,сахарная свекла,
7129,pshenitsa,пшеница,
7130,saharnaya-svekla,сахарная свекла,
7131,pshenitsa,пшеница,
7132,pshenitsa,пшеница,
7133,pshenitsa,пшеница,
7134,kukuruza,кукуруза,
7134,sklady-i-zernohranilischa,склады и зернохранилища,
7135,pshenitsa,пшеница,
7136,rozh,рожь,
7137,kukuruza,кукуруза,
7138,podsolnechnik,подсолнечник,
7139,len,лен,
7140,saharnaya-svekla,сахарная свекла,
7141,goroh-fasol,горох / фасоль,
7141,kormovye-travy,кормовые травы,
7142,zernobobovye,"зернобобовые (нут, чечевица, люпин, бобы)",
7142,soya,соя,
7143,kartofel,картофель,
7144,grusha,груша,
7144,yablonya,яблоня,
7145,vishnya-chereshnya,вишня / черешня,
7145,sliva,слива,
7146,abrikos-persik,абрикос / персик,
7147,goroh-fasol,горох / фасоль,
7148,soya,соя,
7149,zernobobovye,"зернобобовые (нут, чечевица, люпин, бобы)",
7150,zernobobovye,"зернобобовые (нут, чечевица, люпин, бобы)",
7151,yablonya,яблоня,
7152,abrikos-persik,абрикос / персик,
7152,vishnya-chereshnya,вишня / черешня,
7152,sliva,слива,
7153,yablonya,яблоня,
7154,sliva,слива,
7155,pshenitsa,пшеница,
7156,kukuruza,кукуруза,
7157,podsolnechnik,подсолнечник,
7158,goroh-fasol,горох / фасоль,
7159,zernobobovye,"зернобобовые (нут, чечевица, люпин, бобы)",
7159,soya,соя,
7160,yablonya,яблоня,
7161,abrikos-persik,абрикос / персик,
7162,vishnya-chereshnya,вишня / черешня,
7162,sliva,слива,
7163,saharnaya-svekla,сахарная свекла,
7164,yablonya,яблоня,
7165,vishnya-chereshnya,вишня / черешня,
7165,sliva,слива,
7166,abrikos-persik,абрикос / персик,
7167,pshenitsa,пшеница,
7168,pshenitsa,пшеница,
7169,yachmen,ячмень,
7170,soya,соя,
7171,pshenitsa,пшеница,
7172,pshenitsa,пшеница,
7173,rozh,рожь,
7174,yachmen,ячмень,
7175,soya,соя,
7176,goroh-fasol,горох / фасоль,
7177,kukuruza,кукуруза,
7177,sklady-i-zernohranilischa,склады и зернохранилища,
7178,podsolnechnik,подсолнечник,
7179,grusha,груша,
7179,yablonya,яблоня,
7180,grusha,груша,
7180,yablonya,яблоня,
7181,vinograd,виноград,
7182,kartofel,картофель,
7183,morkov,морковь,
7184,saharnaya-svekla,сахарная свекла,
7185,pshenitsa,пшеница,
7186,pshenitsa,пшеница,
7187,pshenitsa,пшеница,
7188,yachmen,ячмень,
7189,yachmen,ячмень,
7190,yachmen,ячмень,
7191,rozh,рожь,
7192,rozh,рожь,
7193,kukuruza,кукуруза,
7194,soya,соя,
7195,pshenitsa,пшеница,
7196,pshenitsa,пшеница,
7197,yachmen,ячмень,
7198,yachmen,ячмень,
7199,rozh,рожь,
7200,rozh,рожь,
7201,pshenitsa,пшеница,
7202,pshenitsa,пшеница,
7203,yachmen,ячмень,
7204,soya,соя,
7205,goroh-fasol,горох / фасоль,
7206,podsolnechnik,подсолнечник,
7207,pshenitsa,пшеница,
7208,yachmen,ячмень,
7209,rozh,рожь,
7210,oves,овес,
7211,pshenitsa,пшеница,
7212,yachmen,ячмень,
7213,rozh,рожь,
7214,oves,овес,
7215,pshenitsa,пшеница,
7216,pshenitsa,пшеница,
7217,yachmen,ячмень,
7218,vinograd,виноград,
7219,pshenitsa,пшеница,
7220,pshenitsa,пшеница,
7221,yachmen,ячмень,
7222,kukuruza,кукуруза,
7223,yablonya,яблоня,
7224,ogurets,огурец,открытый грунт
7225,ogurets,огурец,защищённый грунт
7226,tomat,томат,защищённый грунт
7227,pshenitsa,пшеница,
7228,pshenitsa,пшеница,
7229,pshenitsa,пшеница,
7230,pshenitsa,пшеница,
7231,yachmen,ячмень,
7232,rozh,рожь,
7233,oves,овес,
7234,oves,овес,
7235,kukuruza,кукуруза,
7235,sklady-i-zernohranilischa,склады и зернохранилища,
7236,kukuruza,кукуруза,
7237,pshenitsa,пшеница,
7238,pshenitsa,пшеница,
7239,yachmen,ячмень,
7240,yachmen,ячмень,
7241,rozh,рожь,
7242,oves,овес,
7243,pshenitsa,пшеница,
7244,pshenitsa,пшеница,
7245,yachmen,ячмень,
7246,oves,овес,
7247,pshenitsa,пшеница,
7248,pshenitsa,пшеница,
7249,pshenitsa,пшеница,
7250,yachmen,ячмень,
7251,yachmen,ячмень,
7252,yachmen,ячмень,
7253,rozh,рожь,
7254,rozh,рожь,
7255,yablonya,яблоня,
7256,grusha,груша,
7257,grusha,груша,
7257,yablonya,яблоня,
7258,vinograd,виноград,
7259,yablonya,яблоня,
7260,grusha,груша,
7261,grusha,груша,
7261,yablonya,яблоня,
7262,vinograd,виноград,
7263,grusha,груша,
7263,yablonya,яблоня,
7264,grusha,груша,
7264,yablonya,яблоня,
7265,vinograd,виноград,
7266,saharnaya-svekla,сахарная свекла,
7267,svekla,свекла,
7268,ayva,айва,
7268,grusha,груша,
7268,yablonya,яблоня,
7269,vinograd,виноград,
7270,saharnaya-svekla,сахарная свекла,
7271,svekla,свекла,
7272,saharnaya-svekla,сахарная свекла,
7273,svekla,свекла,
7274,kartofel,картофель,
7275,vinograd,виноград,
7276,tomat,томат,открытый грунт
7277,luk,лук,
7278,kartofel,картофель,
7279,tomat,томат,открытый грунт
7280,podsolnechnik,подсолнечник,
7281,podsolnechnik,подсолнечник,
7282,kartofel,картофель,
7283,tomat,томат,открытый грунт
7284,podsolnechnik,подсолнечник,
7285,podsolnechnik,подсолнечник,
7286,vinograd,виноград,
7287,kartofel,картофель,
7288,tomat,томат,открытый грунт
7289,luk,лук,
7290,kartofel,картофель,
7291,vinograd,виноград,
7292,podsolnechnik,подсолнечник,
7293,podsolnechnik,подсолнечник,
7294,kartofel,картофель,
7295,tomat,томат,открытый грунт
7296,podsolnechnik,подсолнечник,
7297,podsolnechnik,подсолнечник,
7298,vinograd,виноград,
7299,vinograd,виноград,
7300,luk,лук,
7301,tomat,томат,открытый грунт
7302,kartofel,картофель,
7303,kartofel,картофель,
7304,vinograd,виноград,
7305,tomat,томат,открытый грунт
7306,podsolnechnik,подсолнечник,
7307,podsolnechnik,подсолнечник,
7308,luk,лук,
7309,vinograd,виноград,
7310,tomat,томат,открытый грунт
7311,kartofel,картофель,
7312,luk,лук,
7313,vinograd,виноград,
7314,saharnaya-svekla,сахарная свекла,
7315,pshenitsa,пшеница,
7316,yachmen,ячмень,
7317,pshenitsa,пшеница,
7317,yachmen,ячмень,
7318,pshenitsa,пшеница,
7318,yachmen,ячмень,
7319,ogurets,огурец,защищённый грунт
7320,ogurets,огурец,защищённый грунт
7321,ogurets,огурец,защищённый грунт
7322,tomat,томат,защищённый грунт
7323,tomat,томат,защищённый грунт
7324,tomat,томат,открытый грунт
7325,tomat,томат,открытый грунт
7326,tomat,томат,открытый грунт
7327,yablonya,яблоня,
7328,ogurets,огурец,защищённый грунт
7329,ogurets,огурец,защищённый грунт
7330,ogurets,огурец,защищённый грунт
7331,tomat,томат,защищённый грунт
7332,tomat,томат,защищённый грунт
7333,tomat,томат,открытый грунт
7334,yablonya,яблоня,
7335,saharnaya-svekla,сахарная свекла,
7336,kartofel,картофель,
7337,yablonya,яблоня,
7338,vinograd,виноград,
7339,kartofel,картофель,
7340,yablonya,яблоня,
7341,vinograd,виноград,
7342,kartofel,картофель,
7343,kartofel,картофель,
7344,kartofel,картофель,
7345,kartofel,картофель,
7346,yablonya,яблоня,
7347,vinograd,виноград,
7348,kartofel,картофель,
7349,vinograd,виноград,
7350,yablonya,яблоня,
7351,kartofel,картофель,
7352,kartofel,картофель,
7353,vinograd,виноград,
7354,soya,соя,
7355,kartofel,картофель,
7356,podsolnechnik,подсолнечник,
7357,kartofel,картофель,
7358,soya,соя,
7359,podsolnechnik,подсолнечник,
7360,kartofel,картофель,
7361,luk,лук,
7362,kartofel,картофель,
7363,luk,лук,
7364,vinograd,виноград,
7365,vinograd,виноград,
7366,kartofel,картофель,
7367,luk,лук,
7368,vinograd,виноград,
7369,kartofel,картофель,
7370,vinograd,виноград,
7371,kartofel,картофель,
7372,vinograd,виноград,
7373,goroh-fasol,горох / фасоль,
7374,zernobobovye,"зернобобовые (нут, чечевица, люпин, бобы)",
7375,pshenitsa,пшеница,
7376,pshenitsa,пшеница,
7377,yachmen,ячмень,
7378,yachmen,ячмень,
7379,kartofel,картофель,
7380,kartofel,картофель,
7381,pshenitsa,пшеница,
7382,soya,соя,
7383,podsolnechnik,подсолнечник,
7384,goroh-fasol,горох / фасоль,
7385,yablonya,яблоня,
7386,yablonya,яблоня,
7387,luk,лук,
7388,kapusta,капуста,
7389,morkov,морковь,
7390,ogurets,огурец,открытый грунт
7391,tomat,томат,открытый грунт
7392,perets,перец,открытый грунт
7393,yablonya,яблоня,
7394,vinograd,виноград,
7395,luk,лук,
7396,yablonya,яблоня,
7397,yablonya,яблоня,
7398,vinograd,виноград,
7399,vinograd,виноград,
7400,luk,лук,
7401,klubnika,клубника (земляника),
7402,tomat,томат,защищённый грунт
7403,klubnika,клубника (земляника),
7404,tomat,томат,защищённый грунт
7405,saharnaya-svekla,сахарная свекла,
7406,kartofel,картофель,
7407,podsolnechnik,подсолнечник,
7408,kartofel,картофель,
7409,kartofel,картофель,
7410,kartofel,картофель,
7411,luk,лук,
7412,sazhentsy-i-posadochnyy-material,саженцы и посадочный материал,
7412,chesnok,чеснок,
7413,goroh-fasol,горох / фасоль,
7413,sklady-i-zernohranilischa,склады и зернохранилища,
7414,sazhentsy-i-posadochnyy-material,саженцы и посадочный материал,
7415,pshenitsa,пшеница,
7416,pshenitsa,пшеница,
7417,pshenitsa,пшеница,
7418,rozh,рожь,
7419,goroh-fasol,горох / фасоль,
7419,sklady-i-zernohranilischa,склады и зернохранилища,
7420,goroh-fasol,горох / фасоль,
7420,sklady-i-zernohranilischa,склады и зернохранилища,
7421,soya,соя,
7422,zernobobovye,"зернобобовые (нут, чечевица, люпин, бобы)",
7423,podsolnechnik,подсолнечник,
7424,kartofel,картофель,
7425,kartofel,картофель,
7426,kartofel,картофель,
7427,kartofel,картофель,
7428,tsvety,цветы (общее),
7429,zernobobovye,"зернобобовые (нут, чечевица, люпин, бобы)",
7430,luk,лук,
7431,zernobobovye,"зернобобовые (нут, чечевица, люпин, бобы)",
7432,raps,рапс,
7433,kartofel,картофель,
7434,kartofel,картофель,
7435,podsolnechnik,подсолнечник,
7436,soya,соя,
7437,pshenitsa,пшеница,
7438,kukuruza,кукуруза,
7439,podsolnechnik,подсолнечник,
7440,morkov,морковь,
7441,ogurets,огурец,открытый грунт
7442,tomat,томат,открытый грунт
7443,perets,перец,открытый грунт
7444,luk,лук,
7445,kapusta,капуста,
7446,yablonya,яблоня,
7447,vinograd,виноград,
7448,klubnika,клубника (земляника),
7449,tomat,томат,открытый грунт
7450,zernovye,зерновые (прочие),
7450,oves,овес,
7451,kartofel,картофель,
7452,kartofel,картофель,
7453,pshenitsa,пшеница,
7454,soya,соя,
7455,goroh-fasol,горох / фасоль,
7455,sklady-i-zernohranilischa,склады и зернохранилища,
7456,podsolnechnik,подсолнечник,
7457,pshenitsa,пшеница,
7458,kukuruza,кукуруза,
7459,goroh-fasol,горох / фасоль,
7460,soya,соя,
7461,zernobobovye,"зернобобовые (нут, чечевица, люпин, бобы)",
7462,kartofel,картофель,
7463,kartofel,картофель,
7464,goroh-fasol,горох / фасоль,
7465,soya,соя,
7466,zernobobovye,"зернобобовые (нут, чечевица, люпин, бобы)",
7467,zernobobovye,"зернобобовые (нут, чечевица, люпин, бобы)",
7468,kartofel,картофель,
7469,kukuruza,кукуруза,
7470,podsolnechnik,подсолнечник,
7471,kartofel,картофель,
7472,kukuruza,кукуруза,
7472,sklady-i-zernohranilischa,склады и зернохранилища,
7473,soya,соя,
7474,podsolnechnik,подсолнечник,
7475,kukuruza,кукуруза,
7475,sklady-i-zernohranilischa,склады и зернохранилища,
7476,podsolnechnik,подсолнечник,
7477,soya,соя,
7478,goroh-fasol,горох / фасоль,
7478,sklady-i-zernohranilischa,склады и зернохранилища,
7479,zernobobovye,"зернобобовые (нут, чечевица, люпин, бобы)",
7479,soya,соя,
7480,goroh-fasol,горох / фасоль,
7481,goroh-fasol,горох / фасоль,
7482,svekla,свекла,
7483,pshenitsa,пшеница,
7484,pshenitsa,пшеница,
7485,yachmen,ячмень,
7486,pshenitsa,пшеница,
7487,pshenitsa,пшеница,
7488,yachmen,ячмень,
7489,pshenitsa,пшеница,
7490,pshenitsa,пшеница,
7491,yachmen,ячмень,
7492,pshenitsa,пшеница,
7493,pshenitsa,пшеница,
7494,yachmen,ячмень,
7495,pshenitsa,пшеница,
7496,pshenitsa,пшеница,
7497,yachmen,ячмень,
7498,yachmen,ячмень,
7499,pshenitsa,пшеница,
7500,yachmen,ячмень,
7501,pshenitsa,пшеница,
7502,yachmen,ячмень,
7503,pshenitsa,пшеница,
7504,pshenitsa,пшеница,
7505,pshenitsa,пшеница,
7506,pshenitsa,пшеница,
7507,yachmen,ячмень,
7508,yachmen,ячмень,
7509,rozh,рожь,
7510,oves,овес,
7511,goroh-fasol,горох / фасоль,
7511,sklady-i-zernohranilischa,склады и зернохранилища,
7512,soya,соя,
7513,kukuruza,кукуруза,
7513,sklady-i-zernohranilischa,склады и зернохранилища,
7514,kartofel,картофель,
7515,kartofel,картофель,
7516,vinograd,виноград,
7517,pshenitsa,пшеница,
7518,yachmen,ячмень,
7519,rozh,рожь,
7520,grusha,груша,
7520,yablonya,яблоня,
7521,pshenitsa,пшеница,
7522,pshenitsa,пшеница,
7523,yachmen,ячмень,
7524,yachmen,ячмень,
7525,rozh,рожь,
7526,oves,овес,
7527,zernovye,зерновые (прочие),
7528,pshenitsa,пшеница,
7529,yachmen,ячмень,
7530,soya,соя,
7531,podsolnechnik,подсолнечник,
7532,kartofel,картофель,
7533,ogurets,огурец,открытый грунт
7534,luk,лук,
7535,kartofel,картофель,
7536,kartofel,картофель,
7537,yablonya,яблоня,
7538,vinograd,виноград,
7539,klubnika,клубника (земляника),
7540,kartofel,картофель,
7541,tomat,томат,открытый грунт
7542,tomat,томат,защищённый грунт
7543,grusha,груша,
7543,yablonya,яблоня,
7544,vinograd,виноград,
7545,klubnika,клубника (земляника),
7546,kartofel,картофель,
7547,tomat,томат,открытый грунт
7548,tomat,томат,защищённый грунт
7549,soya,соя,
7550,raps,рапс,
7551,podsolnechnik,подсолнечник,
7552,kukuruza,кукуруза,
7553,kukuruza,кукуруза,
7554,saharnaya-svekla,сахарная свекла,
7555,zernovye,зерновые (прочие),
7555,oves,овес,
7556,podsolnechnik,подсолнечник,
7557,kukuruza,кукуруза,
7558,ogurets,огурец,открытый грунт
7559,tomat,томат,открытый грунт
7560,kapusta,капуста,
7561,morkov,морковь,
7562,arbuz-dynya,арбуз / дыня,
7563,luk,лук,
7564,pshenitsa,пшеница,
7565,yachmen,ячмень,
7566,saharnaya-svekla,сахарная свекла,
7567,pshenitsa,пшеница,
7568,yachmen,ячмень,
7569,saharnaya-svekla,сахарная свекла,
7570,pshenitsa,пшеница,
7571,yachmen,ячмень,
7572,saharnaya-svekla,сахарная свекла,
7573,pshenitsa,пшеница,
7574,yachmen,ячмень,
7575,saharnaya-svekla,сахарная свекла,
7576,pshenitsa,пшеница,
7577,yachmen,ячмень,
7578,rozh,рожь,
7579,zernovye,зерновые (прочие),
7580,zernovye,зерновые (прочие),
7581,ayva,айва,
7581,grusha,груша,
7581,yablonya,яблоня,
7582,vinograd,виноград,
7583,pshenitsa,пшеница,
7584,pshenitsa,пшеница,
7585,pshenitsa,пшеница,
7586,pshenitsa,пшеница,
7587,yachmen,ячмень,
7588,yablonya,яблоня,
7589,saharnaya-svekla,сахарная свекла,
7590,vinograd,виноград,
7591,pshenitsa,пшеница,
7592,yachmen,ячмень,
7593,pshenitsa,пшеница,
7594,yachmen,ячмень,
7595,saharnaya-svekla,сахарная свекла,
7596,pshenitsa,пшеница,
7597,yachmen,ячмень,
7598,saharnaya-svekla,сахарная свекла,
7599,pshenitsa,пшеница,
7600,yachmen,ячмень,
7601,saharnaya-svekla,сахарная свекла,
7602,pshenitsa,пшеница,
7603,yachmen,ячмень,
7604,saharnaya-svekla,сахарная свекла,
7605,pshenitsa,пшеница,
7606,pshenitsa,пшеница,
7607,pshenitsa,пшеница,
7608,yachmen,ячмень,
7609,pshenitsa,пшеница,
7610,pshenitsa,пшеница,
7611,yachmen,ячмень,
7612,pshenitsa,пшеница,
7612,yachmen,ячмень,
7613,saharnaya-svekla,сахарная свекла,
7614,pshenitsa,пшеница,
7615,yachmen,ячмень,
7616,pshenitsa,пшеница,
7617,yachmen,ячмень,
7618,pshenitsa,пшеница,
7619,yachmen,ячмень,
7620,saharnaya-svekla,сахарная свекла,
7621,pshenitsa,пшеница,
7622,yachmen,ячмень,
7623,pshenitsa,пшеница,
7624,pshenitsa,пшеница,
7625,pshenitsa,пшеница,
7626,yachmen,ячмень,
7627,oves,овес,
7628,rozh,рожь,
7629,pshenitsa,пшеница,
7630,pshenitsa,пшеница,
7631,yachmen,ячмень,
7632,vinograd,виноград,
7633,vinograd,виноград,
7634,ayva,айва,
7634,grusha,груша,
7634,yablonya,яблоня,
7635,kartofel,картофель,
7636,saharnaya-svekla,сахарная свекла,
7637,tomat,томат,открытый грунт
7638,ogurets,огурец,открытый грунт
7639,luk,лук,
7640,len,лен,
7641,abrikos-persik,абрикос / персик,
7641,vishnya-chereshnya,вишня / черешня,
7641,sliva,слива,
7642,hosta-mnogoletniki,хоста / многолетники,
7643,pryanye-i-lekarstvennye-travy,пряные и лекарственные травы,
7644,pryanye-i-lekarstvennye-travy,пряные и лекарственные травы,
7645,pryanye-i-lekarstvennye-travy,пряные и лекарственные травы,
7646,pryanye-i-lekarstvennye-travy,пряные и лекарственные травы,
7647,hvoynye,"хвойные (туя, ель, можжевельник)",
7648,lesnye-nasazhdeniya,лесные насаждения,
7649,kartofel,картофель,
7650,saharnaya-svekla,сахарная свекла,
7651,tomat,томат,открытый грунт
7652,ogurets,огурец,открытый грунт
7653,luk,лук,
7654,vinograd,виноград,
7655,ayva,айва,
7655,grusha,груша,
7655,yablonya,яблоня,
7656,abrikos-persik,абрикос / персик,
7656,vishnya-chereshnya,вишня / черешня,
7656,sliva,слива,
7657,tsvety,цветы (общее),
7658,yablonya,яблоня,
7659,vinograd,виноград,
7660,kartofel,картофель,
7661,kartofel,картофель,
7662,ogurets,огурец,открытый грунт
7663,ogurets,огурец,защищённый грунт
7664,vinograd,виноград,
7665,tomat,томат,открытый грунт
7666,luk,лук,
7667,kartofel,картофель,
7668,ogurets,огурец,открытый грунт
7669,vinograd,виноград,
7670,tomat,томат,открытый грунт
7671,luk,лук,
7672,kartofel,картофель,
7673,ogurets,огурец,открытый грунт
7674,ogurets,огурец,защищённый грунт
7675,vinograd,виноград,
7676,tomat,томат,открытый грунт
7677,luk,лук,
7678,kartofel,картофель,
7679,ogurets,огурец,открытый грунт
7680,vinograd,виноград,
7681,tomat,томат,открытый грунт
7682,luk,лук,
7683,pshenitsa,пшеница,
7684,yachmen,ячмень,
7685,kartofel,картофель,
7686,luk,лук,
7687,tomat,томат,
7688,pshenitsa,пшеница,
7689,yachmen,ячмень,
7690,kartofel,картофель,
7691,luk,лук,
7692,tomat,томат,
7693,pshenitsa,пшеница,
7694,pshenitsa,пшеница,
7695,yachmen,ячмень,
7696,kartofel,картофель,
7697,pshenitsa,пшеница,
7698,yachmen,ячмень,
7699,kartofel,картофель,
7700,tomat,томат,
7701,kartofel,картофель,
7702,kartofel,картофель,
7703,kartofel,картофель,
7704,kartofel,картофель,
7705,tomat,томат,открытый грунт
7706,luk,лук,
7707,kartofel,картофель,
7708,tomat,томат,открытый грунт
7709,kartofel,картофель,
7710,tomat,томат,открытый грунт
7711,kartofel,картофель,
7712,tomat,томат,открытый грунт
7713,vinograd,виноград,
7714,kartofel,картофель,
7715,tomat,томат,открытый грунт
7716,vinograd,виноград,
7717,kartofel,картофель,
7718,vinograd,виноград,
7719,kartofel,картофель,
7720,vinograd,виноград,
7721,kartofel,картофель,
7722,luk,лук,
7723,vinograd,виноград,
7724,kartofel,картофель,
7725,tomat,томат,открытый грунт
7726,luk,лук,
7727,luk,лук,
7728,kartofel,картофель,
7729,tomat,томат,открытый грунт
7730,grusha,груша,
7730,yablonya,яблоня,
7731,vishnya-chereshnya,вишня / черешня,
7731,sliva,слива,
7732,vishnya-chereshnya,вишня / черешня,
7732,sliva,слива,
7733,grusha,груша,
7733,yablonya,яблоня,
7734,vishnya-chereshnya,вишня / черешня,
7734,sliva,слива,
7735,vishnya-chereshnya,вишня / черешня,
7735,sliva,слива,
7736,vishnya-chereshnya,вишня / черешня,
7736,sliva,слива,
7737,grusha,груша,
7737,yablonya,яблоня,
7738,abrikos-persik,абрикос / персик,
7739,abrikos-persik,абрикос / персик,
7740,vishnya-chereshnya,вишня / черешня,
7740,sliva,слива,
7741,vishnya-chereshnya,вишня / черешня,
7741,sliva,слива,
7742,vinograd,виноград,
7743,vinograd,виноград,
7744,grusha,груша,
7744,yablonya,яблоня,
7745,abrikos-persik,абрикос / персик,
7745,vishnya-chereshnya,вишня / черешня,
7745,sliva,слива,
7746,abrikos-persik,абрикос / персик,
7746,vishnya-chereshnya,вишня / черешня,
7746,sliva,слива,
7747,abrikos-persik,абрикос / персик,
7747,vishnya-chereshnya,вишня / черешня,
7747,sliva,слива,
7748,grusha,груша,
7748,yablonya,яблоня,
7749,abrikos-persik,абрикос / персик,
7749,vishnya-chereshnya,вишня / черешня,
7749,sliva,слива,
7750,abrikos-persik,абрикос / персик,
7750,vishnya-chereshnya,вишня / черешня,
7750,sliva,слива,
7751,abrikos-persik,абрикос / персик,
7751,vishnya-chereshnya,вишня / черешня,
7751,sliva,слива,
7752,grusha,груша,
7752,yablonya,яблоня,
7753,abrikos-persik,абрикос / персик,
7753,vishnya-chereshnya,вишня / черешня,
7753,sliva,слива,
7754,abrikos-persik,абрикос / персик,
7754,vishnya-chereshnya,вишня / черешня,
7754,sliva,слива,
7755,abrikos-persik,абрикос / персик,
7755,vishnya-chereshnya,вишня / черешня,
7755,sliva,слива,
7756,grusha,груша,
7756,yablonya,яблоня,
7757,abrikos-persik,абрикос / персик,
7757,vishnya-chereshnya,вишня / черешня,
7757,sliva,слива,
7758,abrikos-persik,абрикос / персик,
7758,vishnya-chereshnya,вишня / черешня,
7758,sliva,слива,
7759,abrikos-persik,абрикос / персик,
7759,vishnya-chereshnya,вишня / черешня,
7759,sliva,слива,
7760,grusha,груша,
7760,yablonya,яблоня,
7761,abrikos-persik,абрикос / персик,
7761,vishnya-chereshnya,вишня / черешня,
7761,sliva,слива,
7762,abrikos-persik,абрикос / персик,
7762,vishnya-chereshnya,вишня / черешня,
7762,sliva,слива,
7763,abrikos-persik,абрикос / персик,
7763,vishnya-chereshnya,вишня / черешня,
7763,sliva,слива,
7764,vinograd,виноград,
7765,grusha,груша,
7765,yablonya,яблоня,
7766,abrikos-persik,абрикос / персик,
7766,vishnya-chereshnya,вишня / черешня,
7766,sliva,слива,
7767,abrikos-persik,абрикос / персик,
7767,vishnya-chereshnya,вишня / черешня,
7767,sliva,слива,
7768,abrikos-persik,абрикос / персик,
7768,vishnya-chereshnya,вишня / черешня,
7768,sliva,слива,
7769,grusha,груша,
7769,yablonya,яблоня,
7770,vinograd,виноград,
7771,vinograd,виноград,
7772,grusha,груша,
7772,yablonya,яблоня,
7773,vishnya-chereshnya,вишня / черешня,
7773,sliva,слива,
7774,vishnya-chereshnya,вишня / черешня,
7774,sliva,слива,
7775,vishnya-chereshnya,вишня / черешня,
7775,sliva,слива,
7776,ayva,айва,
7776,grusha,груша,
7776,yablonya,яблоня,
7777,abrikos-persik,абрикос / персик,
7777,vishnya-chereshnya,вишня / черешня,
7777,sliva,слива,
7778,abrikos-persik,абрикос / персик,
7778,vishnya-chereshnya,вишня / черешня,
7778,sliva,слива,
7779,abrikos-persik,абрикос / персик,
7779,vishnya-chereshnya,вишня / черешня,
7779,sliva,слива,
7780,yachmen,ячмень,
7781,yachmen,ячмень,
7782,yachmen,ячмень,
7783,yachmen,ячмень,
7784,yablonya,яблоня,
7785,yablonya,яблоня,
7786,yablonya,яблоня,
7787,vinograd,виноград,
7788,tomat,томат,защищённый грунт
7789,klubnika,клубника (земляника),
7790,pshenitsa,пшеница,
7791,pshenitsa,пшеница,
7792,rozh,рожь,
7793,yachmen,ячмень,
7794,saharnaya-svekla,сахарная свекла,
7795,saharnaya-svekla,сахарная свекла,
7796,pshenitsa,пшеница,
7797,pshenitsa,пшеница,
7798,rozh,рожь,
7799,yachmen,ячмень,
7800,saharnaya-svekla,сахарная свекла,
7801,saharnaya-svekla,сахарная свекла,
7802,pshenitsa,пшеница,
7803,svekla,свекла,
7804,soya,соя,
7805,pshenitsa,пшеница,
7806,pshenitsa,пшеница,
7807,yachmen,ячмень,
7808,yachmen,ячмень,
7809,rozh,рожь,
7810,podsolnechnik,подсолнечник,
7811,raps,рапс,
7812,kukuruza,кукуруза,
7813,saharnaya-svekla,сахарная свекла,
7814,pshenitsa,пшеница,
7815,pshenitsa,пшеница,
7816,pshenitsa,пшеница,
7817,yachmen,ячмень,
7818,yachmen,ячмень,
7819,yachmen,ячмень,
7820,yachmen,ячмень,
7821,yachmen,ячмень,
7822,oves,овес,
7823,oves,овес,
7824,rozh,рожь,
7825,yachmen,ячмень,
7826,pshenitsa,пшеница,
7827,pshenitsa,пшеница,
7828,pshenitsa,пшеница,
7829,yachmen,ячмень,
7830,yachmen,ячмень,
7831,yachmen,ячмень,
7832,oves,овес,
7833,oves,овес,
7834,rozh,рожь,
7835,oves,овес,
7836,pshenitsa,пшеница,
7837,pshenitsa,пшеница,
7838,yachmen,ячмень,
7839,yachmen,ячмень,
7840,yachmen,ячмень,
7841,rozh,рожь,
7842,oves,овес,
7843,goroh-fasol,горох / фасоль,
7844,pshenitsa,пшеница,
7845,yachmen,ячмень,
7846,rozh,рожь,
7847,oves,овес,
7848,saharnaya-svekla,сахарная свекла,
7849,pshenitsa,пшеница,
7850,yachmen,ячмень,
7851,pshenitsa,пшеница,
7852,pshenitsa,пшеница,
7853,pshenitsa,пшеница,
7854,yachmen,ячмень,
7855,yachmen,ячмень,
7856,kukuruza,кукуруза,
7857,saharnaya-svekla,сахарная свекла,
7858,podsolnechnik,подсолнечник,
7859,raps,рапс,
7860,raps,рапс,
7861,pshenitsa,пшеница,
7862,yachmen,ячмень,
7863,raps,рапс,
7864,podsolnechnik,подсолнечник,
7865,podsolnechnik,подсолнечник,
7866,pshenitsa,пшеница,
7867,yachmen,ячмень,
7868,svekla,свекла,
7869,podsolnechnik,подсолнечник,
7870,pshenitsa,пшеница,
7871,pshenitsa,пшеница,
7872,yachmen,ячмень,
7873,pshenitsa,пшеница,
7874,pshenitsa,пшеница,
7875,yachmen,ячмень,
7876,raps,рапс,
7877,kukuruza,кукуруза,
7878,podsolnechnik,подсолнечник,
7879,soya,соя,
7880,saharnaya-svekla,сахарная свекла,
7881,zernobobovye,"зернобобовые (нут, чечевица, люпин, бобы)",
7882,pshenitsa,пшеница,
7883,goroh-fasol,горох / фасоль,
7884,yachmen,ячмень,
7885,rozh,рожь,
7886,zernovye,зерновые (прочие),
7887,oves,овес,
7888,svekla,свекла,
7889,svekla,свекла,
7890,soya,соя,
7891,soya,соя,
7892,zernobobovye,"зернобобовые (нут, чечевица, люпин, бобы)",
7893,pshenitsa,пшеница,
7894,yachmen,ячмень,
7895,saharnaya-svekla,сахарная свекла,
7896,pshenitsa,пшеница,
7897,yachmen,ячмень,
7898,pshenitsa,пшеница,
7899,pshenitsa,пшеница,
7900,yachmen,ячмень,
7901,yachmen,ячмень,
7902,saharnaya-svekla,сахарная свекла,
7903,soya,соя,
7904,podsolnechnik,подсолнечник,
7905,pshenitsa,пшеница,
7906,pshenitsa,пшеница,
7907,pshenitsa,пшеница,
7908,yachmen,ячмень,
7909,yachmen,ячмень,
7910,yachmen,ячмень,
7911,soya,соя,
7912,saharnaya-svekla,сахарная свекла,
7913,goroh-fasol,горох / фасоль,
7914,lesnye-nasazhdeniya,лесные насаждения,
7915,lesnye-nasazhdeniya,лесные насаждения,
7915,hvoynye,"хвойные (туя, ель, можжевельник)",
7916,luk,лук,
7917,rozh,рожь,
7918,rozh,рожь,
7919,tomat,томат,защищённый грунт
7920,pshenitsa,пшеница,
7921,pshenitsa,пшеница,
7922,pary,пары,
7923,pshenitsa,пшеница,
7923,rozh,рожь,
7924,pshenitsa,пшеница,
7924,yachmen,ячмень,
7925,kukuruza,кукуруза,
7926,kormovye-travy,кормовые травы,
7926,pastbischa-i-luga,пастбища и луга,
7927,kormovye-travy,кормовые травы,
7927,pastbischa-i-luga,пастбища и луга,
7928,pshenitsa,пшеница,
7928,yachmen,ячмень,
7929,pshenitsa,пшеница,
7930,kukuruza,кукуруза,
7931,pshenitsa,пшеница,
7931,yachmen,ячмень,
7932,pshenitsa,пшеница,
7933,kukuruza,кукуруза,
7934,pshenitsa,пшеница,
7934,yachmen,ячмень,
7935,kukuruza,кукуруза,
7936,pshenitsa,пшеница,
7936,yachmen,ячмень,
7937,pshenitsa,пшеница,
7937,yachmen,ячмень,
7938,kukuruza,кукуруза,
7939,pshenitsa,пшеница,
7939,rozh,рожь,
7939,yachmen,ячмень,
7940,kukuruza,кукуруза,
7941,pshenitsa,пшеница,
7941,yachmen,ячмень,
7942,zernovye,зерновые (прочие),
7942,pshenitsa,пшеница,
7942,rozh,рожь,
7942,yachmen,ячмень,
7943,kukuruza,кукуруза,
7944,pshenitsa,пшеница,
7944,yachmen,ячмень,
7945,pshenitsa,пшеница,
7945,yachmen,ячмень,
7946,pshenitsa,пшеница,
7946,rozh,рожь,
7946,yachmen,ячмень,
7947,pshenitsa,пшеница,
7947,rozh,рожь,
7947,yachmen,ячмень,
7948,kukuruza,кукуруза,
7949,kukuruza,кукуруза,
7950,pshenitsa,пшеница,
7951,pshenitsa,пшеница,
7952,pshenitsa,пшеница,
7952,yachmen,ячмень,
7953,kukuruza,кукуруза,
7954,kukuruza,кукуруза,
7955,pshenitsa,пшеница,
7955,yachmen,ячмень,
7956,kukuruza,кукуруза,
7957,oves,овес,
7957,pshenitsa,пшеница,
7957,rozh,рожь,
7957,yachmen,ячмень,
7958,maslichnye-i-tehnicheskie,масличные и технические,
7959,kormovye-travy,кормовые травы,
7960,pastbischa-i-luga,пастбища и луга,
7961,kormovye-travy,кормовые травы,
7961,pastbischa-i-luga,пастбища и луга,
7962,kormovye-travy,кормовые травы,
7963,kormovye-travy,кормовые травы,
7963,pastbischa-i-luga,пастбища и луга,
7964,pastbischa-i-luga,пастбища и луга,
7965,pastbischa-i-luga,пастбища и луга,
7965,yachmen,ячмень,
7966,pastbischa-i-luga,пастбища и луга,
7967,oves,овес,
7967,pshenitsa,пшеница,
7967,rozh,рожь,
7967,yachmen,ячмень,
7968,kukuruza,кукуруза,
7969,pshenitsa,пшеница,
7969,yachmen,ячмень,
7970,krupyanye,"крупяные (гречиха, просо, сорго)",
7971,pshenitsa,пшеница,
7971,yachmen,ячмень,
7972,kukuruza,кукуруза,
7972,sklady-i-zernohranilischa,склады и зернохранилища,
7973,pary,пары,
7974,pshenitsa,пшеница,
7974,yachmen,ячмень,
7975,pshenitsa,пшеница,
7975,rozh,рожь,
7976,kukuruza,кукуруза,
7977,pshenitsa,пшеница,
7977,yachmen,ячмень,
7978,pshenitsa,пшеница,
7978,rozh,рожь,
7979,oves,овес,
7980,kukuruza,кукуруза,
7981,kormovye-travy,кормовые травы,
7981,pastbischa-i-luga,пастбища и луга,
7982,kormovye-travy,кормовые травы,
7982,pastbischa-i-luga,пастбища и луга,
7983,pary,пары,
7984,pary,пары,
7985,pshenitsa,пшеница,
7985,yachmen,ячмень,
7986,pshenitsa,пшеница,
7986,rozh,рожь,
7987,kukuruza,кукуруза,
7987,sklady-i-zernohranilischa,склады и зернохранилища,
7988,oves,овес,
7989,kormovye-travy,кормовые травы,
7989,pastbischa-i-luga,пастбища и луга,
7990,kormovye-travy,кормовые травы,
7990,pastbischa-i-luga,пастбища и луга,
7991,pary,пары,
7992,pshenitsa,пшеница,
7992,yachmen,ячмень,
7993,pshenitsa,пшеница,
7993,rozh,рожь,
7994,oves,овес,
7995,kukuruza,кукуруза,
7996,kormovye-travy,кормовые травы,
7996,pastbischa-i-luga,пастбища и луга,
7997,pary,пары,
7998,pary,пары,
7999,pshenitsa,пшеница,
8000,pshenitsa,пшеница,
8000,yachmen,ячмень,
8001,pshenitsa,пшеница,
8002,kukuruza,кукуруза,
8003,pary,пары,
8004,pshenitsa,пшеница,
8004,yachmen,ячмень,
8005,pshenitsa,пшеница,
8005,rozh,рожь,
8006,kukuruza,кукуруза,
8006,sklady-i-zernohranilischa,склады и зернохранилища,
8007,oves,овес,
8008,kormovye-travy,кормовые травы,
8008,pastbischa-i-luga,пастбища и луга,
8009,kormovye-travy,кормовые травы,
8009,pastbischa-i-luga,пастбища и луга,
8010,pary,пары,
8011,pshenitsa,пшеница,
8011,yachmen,ячмень,
8012,pshenitsa,пшеница,
8012,yachmen,ячмень,
8013,pshenitsa,пшеница,
8013,yachmen,ячмень,
8014,pshenitsa,пшеница,
8014,yachmen,ячмень,
8015,kukuruza,кукуруза,
8016,pshenitsa,пшеница,
8016,yachmen,ячмень,
8017,pshenitsa,пшеница,
8017,yachmen,ячмень,
8018,pshenitsa,пшеница,
8018,yachmen,ячмень,
8019,pshenitsa,пшеница,
8019,yachmen,ячмень,
8020,kukuruza,кукуруза,
8021,pshenitsa,пшеница,
8021,yachmen,ячмень,
8022,pshenitsa,пшеница,
8023,pshenitsa,пшеница,
8023,yachmen,ячмень,
8024,pshenitsa,пшеница,
8024,yachmen,ячмень,
8025,pshenitsa,пшеница,
8025,rozh,рожь,
8025,yachmen,ячмень,
8026,pshenitsa,пшеница,
8026,rozh,рожь,
8026,yachmen,ячмень,
8027,kukuruza,кукуруза,
8028,pshenitsa,пшеница,
8028,yachmen,ячмень,
8029,pshenitsa,пшеница,
8030,pshenitsa,пшеница,
8030,yachmen,ячмень,
8031,pshenitsa,пшеница,
8032,kukuruza,кукуруза,
8033,pshenitsa,пшеница,
8033,yachmen,ячмень,
8034,kukuruza,кукуруза,
8035,kukuruza,кукуруза,
8036,oves,овес,
8036,pshenitsa,пшеница,
8036,yachmen,ячмень,
8037,kukuruza,кукуруза,
8038,zernovye,зерновые (прочие),
8038,oves,овес,
8039,zernovye,зерновые (прочие),
8039,oves,овес,
8040,kukuruza,кукуруза,
8040,sklady-i-zernohranilischa,склады и зернохранилища,
8041,kukuruza,кукуруза,
8041,sklady-i-zernohranilischa,склады и зернохранилища,
8042,zernovye,зерновые (прочие),
8042,oves,овес,
8042,pshenitsa,пшеница,
8042,rozh,рожь,
8042,yachmen,ячмень,
8043,zernovye,зерновые (прочие),
8043,oves,овес,
8043,pshenitsa,пшеница,
8043,rozh,рожь,
8043,yachmen,ячмень,
8044,kukuruza,кукуруза,
8045,oves,овес,
8045,pshenitsa,пшеница,
8045,yachmen,ячмень,
8046,oves,овес,
8046,pshenitsa,пшеница,
8046,yachmen,ячмень,
8047,kukuruza,кукуруза,
8048,zernovye,зерновые (прочие),
8048,oves,овес,
8048,pshenitsa,пшеница,
8048,rozh,рожь,
8048,yachmen,ячмень,
8049,zernovye,зерновые (прочие),
8049,oves,овес,
8049,pshenitsa,пшеница,
8049,rozh,рожь,
8049,yachmen,ячмень,
8050,kukuruza,кукуруза,
8051,krupyanye,"крупяные (гречиха, просо, сорго)",
8052,krupyanye,"крупяные (гречиха, просо, сорго)",
8053,krupyanye,"крупяные (гречиха, просо, сорго)",
8054,pshenitsa,пшеница,
8054,yachmen,ячмень,
8055,pshenitsa,пшеница,
8055,yachmen,ячмень,
8056,kukuruza,кукуруза,
8057,krupyanye,"крупяные (гречиха, просо, сорго)",
8058,oves,овес,
8059,pshenitsa,пшеница,
8059,rozh,рожь,
8059,yachmen,ячмень,
8060,pshenitsa,пшеница,
8060,rozh,рожь,
8060,yachmen,ячмень,
8061,kukuruza,кукуруза,
8062,kukuruza,кукуруза,
8063,pshenitsa,пшеница,
8063,yachmen,ячмень,
8064,pshenitsa,пшеница,
8064,yachmen,ячмень,
8065,kukuruza,кукуруза,
8066,kukuruza,кукуруза,
8067,pshenitsa,пшеница,
8067,yachmen,ячмень,
8068,pshenitsa,пшеница,
8068,yachmen,ячмень,
8069,kukuruza,кукуруза,
8070,kukuruza,кукуруза,
8071,zernovye,зерновые (прочие),
8071,oves,овес,
8071,pshenitsa,пшеница,
8071,rozh,рожь,
8071,yachmen,ячмень,
8072,zernovye,зерновые (прочие),
8072,oves,овес,
8072,pshenitsa,пшеница,
8072,rozh,рожь,
8072,yachmen,ячмень,
8073,kukuruza,кукуруза,
8074,kukuruza,кукуруза,
8075,pshenitsa,пшеница,
8075,rozh,рожь,
8075,yachmen,ячмень,
8076,pshenitsa,пшеница,
8076,rozh,рожь,
8076,yachmen,ячмень,
8077,kukuruza,кукуруза,
8078,kukuruza,кукуруза,
8079,pshenitsa,пшеница,
8079,yachmen,ячмень,
8080,pshenitsa,пшеница,
8080,yachmen,ячмень,
8081,kukuruza,кукуруза,
8082,kukuruza,кукуруза,
8083,pshenitsa,пшеница,
8083,yachmen,ячмень,
8084,pshenitsa,пшеница,
8084,yachmen,ячмень,
8085,kukuruza,кукуруза,
8086,kukuruza,кукуруза,
8087,pshenitsa,пшеница,
8087,yachmen,ячмень,
8088,pshenitsa,пшеница,
8088,yachmen,ячмень,
8089,kukuruza,кукуруза,
8090,kukuruza,кукуруза,
8091,pshenitsa,пшеница,
8092,yachmen,ячмень,
8093,pshenitsa,пшеница,
8093,rozh,рожь,
8093,yachmen,ячмень,
8094,oves,овес,
8095,kukuruza,кукуруза,
8096,pshenitsa,пшеница,
8096,rozh,рожь,
8096,yachmen,ячмень,
8097,krupyanye,"крупяные (гречиха, просо, сорго)",
8097,oves,овес,
8098,kukuruza,кукуруза,
8099,oves,овес,
8099,pshenitsa,пшеница,
8099,yachmen,ячмень,
8100,pshenitsa,пшеница,
8101,kukuruza,кукуруза,
8101,sklady-i-zernohranilischa,склады и зернохранилища,
8102,oves,овес,
8102,pshenitsa,пшеница,
8102,yachmen,ячмень,
8103,zernovye,зерновые (прочие),
8103,pshenitsa,пшеница,
8103,rozh,рожь,
8103,yachmen,ячмень,
8104,kukuruza,кукуруза,
8105,pshenitsa,пшеница,
8106,oves,овес,
8106,pshenitsa,пшеница,
8106,yachmen,ячмень,
8107,kukuruza,кукуруза,
8108,pshenitsa,пшеница,
8108,rozh,рожь,
8109,oves,овес,
8109,pshenitsa,пшеница,
8109,yachmen,ячмень,
8110,kukuruza,кукуруза,
8110,sklady-i-zernohranilischa,склады и зернохранилища,
8111,pshenitsa,пшеница,
8111,rozh,рожь,
8112,oves,овес,
8112,pshenitsa,пшеница,
8112,yachmen,ячмень,
8113,kukuruza,кукуруза,
8114,pshenitsa,пшеница,
8115,krupyanye,"крупяные (гречиха, просо, сорго)",
8115,oves,овес,
8115,pshenitsa,пшеница,
8115,yachmen,ячмень,
8116,pshenitsa,пшеница,
8116,rozh,рожь,
8117,kukuruza,кукуруза,
8118,pshenitsa,пшеница,
8118,yachmen,ячмень,
8119,pshenitsa,пшеница,
8120,zernovye,зерновые (прочие),
8120,oves,овес,
8121,zernovye,зерновые (прочие),
8121,oves,овес,
8122,kukuruza,кукуруза,
8123,krupyanye,"крупяные (гречиха, просо, сорго)",
8124,zernovye,зерновые (прочие),
8124,pshenitsa,пшеница,
8124,rozh,рожь,
8124,yachmen,ячмень,
8125,kukuruza,кукуруза,
8126,oves,овес,
8127,pshenitsa,пшеница,
8127,yachmen,ячмень,
8128,kukuruza,кукуруза,
8129,pshenitsa,пшеница,
8129,rozh,рожь,
8129,yachmen,ячмень,
8130,pshenitsa,пшеница,
8130,rozh,рожь,
8130,yachmen,ячмень,
8131,kukuruza,кукуруза,
8132,kukuruza,кукуруза,
8133,pshenitsa,пшеница,
8133,rozh,рожь,
8133,yachmen,ячмень,
8134,pshenitsa,пшеница,
8134,rozh,рожь,
8134,yachmen,ячмень,
8135,kukuruza,кукуруза,
8136,kukuruza,кукуруза,
8137,pshenitsa,пшеница,
8137,rozh,рожь,
8138,oves,овес,
8138,pshenitsa,пшеница,
8138,yachmen,ячмень,
8139,kukuruza,кукуруза,
8140,pshenitsa,пшеница,
8140,yachmen,ячмень,
8141,pshenitsa,пшеница,
8141,yachmen,ячмень,
8142,kukuruza,кукуруза,
8143,pshenitsa,пшеница,
8143,yachmen,ячмень,
8144,pshenitsa,пшеница,
8144,yachmen,ячмень,
8145,kukuruza,кукуруза,
8146,pshenitsa,пшеница,
8146,rozh,рожь,
8146,yachmen,ячмень,
8147,pshenitsa,пшеница,
8147,rozh,рожь,
8147,yachmen,ячмень,
8148,kukuruza,кукуруза,
8149,kukuruza,кукуруза,
8150,oves,овес,
8151,zernovye,зерновые (прочие),
8152,krupyanye,"крупяные (гречиха, просо, сорго)",
8153,zernovye,зерновые (прочие),
8153,oves,овес,
8154,oves,овес,
8155,zernovye,зерновые (прочие),
8155,oves,овес,
8156,oves,овес,
8157,kukuruza,кукуруза,
8157,sklady-i-zernohranilischa,склады и зернохранилища,
8158,oves,овес,
8158,pshenitsa,пшеница,
8158,yachmen,ячмень,
8159,pshenitsa,пшеница,
8159,rozh,рожь,
8159,yachmen,ячмень,
8160,pshenitsa,пшеница,
8160,rozh,рожь,
8160,yachmen,ячмень,
8161,oves,овес,
8162,kukuruza,кукуруза,
8163,pshenitsa,пшеница,
8163,rozh,рожь,
8163,yachmen,ячмень,
8164,oves,овес,
8165,kukuruza,кукуруза,
8166,kukuruza,кукуруза,
8167,zernovye,зерновые (прочие),
8167,oves,овес,
8168,pshenitsa,пшеница,
8168,yachmen,ячмень,
8169,kukuruza,кукуруза,
8169,sklady-i-zernohranilischa,склады и зернохранилища,
8170,pshenitsa,пшеница,
8170,yachmen,ячмень,
8171,pshenitsa,пшеница,
8172,kukuruza,кукуруза,
8173,zernovye,зерновые (прочие),
8173,oves,овес,
8174,pshenitsa,пшеница,
8174,rozh,рожь,
8175,pshenitsa,пшеница,
8175,yachmen,ячмень,
8176,kukuruza,кукуруза,
8177,kormovye-travy,кормовые травы,
8177,pastbischa-i-luga,пастбища и луга,
8178,kormovye-travy,кормовые травы,
8178,pastbischa-i-luga,пастбища и луга,
8179,pshenitsa,пшеница,
8179,rozh,рожь,
8179,yachmen,ячмень,
8180,pshenitsa,пшеница,
8180,rozh,рожь,
8180,yachmen,ячмень,
8181,kukuruza,кукуруза,
8182,pshenitsa,пшеница,
8182,rozh,рожь,
8182,yachmen,ячмень,
8183,pshenitsa,пшеница,
8183,rozh,рожь,
8183,yachmen,ячмень,
8184,pshenitsa,пшеница,
8184,rozh,рожь,
8184,yachmen,ячмень,
8185,kukuruza,кукуруза,
8186,kukuruza,кукуруза,
8187,pshenitsa,пшеница,
8188,pshenitsa,пшеница,
8189,pshenitsa,пшеница,
8190,kukuruza,кукуруза,
8191,kukuruza,кукуруза,
8192,pshenitsa,пшеница,
8192,yachmen,ячмень,
8193,pshenitsa,пшеница,
8193,yachmen,ячмень,
8194,kukuruza,кукуруза,
8194,sklady-i-zernohranilischa,склады и зернохранилища,
8195,krupyanye,"крупяные (гречиха, просо, сорго)",
8196,krupyanye,"крупяные (гречиха, просо, сорго)",
8197,zernovye,зерновые (прочие),
8197,oves,овес,
8198,kukuruza,кукуруза,
8198,sklady-i-zernohranilischa,склады и зернохранилища,
8199,pshenitsa,пшеница,
8200,pshenitsa,пшеница,
8201,kukuruza,кукуруза,
8202,kukuruza,кукуруза,
8203,pshenitsa,пшеница,
8204,yachmen,ячмень,
8205,pshenitsa,пшеница,
8205,rozh,рожь,
8205,yachmen,ячмень,
8206,pshenitsa,пшеница,
8206,rozh,рожь,
8206,yachmen,ячмень,
8207,kukuruza,кукуруза,
8208,kukuruza,кукуруза,
8209,pshenitsa,пшеница,
8209,yachmen,ячмень,
8210,pshenitsa,пшеница,
8210,yachmen,ячмень,
8211,kukuruza,кукуруза,
8211,sklady-i-zernohranilischa,склады и зернохранилища,
8212,krupyanye,"крупяные (гречиха, просо, сорго)",
8213,krupyanye,"крупяные (гречиха, просо, сорго)",
8214,pshenitsa,пшеница,
8214,yachmen,ячмень,
8215,pshenitsa,пшеница,
8215,yachmen,ячмень,
8216,kukuruza,кукуруза,
8217,pshenitsa,пшеница,
8217,rozh,рожь,
8217,yachmen,ячмень,
8218,pshenitsa,пшеница,
8218,rozh,рожь,
8218,yachmen,ячмень,
8219,kukuruza,кукуруза,
8220,kukuruza,кукуруза,
8221,pshenitsa,пшеница,
8221,rozh,рожь,
8221,yachmen,ячмень,
8222,pshenitsa,пшеница,
8222,rozh,рожь,
8222,yachmen,ячмень,
8223,kukuruza,кукуруза,
8224,kukuruza,кукуруза,
8225,pshenitsa,пшеница,
8225,yachmen,ячмень,
8226,pshenitsa,пшеница,
8226,yachmen,ячмень,
8227,kukuruza,кукуруза,
8228,krupyanye,"крупяные (гречиха, просо, сорго)",
8229,krupyanye,"крупяные (гречиха, просо, сорго)",
8230,pshenitsa,пшеница,
8230,rozh,рожь,
8230,yachmen,ячмень,
8231,pshenitsa,пшеница,
8231,yachmen,ячмень,
8232,pshenitsa,пшеница,
8232,yachmen,ячмень,
8233,pshenitsa,пшеница,
8233,rozh,рожь,
8233,yachmen,ячмень,
8234,pshenitsa,пшеница,
8234,rozh,рожь,
8234,yachmen,ячмень,
8235,kukuruza,кукуруза,
8236,kukuruza,кукуруза,
8237,pshenitsa,пшеница,
8237,yachmen,ячмень,
8238,pshenitsa,пшеница,
8238,yachmen,ячмень,
8239,pshenitsa,пшеница,
8240,pshenitsa,пшеница,
8241,pary,пары,
8242,pshenitsa,пшеница,
8242,yachmen,ячмень,
8243,pshenitsa,пшеница,
8243,rozh,рожь,
8244,kukuruza,кукуруза,
8244,sklady-i-zernohranilischa,склады и зернохранилища,
8245,pary,пары,
8246,kartofel,картофель,
8246,pary,пары,
8247,pary,пары,
8248,ris,рис,
8249,ris,рис,
8250,kartofel,картофель,
8250,luk,лук,
8250,morkov,морковь,
8250,podsolnechnik,подсолнечник,
8250,pryanye-i-lekarstvennye-travy,пряные и лекарственные травы,
8251,podsolnechnik,подсолнечник,
8252,luk,лук,
8253,goroh-fasol,горох / фасоль,
8253,kartofel,картофель,
8253,krupyanye,"крупяные (гречиха, просо, сорго)",
8253,luk,лук,
8253,morkov,морковь,
8253,podsolnechnik,подсолнечник,
8253,pryanye-i-lekarstvennye-travy,пряные и лекарственные травы,
8254,podsolnechnik,подсолнечник,
8255,podsolnechnik,подсолнечник,
8256,podsolnechnik,подсолнечник,
8257,krupyanye,"крупяные (гречиха, просо, сорго)",
8258,zernovye,зерновые (прочие),
8258,oves,овес,
8259,kukuruza,кукуруза,
8260,len,лен,
8261,kukuruza,кукуруза,
8262,len,лен,
8263,pshenitsa,пшеница,
8263,yachmen,ячмень,
8264,pshenitsa,пшеница,
8264,yachmen,ячмень,
8265,pshenitsa,пшеница,
8265,yachmen,ячмень,
8266,pshenitsa,пшеница,
8266,yachmen,ячмень,
8267,pshenitsa,пшеница,
8267,yachmen,ячмень,
8268,pshenitsa,пшеница,
8268,yachmen,ячмень,
8269,pshenitsa,пшеница,
8269,yachmen,ячмень,
8270,pshenitsa,пшеница,
8270,yachmen,ячмень,
8271,pshenitsa,пшеница,
8271,yachmen,ячмень,
8272,pshenitsa,пшеница,
8272,yachmen,ячмень,
8273,pshenitsa,пшеница,
8273,yachmen,ячмень,
8274,pshenitsa,пшеница,
8274,yachmen,ячмень,
8275,kukuruza,кукуруза,
8275,sklady-i-zernohranilischa,склады и зернохранилища,
8276,pshenitsa,пшеница,
8276,yachmen,ячмень,
8277,pshenitsa,пшеница,
8277,yachmen,ячмень,
8278,pshenitsa,пшеница,
8279,pshenitsa,пшеница,
8280,pshenitsa,пшеница,
8281,pshenitsa,пшеница,
8282,yachmen,ячмень,
8283,pshenitsa,пшеница,
8284,pshenitsa,пшеница,
8285,pshenitsa,пшеница,
8286,pshenitsa,пшеница,
8287,yachmen,ячмень,
8288,pshenitsa,пшеница,
8289,pshenitsa,пшеница,
8289,yachmen,ячмень,
8290,pshenitsa,пшеница,
8290,yachmen,ячмень,
8291,pshenitsa,пшеница,
8291,yachmen,ячмень,
8292,pshenitsa,пшеница,
8293,pshenitsa,пшеница,
8294,pshenitsa,пшеница,
8295,pshenitsa,пшеница,
8296,pshenitsa,пшеница,
8297,pshenitsa,пшеница,
8298,pshenitsa,пшеница,
8299,pshenitsa,пшеница,
8300,pshenitsa,пшеница,
8301,pshenitsa,пшеница,
8302,pshenitsa,пшеница,
8303,pshenitsa,пшеница,
8304,pshenitsa,пшеница,
8305,pshenitsa,пшеница,
8306,pshenitsa,пшеница,
8307,pshenitsa,пшеница,
8308,pshenitsa,пшеница,
8309,pshenitsa,пшеница,
8310,pshenitsa,пшеница,
8311,pshenitsa,пшеница,
8312,soya,соя,
8313,soya,соя,
8314,soya,соя,
8315,ris,рис,
8316,pryanye-i-lekarstvennye-travy,пряные и лекарственные травы,
8317,pryanye-i-lekarstvennye-travy,пряные и лекарственные травы,
8318,pryanye-i-lekarstvennye-travy,пряные и лекарственные травы,
8319,oves,овес,
8319,pshenitsa,пшеница,
8319,rozh,рожь,
8319,yachmen,ячмень,
8320,kormovye-travy,кормовые травы,
8320,oves,овес,
8320,pshenitsa,пшеница,
8320,yachmen,ячмень,
8321,kormovye-travy,кормовые травы,
8321,oves,овес,
8321,pshenitsa,пшеница,
8321,yachmen,ячмень,
8322,ris,рис,
8323,goroh-fasol,горох / фасоль,
8324,soya,соя,
8325,len,лен,
8326,kormovye-travy,кормовые травы,
8327,kormovye-travy,кормовые травы,
8328,kormovye-travy,кормовые травы,
8329,kormovye-travy,кормовые травы,
8330,kormovye-travy,кормовые травы,
8331,pryanye-i-lekarstvennye-travy,пряные и лекарственные травы,
8332,kartofel,картофель,
8333,soya,соя,
8334,len,лен,
8335,oves,овес,
8335,pshenitsa,пшеница,
8335,rozh,рожь,
8335,yachmen,ячмень,
8336,kormovye-travy,кормовые травы,
8336,pshenitsa,пшеница,
8336,yachmen,ячмень,
8337,kormovye-travy,кормовые травы,
8337,pshenitsa,пшеница,
8337,yachmen,ячмень,
8338,goroh-fasol,горох / фасоль,
8338,sklady-i-zernohranilischa,склады и зернохранилища,
8339,goroh-fasol,горох / фасоль,
8339,sklady-i-zernohranilischa,склады и зернохранилища,
8340,soya,соя,
8341,len,лен,
8342,soya,соя,
8343,oves,овес,
8343,pshenitsa,пшеница,
8343,rozh,рожь,
8343,yachmen,ячмень,
8344,kormovye-travy,кормовые травы,
8344,oves,овес,
8344,pshenitsa,пшеница,
8344,yachmen,ячмень,
8345,kormovye-travy,кормовые травы,
8345,oves,овес,
8345,pshenitsa,пшеница,
8345,yachmen,ячмень,
8346,goroh-fasol,горох / фасоль,
8347,zernobobovye,"зернобобовые (нут, чечевица, люпин, бобы)",
8348,soya,соя,
8349,len,лен,
8350,soya,соя,
8351,goroh-fasol,горох / фасоль,
8351,sklady-i-zernohranilischa,склады и зернохранилища,
8352,soya,соя,
8353,oves,овес,
8353,pshenitsa,пшеница,
8353,rozh,рожь,
8353,yachmen,ячмень,
8354,kormovye-travy,кормовые травы,
8354,pshenitsa,пшеница,
8354,yachmen,ячмень,
8355,kormovye-travy,кормовые травы,
8355,pshenitsa,пшеница,
8355,yachmen,ячмень,
8356,goroh-fasol,горох / фасоль,
8356,sklady-i-zernohranilischa,склады и зернохранилища,
8357,zernobobovye,"зернобобовые (нут, чечевица, люпин, бобы)",
8358,soya,соя,
8359,len,лен,
8360,oves,овес,
8360,pshenitsa,пшеница,
8360,rozh,рожь,
8360,yachmen,ячмень,
8361,kormovye-travy,кормовые травы,
8361,oves,овес,
8361,pshenitsa,пшеница,
8361,yachmen,ячмень,
8362,kormovye-travy,кормовые травы,
8362,oves,овес,
8362,pshenitsa,пшеница,
8362,yachmen,ячмень,
8363,goroh-fasol,горох / фасоль,
8363,sklady-i-zernohranilischa,склады и зернохранилища,
8364,soya,соя,
8365,len,лен,
8366,goroh-fasol,горох / фасоль,
8367,soya,соя,
8368,soya,соя,
8369,goroh-fasol,горох / фасоль,
8369,sklady-i-zernohranilischa,склады и зернохранилища,
8370,soya,соя,
8371,goroh-fasol,горох / фасоль,
8371,sklady-i-zernohranilischa,склады и зернохранилища,
8372,len,лен,
8373,goroh-fasol,горох / фасоль,
8374,soya,соя,
8375,len,лен,
8376,soya,соя,
8377,goroh-fasol,горох / фасоль,
8377,sklady-i-zernohranilischa,склады и зернохранилища,
8378,oves,овес,
8378,pshenitsa,пшеница,
8378,rozh,рожь,
8378,yachmen,ячмень,
8379,kormovye-travy,кормовые травы,
8379,pshenitsa,пшеница,
8379,yachmen,ячмень,
8380,kormovye-travy,кормовые травы,
8380,pshenitsa,пшеница,
8380,yachmen,ячмень,
8381,goroh-fasol,горох / фасоль,
8381,sklady-i-zernohranilischa,склады и зернохранилища,
8382,zernobobovye,"зернобобовые (нут, чечевица, люпин, бобы)",
8383,soya,соя,
8384,len,лен,
8385,oves,овес,
8385,pshenitsa,пшеница,
8385,rozh,рожь,
8385,yachmen,ячмень,
8386,kormovye-travy,кормовые травы,
8386,pshenitsa,пшеница,
8386,yachmen,ячмень,
8387,kormovye-travy,кормовые травы,
8387,pshenitsa,пшеница,
8387,yachmen,ячмень,
8388,goroh-fasol,горох / фасоль,
8388,sklady-i-zernohranilischa,склады и зернохранилища,
8389,zernobobovye,"зернобобовые (нут, чечевица, люпин, бобы)",
8390,soya,соя,
8391,len,лен,
8392,soya,соя,
8393,soya,соя,
8394,goroh-fasol,горох / фасоль,
8395,goroh-fasol,горох / фасоль,
8396,soya,соя,
8397,goroh-fasol,горох / фасоль,
8398,pshenitsa,пшеница,
8398,rozh,рожь,
8398,yachmen,ячмень,
8399,kormovye-travy,кормовые травы,
8399,pshenitsa,пшеница,
8399,yachmen,ячмень,
8400,kormovye-travy,кормовые травы,
8400,pshenitsa,пшеница,
8400,yachmen,ячмень,
8401,goroh-fasol,горох / фасоль,
8401,sklady-i-zernohranilischa,склады и зернохранилища,
8402,soya,соя,
8403,goroh-fasol,горох / фасоль,
8403,sklady-i-zernohranilischa,склады и зернохранилища,
8404,soya,соя,
8405,soya,соя,
8406,soya,соя,
8407,goroh-fasol,горох / фасоль,
8407,sklady-i-zernohranilischa,склады и зернохранилища,
8408,pshenitsa,пшеница,
8409,oves,овес,
8409,pshenitsa,пшеница,
8409,yachmen,ячмень,
8410,kormovye-travy,кормовые травы,
8410,oves,овес,
8410,pshenitsa,пшеница,
8410,yachmen,ячмень,
8411,kormovye-travy,кормовые травы,
8411,oves,овес,
8411,pshenitsa,пшеница,
8411,yachmen,ячмень,
8412,zernobobovye,"зернобобовые (нут, чечевица, люпин, бобы)",
8412,soya,соя,
8413,soya,соя,
8414,len,лен,
8415,soya,соя,
8416,soya,соя,
8417,soya,соя,
8418,soya,соя,
8419,soya,соя,
8420,soya,соя,
8421,soya,соя,
8422,soya,соя,
8423,soya,соя,
8424,soya,соя,
8425,goroh-fasol,горох / фасоль,
8425,sklady-i-zernohranilischa,склады и зернохранилища,
8426,soya,соя,
8427,goroh-fasol,горох / фасоль,
8427,sklady-i-zernohranilischa,склады и зернохранилища,
8428,goroh-fasol,горох / фасоль,
8428,soya,соя,
8429,soya,соя,
8430,soya,соя,
8431,goroh-fasol,горох / фасоль,
8432,soya,соя,
8433,goroh-fasol,горох / фасоль,
8433,sklady-i-zernohranilischa,склады и зернохранилища,
8434,soya,соя,
8435,soya,соя,
8436,soya,соя,
8437,soya,соя,
8438,soya,соя,
8439,soya,соя,
8440,goroh-fasol,горох / фасоль,
8440,sklady-i-zernohranilischa,склады и зернохранилища,
8441,ris,рис,
8442,ris,рис,
8443,podsolnechnik,подсолнечник,
8443,saharnaya-svekla,сахарная свекла,
8443,soya,соя,
8444,saharnaya-svekla,сахарная свекла,
8445,len,лен,
8446,len,лен,
8447,raps,рапс,
8448,raps,рапс,
8449,lesnye-nasazhdeniya,лесные насаждения,
8449,hvoynye,"хвойные (туя, ель, можжевельник)",
8450,lesnye-nasazhdeniya,лесные насаждения,
8450,hvoynye,"хвойные (туя, ель, можжевельник)",
8451,podsolnechnik,подсолнечник,
8451,soya,соя,
8452,podsolnechnik,подсолнечник,
8452,soya,соя,
8453,podsolnechnik,подсолнечник,
8453,raps,рапс,
8453,saharnaya-svekla,сахарная свекла,
8454,raps,рапс,
8454,svekla,свекла,
8455,soya,соя,
8456,soya,соя,
8457,podsolnechnik,подсолнечник,
8457,raps,рапс,
8457,saharnaya-svekla,сахарная свекла,
8457,soya,соя,
8458,podsolnechnik,подсолнечник,
8458,raps,рапс,
8458,saharnaya-svekla,сахарная свекла,
8458,soya,соя,
8459,podsolnechnik,подсолнечник,
8459,raps,рапс,
8459,saharnaya-svekla,сахарная свекла,
8459,soya,соя,
8460,podsolnechnik,подсолнечник,
8460,raps,рапс,
8460,saharnaya-svekla,сахарная свекла,
8460,soya,соя,
8461,soya,соя,
8462,soya,соя,
8463,podsolnechnik,подсолнечник,
8463,raps,рапс,
8463,saharnaya-svekla,сахарная свекла,
8463,soya,соя,
8464,podsolnechnik,подсолнечник,
8464,raps,рапс,
8464,saharnaya-svekla,сахарная свекла,
8464,soya,соя,
8465,podsolnechnik,подсолнечник,
8465,raps,рапс,
8465,saharnaya-svekla,сахарная свекла,
8465,soya,соя,
8466,podsolnechnik,подсолнечник,
8466,raps,рапс,
8466,saharnaya-svekla,сахарная свекла,
8467,podsolnechnik,подсолнечник,
8468,podsolnechnik,подсолнечник,
8469,raps,рапс,
8470,podsolnechnik,подсолнечник,
8470,raps,рапс,
8470,saharnaya-svekla,сахарная свекла,
8470,soya,соя,
8471,podsolnechnik,подсолнечник,
8471,raps,рапс,
8471,saharnaya-svekla,сахарная свекла,
8472,podsolnechnik,подсолнечник,
8472,raps,рапс,
8472,saharnaya-svekla,сахарная свекла,
8472,soya,соя,
8473,podsolnechnik,подсолнечник,
8473,raps,рапс,
8473,saharnaya-svekla,сахарная свекла,
8473,soya,соя,
8474,podsolnechnik,подсолнечник,
8474,raps,рапс,
8474,soya,соя,
8475,podsolnechnik,подсолнечник,
8475,raps,рапс,
8475,soya,соя,
8476,podsolnechnik,подсолнечник,
8476,raps,рапс,
8476,saharnaya-svekla,сахарная свекла,
8476,soya,соя,
8477,saharnaya-svekla,сахарная свекла,
8478,podsolnechnik,подсолнечник,
8478,raps,рапс,
8478,saharnaya-svekla,сахарная свекла,
8479,saharnaya-svekla,сахарная свекла,
8480,soya,соя,
8481,podsolnechnik,подсолнечник,
8481,raps,рапс,
8481,saharnaya-svekla,сахарная свекла,
8482,podsolnechnik,подсолнечник,
8482,raps,рапс,
8482,saharnaya-svekla,сахарная свекла,
8483,soya,соя,
8484,soya,соя,
8485,podsolnechnik,подсолнечник,
8485,raps,рапс,
8485,saharnaya-svekla,сахарная свекла,
8485,soya,соя,
8486,podsolnechnik,подсолнечник,
8486,raps,рапс,
8486,saharnaya-svekla,сахарная свекла,
8486,soya,соя,
8487,kartofel,картофель,
8487,podsolnechnik,подсолнечник,
8487,raps,рапс,
8487,saharnaya-svekla,сахарная свекла,
8487,soya,соя,
8488,kartofel,картофель,
8488,podsolnechnik,подсолнечник,
8488,raps,рапс,
8488,saharnaya-svekla,сахарная свекла,
8488,soya,соя,
8489,goroh-fasol,горох / фасоль,
8489,zernobobovye,"зернобобовые (нут, чечевица, люпин, бобы)",
8489,kapusta,капуста,
8489,kartofel,картофель,
8489,kormovye-travy,кормовые травы,
8489,luk,лук,
8489,podsolnechnik,подсолнечник,
8489,raps,рапс,
8489,saharnaya-svekla,сахарная свекла,
8489,soya,соя,
8490,goroh-fasol,горох / фасоль,
8490,zernobobovye,"зернобобовые (нут, чечевица, люпин, бобы)",
8490,kapusta,капуста,
8490,kartofel,картофель,
8490,kormovye-travy,кормовые травы,
8490,luk,лук,
8490,podsolnechnik,подсолнечник,
8490,raps,рапс,
8490,saharnaya-svekla,сахарная свекла,
8490,soya,соя,
8491,soya,соя,
8492,podsolnechnik,подсолнечник,
8492,raps,рапс,
8492,saharnaya-svekla,сахарная свекла,
8492,soya,соя,
8493,podsolnechnik,подсолнечник,
8493,raps,рапс,
8493,saharnaya-svekla,сахарная свекла,
8494,podsolnechnik,подсолнечник,
8494,raps,рапс,
8494,saharnaya-svekla,сахарная свекла,
8495,saharnaya-svekla,сахарная свекла,
8496,saharnaya-svekla,сахарная свекла,
8497,podsolnechnik,подсолнечник,
8497,raps,рапс,
8497,saharnaya-svekla,сахарная свекла,
8498,len,лен,
8499,pary,пары,
8500,pary,пары,
8501,pary,пары,
8502,pary,пары,
8503,pary,пары,
8504,pary,пары,
8505,kartofel,картофель,
8505,pary,пары,
8506,kartofel,картофель,
8506,pary,пары,
8507,kartofel,картофель,
8507,pary,пары,
8508,pary,пары,
8509,pary,пары,
8510,pary,пары,
8511,zemli-neselhoznaznacheniya,земли несельхозназначения,
8512,zemli-neselhoznaznacheniya,земли несельхозназначения,
8513,pary,пары,
8514,pary,пары,
8515,pary,пары,
8516,pary,пары,
8517,pary,пары,
8518,pary,пары,
8519,zemli-neselhoznaznacheniya,земли несельхозназначения,
8520,zemli-neselhoznaznacheniya,земли несельхозназначения,
8521,pary,пары,
8522,pary,пары,
8523,pary,пары,
8524,pary,пары,
8525,pary,пары,
8526,pary,пары,
8527,zemli-neselhoznaznacheniya,земли несельхозназначения,
8528,zemli-neselhoznaznacheniya,земли несельхозназначения,
8529,kartofel,картофель,
8529,pary,пары,
8530,kartofel,картофель,
8530,pary,пары,
8531,kartofel,картофель,
8531,pary,пары,
8532,pary,пары,
8533,pary,пары,
8534,pary,пары,
8535,zemli-neselhoznaznacheniya,земли несельхозназначения,
8536,zemli-neselhoznaznacheniya,земли несельхозназначения,
8537,pary,пары,
8538,pary,пары,
8539,pary,пары,
8540,pary,пары,
8541,pary,пары,
8542,pary,пары,
8543,zemli-neselhoznaznacheniya,земли несельхозназначения,
8544,pary,пары,
8545,pary,пары,
8546,pary,пары,
8547,pary,пары,
8548,pary,пары,
8549,pary,пары,
8550,zemli-neselhoznaznacheniya,земли несельхозназначения,
8551,zemli-neselhoznaznacheniya,земли несельхозназначения,
8552,kartofel,картофель,
8552,pary,пары,
8553,kartofel,картофель,
8553,pary,пары,
8554,kartofel,картофель,
8554,pary,пары,
8555,pary,пары,
8556,pary,пары,
8557,pary,пары,
8558,pary,пары,
8559,pary,пары,
8560,zemli-neselhoznaznacheniya,земли несельхозназначения,
8561,zemli-neselhoznaznacheniya,земли несельхозназначения,
8562,pary,пары,
8563,pary,пары,
8564,zemli-neselhoznaznacheniya,земли несельхозназначения,
8565,zemli-neselhoznaznacheniya,земли несельхозназначения,
8566,pary,пары,
8567,pary,пары,
8568,pary,пары,
8569,pary,пары,
8570,pary,пары,
8571,pary,пары,
8572,zemli-neselhoznaznacheniya,земли несельхозназначения,
8573,zemli-neselhoznaznacheniya,земли несельхозназначения,
8574,zemli-neselhoznaznacheniya,земли несельхозназначения,
8575,zemli-neselhoznaznacheniya,земли несельхозназначения,
8576,pary,пары,
8577,pary,пары,
8578,pary,пары,
8579,pary,пары,
8580,pary,пары,
8581,pary,пары,
8582,pary,пары,
8583,pary,пары,
8584,pary,пары,
8585,pary,пары,
8586,pary,пары,
8587,pary,пары,
8588,kukuruza,кукуруза,
8588,saharnaya-svekla,сахарная свекла,
8589,len,лен,
8589,pary,пары,
8590,kartofel,картофель,
8590,pary,пары,
8591,kartofel,картофель,
8591,pary,пары,
8592,kartofel,картофель,
8592,pary,пары,
8593,pary,пары,
8594,pary,пары,
8595,pary,пары,
8596,kormovye-travy,кормовые травы,
8596,pary,пары,
8597,kormovye-travy,кормовые травы,
8598,zemli-neselhoznaznacheniya,земли несельхозназначения,
8599,zemli-neselhoznaznacheniya,земли несельхозназначения,
8600,kukuruza,кукуруза,
8600,pary,пары,
8600,saharnaya-svekla,сахарная свекла,
8601,kartofel,картофель,
8601,pary,пары,
8602,pary,пары,
8602,podsolnechnik,подсолнечник,
8602,soya,соя,
8603,len,лен,
8603,pary,пары,
8604,kartofel,картофель,
8604,pary,пары,
8605,kartofel,картофель,
8605,pary,пары,
8606,kartofel,картофель,
8606,pary,пары,
8607,pary,пары,
8608,pary,пары,
8609,pary,пары,
8610,zemli-neselhoznaznacheniya,земли несельхозназначения,
8611,zemli-neselhoznaznacheniya,земли несельхозназначения,
8612,pary,пары,
8613,pary,пары,
8614,pary,пары,
8615,gazon,газон,
8615,kartofel,картофель,
8615,len,лен,
8615,pary,пары,
8616,gazon,газон,
8616,kartofel,картофель,
8616,len,лен,
8616,pary,пары,
8617,gazon,газон,
8617,kartofel,картофель,
8617,len,лен,
8617,pary,пары,
8618,kartofel,картофель,
8618,pary,пары,
8619,kartofel,картофель,
8619,pary,пары,
8620,kartofel,картофель,
8620,pary,пары,
8621,pary,пары,
8622,pary,пары,
8623,pary,пары,
8624,zemli-neselhoznaznacheniya,земли несельхозназначения,
8625,zemli-neselhoznaznacheniya,земли несельхозназначения,
8626,pary,пары,
8627,pary,пары,
8628,pary,пары,
8629,pary,пары,
8630,pary,пары,
8631,pary,пары,
8632,zemli-neselhoznaznacheniya,земли несельхозназначения,
8633,zemli-neselhoznaznacheniya,земли несельхозназначения,
8634,kukuruza,кукуруза,
8634,saharnaya-svekla,сахарная свекла,
8635,kapusta,капуста,
8635,podsolnechnik,подсолнечник,
8635,soya,соя,
8636,len,лен,
8637,gazon,газон,
8637,kartofel,картофель,
8637,len,лен,
8637,pary,пары,
8638,gazon,газон,
8638,kartofel,картофель,
8638,len,лен,
8638,pary,пары,
8639,gazon,газон,
8639,kartofel,картофель,
8639,len,лен,
8639,pary,пары,
8640,pary,пары,
8641,pary,пары,
8642,pary,пары,
8643,kormovye-travy,кормовые травы,
8643,pary,пары,
8644,kormovye-travy,кормовые травы,
8645,zemli-neselhoznaznacheniya,земли несельхозназначения,
8646,zemli-neselhoznaznacheniya,земли несельхозназначения,
8647,kartofel,картофель,
8647,pary,пары,
8648,kartofel,картофель,
8648,pary,пары,
8649,kartofel,картофель,
8649,pary,пары,
8650,pary,пары,
8651,pary,пары,
8652,pary,пары,
8653,zemli-neselhoznaznacheniya,земли несельхозназначения,
8654,pary,пары,
8655,kartofel,картофель,
8655,pary,пары,
8656,kartofel,картофель,
8656,pary,пары,
8657,kartofel,картофель,
8657,pary,пары,
8658,pary,пары,
8659,pary,пары,
8660,pary,пары,
8661,pary,пары,
8662,zemli-neselhoznaznacheniya,земли несельхозназначения,
8663,zemli-neselhoznaznacheniya,земли несельхозназначения,
8664,gazon,газон,
8664,kartofel,картофель,
8664,len,лен,
8664,pary,пары,
8665,gazon,газон,
8665,kartofel,картофель,
8665,len,лен,
8665,pary,пары,
8666,gazon,газон,
8666,kartofel,картофель,
8666,len,лен,
8666,pary,пары,
8667,pary,пары,
8668,pary,пары,
8669,pary,пары,
8670,kormovye-travy,кормовые травы,
8670,pary,пары,
8671,len,лен,
8671,pary,пары,
8672,zemli-neselhoznaznacheniya,земли несельхозназначения,
8673,zemli-neselhoznaznacheniya,земли несельхозназначения,
8674,pary,пары,
8675,pary,пары,
8676,pary,пары,
8677,pary,пары,
8678,pary,пары,
8679,pary,пары,
8680,pary,пары,
8681,pary,пары,
8682,pary,пары,
8683,pary,пары,
8684,pary,пары,
8685,gazon,газон,
8685,kartofel,картофель,
8685,len,лен,
8685,pary,пары,
8686,gazon,газон,
8686,kartofel,картофель,
8686,len,лен,
8686,pary,пары,
8687,gazon,газон,
8687,kartofel,картофель,
8687,len,лен,
8687,pary,пары,
8688,pary,пары,
8689,zernobobovye,"зернобобовые (нут, чечевица, люпин, бобы)",
8689,kartofel,картофель,
8689,len,лен,
8689,pary,пары,
8690,zernobobovye,"зернобобовые (нут, чечевица, люпин, бобы)",
8690,kartofel,картофель,
8690,len,лен,
8690,pary,пары,
8691,kartofel,картофель,
8691,pary,пары,
8692,kartofel,картофель,
8692,pary,пары,
8693,kartofel,картофель,
8693,pary,пары,
8694,pary,пары,
8695,pary,пары,
8696,pary,пары,
8697,vinograd,виноград,
8697,limon-tsitrusy,комнатные: лимон / цитрусы,
8698,vinograd,виноград,
8698,zemli-neselhoznaznacheniya,земли несельхозназначения,
8698,pary,пары,
8699,gazon,газон,
8699,kartofel,картофель,
8700,pary,пары,
8701,pary,пары,
8702,pary,пары,
8703,pary,пары,
8704,pary,пары,
8705,pary,пары,
8706,zemli-neselhoznaznacheniya,земли несельхозназначения,
8707,pary,пары,
8708,pary,пары,
8709,pary,пары,
8710,pary,пары,
8711,pary,пары,
8712,gazon,газон,
8712,kartofel,картофель,
8712,len,лен,
8712,pary,пары,
8713,gazon,газон,
8713,kartofel,картофель,
8713,len,лен,
8713,pary,пары,
8714,pary,пары,
8715,pary,пары,
8716,zemli-neselhoznaznacheniya,земли несельхозназначения,
8717,zemli-neselhoznaznacheniya,земли несельхозназначения,
8718,kartofel,картофель,
8718,pary,пары,
8719,kartofel,картофель,
8719,pary,пары,
8720,kartofel,картофель,
8720,pary,пары,
8721,pary,пары,
8722,pary,пары,
8723,pary,пары,
8724,pary,пары,
8725,pary,пары,
8726,zemli-neselhoznaznacheniya,земли несельхозназначения,
8727,zemli-neselhoznaznacheniya,земли несельхозназначения,
8728,lesnye-nasazhdeniya,лесные насаждения,
8728,pary,пары,
8729,lesnye-nasazhdeniya,лесные насаждения,
8729,hvoynye,"хвойные (туя, ель, можжевельник)",
8730,lesnye-nasazhdeniya,лесные насаждения,
8731,lesnye-nasazhdeniya,лесные насаждения,
8731,hvoynye,"хвойные (туя, ель, можжевельник)",
8732,lesnye-nasazhdeniya,лесные насаждения,
8733,lesnye-nasazhdeniya,лесные насаждения,
8733,hvoynye,"хвойные (туя, ель, можжевельник)",
8734,kartofel,картофель,
8734,pary,пары,
8735,kartofel,картофель,
8735,pary,пары,
8736,kartofel,картофель,
8736,pary,пары,
8737,pary,пары,
8738,pary,пары,
8739,pary,пары,
8740,pary,пары,
8741,pary,пары,
8742,pary,пары,
8743,pary,пары,
8744,pary,пары,
8745,pary,пары,
8746,pary,пары,
8747,pary,пары,
8748,pary,пары,
8749,pary,пары,
8750,pary,пары,
8751,pary,пары,
8752,gazon,газон,
8752,kartofel,картофель,
8752,pary,пары,
8753,gazon,газон,
8753,kartofel,картофель,
8753,pary,пары,
8754,gazon,газон,
8754,kartofel,картофель,
8754,pary,пары,
8755,pary,пары,
8756,pary,пары,
8757,pary,пары,
8758,zemli-neselhoznaznacheniya,земли несельхозназначения,
8759,zemli-neselhoznaznacheniya,земли несельхозназначения,
8760,kartofel,картофель,
8760,pary,пары,
8761,kartofel,картофель,
8761,pary,пары,
8762,kartofel,картофель,
8762,pary,пары,
8763,pary,пары,
8764,pary,пары,
8765,pary,пары,
8766,zemli-neselhoznaznacheniya,земли несельхозназначения,
8767,zemli-neselhoznaznacheniya,земли несельхозназначения,
8768,kartofel,картофель,
8768,pary,пары,
8769,kartofel,картофель,
8769,pary,пары,
8770,kartofel,картофель,
8770,pary,пары,
8771,pary,пары,
8772,pary,пары,
8773,pary,пары,
8774,zemli-neselhoznaznacheniya,земли несельхозназначения,
8775,zemli-neselhoznaznacheniya,земли несельхозназначения,
8776,zernobobovye,"зернобобовые (нут, чечевица, люпин, бобы)",
8776,kartofel,картофель,
8776,len,лен,
8776,pary,пары,
8777,zernobobovye,"зернобобовые (нут, чечевица, люпин, бобы)",
8777,kartofel,картофель,
8777,len,лен,
8777,pary,пары,
8778,pary,пары,
8779,pary,пары,
8780,pary,пары,
8781,kartofel,картофель,
8781,len,лен,
8781,pary,пары,
8782,kartofel,картофель,
8782,len,лен,
8782,pary,пары,
8783,pary,пары,
8784,pary,пары,
8785,pary,пары,
8786,zemli-neselhoznaznacheniya,земли несельхозназначения,
8787,zemli-neselhoznaznacheniya,земли несельхозназначения,
8788,zemli-neselhoznaznacheniya,земли несельхозназначения,
8789,kartofel,картофель,
8789,pary,пары,
8790,kartofel,картофель,
8790,pary,пары,
8791,pary,пары,
8792,pary,пары,
8793,pary,пары,
8794,pary,пары,
8795,zemli-neselhoznaznacheniya,земли несельхозназначения,
8796,zemli-neselhoznaznacheniya,земли несельхозназначения,
8797,zemli-neselhoznaznacheniya,земли несельхозназначения,
8798,pary,пары,
8799,pary,пары,
8800,zemli-neselhoznaznacheniya,земли несельхозназначения,
8801,pary,пары,
8802,pary,пары,
8803,pary,пары,
8804,zemli-neselhoznaznacheniya,земли несельхозназначения,
8805,zemli-neselhoznaznacheniya,земли несельхозназначения,
8806,zemli-neselhoznaznacheniya,земли несельхозназначения,
8807,pary,пары,
8808,pary,пары,
8809,gazon,газон,
8809,zernobobovye,"зернобобовые (нут, чечевица, люпин, бобы)",
8809,kartofel,картофель,
8809,kormovye-travy,кормовые травы,
8809,len,лен,
8809,pary,пары,
8810,gazon,газон,
8810,zernobobovye,"зернобобовые (нут, чечевица, люпин, бобы)",
8810,kartofel,картофель,
8810,kormovye-travy,кормовые травы,
8810,len,лен,
8810,pary,пары,
8811,zemli-neselhoznaznacheniya,земли несельхозназначения,
8812,zemli-neselhoznaznacheniya,земли несельхозназначения,
8813,zemli-neselhoznaznacheniya,земли несельхозназначения,
8814,pary,пары,
8815,zemli-neselhoznaznacheniya,земли несельхозназначения,
8816,zemli-neselhoznaznacheniya,земли несельхозназначения,
8817,zemli-neselhoznaznacheniya,земли несельхозназначения,
8818,pary,пары,
8819,pary,пары,
8820,pary,пары,
8821,zemli-neselhoznaznacheniya,земли несельхозназначения,
8822,zemli-neselhoznaznacheniya,земли несельхозназначения,
8823,pary,пары,
8824,pary,пары,
8825,zemli-neselhoznaznacheniya,земли несельхозназначения,
8826,kartofel,картофель,
8826,len,лен,
8826,pary,пары,
8827,kartofel,картофель,
8827,len,лен,
8827,pary,пары,
8828,pary,пары,
8829,pary,пары,
8830,pary,пары,
8831,zemli-neselhoznaznacheniya,земли несельхозназначения,
8832,zemli-neselhoznaznacheniya,земли несельхозназначения,
8833,zemli-neselhoznaznacheniya,земли несельхозназначения,
8834,zemli-neselhoznaznacheniya,земли несельхозназначения,
8835,zemli-neselhoznaznacheniya,земли несельхозназначения,
8836,kartofel,картофель,
8836,len,лен,
8836,pary,пары,
8837,kartofel,картофель,
8837,len,лен,
8837,pary,пары,
8838,pary,пары,
8839,zemli-neselhoznaznacheniya,земли несельхозназначения,
8840,zemli-neselhoznaznacheniya,земли несельхозназначения,
8841,kartofel,картофель,
8841,len,лен,
8841,pary,пары,
8842,kartofel,картофель,
8842,len,лен,
8842,pary,пары,
8843,pary,пары,
8844,pary,пары,
8845,zemli-neselhoznaznacheniya,земли несельхозназначения,
8846,zemli-neselhoznaznacheniya,земли несельхозназначения,
8847,zemli-neselhoznaznacheniya,земли несельхозназначения,
8848,kartofel,картофель,
8848,len,лен,
8848,pary,пары,
8849,kartofel,картофель,
8849,len,лен,
8849,pary,пары,
8850,pary,пары,
8851,zemli-neselhoznaznacheniya,земли несельхозназначения,
8852,zemli-neselhoznaznacheniya,земли несельхозназначения,
8853,zemli-neselhoznaznacheniya,земли несельхозназначения,
8854,pary,пары,
8855,pary,пары,
8856,pary,пары,
8857,pary,пары,
8858,pary,пары,
8859,zemli-neselhoznaznacheniya,земли несельхозназначения,
8860,zemli-neselhoznaznacheniya,земли несельхозназначения,
8861,zemli-neselhoznaznacheniya,земли несельхозназначения,
8862,pary,пары,
8863,zemli-neselhoznaznacheniya,земли несельхозназначения,
8864,zemli-neselhoznaznacheniya,земли несельхозназначения,
8865,zemli-neselhoznaznacheniya,земли несельхозназначения,
8866,kartofel,картофель,
8866,len,лен,
8866,pary,пары,
8867,pary,пары,
8868,zemli-neselhoznaznacheniya,земли несельхозназначения,
8869,zemli-neselhoznaznacheniya,земли несельхозназначения,
8870,zemli-neselhoznaznacheniya,земли несельхозназначения,
8871,kartofel,картофель,
8871,len,лен,
8871,pary,пары,
8872,kartofel,картофель,
8872,len,лен,
8872,pary,пары,
8873,pary,пары,
8874,pary,пары,
8875,zemli-neselhoznaznacheniya,земли несельхозназначения,
8876,zemli-neselhoznaznacheniya,земли несельхозназначения,
8877,zemli-neselhoznaznacheniya,земли несельхозназначения,
8878,pary,пары,
8879,gazon,газон,
8879,kartofel,картофель,
8879,len,лен,
8879,pary,пары,
8880,gazon,газон,
8880,kartofel,картофель,
8880,len,лен,
8880,pary,пары,
8881,zemli-neselhoznaznacheniya,земли несельхозназначения,
8882,zemli-neselhoznaznacheniya,земли несельхозназначения,
8883,zemli-neselhoznaznacheniya,земли несельхозназначения,
8884,kartofel,картофель,
8884,pary,пары,
8885,kartofel,картофель,
8885,pary,пары,
8886,pary,пары,
8887,pary,пары,
8888,pary,пары,
8889,pary,пары,
8890,zemli-neselhoznaznacheniya,земли несельхозназначения,
8891,zemli-neselhoznaznacheniya,земли несельхозназначения,
8892,zemli-neselhoznaznacheniya,земли несельхозназначения,
8893,kartofel,картофель,
8893,len,лен,
8893,pary,пары,
8894,kartofel,картофель,
8894,len,лен,
8894,pary,пары,
8895,pary,пары,
8896,pary,пары,
8897,zemli-neselhoznaznacheniya,земли несельхозназначения,
8898,zemli-neselhoznaznacheniya,земли несельхозназначения,
8899,zemli-neselhoznaznacheniya,земли несельхозназначения,
8900,pary,пары,
8901,pary,пары,
8902,pary,пары,
8903,pary,пары,
8904,pary,пары,
8905,pary,пары,
8906,pary,пары,
8907,pary,пары,
8908,pary,пары,
8909,zemli-neselhoznaznacheniya,земли несельхозназначения,
8910,zemli-neselhoznaznacheniya,земли несельхозназначения,
8911,pary,пары,
8912,pary,пары,
8913,pary,пары,
8914,pary,пары,
8915,pary,пары,
8916,zemli-neselhoznaznacheniya,земли несельхозназначения,
8917,zemli-neselhoznaznacheniya,земли несельхозназначения,
8918,zemli-neselhoznaznacheniya,земли несельхозназначения,
8919,kartofel,картофель,
8919,len,лен,
8919,pary,пары,
8920,kartofel,картофель,
8920,len,лен,
8920,pary,пары,
8921,pary,пары,
8922,zemli-neselhoznaznacheniya,земли несельхозназначения,
8923,zemli-neselhoznaznacheniya,земли несельхозназначения,
8924,zemli-neselhoznaznacheniya,земли несельхозназначения,
8925,kartofel,картофель,
8925,len,лен,
8925,pary,пары,
8926,kartofel,картофель,
8926,len,лен,
8926,pary,пары,
8927,pary,пары,
8928,kartofel,картофель,
8928,pary,пары,
8929,kartofel,картофель,
8929,pary,пары,
8930,pary,пары,
8931,pary,пары,
8932,pary,пары,
8933,pary,пары,
8934,zemli-neselhoznaznacheniya,земли несельхозназначения,
8935,zemli-neselhoznaznacheniya,земли несельхозназначения,
8936,gazon,газон,
8936,kartofel,картофель,
8936,len,лен,
8936,pary,пары,
8937,gazon,газон,
8937,kartofel,картофель,
8937,len,лен,
8937,pary,пары,
8938,gazon,газон,
8938,kartofel,картофель,
8938,len,лен,
8938,pary,пары,
8939,pary,пары,
8940,pary,пары,
8941,pary,пары,
8942,kormovye-travy,кормовые травы,
8942,pary,пары,
8943,len,лен,
8943,pary,пары,
8944,zemli-neselhoznaznacheniya,земли несельхозназначения,
8945,zemli-neselhoznaznacheniya,земли несельхозназначения,
8946,kukuruza,кукуруза,
8946,pary,пары,
8946,saharnaya-svekla,сахарная свекла,
8947,kartofel,картофель,
8947,pary,пары,
8948,pary,пары,
8948,podsolnechnik,подсолнечник,
8948,soya,соя,
8949,len,лен,
8949,pary,пары,
8950,kartofel,картофель,
8950,pary,пары,
8951,kartofel,картофель,
8951,pary,пары,
8952,kartofel,картофель,
8952,pary,пары,
8953,pary,пары,
8954,pary,пары,
8955,pary,пары,
8956,zemli-neselhoznaznacheniya,земли несельхозназначения,
8957,zemli-neselhoznaznacheniya,земли несельхозназначения,
8958,pary,пары,
8959,pary,пары,
8960,pary,пары,
8961,pary,пары,
8962,zemli-neselhoznaznacheniya,земли несельхозназначения,
8963,zemli-neselhoznaznacheniya,земли несельхозназначения,
8964,zemli-neselhoznaznacheniya,земли несельхозназначения,
8965,pary,пары,
8966,pary,пары,
8967,pary,пары,
8968,zemli-neselhoznaznacheniya,земли несельхозназначения,
8969,zemli-neselhoznaznacheniya,земли несельхозназначения,
8970,kartofel,картофель,
8970,len,лен,
8970,pary,пары,
8971,kartofel,картофель,
8971,len,лен,
8971,pary,пары,
8972,pary,пары,
8973,pary,пары,
8974,zemli-neselhoznaznacheniya,земли несельхозназначения,
8975,zemli-neselhoznaznacheniya,земли несельхозназначения,
8976,zemli-neselhoznaznacheniya,земли несельхозназначения,
8977,pary,пары,
8978,pary,пары,
8979,pary,пары,
8980,pary,пары,
8981,pary,пары,
8982,zemli-neselhoznaznacheniya,земли несельхозназначения,
8983,zemli-neselhoznaznacheniya,земли несельхозназначения,
8984,pary,пары,
8985,zemli-neselhoznaznacheniya,земли несельхозназначения,
8986,zemli-neselhoznaznacheniya,земли несельхозназначения,
8987,zemli-neselhoznaznacheniya,земли несельхозназначения,
8988,kartofel,картофель,
8988,len,лен,
8988,pary,пары,
8989,pary,пары,
8990,zemli-neselhoznaznacheniya,земли несельхозназначения,
8991,zemli-neselhoznaznacheniya,земли несельхозназначения,
8992,zemli-neselhoznaznacheniya,земли несельхозназначения,
8993,gazon,газон,
8993,zernobobovye,"зернобобовые (нут, чечевица, люпин, бобы)",
8993,kartofel,картофель,
8993,kormovye-travy,кормовые травы,
8993,len,лен,
8993,pary,пары,
8994,gazon,газон,
8994,zernobobovye,"зернобобовые (нут, чечевица, люпин, бобы)",
8994,kartofel,картофель,
8994,kormovye-travy,кормовые травы,
8994,len,лен,
8994,pary,пары,
8995,pary,пары,
8996,pary,пары,
8997,zemli-neselhoznaznacheniya,земли несельхозназначения,
8998,zemli-neselhoznaznacheniya,земли несельхозназначения,
8999,zemli-neselhoznaznacheniya,земли несельхозназначения,
9000,vinograd,виноград,
9001,pary,пары,
9002,kartofel,картофель,
9002,pary,пары,
9003,kukuruza,кукуруза,
9004,kartofel,картофель,
9005,podsolnechnik,подсолнечник,
9005,soya,соя,
9006,pary,пары,
9007,pary,пары,
9008,plodovye-derevya,плодовые деревья (общее),
9009,saharnaya-svekla,сахарная свекла,
9010,saharnaya-svekla,сахарная свекла,
9011,saharnaya-svekla,сахарная свекла,
9012,saharnaya-svekla,сахарная свекла,
9013,saharnaya-svekla,сахарная свекла,
9014,saharnaya-svekla,сахарная свекла,
9015,saharnaya-svekla,сахарная свекла,
9016,saharnaya-svekla,сахарная свекла,
9017,saharnaya-svekla,сахарная свекла,
9018,saharnaya-svekla,сахарная свекла,
9019,saharnaya-svekla,сахарная свекла,
9020,saharnaya-svekla,сахарная свекла,
9021,saharnaya-svekla,сахарная свекла,
9022,saharnaya-svekla,сахарная свекла,
9023,saharnaya-svekla,сахарная свекла,
9024,saharnaya-svekla,сахарная свекла,
9025,saharnaya-svekla,сахарная свекла,
9026,saharnaya-svekla,сахарная свекла,
9027,saharnaya-svekla,сахарная свекла,
9028,saharnaya-svekla,сахарная свекла,
9029,saharnaya-svekla,сахарная свекла,
9030,saharnaya-svekla,сахарная свекла,
9031,saharnaya-svekla,сахарная свекла,
9032,saharnaya-svekla,сахарная свекла,
9033,saharnaya-svekla,сахарная свекла,
9034,saharnaya-svekla,сахарная свекла,
9035,podsolnechnik,подсолнечник,
9035,raps,рапс,
9035,saharnaya-svekla,сахарная свекла,
9035,soya,соя,
9036,podsolnechnik,подсолнечник,
9036,raps,рапс,
9036,saharnaya-svekla,сахарная свекла,
9036,soya,соя,
9037,podsolnechnik,подсолнечник,
9037,raps,рапс,
9037,saharnaya-svekla,сахарная свекла,
9037,soya,соя,
9038,saharnaya-svekla,сахарная свекла,
9039,saharnaya-svekla,сахарная свекла,
9040,saharnaya-svekla,сахарная свекла,
9041,saharnaya-svekla,сахарная свекла,
9042,saharnaya-svekla,сахарная свекла,
9043,saharnaya-svekla,сахарная свекла,
9044,svekla,свекла,
9045,svekla,свекла,
9046,svekla,свекла,
9047,saharnaya-svekla,сахарная свекла,
9048,saharnaya-svekla,сахарная свекла,
9049,saharnaya-svekla,сахарная свекла,
9050,saharnaya-svekla,сахарная свекла,
9051,saharnaya-svekla,сахарная свекла,
9052,saharnaya-svekla,сахарная свекла,
9053,saharnaya-svekla,сахарная свекла,
9054,saharnaya-svekla,сахарная свекла,
9055,saharnaya-svekla,сахарная свекла,
9056,saharnaya-svekla,сахарная свекла,
9057,saharnaya-svekla,сахарная свекла,
9058,saharnaya-svekla,сахарная свекла,
9059,saharnaya-svekla,сахарная свекла,
9060,saharnaya-svekla,сахарная свекла,
9061,saharnaya-svekla,сахарная свекла,
9062,saharnaya-svekla,сахарная свекла,
9063,saharnaya-svekla,сахарная свекла,
9064,saharnaya-svekla,сахарная свекла,
9065,saharnaya-svekla,сахарная свекла,
9066,saharnaya-svekla,сахарная свекла,
9067,saharnaya-svekla,сахарная свекла,
9068,saharnaya-svekla,сахарная свекла,
9069,saharnaya-svekla,сахарная свекла,
9070,saharnaya-svekla,сахарная свекла,
9071,svekla,свекла,
9072,svekla,свекла,
9073,svekla,свекла,
9074,svekla,свекла,
9075,pshenitsa,пшеница,
9075,yachmen,ячмень,
9076,kukuruza,кукуруза,
9077,zernovye,зерновые (прочие),
9077,oves,овес,
9078,kukuruza,кукуруза,
9078,sklady-i-zernohranilischa,склады и зернохранилища,
9079,pshenitsa,пшеница,
9079,yachmen,ячмень,
9080,pshenitsa,пшеница,
9080,rozh,рожь,
9080,yachmen,ячмень,
9081,kukuruza,кукуруза,
9081,sklady-i-zernohranilischa,склады и зернохранилища,
9082,gazon,газон,
9082,kormovye-travy,кормовые травы,
9083,pshenitsa,пшеница,
9083,yachmen,ячмень,
9084,kukuruza,кукуруза,
9085,zemli-neselhoznaznacheniya,земли несельхозназначения,
9086,oves,овес,
9086,pshenitsa,пшеница,
9086,rozh,рожь,
9086,yachmen,ячмень,
9087,kukuruza,кукуруза,
9088,pastbischa-i-luga,пастбища и луга,
9089,pastbischa-i-luga,пастбища и луга,
9090,zemli-neselhoznaznacheniya,земли несельхозназначения,
9091,pshenitsa,пшеница,
9091,yachmen,ячмень,
9092,kukuruza,кукуруза,
9092,sklady-i-zernohranilischa,склады и зернохранилища,
9093,pary,пары,
9094,zemli-neselhoznaznacheniya,земли несельхозназначения,
9095,gazon,газон,
9096,pshenitsa,пшеница,
9096,rozh,рожь,
9096,yachmen,ячмень,
9097,kukuruza,кукуруза,
9097,sklady-i-zernohranilischa,склады и зернохранилища,
9098,oves,овес,
9098,pshenitsa,пшеница,
9098,rozh,рожь,
9098,yachmen,ячмень,
9099,kukuruza,кукуруза,
9100,oves,овес,
9100,pshenitsa,пшеница,
9100,rozh,рожь,
9100,yachmen,ячмень,
9101,oves,овес,
9101,pshenitsa,пшеница,
9101,rozh,рожь,
9101,yachmen,ячмень,
9102,kukuruza,кукуруза,
9103,kukuruza,кукуруза,
9104,pastbischa-i-luga,пастбища и луга,
9105,pastbischa-i-luga,пастбища и луга,
9106,pastbischa-i-luga,пастбища и луга,
9107,pastbischa-i-luga,пастбища и луга,
9108,pshenitsa,пшеница,
9108,rozh,рожь,
9108,yachmen,ячмень,
9109,kukuruza,кукуруза,
9109,sklady-i-zernohranilischa,склады и зернохранилища,
9110,oves,овес,
9110,pshenitsa,пшеница,
9110,rozh,рожь,
9110,yachmen,ячмень,
9111,kukuruza,кукуруза,
9112,pastbischa-i-luga,пастбища и луга,
9113,pastbischa-i-luga,пастбища и луга,
9114,pary,пары,
9115,zemli-neselhoznaznacheniya,земли несельхозназначения,
9116,gazon,газон,
9116,kormovye-travy,кормовые травы,
9117,zemli-neselhoznaznacheniya,земли несельхозназначения,
9118,pshenitsa,пшеница,
9118,rozh,рожь,
9118,yachmen,ячмень,
9119,krupyanye,"крупяные (гречиха, просо, сорго)",
9120,kukuruza,кукуруза,
9121,oves,овес,
9121,pshenitsa,пшеница,
9121,rozh,рожь,
9121,yachmen,ячмень,
9122,kukuruza,кукуруза,
9123,oves,овес,
9123,pshenitsa,пшеница,
9123,rozh,рожь,
9123,yachmen,ячмень,
9124,kukuruza,кукуруза,
9125,gazon,газон,
9125,kormovye-travy,кормовые травы,
9126,zemli-neselhoznaznacheniya,земли несельхозназначения,
9127,pshenitsa,пшеница,
9128,kukuruza,кукуруза,
9129,kukuruza,кукуруза,
9130,oves,овес,
9130,pshenitsa,пшеница,
9130,yachmen,ячмень,
9131,kukuruza,кукуруза,
9132,oves,овес,
9132,pshenitsa,пшеница,
9132,rozh,рожь,
9132,yachmen,ячмень,
9133,kukuruza,кукуруза,
9134,gazon,газон,
9134,kormovye-travy,кормовые травы,
9135,zemli-neselhoznaznacheniya,земли несельхозназначения,
9136,kukuruza,кукуруза,
9137,kukuruza,кукуруза,
9138,pshenitsa,пшеница,
9138,yachmen,ячмень,
9139,kukuruza,кукуруза,
9140,kukuruza,кукуруза,
9141,kukuruza,кукуруза,
9142,kukuruza,кукуруза,
9143,kukuruza,кукуруза,
9144,kukuruza,кукуруза,
9145,oves,овес,
9145,pshenitsa,пшеница,
9145,yachmen,ячмень,
9146,oves,овес,
9146,pshenitsa,пшеница,
9146,yachmen,ячмень,
9147,pshenitsa,пшеница,
9147,rozh,рожь,
9147,yachmen,ячмень,
9148,pshenitsa,пшеница,
9148,rozh,рожь,
9148,yachmen,ячмень,
9149,gazon,газон,
9149,kormovye-travy,кормовые травы,
9150,gazon,газон,
9150,kormovye-travy,кормовые травы,
9151,kukuruza,кукуруза,
9152,kukuruza,кукуруза,
9153,pary,пары,
9153,pshenitsa,пшеница,
9154,pary,пары,
9154,pshenitsa,пшеница,
9155,zemli-neselhoznaznacheniya,земли несельхозназначения,
9156,pshenitsa,пшеница,
9156,yachmen,ячмень,
9157,oves,овес,
9157,pshenitsa,пшеница,
9157,yachmen,ячмень,
9158,oves,овес,
9158,pshenitsa,пшеница,
9158,yachmen,ячмень,
9159,pshenitsa,пшеница,
9159,rozh,рожь,
9159,yachmen,ячмень,
9160,oves,овес,
9160,pshenitsa,пшеница,
9160,rozh,рожь,
9160,yachmen,ячмень,
9161,oves,овес,
9161,pshenitsa,пшеница,
9161,rozh,рожь,
9161,yachmen,ячмень,
9162,len,лен,
9163,len,лен,
9164,pshenitsa,пшеница,
9164,yachmen,ячмень,
9165,pshenitsa,пшеница,
9165,yachmen,ячмень,
9166,kukuruza,кукуруза,
9166,sklady-i-zernohranilischa,склады и зернохранилища,
9167,pshenitsa,пшеница,
9167,yachmen,ячмень,
9168,pshenitsa,пшеница,
9168,rozh,рожь,
9168,yachmen,ячмень,
9169,kukuruza,кукуруза,
9170,zemli-neselhoznaznacheniya,земли несельхозназначения,
9171,pastbischa-i-luga,пастбища и луга,
9172,oves,овес,
9172,pshenitsa,пшеница,
9172,rozh,рожь,
9172,yachmen,ячмень,
9173,kukuruza,кукуруза,
9174,pastbischa-i-luga,пастбища и луга,
9175,pastbischa-i-luga,пастбища и луга,
9176,zemli-neselhoznaznacheniya,земли несельхозназначения,
9177,oves,овес,
9177,pshenitsa,пшеница,
9177,yachmen,ячмень,
9178,oves,овес,
9178,pshenitsa,пшеница,
9178,yachmen,ячмень,
9179,pshenitsa,пшеница,
9179,rozh,рожь,
9179,yachmen,ячмень,
9180,pshenitsa,пшеница,
9180,rozh,рожь,
9180,yachmen,ячмень,
9181,gazon,газон,
9181,kormovye-travy,кормовые травы,
9182,gazon,газон,
9182,kormovye-travy,кормовые травы,
9183,kukuruza,кукуруза,
9184,pshenitsa,пшеница,
9184,rozh,рожь,
9184,yachmen,ячмень,
9185,krupyanye,"крупяные (гречиха, просо, сорго)",
9186,kukuruza,кукуруза,
9186,sklady-i-zernohranilischa,склады и зернохранилища,
9187,kartofel,картофель,
9188,kukuruza,кукуруза,
9188,pary,пары,
9188,podsolnechnik,подсолнечник,
9188,soya,соя,
9189,kukuruza,кукуруза,
9189,pary,пары,
9189,podsolnechnik,подсолнечник,
9189,soya,соя,
9190,kartofel,картофель,
9191,kukuruza,кукуруза,
9191,pary,пары,
9191,podsolnechnik,подсолнечник,
9191,soya,соя,
9192,kukuruza,кукуруза,
9192,pary,пары,
9192,podsolnechnik,подсолнечник,
9192,soya,соя,
9193,pary,пары,
9194,soya,соя,
9195,soya,соя,
9196,podsolnechnik,подсолнечник,
9197,podsolnechnik,подсолнечник,
9198,goroh-fasol,горох / фасоль,
9198,sklady-i-zernohranilischa,склады и зернохранилища,
9199,goroh-fasol,горох / фасоль,
9199,sklady-i-zernohranilischa,склады и зернохранилища,
9200,raps,рапс,
9201,raps,рапс,
9202,pshenitsa,пшеница,
9202,yachmen,ячмень,
9203,pshenitsa,пшеница,
9203,yachmen,ячмень,
9204,kartofel,картофель,
9205,kartofel,картофель,
9206,kartofel,картофель,
9207,kartofel,картофель,
9208,soya,соя,
9209,soya,соя,
9210,soya,соя,
9211,soya,соя,
9212,soya,соя,
9213,soya,соя,
9214,soya,соя,
9215,kukuruza,кукуруза,
9215,podsolnechnik,подсолнечник,
9215,saharnaya-svekla,сахарная свекла,
9215,sklady-i-zernohranilischa,склады и зернохранилища,
9215,soya,соя,
9216,saharnaya-svekla,сахарная свекла,
9217,kukuruza,кукуруза,
9217,podsolnechnik,подсолнечник,
9217,saharnaya-svekla,сахарная свекла,
9217,soya,соя,
9218,pshenitsa,пшеница,
9219,pshenitsa,пшеница,
9220,pshenitsa,пшеница,
9221,pshenitsa,пшеница,
9222,kukuruza,кукуруза,
9223,kukuruza,кукуруза,
9224,kukuruza,кукуруза,
9225,zernobobovye,"зернобобовые (нут, чечевица, люпин, бобы)",
9226,kukuruza,кукуруза,
9227,kukuruza,кукуруза,
9228,kukuruza,кукуруза,
9229,pshenitsa,пшеница,
9229,rozh,рожь,
9230,pshenitsa,пшеница,
9231,goroh-fasol,горох / фасоль,
9231,sklady-i-zernohranilischa,склады и зернохранилища,
9232,soya,соя,
9233,podsolnechnik,подсолнечник,
9234,raps,рапс,
9235,soya,соя,
9236,goroh-fasol,горох / фасоль,
9236,sklady-i-zernohranilischa,склады и зернохранилища,
9237,soya,соя,
9238,goroh-fasol,горох / фасоль,
9238,zernobobovye,"зернобобовые (нут, чечевица, люпин, бобы)",
9238,sklady-i-zernohranilischa,склады и зернохранилища,
9239,soya,соя,
9240,goroh-fasol,горох / фасоль,
9240,sklady-i-zernohranilischa,склады и зернохранилища,
9241,podsolnechnik,подсолнечник,
9242,kormovye-travy,кормовые травы,
9243,soya,соя,
9244,goroh-fasol,горох / фасоль,
9244,sklady-i-zernohranilischa,склады и зернохранилища,
9245,soya,соя,
9246,goroh-fasol,горох / фасоль,
9246,sklady-i-zernohranilischa,склады и зернохранилища,
9247,raps,рапс,
9248,podsolnechnik,подсолнечник,
9249,goroh-fasol,горох / фасоль,
9249,sklady-i-zernohranilischa,склады и зернохранилища,
9250,soya,соя,
9251,podsolnechnik,подсолнечник,
9252,podsolnechnik,подсолнечник,
9253,podsolnechnik,подсолнечник,
9254,soya,соя,
9255,goroh-fasol,горох / фасоль,
9256,podsolnechnik,подсолнечник,
9257,goroh-fasol,горох / фасоль,
9257,sklady-i-zernohranilischa,склады и зернохранилища,
9257,soya,соя,
9258,soya,соя,
9259,raps,рапс,
9260,podsolnechnik,подсолнечник,
9261,goroh-fasol,горох / фасоль,
9261,soya,соя,
9262,raps,рапс,
9263,kormovye-travy,кормовые травы,
9264,podsolnechnik,подсолнечник,
9265,raps,рапс,
9266,raps,рапс,
9267,soya,соя,
9268,goroh-fasol,горох / фасоль,
9268,zernobobovye,"зернобобовые (нут, чечевица, люпин, бобы)",
9268,sklady-i-zernohranilischa,склады и зернохранилища,
9269,podsolnechnik,подсолнечник,
9270,raps,рапс,
9271,soya,соя,
9272,goroh-fasol,горох / фасоль,
9273,podsolnechnik,подсолнечник,
9274,goroh-fasol,горох / фасоль,
9274,zernobobovye,"зернобобовые (нут, чечевица, люпин, бобы)",
9274,sklady-i-zernohranilischa,склады и зернохранилища,
9275,soya,соя,
9276,goroh-fasol,горох / фасоль,
9276,zernobobovye,"зернобобовые (нут, чечевица, люпин, бобы)",
9276,sklady-i-zernohranilischa,склады и зернохранилища,
9277,soya,соя,
9278,goroh-fasol,горох / фасоль,
9278,soya,соя,
9279,podsolnechnik,подсолнечник,
9280,goroh-fasol,горох / фасоль,
9281,goroh-fasol,горох / фасоль,
9281,zernobobovye,"зернобобовые (нут, чечевица, люпин, бобы)",
9281,sklady-i-zernohranilischa,склады и зернохранилища,
9282,soya,соя,
9283,goroh-fasol,горох / фасоль,
9283,sklady-i-zernohranilischa,склады и зернохранилища,
9283,soya,соя,
9284,podsolnechnik,подсолнечник,
9285,raps,рапс,
9286,goroh-fasol,горох / фасоль,
9287,soya,соя,
9288,raps,рапс,
9289,podsolnechnik,подсолнечник,
9290,goroh-fasol,горох / фасоль,
9290,soya,соя,
9291,podsolnechnik,подсолнечник,
9292,soya,соя,
9293,raps,рапс,
9294,goroh-fasol,горох / фасоль,
9294,sklady-i-zernohranilischa,склады и зернохранилища,
9295,soya,соя,
9296,goroh-fasol,горох / фасоль,
9296,zernobobovye,"зернобобовые (нут, чечевица, люпин, бобы)",
9296,sklady-i-zernohranilischa,склады и зернохранилища,
9297,goroh-fasol,горох / фасоль,
9298,soya,соя,
9299,raps,рапс,
9300,goroh-fasol,горох / фасоль,
9300,sklady-i-zernohranilischa,склады и зернохранилища,
9300,soya,соя,
9301,podsolnechnik,подсолнечник,
9302,raps,рапс,
9303,soya,соя,
9304,podsolnechnik,подсолнечник,
9305,podsolnechnik,подсолнечник,
9306,soya,соя,
9307,goroh-fasol,горох / фасоль,
9307,sklady-i-zernohranilischa,склады и зернохранилища,
9308,podsolnechnik,подсолнечник,
9309,raps,рапс,
9310,podsolnechnik,подсолнечник,
9310,raps,рапс,
9311,podsolnechnik,подсолнечник,
9312,zemli-neselhoznaznacheniya,земли несельхозназначения,
9313,zemli-neselhoznaznacheniya,земли несельхозназначения,
9314,podsolnechnik,подсолнечник,
9315,podsolnechnik,подсолнечник,
9316,podsolnechnik,подсолнечник,
9317,podsolnechnik,подсолнечник,
9318,podsolnechnik,подсолнечник,
9319,podsolnechnik,подсолнечник,
9320,podsolnechnik,подсолнечник,
9321,podsolnechnik,подсолнечник,
9322,podsolnechnik,подсолнечник,
9323,podsolnechnik,подсолнечник,
9324,podsolnechnik,подсолнечник,
9325,raps,рапс,
9326,podsolnechnik,подсолнечник,
9327,podsolnechnik,подсолнечник,
9328,podsolnechnik,подсолнечник,
9329,podsolnechnik,подсолнечник,
9330,podsolnechnik,подсолнечник,
9331,zemli-neselhoznaznacheniya,земли несельхозназначения,
9332,podsolnechnik,подсолнечник,
9333,podsolnechnik,подсолнечник,
9334,zemli-neselhoznaznacheniya,земли несельхозназначения,
9335,podsolnechnik,подсолнечник,
9336,podsolnechnik,подсолнечник,
9337,raps,рапс,
9338,podsolnechnik,подсолнечник,
9339,podsolnechnik,подсолнечник,
9340,podsolnechnik,подсолнечник,
9341,podsolnechnik,подсолнечник,
9342,podsolnechnik,подсолнечник,
9343,podsolnechnik,подсолнечник,
9344,soya,соя,
9345,zemli-neselhoznaznacheniya,земли несельхозназначения,
9346,zemli-neselhoznaznacheniya,земли несельхозназначения,
9347,zemli-neselhoznaznacheniya,земли несельхозназначения,
9348,zemli-neselhoznaznacheniya,земли несельхозназначения,
9348,hvoynye,"хвойные (туя, ель, можжевельник)",
9349,zemli-neselhoznaznacheniya,земли несельхозназначения,
9350,zemli-neselhoznaznacheniya,земли несельхозназначения,
9351,zemli-neselhoznaznacheniya,земли несельхозназначения,
9351,lesnye-nasazhdeniya,лесные насаждения,
9351,hvoynye,"хвойные (туя, ель, можжевельник)",
9352,zemli-neselhoznaznacheniya,земли несельхозназначения,
9352,hvoynye,"хвойные (туя, ель, можжевельник)",
9353,podsolnechnik,подсолнечник,
9353,raps,рапс,
9354,zemli-neselhoznaznacheniya,земли несельхозназначения,
9355,zemli-neselhoznaznacheniya,земли несельхозназначения,
9356,zemli-neselhoznaznacheniya,земли несельхозназначения,
9357,zemli-neselhoznaznacheniya,земли несельхозназначения,
9358,zemli-neselhoznaznacheniya,земли несельхозназначения,
9359,hvoynye,"хвойные (туя, ель, можжевельник)",
9360,soya,соя,
9361,goroh-fasol,горох / фасоль,
9361,sklady-i-zernohranilischa,склады и зернохранилища,
9362,soya,соя,
9363,goroh-fasol,горох / фасоль,
9363,zernobobovye,"зернобобовые (нут, чечевица, люпин, бобы)",
9363,len,лен,
9363,sklady-i-zernohranilischa,склады и зернохранилища,
9364,soya,соя,
9365,goroh-fasol,горох / фасоль,
9365,sklady-i-zernohranilischa,склады и зернохранилища,
9366,soya,соя,
9367,soya,соя,
9368,goroh-fasol,горох / фасоль,
9369,soya,соя,
9370,goroh-fasol,горох / фасоль,
9370,sklady-i-zernohranilischa,склады и зернохранилища,
9371,zernobobovye,"зернобобовые (нут, чечевица, люпин, бобы)",
9372,soya,соя,
9373,goroh-fasol,горох / фасоль,
9373,sklady-i-zernohranilischa,склады и зернохранилища,
9374,soya,соя,
9375,goroh-fasol,горох / фасоль,
9375,zernobobovye,"зернобобовые (нут, чечевица, люпин, бобы)",
9375,sklady-i-zernohranilischa,склады и зернохранилища,
9376,soya,соя,
9377,goroh-fasol,горох / фасоль,
9377,sklady-i-zernohranilischa,склады и зернохранилища,
9378,soya,соя,
9379,soya,соя,
9380,goroh-fasol,горох / фасоль,
9380,sklady-i-zernohranilischa,склады и зернохранилища,
9381,soya,соя,
9382,soya,соя,
9383,goroh-fasol,горох / фасоль,
9383,sklady-i-zernohranilischa,склады и зернохранилища,
9384,soya,соя,
9385,goroh-fasol,горох / фасоль,
9385,zernobobovye,"зернобобовые (нут, чечевица, люпин, бобы)",
9385,sklady-i-zernohranilischa,склады и зернохранилища,
9386,kormovye-travy,кормовые травы,
9387,soya,соя,
9388,soya,соя,
9389,goroh-fasol,горох / фасоль,
9389,zernobobovye,"зернобобовые (нут, чечевица, люпин, бобы)",
9389,sklady-i-zernohranilischa,склады и зернохранилища,
9390,zernobobovye,"зернобобовые (нут, чечевица, люпин, бобы)",
9391,kormovye-travy,кормовые травы,
9392,podsolnechnik,подсолнечник,
9393,podsolnechnik,подсолнечник,
9394,soya,соя,
9395,raps,рапс,
9396,podsolnechnik,подсолнечник,
9397,podsolnechnik,подсолнечник,
9398,soya,соя,
9399,soya,соя,
9400,soya,соя,
9401,soya,соя,
9402,pshenitsa,пшеница,
9403,zernovye,зерновые (прочие),
9403,pshenitsa,пшеница,
9404,zernovye,зерновые (прочие),
9404,pshenitsa,пшеница,
9405,kukuruza,кукуруза,
9405,sklady-i-zernohranilischa,склады и зернохранилища,
9406,pshenitsa,пшеница,
9406,yachmen,ячмень,
9407,pshenitsa,пшеница,
9407,yachmen,ячмень,
9408,pshenitsa,пшеница,
9408,yachmen,ячмень,
9409,pshenitsa,пшеница,
9410,goroh-fasol,горох / фасоль,
9410,kapusta,капуста,
9410,kartofel,картофель,
9410,len,лен,
9410,luk,лук,
9410,morkov,морковь,
9410,podsolnechnik,подсолнечник,
9410,raps,рапс,
9410,saharnaya-svekla,сахарная свекла,
9410,sklady-i-zernohranilischa,склады и зернохранилища,
9410,soya,соя,
9410,tomat,томат,
9411,goroh-fasol,горох / фасоль,
9411,kapusta,капуста,
9411,kartofel,картофель,
9411,len,лен,
9411,luk,лук,
9411,morkov,морковь,
9411,podsolnechnik,подсолнечник,
9411,raps,рапс,
9411,saharnaya-svekla,сахарная свекла,
9411,sklady-i-zernohranilischa,склады и зернохранилища,
9411,soya,соя,
9411,tomat,томат,
9412,goroh-fasol,горох / фасоль,
9412,podsolnechnik,подсолнечник,
9412,raps,рапс,
9412,saharnaya-svekla,сахарная свекла,
9412,soya,соя,
9413,goroh-fasol,горох / фасоль,
9413,podsolnechnik,подсолнечник,
9413,raps,рапс,
9413,saharnaya-svekla,сахарная свекла,
9413,soya,соя,
9414,len,лен,
9414,podsolnechnik,подсолнечник,
9414,raps,рапс,
9414,saharnaya-svekla,сахарная свекла,
9414,soya,соя,
9415,len,лен,
9415,podsolnechnik,подсолнечник,
9415,raps,рапс,
9415,saharnaya-svekla,сахарная свекла,
9415,soya,соя,
9416,kapusta,капуста,
9416,kartofel,картофель,
9416,luk,лук,
9416,morkov,морковь,
9416,podsolnechnik,подсолнечник,
9416,raps,рапс,
9416,saharnaya-svekla,сахарная свекла,
9416,soya,соя,
9417,kapusta,капуста,
9417,kartofel,картофель,
9417,luk,лук,
9417,morkov,морковь,
9417,podsolnechnik,подсолнечник,
9417,raps,рапс,
9417,saharnaya-svekla,сахарная свекла,
9417,soya,соя,
9418,zernobobovye,"зернобобовые (нут, чечевица, люпин, бобы)",
9419,zernobobovye,"зернобобовые (нут, чечевица, люпин, бобы)",
9420,len,лен,
9420,saharnaya-svekla,сахарная свекла,
9421,len,лен,
9421,saharnaya-svekla,сахарная свекла,
9422,kapusta,капуста,
9422,kartofel,картофель,
9422,luk,лук,
9422,morkov,морковь,
9422,podsolnechnik,подсолнечник,
9422,raps,рапс,
9422,saharnaya-svekla,сахарная свекла,
9422,soya,соя,
9423,kapusta,капуста,
9423,kartofel,картофель,
9423,luk,лук,
9423,morkov,морковь,
9423,podsolnechnik,подсолнечник,
9423,raps,рапс,
9423,saharnaya-svekla,сахарная свекла,
9423,soya,соя,
9424,zernobobovye,"зернобобовые (нут, чечевица, люпин, бобы)",
9425,zernobobovye,"зернобобовые (нут, чечевица, люпин, бобы)",
9426,len,лен,
9426,saharnaya-svekla,сахарная свекла,
9427,len,лен,
9427,saharnaya-svekla,сахарная свекла,
9428,len,лен,
9428,podsolnechnik,подсолнечник,
9428,raps,рапс,
9428,saharnaya-svekla,сахарная свекла,
9428,soya,соя,
9429,len,лен,
9429,podsolnechnik,подсолнечник,
9429,raps,рапс,
9429,saharnaya-svekla,сахарная свекла,
9429,soya,соя,
9430,kapusta,капуста,
9430,kartofel,картофель,
9430,luk,лук,
9430,morkov,морковь,
9430,podsolnechnik,подсолнечник,
9430,raps,рапс,
9430,saharnaya-svekla,сахарная свекла,
9430,soya,соя,
9431,kapusta,капуста,
9431,kartofel,картофель,
9431,luk,лук,
9431,morkov,морковь,
9431,podsolnechnik,подсолнечник,
9431,raps,рапс,
9431,saharnaya-svekla,сахарная свекла,
9431,soya,соя,
9432,goroh-fasol,горох / фасоль,
9433,goroh-fasol,горох / фасоль,
9434,len,лен,
9435,len,лен,
9436,raps,рапс,
9437,raps,рапс,
9438,raps,рапс,
9439,raps,рапс,
9440,saharnaya-svekla,сахарная свекла,
9441,goroh-fasol,горох / фасоль,
9441,krupyanye,"крупяные (гречиха, просо, сорго)",
9441,podsolnechnik,подсолнечник,
9441,raps,рапс,
9441,saharnaya-svekla,сахарная свекла,
9441,soya,соя,
9442,goroh-fasol,горох / фасоль,
9442,krupyanye,"крупяные (гречиха, просо, сорго)",
9442,podsolnechnik,подсолнечник,
9442,raps,рапс,
9442,saharnaya-svekla,сахарная свекла,
9442,soya,соя,
9443,kapusta,капуста,
9443,luk,лук,
9443,tomat,томат,
9444,tomat,томат,
9445,kartofel,картофель,
9446,raps,рапс,
9446,soya,соя,
9447,podsolnechnik,подсолнечник,
9447,saharnaya-svekla,сахарная свекла,
9448,saharnaya-svekla,сахарная свекла,
9449,kapusta,капуста,
9449,luk,лук,
9449,tomat,томат,
9450,tomat,томат,
9451,kartofel,картофель,
9452,podsolnechnik,подсолнечник,
9452,raps,рапс,
9452,saharnaya-svekla,сахарная свекла,
9452,soya,соя,
9453,saharnaya-svekla,сахарная свекла,
9454,podsolnechnik,подсолнечник,
9454,raps,рапс,
9454,svekla,свекла,
9455,saharnaya-svekla,сахарная свекла,
9455,soya,соя,
9456,saharnaya-svekla,сахарная свекла,
9456,soya,соя,
9457,podsolnechnik,подсолнечник,
9457,raps,рапс,
9457,svekla,свекла,
9458,raps,рапс,
9458,soya,соя,
9459,luk,лук,
9459,morkov,морковь,
9459,podsolnechnik,подсолнечник,
9459,saharnaya-svekla,сахарная свекла,
9459,soya,соя,
9460,luk,лук,
9460,morkov,морковь,
9460,podsolnechnik,подсолнечник,
9460,raps,рапс,
9460,saharnaya-svekla,сахарная свекла,
9460,soya,соя,
9461,raps,рапс,
9461,saharnaya-svekla,сахарная свекла,
9461,soya,соя,
9462,raps,рапс,
9462,saharnaya-svekla,сахарная свекла,
9462,soya,соя,
9463,kartofel,картофель,
9463,luk,лук,
9463,morkov,морковь,
9463,podsolnechnik,подсолнечник,
9463,raps,рапс,
9463,saharnaya-svekla,сахарная свекла,
9463,soya,соя,
9464,kartofel,картофель,
9464,luk,лук,
9464,morkov,морковь,
9464,podsolnechnik,подсолнечник,
9464,raps,рапс,
9464,saharnaya-svekla,сахарная свекла,
9464,soya,соя,
9465,zernobobovye,"зернобобовые (нут, чечевица, люпин, бобы)",
9465,maslichnye-i-tehnicheskie,масличные и технические,
9466,zernobobovye,"зернобобовые (нут, чечевица, люпин, бобы)",
9466,maslichnye-i-tehnicheskie,масличные и технические,
9467,krupyanye,"крупяные (гречиха, просо, сорго)",
9467,len,лен,
9467,tomat,томат,
9468,krupyanye,"крупяные (гречиха, просо, сорго)",
9468,len,лен,
9468,tomat,томат,
9469,tomat,томат,
9470,tomat,томат,
9471,soya,соя,
9472,soya,соя,
9473,podsolnechnik,подсолнечник,
9474,podsolnechnik,подсолнечник,
9475,len,лен,
9475,podsolnechnik,подсолнечник,
9475,raps,рапс,
9475,saharnaya-svekla,сахарная свекла,
9475,soya,соя,
9476,len,лен,
9476,podsolnechnik,подсолнечник,
9476,raps,рапс,
9476,saharnaya-svekla,сахарная свекла,
9476,soya,соя,
9477,len,лен,
9478,len,лен,
9479,saharnaya-svekla,сахарная свекла,
9479,soya,соя,
9480,saharnaya-svekla,сахарная свекла,
9480,soya,соя,
9481,podsolnechnik,подсолнечник,
9482,podsolnechnik,подсолнечник,
9483,podsolnechnik,подсолнечник,
9483,saharnaya-svekla,сахарная свекла,
9483,soya,соя,
9484,podsolnechnik,подсолнечник,
9484,saharnaya-svekla,сахарная свекла,
9484,soya,соя,
9485,kartofel,картофель,
9485,luk,лук,
9485,morkov,морковь,
9485,podsolnechnik,подсолнечник,
9485,raps,рапс,
9485,saharnaya-svekla,сахарная свекла,
9485,soya,соя,
9486,kartofel,картофель,
9486,luk,лук,
9486,morkov,морковь,
9486,podsolnechnik,подсолнечник,
9486,raps,рапс,
9486,saharnaya-svekla,сахарная свекла,
9486,soya,соя,
9487,len,лен,
9488,len,лен,
9489,goroh-fasol,горох / фасоль,
9489,zernobobovye,"зернобобовые (нут, чечевица, люпин, бобы)",
9489,kartofel,картофель,
9489,podsolnechnik,подсолнечник,
9489,raps,рапс,
9489,saharnaya-svekla,сахарная свекла,
9489,soya,соя,
9490,len,лен,
9491,goroh-fasol,горох / фасоль,
9491,zernobobovye,"зернобобовые (нут, чечевица, люпин, бобы)",
9491,kartofel,картофель,
9491,podsolnechnik,подсолнечник,
9491,raps,рапс,
9491,saharnaya-svekla,сахарная свекла,
9491,soya,соя,
9492,len,лен,
9493,goroh-fasol,горох / фасоль,
9493,kartofel,картофель,
9493,podsolnechnik,подсолнечник,
9493,raps,рапс,
9493,saharnaya-svekla,сахарная свекла,
9493,soya,соя,
9494,goroh-fasol,горох / фасоль,
9494,kartofel,картофель,
9494,podsolnechnik,подсолнечник,
9494,raps,рапс,
9494,saharnaya-svekla,сахарная свекла,
9494,soya,соя,
9495,luk,лук,
9495,saharnaya-svekla,сахарная свекла,
9495,soya,соя,
9496,luk,лук,
9496,saharnaya-svekla,сахарная свекла,
9496,soya,соя,
9497,podsolnechnik,подсолнечник,
9498,podsolnechnik,подсолнечник,
9499,len,лен,
9500,len,лен,
9501,len,лен,
9502,len,лен,
9503,raps,рапс,
9504,raps,рапс,
9505,podsolnechnik,подсолнечник,
9505,saharnaya-svekla,сахарная свекла,
9506,raps,рапс,
9506,soya,соя,
9507,podsolnechnik,подсолнечник,
9507,raps,рапс,
9507,saharnaya-svekla,сахарная свекла,
9507,soya,соя,
9508,kapusta,капуста,
9508,kartofel,картофель,
9508,luk,лук,
9508,tomat,томат,
9509,kapusta,капуста,
9509,kartofel,картофель,
9509,luk,лук,
9509,tomat,томат,
9510,zernobobovye,"зернобобовые (нут, чечевица, люпин, бобы)",
9510,sklady-i-zernohranilischa,склады и зернохранилища,
9510,soya,соя,
9511,len,лен,
9512,zernobobovye,"зернобобовые (нут, чечевица, люпин, бобы)",
9512,sklady-i-zernohranilischa,склады и зернохранилища,
9512,soya,соя,
9513,len,лен,
9514,kartofel,картофель,
9514,podsolnechnik,подсолнечник,
9514,raps,рапс,
9514,soya,соя,
9515,len,лен,
9516,kartofel,картофель,
9516,podsolnechnik,подсолнечник,
9516,raps,рапс,
9516,soya,соя,
9517,len,лен,
9518,zernobobovye,"зернобобовые (нут, чечевица, люпин, бобы)",
9518,len,лен,
9518,luk,лук,
9518,svekla,свекла,
9518,soya,соя,
9519,zernobobovye,"зернобобовые (нут, чечевица, люпин, бобы)",
9519,len,лен,
9519,luk,лук,
9519,svekla,свекла,
9519,soya,соя,
9520,kartofel,картофель,
9520,luk,лук,
9520,morkov,морковь,
9520,saharnaya-svekla,сахарная свекла,
9520,soya,соя,
9521,len,лен,
9522,goroh-fasol,горох / фасоль,
9522,podsolnechnik,подсолнечник,
9522,raps,рапс,
9522,saharnaya-svekla,сахарная свекла,
9523,kartofel,картофель,
9523,luk,лук,
9523,morkov,морковь,
9523,saharnaya-svekla,сахарная свекла,
9523,soya,соя,
9524,len,лен,
9525,goroh-fasol,горох / фасоль,
9525,podsolnechnik,подсолнечник,
9525,raps,рапс,
9525,saharnaya-svekla,сахарная свекла,
9526,kartofel,картофель,
9526,podsolnechnik,подсолнечник,
9526,saharnaya-svekla,сахарная свекла,
9526,soya,соя,
9527,kartofel,картофель,
9527,podsolnechnik,подсолнечник,
9527,saharnaya-svekla,сахарная свекла,
9527,soya,соя,
9528,len,лен,
9529,raps,рапс,
9530,len,лен,
9531,raps,рапс,
9532,podsolnechnik,подсолнечник,
9532,raps,рапс,
9532,saharnaya-svekla,сахарная свекла,
9532,soya,соя,
9533,len,лен,
9534,podsolnechnik,подсолнечник,
9534,raps,рапс,
9534,saharnaya-svekla,сахарная свекла,
9534,soya,соя,
9535,len,лен,
9536,len,лен,
9537,len,лен,
9538,podsolnechnik,подсолнечник,
9538,svekla,свекла,
9538,soya,соя,
9539,podsolnechnik,подсолнечник,
9539,svekla,свекла,
9539,soya,соя,
9540,goroh-fasol,горох / фасоль,
9540,zernobobovye,"зернобобовые (нут, чечевица, люпин, бобы)",
9540,kartofel,картофель,
9540,len,лен,
9540,luk,лук,
9540,morkov,морковь,
9540,podsolnechnik,подсолнечник,
9540,raps,рапс,
9540,saharnaya-svekla,сахарная свекла,
9540,soya,соя,
9541,goroh-fasol,горох / фасоль,
9541,zernobobovye,"зернобобовые (нут, чечевица, люпин, бобы)",
9541,kartofel,картофель,
9541,len,лен,
9541,luk,лук,
9541,morkov,морковь,
9541,podsolnechnik,подсолнечник,
9541,raps,рапс,
9541,saharnaya-svekla,сахарная свекла,
9541,soya,соя,
9542,luk,лук,
9542,podsolnechnik,подсолнечник,
9542,saharnaya-svekla,сахарная свекла,
9542,soya,соя,
9543,luk,лук,
9543,podsolnechnik,подсолнечник,
9543,saharnaya-svekla,сахарная свекла,
9543,soya,соя,
9544,goroh-fasol,горох / фасоль,
9544,podsolnechnik,подсолнечник,
9544,raps,рапс,
9544,saharnaya-svekla,сахарная свекла,
9544,soya,соя,
9545,goroh-fasol,горох / фасоль,
9545,podsolnechnik,подсолнечник,
9545,raps,рапс,
9545,saharnaya-svekla,сахарная свекла,
9545,soya,соя,
9546,goroh-fasol,горох / фасоль,
9546,podsolnechnik,подсолнечник,
9546,raps,рапс,
9546,saharnaya-svekla,сахарная свекла,
9546,soya,соя,
9547,goroh-fasol,горох / фасоль,
9547,podsolnechnik,подсолнечник,
9547,raps,рапс,
9547,saharnaya-svekla,сахарная свекла,
9547,soya,соя,
9548,podsolnechnik,подсолнечник,
9548,saharnaya-svekla,сахарная свекла,
9548,soya,соя,
9549,len,лен,
9549,saharnaya-svekla,сахарная свекла,
9550,podsolnechnik,подсолнечник,
9550,saharnaya-svekla,сахарная свекла,
9550,soya,соя,
9551,len,лен,
9551,saharnaya-svekla,сахарная свекла,
9552,morkov,морковь,
9552,saharnaya-svekla,сахарная свекла,
9552,soya,соя,
9553,morkov,морковь,
9553,saharnaya-svekla,сахарная свекла,
9553,soya,соя,
9554,kartofel,картофель,
9554,podsolnechnik,подсолнечник,
9554,raps,рапс,
9554,saharnaya-svekla,сахарная свекла,
9554,soya,соя,
9555,len,лен,
9556,kartofel,картофель,
9556,podsolnechnik,подсолнечник,
9556,raps,рапс,
9556,saharnaya-svekla,сахарная свекла,
9556,soya,соя,
9557,len,лен,
9558,podsolnechnik,подсолнечник,
9558,saharnaya-svekla,сахарная свекла,
9558,soya,соя,
9559,len,лен,
9560,podsolnechnik,подсолнечник,
9560,saharnaya-svekla,сахарная свекла,
9560,soya,соя,
9561,len,лен,
9562,saharnaya-svekla,сахарная свекла,
9562,soya,соя,
9563,saharnaya-svekla,сахарная свекла,
9563,soya,соя,
9564,goroh-fasol,горох / фасоль,
9564,zernobobovye,"зернобобовые (нут, чечевица, люпин, бобы)",
9564,kartofel,картофель,
9564,krupyanye,"крупяные (гречиха, просо, сорго)",
9564,len,лен,
9564,podsolnechnik,подсолнечник,
9564,raps,рапс,
9565,goroh-fasol,горох / фасоль,
9565,zernobobovye,"зернобобовые (нут, чечевица, люпин, бобы)",
9565,kartofel,картофель,
9565,krupyanye,"крупяные (гречиха, просо, сорго)",
9565,len,лен,
9565,podsolnechnik,подсолнечник,
9565,raps,рапс,
9566,podsolnechnik,подсолнечник,
9567,podsolnechnik,подсолнечник,
9568,raps,рапс,
9568,saharnaya-svekla,сахарная свекла,
9568,soya,соя,
9569,raps,рапс,
9569,saharnaya-svekla,сахарная свекла,
9569,soya,соя,
9570,goroh-fasol,горох / фасоль,
9570,podsolnechnik,подсолнечник,
9571,goroh-fasol,горох / фасоль,
9571,podsolnechnik,подсолнечник,
9572,len,лен,
9573,len,лен,
9574,podsolnechnik,подсолнечник,
9574,saharnaya-svekla,сахарная свекла,
9574,soya,соя,
9575,podsolnechnik,подсолнечник,
9575,saharnaya-svekla,сахарная свекла,
9575,soya,соя,
9576,raps,рапс,
9577,raps,рапс,
9578,len,лен,
9579,len,лен,
9580,goroh-fasol,горох / фасоль,
9580,kapusta,капуста,
9580,kartofel,картофель,
9580,podsolnechnik,подсолнечник,
9580,saharnaya-svekla,сахарная свекла,
9580,sklady-i-zernohranilischa,склады и зернохранилища,
9580,soya,соя,
9581,goroh-fasol,горох / фасоль,
9581,kapusta,капуста,
9581,kartofel,картофель,
9581,podsolnechnik,подсолнечник,
9581,saharnaya-svekla,сахарная свекла,
9581,sklady-i-zernohranilischa,склады и зернохранилища,
9581,soya,соя,
9582,raps,рапс,
9583,raps,рапс,
9584,luk,лук,
9585,luk,лук,
9586,morkov,морковь,
9587,morkov,морковь,
9588,len,лен,
9589,len,лен,
9590,tomat,томат,
9591,krupyanye,"крупяные (гречиха, просо, сорго)",
9592,svekla,свекла,
9593,raps,рапс,
9594,soya,соя,
9595,goroh-fasol,горох / фасоль,
9595,kartofel,картофель,
9595,krupyanye,"крупяные (гречиха, просо, сорго)",
9595,len,лен,
9595,podsolnechnik,подсолнечник,
9595,sklady-i-zernohranilischa,склады и зернохранилища,
9596,len,лен,
9597,saharnaya-svekla,сахарная свекла,
9598,raps,рапс,
9599,soya,соя,
9600,goroh-fasol,горох / фасоль,
9600,kartofel,картофель,
9600,krupyanye,"крупяные (гречиха, просо, сорго)",
9600,len,лен,
9600,podsolnechnik,подсолнечник,
9600,sklady-i-zernohranilischa,склады и зернохранилища,
9601,len,лен,
9602,zernobobovye,"зернобобовые (нут, чечевица, люпин, бобы)",
9602,kormovye-travy,кормовые травы,
9602,krupyanye,"крупяные (гречиха, просо, сорго)",
9603,raps,рапс,
9603,saharnaya-svekla,сахарная свекла,
9603,soya,соя,
9604,kartofel,картофель,
9604,podsolnechnik,подсолнечник,
9605,raps,рапс,
9605,saharnaya-svekla,сахарная свекла,
9605,soya,соя,
9606,len,лен,
9607,len,лен,
9608,kartofel,картофель,
9608,podsolnechnik,подсолнечник,
9609,goroh-fasol,горох / фасоль,
9609,zernobobovye,"зернобобовые (нут, чечевица, люпин, бобы)",
9609,kapusta,капуста,
9609,luk,лук,
9609,morkov,морковь,
9609,svekla,свекла,
9610,goroh-fasol,горох / фасоль,
9610,zernobobovye,"зернобобовые (нут, чечевица, люпин, бобы)",
9610,kapusta,капуста,
9610,luk,лук,
9610,morkov,морковь,
9610,svekla,свекла,
9611,zernobobovye,"зернобобовые (нут, чечевица, люпин, бобы)",
9611,kormovye-travy,кормовые травы,
9611,krupyanye,"крупяные (гречиха, просо, сорго)",
9612,podsolnechnik,подсолнечник,
9612,raps,рапс,
9612,saharnaya-svekla,сахарная свекла,
9612,soya,соя,
9613,podsolnechnik,подсолнечник,
9613,raps,рапс,
9613,saharnaya-svekla,сахарная свекла,
9613,soya,соя,
9614,len,лен,
9615,len,лен,
9616,len,лен,
9617,len,лен,
9618,kartofel,картофель,
9619,kartofel,картофель,
9620,podsolnechnik,подсолнечник,
9620,raps,рапс,
9620,svekla,свекла,
9620,soya,соя,
9621,len,лен,
9622,podsolnechnik,подсолнечник,
9622,raps,рапс,
9622,svekla,свекла,
9622,soya,соя,
9623,len,лен,
9624,podsolnechnik,подсолнечник,
9624,saharnaya-svekla,сахарная свекла,
9624,soya,соя,
9625,podsolnechnik,подсолнечник,
9625,saharnaya-svekla,сахарная свекла,
9625,soya,соя,
9626,raps,рапс,
9627,raps,рапс,
9628,goroh-fasol,горох / фасоль,
9628,podsolnechnik,подсолнечник,
9628,raps,рапс,
9628,saharnaya-svekla,сахарная свекла,
9628,soya,соя,
9629,goroh-fasol,горох / фасоль,
9629,podsolnechnik,подсолнечник,
9629,raps,рапс,
9629,saharnaya-svekla,сахарная свекла,
9629,soya,соя,
9630,krupyanye,"крупяные (гречиха, просо, сорго)",
9631,podsolnechnik,подсолнечник,
9631,saharnaya-svekla,сахарная свекла,
9631,soya,соя,
9632,raps,рапс,
9633,podsolnechnik,подсолнечник,
9633,saharnaya-svekla,сахарная свекла,
9633,soya,соя,
9634,raps,рапс,
9635,kartofel,картофель,
9636,kapusta,капуста,
9637,luk,лук,
9638,morkov,морковь,
9639,kartofel,картофель,
9640,kapusta,капуста,
9641,luk,лук,
9642,zemli-neselhoznaznacheniya,земли несельхозназначения,
9643,podsolnechnik,подсолнечник,
9643,saharnaya-svekla,сахарная свекла,
9643,soya,соя,
9644,podsolnechnik,подсолнечник,
9644,saharnaya-svekla,сахарная свекла,
9644,soya,соя,
9645,raps,рапс,
9646,raps,рапс,
9647,goroh-fasol,горох / фасоль,
9647,zernobobovye,"зернобобовые (нут, чечевица, люпин, бобы)",
9647,sklady-i-zernohranilischa,склады и зернохранилища,
9648,goroh-fasol,горох / фасоль,
9648,zernobobovye,"зернобобовые (нут, чечевица, люпин, бобы)",
9648,sklady-i-zernohranilischa,склады и зернохранилища,
9649,len,лен,
9650,len,лен,
9651,kartofel,картофель,
9652,kartofel,картофель,
9653,krupyanye,"крупяные (гречиха, просо, сорго)",
9654,krupyanye,"крупяные (гречиха, просо, сорго)",
9655,zernobobovye,"зернобобовые (нут, чечевица, люпин, бобы)",
9656,zernobobovye,"зернобобовые (нут, чечевица, люпин, бобы)",
9657,podsolnechnik,подсолнечник,
9657,saharnaya-svekla,сахарная свекла,
9657,soya,соя,
9658,raps,рапс,
9659,podsolnechnik,подсолнечник,
9659,saharnaya-svekla,сахарная свекла,
9659,soya,соя,
9660,raps,рапс,
9661,kartofel,картофель,
9662,kapusta,капуста,
9663,luk,лук,
9664,morkov,морковь,
9665,kartofel,картофель,
9666,kapusta,капуста,
9667,luk,лук,
9668,zemli-neselhoznaznacheniya,земли несельхозназначения,
9669,pshenitsa,пшеница,
9670,pshenitsa,пшеница,
9671,pshenitsa,пшеница,
9672,pshenitsa,пшеница,
9673,pshenitsa,пшеница,
9674,pshenitsa,пшеница,
9675,pshenitsa,пшеница,
9676,pshenitsa,пшеница,
9677,pshenitsa,пшеница,
9678,pshenitsa,пшеница,
9679,pshenitsa,пшеница,
9680,pshenitsa,пшеница,
9681,pshenitsa,пшеница,
9682,pshenitsa,пшеница,
9683,pshenitsa,пшеница,
9684,soya,соя,
9685,raps,рапс,
9686,soya,соя,
9687,raps,рапс,
9687,svekla,свекла,
9688,soya,соя,
9689,soya,соя,
9690,goroh-fasol,горох / фасоль,
9690,sklady-i-zernohranilischa,склады и зернохранилища,
9691,kartofel,картофель,
9692,soya,соя,
9693,saharnaya-svekla,сахарная свекла,
9694,morkov,морковь,
9695,raps,рапс,
9696,soya,соя,
9697,soya,соя,
9698,saharnaya-svekla,сахарная свекла,
9699,morkov,морковь,
9700,raps,рапс,
9701,soya,соя,
9702,morkov,морковь,
9702,raps,рапс,
9702,saharnaya-svekla,сахарная свекла,
9703,soya,соя,
9704,saharnaya-svekla,сахарная свекла,
9705,morkov,морковь,
9706,raps,рапс,
9707,kartofel,картофель,
9708,soya,соя,
9709,soya,соя,
9710,raps,рапс,
9710,saharnaya-svekla,сахарная свекла,
9711,ris,рис,
9712,soya,соя,
9713,raps,рапс,
9714,soya,соя,
9715,saharnaya-svekla,сахарная свекла,
9716,saharnaya-svekla,сахарная свекла,
9717,saharnaya-svekla,сахарная свекла,
9718,saharnaya-svekla,сахарная свекла,
9719,oves,овес,
9719,pshenitsa,пшеница,
9719,yachmen,ячмень,
9720,saharnaya-svekla,сахарная свекла,
9721,saharnaya-svekla,сахарная свекла,
9722,saharnaya-svekla,сахарная свекла,
9723,raps,рапс,
9724,raps,рапс,
9725,len,лен,
9726,len,лен,
9727,kukuruza,кукуруза,
9728,pshenitsa,пшеница,
9728,yachmen,ячмень,
9729,saharnaya-svekla,сахарная свекла,
9730,saharnaya-svekla,сахарная свекла,
9731,saharnaya-svekla,сахарная свекла,
9732,len,лен,
9733,len,лен,
9734,klubnika,клубника (земляника),
9735,raps,рапс,
9736,gazon,газон,
9737,klubnika,клубника (земляника),
9738,gazon,газон,
9738,kormovye-travy,кормовые травы,
9739,gazon,газон,
9739,kormovye-travy,кормовые травы,
9740,saharnaya-svekla,сахарная свекла,
9741,raps,рапс,
9742,raps,рапс,
9743,gazon,газон,
9744,saharnaya-svekla,сахарная свекла,
9745,raps,рапс,
9746,raps,рапс,
9747,klubnika,клубника (земляника),
9748,gazon,газон,
9748,kormovye-travy,кормовые травы,
9749,gazon,газон,
9749,kormovye-travy,кормовые травы,
9750,saharnaya-svekla,сахарная свекла,
9751,raps,рапс,
9752,oves,овес,
9752,pshenitsa,пшеница,
9752,yachmen,ячмень,
9753,saharnaya-svekla,сахарная свекла,
9754,len,лен,
9755,klubnika,клубника (земляника),
9756,raps,рапс,
9757,kormovye-travy,кормовые травы,
9758,hosta-mnogoletniki,хоста / многолетники,
9759,gazon,газон,
9760,pshenitsa,пшеница,
9760,yachmen,ячмень,
9761,saharnaya-svekla,сахарная свекла,
9762,kukuruza,кукуруза,
9763,raps,рапс,
9764,raps,рапс,
9765,gazon,газон,
9766,gazon,газон,
9767,gazon,газон,
9768,raps,рапс,
9769,raps,рапс,
9770,oves,овес,
9770,pshenitsa,пшеница,
9770,yachmen,ячмень,
9771,saharnaya-svekla,сахарная свекла,
9772,pshenitsa,пшеница,
9772,yachmen,ячмень,
9773,saharnaya-svekla,сахарная свекла,
9774,kukuruza,кукуруза,
9775,raps,рапс,
9776,klubnika,клубника (земляника),
9777,gazon,газон,
9778,klubnika,клубника (земляника),
9779,gazon,газон,
9780,gazon,газон,
9781,gazon,газон,
9782,raps,рапс,
9783,len,лен,
9784,pshenitsa,пшеница,
9784,yachmen,ячмень,
9785,raps,рапс,
9786,raps,рапс,
9787,saharnaya-svekla,сахарная свекла,
9788,saharnaya-svekla,сахарная свекла,
9789,saharnaya-svekla,сахарная свекла,
9790,gazon,газон,
9791,len,лен,
9792,pshenitsa,пшеница,
9792,yachmen,ячмень,
9793,saharnaya-svekla,сахарная свекла,
9794,saharnaya-svekla,сахарная свекла,
9795,saharnaya-svekla,сахарная свекла,
9796,len,лен,
9797,raps,рапс,
9798,raps,рапс,
9799,gazon,газон,
9800,oves,овес,
9800,pshenitsa,пшеница,
9800,yachmen,ячмень,
9801,svekla,свекла,
9802,len,лен,
9803,klubnika,клубника (земляника),
9804,raps,рапс,
9805,saharnaya-svekla,сахарная свекла,
9806,saharnaya-svekla,сахарная свекла,
9807,saharnaya-svekla,сахарная свекла,
9808,raps,рапс,
9809,saharnaya-svekla,сахарная свекла,
9810,raps,рапс,
9811,len,лен,
9812,len,лен,
9813,saharnaya-svekla,сахарная свекла,
9814,pshenitsa,пшеница,
9814,yachmen,ячмень,
9815,raps,рапс,
9816,raps,рапс,
9817,len,лен,
9818,saharnaya-svekla,сахарная свекла,
9819,saharnaya-svekla,сахарная свекла,
9820,raps,рапс,
9821,raps,рапс,
9822,len,лен,
9823,zernovye,зерновые (прочие),
9823,oves,овес,
9824,zernovye,зерновые (прочие),
9824,oves,овес,
9825,oves,овес,
9826,saharnaya-svekla,сахарная свекла,
9827,kukuruza,кукуруза,
9828,maslichnye-i-tehnicheskie,масличные и технические,
9829,maslichnye-i-tehnicheskie,масличные и технические,
9830,len,лен,
9831,len,лен,
9832,raps,рапс,
9833,kapusta,капуста,
9834,gazon,газон,
9835,gazon,газон,
9836,pshenitsa,пшеница,
9836,yachmen,ячмень,
9837,pshenitsa,пшеница,
9837,yachmen,ячмень,
9838,oves,овес,
9839,kukuruza,кукуруза,
9840,maslichnye-i-tehnicheskie,масличные и технические,
9841,saharnaya-svekla,сахарная свекла,
9842,saharnaya-svekla,сахарная свекла,
9843,saharnaya-svekla,сахарная свекла,
9844,saharnaya-svekla,сахарная свекла,
9845,saharnaya-svekla,сахарная свекла,
9846,saharnaya-svekla,сахарная свекла,
9847,len,лен,
9848,len,лен,
9849,klubnika,клубника (земляника),
9850,raps,рапс,
9851,kapusta,капуста,
9852,maslichnye-i-tehnicheskie,масличные и технические,
9853,luk,лук,
9854,gazon,газон,
9855,klubnika,клубника (земляника),
9856,kapusta,капуста,
9857,gazon,газон,
9858,luk,лук,
9859,luk,лук,
9860,saharnaya-svekla,сахарная свекла,
9861,raps,рапс,
9862,len,лен,
9863,oves,овес,
9863,pshenitsa,пшеница,
9863,yachmen,ячмень,
9864,saharnaya-svekla,сахарная свекла,
9865,raps,рапс,
9866,saharnaya-svekla,сахарная свекла,
9867,raps,рапс,
9868,len,лен,
9869,zernovye,зерновые (прочие),
9869,oves,овес,
9870,kukuruza,кукуруза,
9871,len,лен,
9872,zernovye,зерновые (прочие),
9872,oves,овес,
9873,zernovye,зерновые (прочие),
9873,oves,овес,
9874,zernovye,зерновые (прочие),
9874,oves,овес,
9875,kukuruza,кукуруза,
9876,kukuruza,кукуруза,
9877,kukuruza,кукуруза,
9878,len,лен,
9879,len,лен,
9880,len,лен,
9881,saharnaya-svekla,сахарная свекла,
9882,saharnaya-svekla,сахарная свекла,
9883,saharnaya-svekla,сахарная свекла,
9884,raps,рапс,
9885,raps,рапс,
9886,oves,овес,
9886,pshenitsa,пшеница,
9886,yachmen,ячмень,
9887,len,лен,
9888,gazon,газон,
9889,pshenitsa,пшеница,
9890,saharnaya-svekla,сахарная свекла,
9891,kukuruza,кукуруза,
9892,raps,рапс,
9893,len,лен,
9894,len,лен,
9895,saharnaya-svekla,сахарная свекла,
9896,raps,рапс,
9897,raps,рапс,
9898,gazon,газон,
9899,oves,овес,
9899,pshenitsa,пшеница,
9899,yachmen,ячмень,
9900,saharnaya-svekla,сахарная свекла,
9901,saharnaya-svekla,сахарная свекла,
9902,saharnaya-svekla,сахарная свекла,
9903,raps,рапс,
9904,raps,рапс,
9905,len,лен,
9906,gazon,газон,
9907,raps,рапс,
9908,saharnaya-svekla,сахарная свекла,
9909,saharnaya-svekla,сахарная свекла,
9910,len,лен,
9911,len,лен,
9912,raps,рапс,
9913,raps,рапс,
9914,raps,рапс,
9915,raps,рапс,
9916,raps,рапс,
9917,raps,рапс,
9918,raps,рапс,
9919,raps,рапс,
9920,raps,рапс,
9921,raps,рапс,
9922,raps,рапс,
9923,kapusta,капуста,
9924,len,лен,
9925,len,лен,
9926,raps,рапс,
9927,raps,рапс,
9928,raps,рапс,
9929,raps,рапс,
9930,raps,рапс,
9931,kapusta,капуста,
9932,raps,рапс,
9933,raps,рапс,
9934,raps,рапс,
9935,raps,рапс,
9936,raps,рапс,
9937,raps,рапс,
9938,raps,рапс,
9939,raps,рапс,
9940,raps,рапс,
9941,raps,рапс,
9942,raps,рапс,
9943,pshenitsa,пшеница,
9944,pshenitsa,пшеница,
9945,yachmen,ячмень,
9946,raps,рапс,
9947,raps,рапс,
9948,soya,соя,
9949,soya,соя,
9950,svekla,свекла,
9951,svekla,свекла,
9952,zernobobovye,"зернобобовые (нут, чечевица, люпин, бобы)",
9952,soya,соя,
9953,pshenitsa,пшеница,
9954,zernovye,зерновые (прочие),
9954,rozh,рожь,
9955,kukuruza,кукуруза,
9955,sklady-i-zernohranilischa,склады и зернохранилища,
9956,kukuruza,кукуруза,
9957,kukuruza,кукуруза,
9958,kukuruza,кукуруза,
9958,sklady-i-zernohranilischa,склады и зернохранилища,
9959,kukuruza,кукуруза,
9959,sklady-i-zernohranilischa,склады и зернохранилища,
9960,kukuruza,кукуруза,
9961,kukuruza,кукуруза,
9962,kukuruza,кукуруза,
9962,sklady-i-zernohranilischa,склады и зернохранилища,
9963,kukuruza,кукуруза,
9964,kukuruza,кукуруза,
9964,sklady-i-zernohranilischa,склады и зернохранилища,
9965,kukuruza,кукуруза,
9965,sklady-i-zernohranilischa,склады и зернохранилища,
9966,kukuruza,кукуруза,
9967,len,лен,
9968,kukuruza,кукуруза,
9969,kukuruza,кукуруза,
9970,kukuruza,кукуруза,
9971,kukuruza,кукуруза,
9971,sklady-i-zernohranilischa,склады и зернохранилища,
9972,kukuruza,кукуруза,
9973,kukuruza,кукуруза,
9974,kukuruza,кукуруза,
9975,kukuruza,кукуруза,
9976,kukuruza,кукуруза,
9977,kukuruza,кукуруза,
9978,kukuruza,кукуруза,
9979,kukuruza,кукуруза,
9979,sklady-i-zernohranilischa,склады и зернохранилища,
9980,kukuruza,кукуруза,
9981,kukuruza,кукуруза,
9982,kukuruza,кукуруза,
9983,kukuruza,кукуруза,
9984,kukuruza,кукуруза,
9984,sklady-i-zernohranilischa,склады и зернохранилища,
9985,kapusta,капуста,
9986,kapusta,капуста,
9987,raps,рапс,
9988,raps,рапс,
9989,raps,рапс,
9990,raps,рапс,
9991,raps,рапс,
9992,raps,рапс,
9993,raps,рапс,
9994,raps,рапс,
9995,raps,рапс,
9996,raps,рапс,
9997,raps,рапс,
9998,saharnaya-svekla,сахарная свекла,
9999,pryanye-i-lekarstvennye-travy,пряные и лекарственные травы,
10000,saharnaya-svekla,сахарная свекла,
10001,saharnaya-svekla,сахарная свекла,
10002,saharnaya-svekla,сахарная свекла,
10003,saharnaya-svekla,сахарная свекла,
10004,pryanye-i-lekarstvennye-travy,пряные и лекарственные травы,
10005,pryanye-i-lekarstvennye-travy,пряные и лекарственные травы,
10006,svekla,свекла,
10007,svekla,свекла,
10008,saharnaya-svekla,сахарная свекла,
10009,saharnaya-svekla,сахарная свекла,
10010,saharnaya-svekla,сахарная свекла,
10011,saharnaya-svekla,сахарная свекла,
10012,saharnaya-svekla,сахарная свекла,
10013,saharnaya-svekla,сахарная свекла,
10014,saharnaya-svekla,сахарная свекла,
10015,saharnaya-svekla,сахарная свекла,
10016,saharnaya-svekla,сахарная свекла,
10017,saharnaya-svekla,сахарная свекла,
10018,saharnaya-svekla,сахарная свекла,
10019,svekla,свекла,
10020,saharnaya-svekla,сахарная свекла,
10021,saharnaya-svekla,сахарная свекла,
10022,saharnaya-svekla,сахарная свекла,
10023,saharnaya-svekla,сахарная свекла,
10024,saharnaya-svekla,сахарная свекла,
10025,saharnaya-svekla,сахарная свекла,
10026,saharnaya-svekla,сахарная свекла,
10027,saharnaya-svekla,сахарная свекла,
10028,saharnaya-svekla,сахарная свекла,
10029,svekla,свекла,
10030,saharnaya-svekla,сахарная свекла,
10031,svekla,свекла,
10032,saharnaya-svekla,сахарная свекла,
10033,saharnaya-svekla,сахарная свекла,
10034,saharnaya-svekla,сахарная свекла,
10035,saharnaya-svekla,сахарная свекла,
10036,saharnaya-svekla,сахарная свекла,
10037,saharnaya-svekla,сахарная свекла,
10038,saharnaya-svekla,сахарная свекла,
10039,svekla,свекла,
10040,svekla,свекла,
10041,svekla,свекла,
10042,zernobobovye,"зернобобовые (нут, чечевица, люпин, бобы)",
10043,ris,рис,
10044,zernobobovye,"зернобобовые (нут, чечевица, люпин, бобы)",
10045,soya,соя,
10046,kartofel,картофель,
10047,kartofel,картофель,
10048,kartofel,картофель,
10049,kartofel,картофель,
10050,tomat,томат,
10051,tomat,томат,
10052,kartofel,картофель,
10053,kartofel,картофель,
10054,kartofel,картофель,
10055,soya,соя,
10056,tomat,томат,
10057,tomat,томат,
10058,tomat,томат,
10059,tomat,томат,
10060,kartofel,картофель,
10061,kartofel,картофель,
10062,kartofel,картофель,
10063,kartofel,картофель,
10064,zernobobovye,"зернобобовые (нут, чечевица, люпин, бобы)",
10065,pshenitsa,пшеница,
10066,zernobobovye,"зернобобовые (нут, чечевица, люпин, бобы)",
10067,kartofel,картофель,
10068,kartofel,картофель,
10069,tomat,томат,
10070,tomat,томат,
10071,tomat,томат,
10072,tomat,томат,
10073,kartofel,картофель,
10074,kartofel,картофель,
10075,kartofel,картофель,
10076,soya,соя,
10077,tomat,томат,
10078,tomat,томат,
10079,kartofel,картофель,
10080,kartofel,картофель,
10081,kartofel,картофель,
10082,tomat,томат,
10083,tomat,томат,
10084,tomat,томат,
10085,soya,соя,
10086,tomat,томат,
10087,tomat,томат,
10088,tomat,томат,
10089,tomat,томат,
10090,tomat,томат,
10091,kartofel,картофель,
10092,kartofel,картофель,
10093,kartofel,картофель,
10094,kartofel,картофель,
10095,soya,соя,
10096,tomat,томат,
10097,tomat,томат,
10098,tomat,томат,
10099,tomat,томат,
10100,tomat,томат,
10101,kartofel,картофель,
10102,kartofel,картофель,
10103,kartofel,картофель,
10104,kartofel,картофель,
10105,soya,соя,
10106,kukuruza,кукуруза,
10106,sklady-i-zernohranilischa,склады и зернохранилища,
10107,kukuruza,кукуруза,
10107,sklady-i-zernohranilischa,склады и зернохранилища,
10108,pryanye-i-lekarstvennye-travy,пряные и лекарственные травы,
10109,zernobobovye,"зернобобовые (нут, чечевица, люпин, бобы)",
10110,zernobobovye,"зернобобовые (нут, чечевица, люпин, бобы)",
10111,kormovye-travy,кормовые травы,
10112,kartofel,картофель,
10113,kartofel,картофель,
10114,kartofel,картофель,
10115,tomat,томат,
10116,tomat,томат,
10117,tomat,томат,
10118,tomat,томат,
10119,tomat,томат,
10120,tomat,томат,
10121,tomat,томат,
10122,tomat,томат,
10123,kartofel,картофель,
10124,kartofel,картофель,
10125,kartofel,картофель,
10126,kartofel,картофель,
10127,kartofel,картофель,
10128,kartofel,картофель,
10129,tomat,томат,
10130,tomat,томат,
10131,tomat,томат,
10132,tomat,томат,
10133,tomat,томат,
10134,tomat,томат,
10135,tomat,томат,
10136,tomat,томат,
10137,tomat,томат,
10138,zernobobovye,"зернобобовые (нут, чечевица, люпин, бобы)",
10139,tomat,томат,
10140,tomat,томат,
10141,tomat,томат,
10142,tomat,томат,
10143,kartofel,картофель,
10144,kartofel,картофель,
10145,kartofel,картофель,
10146,soya,соя,
10147,kukuruza,кукуруза,
10148,kukuruza,кукуруза,
10149,kormovye-travy,кормовые травы,
10150,kormovye-travy,кормовые травы,
10151,zernobobovye,"зернобобовые (нут, чечевица, люпин, бобы)",
10152,pshenitsa,пшеница,
10152,rozh,рожь,
10153,tomat,томат,
10154,tomat,томат,
10155,tomat,томат,
10156,tomat,томат,
10157,kartofel,картофель,
10158,kartofel,картофель,
10159,kartofel,картофель,
10160,kartofel,картофель,
10161,kartofel,картофель,
10162,kartofel,картофель,
10163,tomat,томат,
10164,tomat,томат,
10165,tomat,томат,
10166,soya,соя,
10167,kartofel,картофель,
10168,kartofel,картофель,
10169,kartofel,картофель,
10170,kartofel,картофель,
10171,tomat,томат,
10172,tomat,томат,
10173,tomat,томат,
10174,tomat,томат,
10175,tomat,томат,
10176,soya,соя,
10177,morkov,морковь,
10178,pryanye-i-lekarstvennye-travy,пряные и лекарственные травы,
10179,kartofel,картофель,
10180,tomat,томат,
10181,tomat,томат,
10182,tomat,томат,
10183,tomat,томат,
10184,tomat,томат,
10185,kartofel,картофель,
10186,kartofel,картофель,
10187,kartofel,картофель,
10188,soya,соя,
10189,tomat,томат,
10190,tomat,томат,
10191,kartofel,картофель,
10192,kartofel,картофель,
10193,kartofel,картофель,
10194,tomat,томат,
10195,tomat,томат,
10196,tomat,томат,
10197,soya,соя,
10198,kartofel,картофель,
10199,kartofel,картофель,
10200,kartofel,картофель,
10201,kartofel,картофель,
10202,soya,соя,
10203,kartofel,картофель,
10204,soya,соя,
10205,kukuruza,кукуруза,
10205,sklady-i-zernohranilischa,склады и зернохранилища,
10206,kukuruza,кукуруза,
10206,sklady-i-zernohranilischa,склады и зернохранилища,
10207,kukuruza,кукуруза,
10207,sklady-i-zernohranilischa,склады и зернохранилища,
10208,tomat,томат,открытый грунт
10209,tomat,томат,открытый грунт
10210,tomat,томат,
10211,tomat,томат,
10212,tomat,томат,
10213,tomat,томат,
10214,tomat,томат,
10215,kartofel,картофель,
10216,kartofel,картофель,
10217,kartofel,картофель,
10218,soya,соя,
10219,kukuruza,кукуруза,
10219,sklady-i-zernohranilischa,склады и зернохранилища,
10220,kukuruza,кукуруза,
10220,sklady-i-zernohranilischa,склады и зернохранилища,
10221,soya,соя,
10222,kartofel,картофель,
10223,kartofel,картофель,
10224,kartofel,картофель,
10225,kartofel,картофель,
10226,tomat,томат,
10227,tomat,томат,
10228,kartofel,картофель,
10229,kartofel,картофель,
10230,kartofel,картофель,
10231,tomat,томат,
10232,tomat,томат,
10233,tomat,томат,
10234,soya,соя,
10235,kartofel,картофель,
10236,kartofel,картофель,
10237,kartofel,картофель,
10238,soya,соя,
10239,soya,соя,
10240,pshenitsa,пшеница,
10240,yachmen,ячмень,
10241,len,лен,
10242,oves,овес,
10242,pshenitsa,пшеница,
10242,yachmen,ячмень,
10243,len,лен,
10244,oves,овес,
10244,pshenitsa,пшеница,
10244,yachmen,ячмень,
10245,pshenitsa,пшеница,
10245,yachmen,ячмень,
10246,oves,овес,
10246,pshenitsa,пшеница,
10246,yachmen,ячмень,
10247,pshenitsa,пшеница,
10247,yachmen,ячмень,
10248,pshenitsa,пшеница,
10248,rozh,рожь,
10248,yachmen,ячмень,
10249,krupyanye,"крупяные (гречиха, просо, сорго)",
10249,oves,овес,
10249,pshenitsa,пшеница,
10249,yachmen,ячмень,
10250,len,лен,
10251,len,лен,
10252,zemli-neselhoznaznacheniya,земли несельхозназначения,
10253,zemli-neselhoznaznacheniya,земли несельхозназначения,
10254,pshenitsa,пшеница,
10254,rozh,рожь,
10254,yachmen,ячмень,
10255,krupyanye,"крупяные (гречиха, просо, сорго)",
10255,oves,овес,
10255,pshenitsa,пшеница,
10255,yachmen,ячмень,
10256,zemli-neselhoznaznacheniya,земли несельхозназначения,
10257,zemli-neselhoznaznacheniya,земли несельхозназначения,
10258,zemli-neselhoznaznacheniya,земли несельхозназначения,
10259,lesnye-nasazhdeniya,лесные насаждения,
10260,zemli-neselhoznaznacheniya,земли несельхозназначения,
10260,lesnye-nasazhdeniya,лесные насаждения,
10260,pastbischa-i-luga,пастбища и луга,
10261,oves,овес,
10261,pshenitsa,пшеница,
10261,yachmen,ячмень,
10262,pshenitsa,пшеница,
10262,yachmen,ячмень,
10263,len,лен,
10264,oves,овес,
10264,pshenitsa,пшеница,
10264,yachmen,ячмень,
10265,oves,овес,
10265,pshenitsa,пшеница,
10265,yachmen,ячмень,
10266,pshenitsa,пшеница,
10266,yachmen,ячмень,
10267,pshenitsa,пшеница,
10267,yachmen,ячмень,
10268,pshenitsa,пшеница,
10268,yachmen,ячмень,
10269,pshenitsa,пшеница,
10270,pshenitsa,пшеница,
10271,pshenitsa,пшеница,
10271,yachmen,ячмень,
10272,pshenitsa,пшеница,
10273,oves,овес,
10273,pshenitsa,пшеница,
10273,yachmen,ячмень,
10274,pshenitsa,пшеница,
10274,yachmen,ячмень,
10275,oves,овес,
10275,pshenitsa,пшеница,
10275,yachmen,ячмень,
10276,oves,овес,
10276,pshenitsa,пшеница,
10276,yachmen,ячмень,
10277,pshenitsa,пшеница,
10277,yachmen,ячмень,
10278,pshenitsa,пшеница,
10278,yachmen,ячмень,
10279,len,лен,
10280,len,лен,
10281,zemli-neselhoznaznacheniya,земли несельхозназначения,
10282,zemli-neselhoznaznacheniya,земли несельхозназначения,
10283,zemli-neselhoznaznacheniya,земли несельхозназначения,
10284,zemli-neselhoznaznacheniya,земли несельхозназначения,
10285,pshenitsa,пшеница,
10285,yachmen,ячмень,
10286,pshenitsa,пшеница,
10286,yachmen,ячмень,
10287,len,лен,
10288,oves,овес,
10288,pshenitsa,пшеница,
10288,yachmen,ячмень,
10289,pshenitsa,пшеница,
10289,yachmen,ячмень,
10290,oves,овес,
10290,pshenitsa,пшеница,
10290,yachmen,ячмень,
10291,pshenitsa,пшеница,
10291,yachmen,ячмень,
10292,zernovye,зерновые (прочие),
10292,oves,овес,
10293,len,лен,
10294,len,лен,
10295,oves,овес,
10295,pshenitsa,пшеница,
10295,yachmen,ячмень,
10296,pshenitsa,пшеница,
10296,yachmen,ячмень,
10297,pshenitsa,пшеница,
10297,yachmen,ячмень,
10298,pshenitsa,пшеница,
10298,yachmen,ячмень,
10299,grusha,груша,
10299,yablonya,яблоня,
10300,vinograd,виноград,
10301,kukuruza,кукуруза,
10302,oves,овес,
10303,yachmen,ячмень,
10304,rozh,рожь,
10305,pshenitsa,пшеница,
10306,oves,овес,
10306,pshenitsa,пшеница,
10306,yachmen,ячмень,
10307,pshenitsa,пшеница,
10307,rozh,рожь,
10307,yachmen,ячмень,
10308,len,лен,
10309,oves,овес,
10309,pshenitsa,пшеница,
10309,yachmen,ячмень,
10310,pshenitsa,пшеница,
10310,rozh,рожь,
10310,yachmen,ячмень,
10311,pshenitsa,пшеница,
10311,rozh,рожь,
10311,yachmen,ячмень,
10312,pary,пары,
10314,pshenitsa,пшеница,
10314,yachmen,ячмень,
10315,kukuruza,кукуруза,
10316,zemli-neselhoznaznacheniya,земли несельхозназначения,
10317,zemli-neselhoznaznacheniya,земли несельхозназначения,
10318,pastbischa-i-luga,пастбища и луга,
10319,len,лен,
10320,len,лен,
10321,pshenitsa,пшеница,
10321,yachmen,ячмень,
10322,pshenitsa,пшеница,
10322,rozh,рожь,
10322,yachmen,ячмень,
10323,pary,пары,
10325,pshenitsa,пшеница,
10325,yachmen,ячмень,
10326,zemli-neselhoznaznacheniya,земли несельхозназначения,
10327,zemli-neselhoznaznacheniya,земли несельхозназначения,
10328,pastbischa-i-luga,пастбища и луга,
10329,kukuruza,кукуруза,
10330,len,лен,
10331,len,лен,
10332,len,лен,
10333,pshenitsa,пшеница,
10333,yachmen,ячмень,
10334,pshenitsa,пшеница,
10334,yachmen,ячмень,
10335,goroh-fasol,горох / фасоль,
10335,sklady-i-zernohranilischa,склады и зернохранилища,
10336,len,лен,
10337,ris,рис,
10338,pastbischa-i-luga,пастбища и луга,
10339,pshenitsa,пшеница,
10339,rozh,рожь,
10340,oves,овес,
10340,pshenitsa,пшеница,
10340,yachmen,ячмень,
10341,krupyanye,"крупяные (гречиха, просо, сорго)",
10342,krupyanye,"крупяные (гречиха, просо, сорго)",
10343,goroh-fasol,горох / фасоль,
10343,sklady-i-zernohranilischa,склады и зернохранилища,
10344,kartofel,картофель,
10345,len,лен,
10346,kormovye-travy,кормовые травы,
10347,kormovye-travy,кормовые травы,
10348,kormovye-travy,кормовые травы,
10348,yachmen,ячмень,
10349,kormovye-travy,кормовые травы,
10349,pastbischa-i-luga,пастбища и луга,
10350,pastbischa-i-luga,пастбища и луга,
10351,pshenitsa,пшеница,
10351,rozh,рожь,
10351,yachmen,ячмень,
10352,oves,овес,
10352,pshenitsa,пшеница,
10352,yachmen,ячмень,
10353,krupyanye,"крупяные (гречиха, просо, сорго)",
10354,krupyanye,"крупяные (гречиха, просо, сорго)",
10355,ris,рис,
10356,goroh-fasol,горох / фасоль,
10356,sklady-i-zernohranilischa,склады и зернохранилища,
10357,len,лен,
10358,len,лен,
10359,kormovye-travy,кормовые травы,
10359,pastbischa-i-luga,пастбища и луга,
10360,kormovye-travy,кормовые травы,
10360,pastbischa-i-luga,пастбища и луга,
10361,kormovye-travy,кормовые травы,
10361,pastbischa-i-luga,пастбища и луга,
10361,yachmen,ячмень,
10362,pastbischa-i-luga,пастбища и луга,
10363,kormovye-travy,кормовые травы,
10363,pastbischa-i-luga,пастбища и луга,
10364,pastbischa-i-luga,пастбища и луга,
10365,pshenitsa,пшеница,
10365,rozh,рожь,
10365,yachmen,ячмень,
10366,oves,овес,
10366,pshenitsa,пшеница,
10366,yachmen,ячмень,
10367,krupyanye,"крупяные (гречиха, просо, сорго)",
10368,goroh-fasol,горох / фасоль,
10368,sklady-i-zernohranilischa,склады и зернохранилища,
10369,kartofel,картофель,
10370,len,лен,
10371,kormovye-travy,кормовые травы,
10371,pastbischa-i-luga,пастбища и луга,
10372,kormovye-travy,кормовые травы,
10372,pastbischa-i-luga,пастбища и луга,
10373,kormovye-travy,кормовые травы,
10373,pastbischa-i-luga,пастбища и луга,
10373,yachmen,ячмень,
10374,pastbischa-i-luga,пастбища и луга,
10375,kormovye-travy,кормовые травы,
10375,pastbischa-i-luga,пастбища и луга,
10376,pastbischa-i-luga,пастбища и луга,
10377,pshenitsa,пшеница,
10377,rozh,рожь,
10377,yachmen,ячмень,
10378,oves,овес,
10378,pshenitsa,пшеница,
10378,yachmen,ячмень,
10379,krupyanye,"крупяные (гречиха, просо, сорго)",
10380,goroh-fasol,горох / фасоль,
10380,sklady-i-zernohranilischa,склады и зернохранилища,
10381,kartofel,картофель,
10382,len,лен,
10383,kormovye-travy,кормовые травы,
10383,pastbischa-i-luga,пастбища и луга,
10384,kormovye-travy,кормовые травы,
10384,pastbischa-i-luga,пастбища и луга,
10385,kormovye-travy,кормовые травы,
10385,pastbischa-i-luga,пастбища и луга,
10385,yachmen,ячмень,
10386,kormovye-travy,кормовые травы,
10387,pshenitsa,пшеница,
10387,rozh,рожь,
10387,yachmen,ячмень,
10388,oves,овес,
10388,pshenitsa,пшеница,
10388,yachmen,ячмень,
10389,goroh-fasol,горох / фасоль,
10389,sklady-i-zernohranilischa,склады и зернохранилища,
10390,kartofel,картофель,
10391,len,лен,
10392,goroh-fasol,горох / фасоль,
10392,sklady-i-zernohranilischa,склады и зернохранилища,
10393,krupyanye,"крупяные (гречиха, просо, сорго)",
10394,len,лен,
10395,len,лен,
10396,kartofel,картофель,
10397,pshenitsa,пшеница,
10397,rozh,рожь,
10397,yachmen,ячмень,
10398,oves,овес,
10398,pshenitsa,пшеница,
10398,yachmen,ячмень,
10399,goroh-fasol,горох / фасоль,
10399,sklady-i-zernohranilischa,склады и зернохранилища,
10400,kartofel,картофель,
10401,len,лен,
10402,pshenitsa,пшеница,
10402,rozh,рожь,
10402,yachmen,ячмень,
10403,oves,овес,
10403,pshenitsa,пшеница,
10403,yachmen,ячмень,
10404,goroh-fasol,горох / фасоль,
10404,sklady-i-zernohranilischa,склады и зернохранилища,
10405,kartofel,картофель,
10406,len,лен,
10407,pshenitsa,пшеница,
10407,rozh,рожь,
10407,yachmen,ячмень,
10408,oves,овес,
10408,pshenitsa,пшеница,
10408,yachmen,ячмень,
10409,goroh-fasol,горох / фасоль,
10409,sklady-i-zernohranilischa,склады и зернохранилища,
10410,kartofel,картофель,
10411,len,лен,
10412,kormovye-travy,кормовые травы,
10413,kormovye-travy,кормовые травы,
10413,yachmen,ячмень,
10414,pshenitsa,пшеница,
10414,rozh,рожь,
10414,yachmen,ячмень,
10415,oves,овес,
10415,pshenitsa,пшеница,
10415,yachmen,ячмень,
10416,goroh-fasol,горох / фасоль,
10416,sklady-i-zernohranilischa,склады и зернохранилища,
10417,kartofel,картофель,
10418,len,лен,
10419,pshenitsa,пшеница,
10419,rozh,рожь,
10419,yachmen,ячмень,
10420,oves,овес,
10420,pshenitsa,пшеница,
10420,yachmen,ячмень,
10421,goroh-fasol,горох / фасоль,
10421,sklady-i-zernohranilischa,склады и зернохранилища,
10422,kartofel,картофель,
10423,len,лен,
10424,kormovye-travy,кормовые травы,
10425,kormovye-travy,кормовые травы,
10425,yachmen,ячмень,
10426,goroh-fasol,горох / фасоль,
10426,sklady-i-zernohranilischa,склады и зернохранилища,
10427,pshenitsa,пшеница,
10428,pshenitsa,пшеница,
10428,yachmen,ячмень,
10429,raps,рапс,
10430,tomat,томат,
10431,kukuruza,кукуруза,
10432,kukuruza,кукуруза,
10432,sklady-i-zernohranilischa,склады и зернохранилища,
10433,kukuruza,кукуруза,
10434,kukuruza,кукуруза,
10435,kukuruza,кукуруза,
10435,sklady-i-zernohranilischa,склады и зернохранилища,
10436,kukuruza,кукуруза,
10436,sklady-i-zernohranilischa,склады и зернохранилища,
10437,kukuruza,кукуруза,
10438,kukuruza,кукуруза,
10439,kukuruza,кукуруза,
10439,sklady-i-zernohranilischa,склады и зернохранилища,
10440,kukuruza,кукуруза,
10441,kukuruza,кукуруза,
10441,sklady-i-zernohranilischa,склады и зернохранилища,
10442,kukuruza,кукуруза,
10443,kukuruza,кукуруза,
10444,kukuruza,кукуруза,
10445,kukuruza,кукуруза,
10445,sklady-i-zernohranilischa,склады и зернохранилища,
10446,kukuruza,кукуруза,
10446,sklady-i-zernohranilischa,склады и зернохранилища,
10447,kukuruza,кукуруза,
10447,sklady-i-zernohranilischa,склады и зернохранилища,
10448,kukuruza,кукуруза,
10448,sklady-i-zernohranilischa,склады и зернохранилища,
10449,kukuruza,кукуруза,
10450,kukuruza,кукуруза,
10450,sklady-i-zernohranilischa,склады и зернохранилища,
10451,kukuruza,кукуруза,
10451,sklady-i-zernohranilischa,склады и зернохранилища,
10452,kukuruza,кукуруза,
10452,sklady-i-zernohranilischa,склады и зернохранилища,
10453,kukuruza,кукуруза,
10454,kukuruza,кукуруза,
10455,kukuruza,кукуруза,
10456,kukuruza,кукуруза,
10456,sklady-i-zernohranilischa,склады и зернохранилища,
10457,kukuruza,кукуруза,
10457,sklady-i-zernohranilischa,склады и зернохранилища,
10458,kukuruza,кукуруза,
10459,kukuruza,кукуруза,
10460,kukuruza,кукуруза,
10461,kukuruza,кукуруза,
10462,kukuruza,кукуруза,
10463,kukuruza,кукуруза,
10464,kukuruza,кукуруза,
10465,kukuruza,кукуруза,
10465,sklady-i-zernohranilischa,склады и зернохранилища,
10466,kukuruza,кукуруза,
10467,pary,пары,
10468,saharnaya-svekla,сахарная свекла,
10469,zemli-neselhoznaznacheniya,земли несельхозназначения,
10470,pary,пары,
10471,zemli-neselhoznaznacheniya,земли несельхозназначения,
10472,kukuruza,кукуруза,
10473,kukuruza,кукуруза,
10474,luk,лук,
10474,chesnok,чеснок,
10475,luk,лук,
10475,chesnok,чеснок,
10476,podsolnechnik,подсолнечник,
10477,luk,лук,
10478,luk,лук,
10479,podsolnechnik,подсолнечник,
10480,luk,лук,
10481,luk,лук,
10482,podsolnechnik,подсолнечник,
10483,luk,лук,
10483,chesnok,чеснок,
10484,luk,лук,
10484,chesnok,чеснок,
10485,podsolnechnik,подсолнечник,
10486,soya,соя,
10487,luk,лук,
10487,chesnok,чеснок,
10488,luk,лук,
10488,chesnok,чеснок,
10489,podsolnechnik,подсолнечник,
10490,luk,лук,
10491,luk,лук,
10492,podsolnechnik,подсолнечник,
10493,luk,лук,
10493,chesnok,чеснок,
10494,luk,лук,
10494,chesnok,чеснок,
10495,podsolnechnik,подсолнечник,
10496,gazon,газон,
10497,podsolnechnik,подсолнечник,
10498,luk,лук,
10499,podsolnechnik,подсолнечник,
10500,kapusta,капуста,
10501,luk,лук,
10502,kapusta,капуста,
10503,luk,лук,
10504,morkov,морковь,
10505,podsolnechnik,подсолнечник,
10506,luk,лук,
10507,kapusta,капуста,
10508,morkov,морковь,
10508,podsolnechnik,подсолнечник,
10509,luk,лук,
10510,podsolnechnik,подсолнечник,
10511,soya,соя,
10512,ris,рис,
10513,ris,рис,
10514,ris,рис,
10515,ris,рис,
10516,ris,рис,
10517,ris,рис,
10518,pshenitsa,пшеница,
10518,yachmen,ячмень,
10519,kukuruza,кукуруза,
10520,raps,рапс,
10521,pastbischa-i-luga,пастбища и луга,
10522,gazon,газон,
10522,kormovye-travy,кормовые травы,
10523,zemli-neselhoznaznacheniya,земли несельхозназначения,
10524,zemli-neselhoznaznacheniya,земли несельхозназначения,
10525,zemli-neselhoznaznacheniya,земли несельхозназначения,
10526,gazon,газон,
10526,kormovye-travy,кормовые травы,
10527,zernovye,зерновые (прочие),
10527,pshenitsa,пшеница,
10527,rozh,рожь,
10527,yachmen,ячмень,
10528,zernovye,зерновые (прочие),
10528,pshenitsa,пшеница,
10528,yachmen,ячмень,
10529,pshenitsa,пшеница,
10529,yachmen,ячмень,
10530,pshenitsa,пшеница,
10531,yachmen,ячмень,
10532,yachmen,ячмень,
10533,pshenitsa,пшеница,
10533,yachmen,ячмень,
10534,pshenitsa,пшеница,
10535,yachmen,ячмень,
10536,pshenitsa,пшеница,
10537,yachmen,ячмень,
10538,pshenitsa,пшеница,
10538,yachmen,ячмень,
10539,pshenitsa,пшеница,
10539,yachmen,ячмень,
10540,pshenitsa,пшеница,
10540,yachmen,ячмень,
10541,pshenitsa,пшеница,
10541,yachmen,ячмень,
10542,pshenitsa,пшеница,
10542,yachmen,ячмень,
10543,pshenitsa,пшеница,
10543,yachmen,ячмень,
10544,pshenitsa,пшеница,
10544,yachmen,ячмень,
10545,pshenitsa,пшеница,
10545,yachmen,ячмень,
10546,pshenitsa,пшеница,
10546,yachmen,ячмень,
10547,pshenitsa,пшеница,
10547,yachmen,ячмень,
10548,pshenitsa,пшеница,
10549,yachmen,ячмень,
10550,zernovye,зерновые (прочие),
10550,oves,овес,
10551,pshenitsa,пшеница,
10551,yachmen,ячмень,
10552,pshenitsa,пшеница,
10553,pshenitsa,пшеница,
10554,yachmen,ячмень,
10555,yachmen,ячмень,
10556,pshenitsa,пшеница,
10556,yachmen,ячмень,
10557,zernovye,зерновые (прочие),
10557,oves,овес,
10558,ris,рис,
10559,ris,рис,
10560,pshenitsa,пшеница,
10560,yachmen,ячмень,
10561,kukuruza,кукуруза,
10561,sklady-i-zernohranilischa,склады и зернохранилища,
10562,soya,соя,
10563,soya,соя,
10564,pshenitsa,пшеница,
10565,morkov,морковь,
10566,podsolnechnik,подсолнечник,
10567,soya,соя,
10568,goroh-fasol,горох / фасоль,
10568,sklady-i-zernohranilischa,склады и зернохранилища,
10569,zernobobovye,"зернобобовые (нут, чечевица, люпин, бобы)",
10570,kartofel,картофель,
10571,pryanye-i-lekarstvennye-travy,пряные и лекарственные травы,
10572,zernobobovye,"зернобобовые (нут, чечевица, люпин, бобы)",
10573,kartofel,картофель,
10574,pryanye-i-lekarstvennye-travy,пряные и лекарственные травы,
10575,morkov,морковь,
10576,podsolnechnik,подсолнечник,
10577,soya,соя,
10578,goroh-fasol,горох / фасоль,
10578,sklady-i-zernohranilischa,склады и зернохранилища,
10579,pryanye-i-lekarstvennye-travy,пряные и лекарственные травы,
10580,morkov,морковь,
10581,podsolnechnik,подсолнечник,
10582,goroh-fasol,горох / фасоль,
10582,sklady-i-zernohranilischa,склады и зернохранилища,
10582,soya,соя,
10583,zernobobovye,"зернобобовые (нут, чечевица, люпин, бобы)",
10584,kartofel,картофель,
10585,goroh-fasol,горох / фасоль,
10586,zernobobovye,"зернобобовые (нут, чечевица, люпин, бобы)",
10587,morkov,морковь,
10588,goroh-fasol,горох / фасоль,
10588,sklady-i-zernohranilischa,склады и зернохранилища,
10588,chesnok,чеснок,
10589,soya,соя,
10590,kartofel,картофель,
10591,zelen,"зелень (укроп, петрушка, салат)",
10592,zelen,"зелень (укроп, петрушка, салат)",
10593,zelen,"зелень (укроп, петрушка, салат)",
10594,kukuruza,кукуруза,
10594,podsolnechnik,подсолнечник,
10595,podsolnechnik,подсолнечник,
10596,pryanye-i-lekarstvennye-travy,пряные и лекарственные травы,
10597,kartofel,картофель,
10598,morkov,морковь,
10599,podsolnechnik,подсолнечник,
10600,soya,соя,
10601,morkov,морковь,
10602,soya,соя,
10603,podsolnechnik,подсолнечник,
10604,kartofel,картофель,
10605,pryanye-i-lekarstvennye-travy,пряные и лекарственные травы,
10606,podsolnechnik,подсолнечник,
10607,morkov,морковь,
10608,podsolnechnik,подсолнечник,
10609,kartofel,картофель,
10610,soya,соя,
10611,morkov,морковь,
10612,podsolnechnik,подсолнечник,
10613,goroh-fasol,горох / фасоль,
10613,sklady-i-zernohranilischa,склады и зернохранилища,
10613,soya,соя,
10614,zernobobovye,"зернобобовые (нут, чечевица, люпин, бобы)",
10615,kartofel,картофель,
10616,pryanye-i-lekarstvennye-travy,пряные и лекарственные травы,
10617,podsolnechnik,подсолнечник,
10618,morkov,морковь,
10619,morkov,морковь,
10620,soya,соя,
10621,kartofel,картофель,
10622,kukuruza,кукуруза,
10622,sklady-i-zernohranilischa,склады и зернохранилища,
10623,goroh-fasol,горох / фасоль,
10623,sklady-i-zernohranilischa,склады и зернохранилища,
10624,zernobobovye,"зернобобовые (нут, чечевица, люпин, бобы)",
10625,zernobobovye,"зернобобовые (нут, чечевица, люпин, бобы)",
10626,podsolnechnik,подсолнечник,
10627,morkov,морковь,
10628,soya,соя,
10629,podsolnechnik,подсолнечник,
10630,kartofel,картофель,
10631,morkov,морковь,
10632,goroh-fasol,горох / фасоль,
10632,sklady-i-zernohranilischa,склады и зернохранилища,
10633,soya,соя,
10634,kartofel,картофель,
10635,kukuruza,кукуруза,
10635,sklady-i-zernohranilischa,склады и зернохранилища,
10636,podsolnechnik,подсолнечник,
10637,zernobobovye,"зернобобовые (нут, чечевица, люпин, бобы)",
10638,pryanye-i-lekarstvennye-travy,пряные и лекарственные травы,
10639,goroh-fasol,горох / фасоль,
10639,zernobobovye,"зернобобовые (нут, чечевица, люпин, бобы)",
10640,chesnok,чеснок,
10641,podsolnechnik,подсолнечник,
10642,podsolnechnik,подсолнечник,
10643,morkov,морковь,
10644,soya,соя,
10645,goroh-fasol,горох / фасоль,
10645,sklady-i-zernohranilischa,склады и зернохранилища,
10646,zernobobovye,"зернобобовые (нут, чечевица, люпин, бобы)",
10647,kartofel,картофель,
10648,pryanye-i-lekarstvennye-travy,пряные и лекарственные травы,
10649,podsolnechnik,подсолнечник,
10650,kartofel,картофель,
10651,morkov,морковь,
10652,soya,соя,
10653,goroh-fasol,горох / фасоль,
10653,sklady-i-zernohranilischa,склады и зернохранилища,
10654,zernobobovye,"зернобобовые (нут, чечевица, люпин, бобы)",
10655,pryanye-i-lekarstvennye-travy,пряные и лекарственные травы,
10656,pryanye-i-lekarstvennye-travy,пряные и лекарственные травы,
10657,podsolnechnik,подсолнечник,
10658,soya,соя,
10659,podsolnechnik,подсолнечник,
10660,goroh-fasol,горох / фасоль,
10660,sklady-i-zernohranilischa,склады и зернохранилища,
10661,soya,соя,
10662,kartofel,картофель,
10663,kartofel,картофель,
10664,morkov,морковь,
10665,goroh-fasol,горох / фасоль,
10666,soya,соя,
10667,podsolnechnik,подсолнечник,
10668,zernobobovye,"зернобобовые (нут, чечевица, люпин, бобы)",
10669,kartofel,картофель,
10670,morkov,морковь,
10671,goroh-fasol,горох / фасоль,
10672,kukuruza,кукуруза,
10673,morkov,морковь,
10674,morkov,морковь,
10675,soya,соя,
10676,kartofel,картофель,
10677,kukuruza,кукуруза,
10677,sklady-i-zernohranilischa,склады и зернохранилища,
10678,podsolnechnik,подсолнечник,
10679,podsolnechnik,подсолнечник,
10680,len,лен,
10680,saharnaya-svekla,сахарная свекла,
10681,goroh-fasol,горох / фасоль,
10681,kapusta,капуста,
10681,podsolnechnik,подсолнечник,
10681,raps,рапс,
10681,saharnaya-svekla,сахарная свекла,
10681,sklady-i-zernohranilischa,склады и зернохранилища,
10681,soya,соя,
10682,kartofel,картофель,
10683,len,лен,
10683,saharnaya-svekla,сахарная свекла,
10684,kapusta,капуста,
10684,podsolnechnik,подсолнечник,
10684,saharnaya-svekla,сахарная свекла,
10684,soya,соя,
10685,kartofel,картофель,
10686,podsolnechnik,подсолнечник,
10687,kukuruza,кукуруза,
10687,podsolnechnik,подсолнечник,
10688,saharnaya-svekla,сахарная свекла,
10688,soya,соя,
10689,saharnaya-svekla,сахарная свекла,
10690,podsolnechnik,подсолнечник,
10690,soya,соя,
10691,kukuruza,кукуруза,
10691,podsolnechnik,подсолнечник,
10691,raps,рапс,
10692,raps,рапс,
10693,podsolnechnik,подсолнечник,
10694,raps,рапс,
10695,raps,рапс,
10696,kukuruza,кукуруза,
10696,podsolnechnik,подсолнечник,
10696,raps,рапс,
10696,saharnaya-svekla,сахарная свекла,
10696,soya,соя,
10697,kukuruza,кукуруза,
10697,raps,рапс,
10697,saharnaya-svekla,сахарная свекла,
10698,soya,соя,
10699,kukuruza,кукуруза,
10699,podsolnechnik,подсолнечник,
10699,raps,рапс,
10700,kukuruza,кукуруза,
10700,podsolnechnik,подсолнечник,
10700,raps,рапс,
10701,goroh-fasol,горох / фасоль,
10701,zernobobovye,"зернобобовые (нут, чечевица, люпин, бобы)",
10701,kartofel,картофель,
10701,kukuruza,кукуруза,
10701,podsolnechnik,подсолнечник,
10701,raps,рапс,
10701,svekla,свекла,
10701,sklady-i-zernohranilischa,склады и зернохранилища,
10701,soya,соя,
10702,raps,рапс,
10703,kukuruza,кукуруза,
10704,raps,рапс,
10704,svekla,свекла,
10705,goroh-fasol,горох / фасоль,
10705,zernobobovye,"зернобобовые (нут, чечевица, люпин, бобы)",
10705,sklady-i-zernohranilischa,склады и зернохранилища,
10706,kartofel,картофель,
10707,soya,соя,
10708,podsolnechnik,подсолнечник,
10708,raps,рапс,
10708,soya,соя,
10709,kukuruza,кукуруза,
10709,sklady-i-zernohranilischa,склады и зернохранилища,
10710,goroh-fasol,горох / фасоль,
10710,zernobobovye,"зернобобовые (нут, чечевица, люпин, бобы)",
10710,kartofel,картофель,
10710,kukuruza,кукуруза,
10710,podsolnechnik,подсолнечник,
10710,raps,рапс,
10710,svekla,свекла,
10710,sklady-i-zernohranilischa,склады и зернохранилища,
10710,soya,соя,
10711,raps,рапс,
10712,kukuruza,кукуруза,
10713,raps,рапс,
10713,saharnaya-svekla,сахарная свекла,
10714,goroh-fasol,горох / фасоль,
10714,zernobobovye,"зернобобовые (нут, чечевица, люпин, бобы)",
10714,sklady-i-zernohranilischa,склады и зернохранилища,
10715,kartofel,картофель,
10716,soya,соя,
10717,kukuruza,кукуруза,
10717,podsolnechnik,подсолнечник,
10717,saharnaya-svekla,сахарная свекла,
10717,soya,соя,
10718,saharnaya-svekla,сахарная свекла,
10719,podsolnechnik,подсолнечник,
10719,soya,соя,
10720,raps,рапс,
10721,raps,рапс,
10722,soya,соя,
10723,soya,соя,
10724,raps,рапс,
10724,svekla,свекла,
10724,soya,соя,
10725,raps,рапс,
10726,soya,соя,
10727,soya,соя,
10728,kukuruza,кукуруза,
10728,podsolnechnik,подсолнечник,
10729,soya,соя,
10730,podsolnechnik,подсолнечник,
10731,kukuruza,кукуруза,
10731,podsolnechnik,подсолнечник,
10731,soya,соя,
10732,kartofel,картофель,
10733,morkov,морковь,
10734,luk,лук,
10735,luk,лук,
10736,zernovye,зерновые (прочие),
10736,pshenitsa,пшеница,
10736,yachmen,ячмень,
10737,zernovye,зерновые (прочие),
10737,pshenitsa,пшеница,
10737,yachmen,ячмень,
10738,kartofel,картофель,
10739,kartofel,картофель,
10740,kartofel,картофель,
10741,pshenitsa,пшеница,
10741,yachmen,ячмень,
10742,pshenitsa,пшеница,
10742,rozh,рожь,
10742,yachmen,ячмень,
10743,kukuruza,кукуруза,
10743,sklady-i-zernohranilischa,склады и зернохранилища,
10744,len,лен,
10745,kukuruza,кукуруза,
10746,kukuruza,кукуруза,
10747,kukuruza,кукуруза,
10748,kukuruza,кукуруза,
10749,kartofel,картофель,
10750,kartofel,картофель,
10751,kartofel,картофель,
10752,kukuruza,кукуруза,
10752,sklady-i-zernohranilischa,склады и зернохранилища,
10753,kukuruza,кукуруза,
10753,sklady-i-zernohranilischa,склады и зернохранилища,
10754,kukuruza,кукуруза,
10754,sklady-i-zernohranilischa,склады и зернохранилища,
10755,kukuruza,кукуруза,
10755,sklady-i-zernohranilischa,склады и зернохранилища,
10756,kartofel,картофель,
10757,kartofel,картофель,
10758,kartofel,картофель,
10759,kukuruza,кукуруза,
10760,kukuruza,кукуруза,
10761,kukuruza,кукуруза,
10762,kukuruza,кукуруза,
10763,kartofel,картофель,
10764,kartofel,картофель,
10765,kartofel,картофель,
10766,kukuruza,кукуруза,
10767,kukuruza,кукуруза,
10768,kukuruza,кукуруза,
10769,kukuruza,кукуруза,
10770,kartofel,картофель,
10771,kartofel,картофель,
10772,kartofel,картофель,
10773,kukuruza,кукуруза,
10773,sklady-i-zernohranilischa,склады и зернохранилища,
10774,kukuruza,кукуруза,
10774,sklady-i-zernohranilischa,склады и зернохранилища,
10775,kukuruza,кукуруза,
10775,sklady-i-zernohranilischa,склады и зернохранилища,
10776,kukuruza,кукуруза,
10776,sklady-i-zernohranilischa,склады и зернохранилища,
10777,kartofel,картофель,
10778,kartofel,картофель,
10779,kartofel,картофель,
10780,tomat,томат,
10781,tomat,томат,
10782,tomat,томат,
10783,tomat,томат,
10784,kukuruza,кукуруза,
10785,kukuruza,кукуруза,
10786,kukuruza,кукуруза,
10787,kukuruza,кукуруза,
10788,kartofel,картофель,
10789,kartofel,картофель,
10790,kartofel,картофель,
10791,tomat,томат,
10792,tomat,томат,
10793,tomat,томат,
10794,tomat,томат,
10795,kukuruza,кукуруза,
10795,sklady-i-zernohranilischa,склады и зернохранилища,
10796,kukuruza,кукуруза,
10796,sklady-i-zernohranilischa,склады и зернохранилища,
10797,kukuruza,кукуруза,
10797,sklady-i-zernohranilischa,склады и зернохранилища,
10798,kukuruza,кукуруза,
10798,sklady-i-zernohranilischa,склады и зернохранилища,
10799,kukuruza,кукуруза,
10800,kukuruza,кукуруза,
10801,kukuruza,кукуруза,
10802,kukuruza,кукуруза,
10803,kartofel,картофель,
10804,kartofel,картофель,
10805,kartofel,картофель,
10806,kukuruza,кукуруза,
10806,sklady-i-zernohranilischa,склады и зернохранилища,
10807,kukuruza,кукуруза,
10807,sklady-i-zernohranilischa,склады и зернохранилища,
10808,kukuruza,кукуруза,
10808,sklady-i-zernohranilischa,склады и зернохранилища,
10809,kukuruza,кукуруза,
10809,sklady-i-zernohranilischa,склады и зернохранилища,
10810,kartofel,картофель,
10811,kartofel,картофель,
10812,kartofel,картофель,
10813,kukuruza,кукуруза,
10814,kukuruza,кукуруза,
10815,kukuruza,кукуруза,
10816,kukuruza,кукуруза,
10817,kartofel,картофель,
10818,kartofel,картофель,
10819,kartofel,картофель,
10820,kukuruza,кукуруза,
10820,sklady-i-zernohranilischa,склады и зернохранилища,
10821,kukuruza,кукуруза,
10821,sklady-i-zernohranilischa,склады и зернохранилища,
10822,kukuruza,кукуруза,
10822,sklady-i-zernohranilischa,склады и зернохранилища,
10823,kukuruza,кукуруза,
10823,sklady-i-zernohranilischa,склады и зернохранилища,
10824,kartofel,картофель,
10825,kartofel,картофель,
10826,kartofel,картофель,
10827,kukuruza,кукуруза,
10828,kartofel,картофель,
10829,kukuruza,кукуруза,
10830,kukuruza,кукуруза,
10831,kukuruza,кукуруза,
10832,kukuruza,кукуруза,
10833,kartofel,картофель,
10834,kartofel,картофель,
10835,kartofel,картофель,
10836,tomat,томат,
10837,tomat,томат,
10838,tomat,томат,
10839,tomat,томат,
10840,tomat,томат,
10841,tomat,томат,
10842,kukuruza,кукуруза,
10843,kukuruza,кукуруза,
10844,kukuruza,кукуруза,
10845,kukuruza,кукуруза,
10846,kartofel,картофель,
10847,kartofel,картофель,
10848,kartofel,картофель,
10849,kukuruza,кукуруза,
10850,kukuruza,кукуруза,
10851,kukuruza,кукуруза,
10852,kukuruza,кукуруза,
10853,kartofel,картофель,
10854,kartofel,картофель,
10855,kartofel,картофель,
10856,kukuruza,кукуруза,
10857,kukuruza,кукуруза,
10858,kukuruza,кукуруза,
10859,kukuruza,кукуруза,
10860,kartofel,картофель,
10861,kartofel,картофель,
10862,kartofel,картофель,
10863,tomat,томат,открытый грунт
10864,tomat,томат,открытый грунт
10865,kukuruza,кукуруза,
10866,kukuruza,кукуруза,
10867,kukuruza,кукуруза,
10867,sklady-i-zernohranilischa,склады и зернохранилища,
10868,kukuruza,кукуруза,
10868,sklady-i-zernohranilischa,склады и зернохранилища,
10869,kukuruza,кукуруза,
10870,kukuruza,кукуруза,
10871,kukuruza,кукуруза,
10871,soya,соя,
10872,podsolnechnik,подсолнечник,
10873,podsolnechnik,подсолнечник,
10874,saharnaya-svekla,сахарная свекла,
10875,saharnaya-svekla,сахарная свекла,
10876,saharnaya-svekla,сахарная свекла,
10877,kapusta,капуста,
10878,kapusta,капуста,
10879,kukuruza,кукуруза,
10879,podsolnechnik,подсолнечник,
10879,raps,рапс,
10879,saharnaya-svekla,сахарная свекла,
10879,soya,соя,
10880,kukuruza,кукуруза,
10880,podsolnechnik,подсолнечник,
10880,raps,рапс,
10880,saharnaya-svekla,сахарная свекла,
10880,sklady-i-zernohranilischa,склады и зернохранилища,
10880,soya,соя,
10881,kukuruza,кукуруза,
10881,podsolnechnik,подсолнечник,
10881,raps,рапс,
10881,saharnaya-svekla,сахарная свекла,
10881,sklady-i-zernohranilischa,склады и зернохранилища,
10881,soya,соя,
10882,kukuruza,кукуруза,
10882,podsolnechnik,подсолнечник,
10882,raps,рапс,
10882,soya,соя,
10883,saharnaya-svekla,сахарная свекла,
10884,kukuruza,кукуруза,
10884,podsolnechnik,подсолнечник,
10884,saharnaya-svekla,сахарная свекла,
10884,soya,соя,
10885,saharnaya-svekla,сахарная свекла,
10886,kukuruza,кукуруза,
10886,podsolnechnik,подсолнечник,
10886,raps,рапс,
10886,soya,соя,
10887,kapusta,капуста,
10888,kapusta,капуста,
10889,arbuz-dynya,арбуз / дыня,
10889,kabachok,кабачок,
10889,krupyanye,"крупяные (гречиха, просо, сорго)",
10889,tykva,тыква,
10890,kukuruza,кукуруза,
10890,podsolnechnik,подсолнечник,
10890,raps,рапс,
10890,saharnaya-svekla,сахарная свекла,
10890,sklady-i-zernohranilischa,склады и зернохранилища,
10890,soya,соя,
10891,kukuruza,кукуруза,
10891,podsolnechnik,подсолнечник,
10891,saharnaya-svekla,сахарная свекла,
10891,sklady-i-zernohranilischa,склады и зернохранилища,
10891,soya,соя,
10892,kapusta,капуста,
10892,krupyanye,"крупяные (гречиха, просо, сорго)",
10892,raps,рапс,
10893,kukuruza,кукуруза,
10893,podsolnechnik,подсолнечник,
10893,raps,рапс,
10893,saharnaya-svekla,сахарная свекла,
10893,sklady-i-zernohranilischa,склады и зернохранилища,
10893,soya,соя,
10894,saharnaya-svekla,сахарная свекла,
10895,kukuruza,кукуруза,
10895,podsolnechnik,подсолнечник,
10895,raps,рапс,
10895,soya,соя,
10896,kapusta,капуста,
10897,kapusta,капуста,
10898,kukuruza,кукуруза,
10898,podsolnechnik,подсолнечник,
10898,sklady-i-zernohranilischa,склады и зернохранилища,
10898,soya,соя,
10899,kukuruza,кукуруза,
10899,podsolnechnik,подсолнечник,
10899,raps,рапс,
10899,saharnaya-svekla,сахарная свекла,
10899,sklady-i-zernohranilischa,склады и зернохранилища,
10899,soya,соя,
10900,saharnaya-svekla,сахарная свекла,
10901,kukuruza,кукуруза,
10901,podsolnechnik,подсолнечник,
10901,soya,соя,
10902,saharnaya-svekla,сахарная свекла,
10903,kukuruza,кукуруза,
10903,podsolnechnik,подсолнечник,
10903,raps,рапс,
10903,soya,соя,
10904,kapusta,капуста,
10905,kapusta,капуста,
10906,arbuz-dynya,арбуз / дыня,
10906,kabachok,кабачок,
10906,krupyanye,"крупяные (гречиха, просо, сорго)",
10906,tykva,тыква,
10907,kukuruza,кукуруза,
10907,podsolnechnik,подсолнечник,
10907,raps,рапс,
10907,sklady-i-zernohranilischa,склады и зернохранилища,
10908,saharnaya-svekla,сахарная свекла,
10909,saharnaya-svekla,сахарная свекла,
10910,kukuruza,кукуруза,
10911,podsolnechnik,подсолнечник,
10912,soya,соя,
10913,raps,рапс,
10914,raps,рапс,
10915,raps,рапс,
10915,soya,соя,
10916,kartofel,картофель,
10917,podsolnechnik,подсолнечник,
10918,kukuruza,кукуруза,
10919,soya,соя,
10920,podsolnechnik,подсолнечник,
10921,podsolnechnik,подсолнечник,
10922,kukuruza,кукуруза,
10923,kukuruza,кукуруза,
10923,podsolnechnik,подсолнечник,
10924,kukuruza,кукуруза,
10924,podsolnechnik,подсолнечник,
10925,podsolnechnik,подсолнечник,
10926,kukuruza,кукуруза,
10927,soya,соя,
10928,zernobobovye,"зернобобовые (нут, чечевица, люпин, бобы)",
10929,kukuruza,кукуруза,
10929,podsolnechnik,подсолнечник,
10930,podsolnechnik,подсолнечник,
10931,kukuruza,кукуруза,
10932,zernobobovye,"зернобобовые (нут, чечевица, люпин, бобы)",
10932,soya,соя,
10933,goroh-fasol,горох / фасоль,
10933,zernobobovye,"зернобобовые (нут, чечевица, люпин, бобы)",
10933,pryanye-i-lekarstvennye-travy,пряные и лекарственные травы,
10934,kartofel,картофель,
10935,kartofel,картофель,
10936,kukuruza,кукуруза,
10936,podsolnechnik,подсолнечник,
10937,soya,соя,
10938,zernobobovye,"зернобобовые (нут, чечевица, люпин, бобы)",
10939,podsolnechnik,подсолнечник,
10940,kukuruza,кукуруза,
10941,kukuruza,кукуруза,
10942,podsolnechnik,подсолнечник,
10943,kukuruza,кукуруза,
10943,podsolnechnik,подсолнечник,
10943,soya,соя,
10944,kukuruza,кукуруза,
10944,podsolnechnik,подсолнечник,
10945,kukuruza,кукуруза,
10946,podsolnechnik,подсолнечник,
10947,soya,соя,
10948,podsolnechnik,подсолнечник,
10949,kukuruza,кукуруза,
10950,kukuruza,кукуруза,
10951,kukuruza,кукуруза,
10952,zemli-neselhoznaznacheniya,земли несельхозназначения,
10953,zemli-neselhoznaznacheniya,земли несельхозназначения,
10954,zemli-neselhoznaznacheniya,земли несельхозназначения,
10955,zemli-neselhoznaznacheniya,земли несельхозназначения,
10956,zemli-neselhoznaznacheniya,земли несельхозназначения,
10957,zemli-neselhoznaznacheniya,земли несельхозназначения,
10958,zemli-neselhoznaznacheniya,земли несельхозназначения,
10959,zemli-neselhoznaznacheniya,земли несельхозназначения,
10960,zemli-neselhoznaznacheniya,земли несельхозназначения,
10961,lesnye-nasazhdeniya,лесные насаждения,
10962,lesnye-nasazhdeniya,лесные насаждения,
10963,lesnye-nasazhdeniya,лесные насаждения,
10963,hvoynye,"хвойные (туя, ель, можжевельник)",
10964,lesnye-nasazhdeniya,лесные насаждения,
10964,hvoynye,"хвойные (туя, ель, можжевельник)",
10965,hvoynye,"хвойные (туя, ель, можжевельник)",
10966,hvoynye,"хвойные (туя, ель, можжевельник)",
10967,hvoynye,"хвойные (туя, ель, можжевельник)",
10968,zemli-neselhoznaznacheniya,земли несельхозназначения,
10969,zemli-neselhoznaznacheniya,земли несельхозназначения,
10970,kukuruza,кукуруза,
10971,kukuruza,кукуруза,
10972,kukuruza,кукуруза,
10973,podsolnechnik,подсолнечник,
10974,kukuruza,кукуруза,
10974,sklady-i-zernohranilischa,склады и зернохранилища,
10975,kukuruza,кукуруза,
10976,kukuruza,кукуруза,
10977,kukuruza,кукуруза,
10978,kukuruza,кукуруза,
10979,podsolnechnik,подсолнечник,
10980,podsolnechnik,подсолнечник,
10981,kukuruza,кукуруза,
10982,soya,соя,
10983,pshenitsa,пшеница,
10984,pshenitsa,пшеница,
10985,pshenitsa,пшеница,
10986,pshenitsa,пшеница,
10987,pshenitsa,пшеница,
10988,soya,соя,
10989,len,лен,
10990,len,лен,
10991,soya,соя,
10992,kukuruza,кукуруза,
10992,sklady-i-zernohranilischa,склады и зернохранилища,
10993,soya,соя,
10994,pshenitsa,пшеница,
10994,yachmen,ячмень,
10995,pshenitsa,пшеница,
10996,len,лен,
10997,len,лен,
10998,kukuruza,кукуруза,
10998,sklady-i-zernohranilischa,склады и зернохранилища,
10999,soya,соя,
11000,pshenitsa,пшеница,
11000,yachmen,ячмень,
11001,pshenitsa,пшеница,
11002,len,лен,
11003,len,лен,
11004,kukuruza,кукуруза,
11004,sklady-i-zernohranilischa,склады и зернохранилища,
11005,soya,соя,
11006,soya,соя,
11007,len,лен,
11008,len,лен,
11009,pshenitsa,пшеница,
11009,yachmen,ячмень,
11010,pshenitsa,пшеница,
11010,yachmen,ячмень,
11011,pshenitsa,пшеница,
11012,pshenitsa,пшеница,
11013,soya,соя,
11014,len,лен,
11015,len,лен,
11016,pshenitsa,пшеница,
11017,kukuruza,кукуруза,
11017,sklady-i-zernohranilischa,склады и зернохранилища,
11018,pshenitsa,пшеница,
11019,pshenitsa,пшеница,
11019,yachmen,ячмень,
11020,pshenitsa,пшеница,
11020,yachmen,ячмень,
11021,soya,соя,
11022,len,лен,
11023,len,лен,
11024,len,лен,
11025,kukuruza,кукуруза,
11026,kukuruza,кукуруза,
11027,soya,соя,
11028,len,лен,
11029,len,лен,
11030,len,лен,
11031,kukuruza,кукуруза,
11032,pshenitsa,пшеница,
11033,pshenitsa,пшеница,
11033,yachmen,ячмень,
11034,soya,соя,
11035,len,лен,
11036,kukuruza,кукуруза,
11037,kukuruza,кукуруза,
11038,soya,соя,
11039,kukuruza,кукуруза,
11039,sklady-i-zernohranilischa,склады и зернохранилища,
11040,pshenitsa,пшеница,
11041,pshenitsa,пшеница,
11042,pshenitsa,пшеница,
11042,yachmen,ячмень,
11043,pshenitsa,пшеница,
11043,yachmen,ячмень,
11044,soya,соя,
11045,len,лен,
11046,len,лен,
11047,len,лен,
11048,kukuruza,кукуруза,
11048,sklady-i-zernohranilischa,склады и зернохранилища,
11049,soya,соя,
11050,zernovye,зерновые (прочие),
11050,oves,овес,
11051,len,лен,
11052,len,лен,
11053,soya,соя,
11054,len,лен,
11055,len,лен,
11056,pshenitsa,пшеница,
11057,yachmen,ячмень,
11058,zernovye,зерновые (прочие),
11058,oves,овес,
11059,pshenitsa,пшеница,
11059,yachmen,ячмень,
11060,pshenitsa,пшеница,
11060,yachmen,ячмень,
11061,pshenitsa,пшеница,
11061,yachmen,ячмень,
11062,pshenitsa,пшеница,
11062,yachmen,ячмень,
11063,pshenitsa,пшеница,
11063,yachmen,ячмень,
11064,pshenitsa,пшеница,
11064,yachmen,ячмень,
11065,pshenitsa,пшеница,
11065,yachmen,ячмень,
11066,pshenitsa,пшеница,
11066,yachmen,ячмень,
11067,pshenitsa,пшеница,
11067,yachmen,ячмень,
11068,pshenitsa,пшеница,
11068,yachmen,ячмень,
11069,pshenitsa,пшеница,
11069,yachmen,ячмень,
11070,pshenitsa,пшеница,
11070,yachmen,ячмень,
11071,pshenitsa,пшеница,
11071,yachmen,ячмень,
11072,pshenitsa,пшеница,
11072,yachmen,ячмень,
11073,pshenitsa,пшеница,
11073,yachmen,ячмень,
11074,pshenitsa,пшеница,
11074,yachmen,ячмень,
11075,pshenitsa,пшеница,
11075,yachmen,ячмень,
11076,pshenitsa,пшеница,
11076,yachmen,ячмень,
11077,pshenitsa,пшеница,
11077,yachmen,ячмень,
11078,pshenitsa,пшеница,
11078,yachmen,ячмень,
11079,pshenitsa,пшеница,
11079,yachmen,ячмень,
11080,pshenitsa,пшеница,
11080,yachmen,ячмень,
11081,pshenitsa,пшеница,
11081,yachmen,ячмень,
11082,pshenitsa,пшеница,
11082,yachmen,ячмень,
11083,pshenitsa,пшеница,
11083,yachmen,ячмень,
11084,pshenitsa,пшеница,
11084,yachmen,ячмень,
11085,pshenitsa,пшеница,
11085,yachmen,ячмень,
11086,pshenitsa,пшеница,
11086,yachmen,ячмень,
11087,pshenitsa,пшеница,
11087,yachmen,ячмень,
11088,pshenitsa,пшеница,
11088,yachmen,ячмень,
11089,pshenitsa,пшеница,
11089,yachmen,ячмень,
11090,pshenitsa,пшеница,
11090,yachmen,ячмень,
11091,oves,овес,
11091,pshenitsa,пшеница,
11091,yachmen,ячмень,
11092,oves,овес,
11092,pshenitsa,пшеница,
11092,yachmen,ячмень,
11093,oves,овес,
11093,pshenitsa,пшеница,
11093,yachmen,ячмень,
11094,oves,овес,
11094,pshenitsa,пшеница,
11094,yachmen,ячмень,
11095,oves,овес,
11095,pshenitsa,пшеница,
11095,yachmen,ячмень,
11096,oves,овес,
11096,pshenitsa,пшеница,
11096,yachmen,ячмень,
11097,oves,овес,
11097,pshenitsa,пшеница,
11097,yachmen,ячмень,
11098,oves,овес,
11098,pshenitsa,пшеница,
11098,yachmen,ячмень,
11099,pshenitsa,пшеница,
11099,rozh,рожь,
11099,yachmen,ячмень,
11100,pshenitsa,пшеница,
11100,rozh,рожь,
11100,yachmen,ячмень,
11101,pshenitsa,пшеница,
11101,rozh,рожь,
11101,yachmen,ячмень,
11102,pshenitsa,пшеница,
11102,rozh,рожь,
11102,yachmen,ячмень,
11103,pshenitsa,пшеница,
11103,rozh,рожь,
11103,yachmen,ячмень,
11104,pshenitsa,пшеница,
11104,rozh,рожь,
11104,yachmen,ячмень,
11105,pshenitsa,пшеница,
11105,rozh,рожь,
11105,yachmen,ячмень,
11106,pshenitsa,пшеница,
11106,rozh,рожь,
11106,yachmen,ячмень,
11107,pshenitsa,пшеница,
11107,yachmen,ячмень,
11108,pshenitsa,пшеница,
11108,yachmen,ячмень,
11109,pshenitsa,пшеница,
11109,yachmen,ячмень,
11110,pshenitsa,пшеница,
11110,yachmen,ячмень,
11111,pshenitsa,пшеница,
11111,yachmen,ячмень,
11112,pshenitsa,пшеница,
11112,yachmen,ячмень,
11113,pshenitsa,пшеница,
11113,yachmen,ячмень,
11114,pshenitsa,пшеница,
11114,yachmen,ячмень,
11115,zernovye,зерновые (прочие),
11115,oves,овес,
11116,zernovye,зерновые (прочие),
11116,oves,овес,
11117,pshenitsa,пшеница,
11117,yachmen,ячмень,
11118,pshenitsa,пшеница,
11118,yachmen,ячмень,
11119,pshenitsa,пшеница,
11119,yachmen,ячмень,
11120,pshenitsa,пшеница,
11120,yachmen,ячмень,
11121,pshenitsa,пшеница,
11122,pshenitsa,пшеница,
11122,yachmen,ячмень,
11123,pshenitsa,пшеница,
11123,yachmen,ячмень,
11124,zernovye,зерновые (прочие),
11124,oves,овес,
11125,zernovye,зерновые (прочие),
11125,oves,овес,
11126,pshenitsa,пшеница,
11126,yachmen,ячмень,
11127,pshenitsa,пшеница,
11127,yachmen,ячмень,
11128,pshenitsa,пшеница,
11128,yachmen,ячмень,
11129,zernovye,зерновые (прочие),
11129,oves,овес,
11130,zernovye,зерновые (прочие),
11130,oves,овес,
11131,kukuruza,кукуруза,
11131,sklady-i-zernohranilischa,склады и зернохранилища,
11132,zernovye,зерновые (прочие),
11132,oves,овес,
11133,pshenitsa,пшеница,
11133,yachmen,ячмень,
11134,pshenitsa,пшеница,
11134,yachmen,ячмень,
11135,pshenitsa,пшеница,
11135,yachmen,ячмень,
11136,pshenitsa,пшеница,
11136,yachmen,ячмень,
11137,soya,соя,
11138,soya,соя,
11139,soya,соя,
11140,soya,соя,
11141,soya,соя,
11142,oves,овес,
11142,pshenitsa,пшеница,
11142,rozh,рожь,
11142,yachmen,ячмень,
11143,oves,овес,
11143,pshenitsa,пшеница,
11143,rozh,рожь,
11143,yachmen,ячмень,
11144,pshenitsa,пшеница,
11144,rozh,рожь,
11144,yachmen,ячмень,
11145,oves,овес,
11145,pshenitsa,пшеница,
11145,rozh,рожь,
11145,yachmen,ячмень,
11146,oves,овес,
11146,pshenitsa,пшеница,
11146,rozh,рожь,
11146,yachmen,ячмень,
11147,pshenitsa,пшеница,
11147,rozh,рожь,
11147,yachmen,ячмень,
11148,pshenitsa,пшеница,
11148,rozh,рожь,
11148,yachmen,ячмень,
11149,oves,овес,
11149,pshenitsa,пшеница,
11149,yachmen,ячмень,
11150,oves,овес,
11150,pshenitsa,пшеница,
11150,yachmen,ячмень,
11151,lesnye-nasazhdeniya,лесные насаждения,
11151,hvoynye,"хвойные (туя, ель, можжевельник)",
11152,podsolnechnik,подсолнечник,
11153,podsolnechnik,подсолнечник,
11154,pshenitsa,пшеница,
11154,yachmen,ячмень,
11155,pshenitsa,пшеница,
11155,yachmen,ячмень,
11156,pshenitsa,пшеница,
11156,yachmen,ячмень,
11157,pshenitsa,пшеница,
11157,yachmen,ячмень,
11158,podsolnechnik,подсолнечник,
11159,podsolnechnik,подсолнечник,
11160,podsolnechnik,подсолнечник,
11161,podsolnechnik,подсолнечник,
11162,podsolnechnik,подсолнечник,
11163,oves,овес,
11163,pshenitsa,пшеница,
11163,yachmen,ячмень,
11164,oves,овес,
11164,pshenitsa,пшеница,
11164,yachmen,ячмень,
11165,lesnye-nasazhdeniya,лесные насаждения,
11165,hvoynye,"хвойные (туя, ель, можжевельник)",
11166,podsolnechnik,подсолнечник,
11167,oves,овес,
11167,pshenitsa,пшеница,
11167,yachmen,ячмень,
11168,oves,овес,
11168,pshenitsa,пшеница,
11168,yachmen,ячмень,
11169,oves,овес,
11169,pshenitsa,пшеница,
11169,yachmen,ячмень,
11170,oves,овес,
11170,pshenitsa,пшеница,
11170,yachmen,ячмень,
11171,podsolnechnik,подсолнечник,
11172,pshenitsa,пшеница,
11172,yachmen,ячмень,
11173,pshenitsa,пшеница,
11173,yachmen,ячмень,
11174,oves,овес,
11174,pshenitsa,пшеница,
11174,yachmen,ячмень,
11175,oves,овес,
11175,pshenitsa,пшеница,
11175,yachmen,ячмень,
11176,pshenitsa,пшеница,
11176,yachmen,ячмень,
11177,pshenitsa,пшеница,
11177,yachmen,ячмень,
11178,pshenitsa,пшеница,
11178,yachmen,ячмень,
11179,oves,овес,
11179,pshenitsa,пшеница,
11179,yachmen,ячмень,
11180,pshenitsa,пшеница,
11180,yachmen,ячмень,
11181,oves,овес,
11181,pshenitsa,пшеница,
11181,yachmen,ячмень,
11182,oves,овес,
11182,pshenitsa,пшеница,
11182,yachmen,ячмень,
11183,oves,овес,
11183,pshenitsa,пшеница,
11183,yachmen,ячмень,
11184,oves,овес,
11184,pshenitsa,пшеница,
11184,yachmen,ячмень,
11185,oves,овес,
11185,pshenitsa,пшеница,
11185,yachmen,ячмень,
11186,podsolnechnik,подсолнечник,
11187,oves,овес,
11187,pshenitsa,пшеница,
11187,yachmen,ячмень,
11188,oves,овес,
11188,pshenitsa,пшеница,
11188,yachmen,ячмень,
11189,oves,овес,
11189,pshenitsa,пшеница,
11189,yachmen,ячмень,
11190,oves,овес,
11190,pshenitsa,пшеница,
11190,yachmen,ячмень,
11191,podsolnechnik,подсолнечник,
11192,podsolnechnik,подсолнечник,
11193,oves,овес,
11193,pshenitsa,пшеница,
11193,yachmen,ячмень,
11194,oves,овес,
11194,pshenitsa,пшеница,
11194,yachmen,ячмень,
11195,oves,овес,
11195,pshenitsa,пшеница,
11195,yachmen,ячмень,
11196,oves,овес,
11196,pshenitsa,пшеница,
11196,yachmen,ячмень,
11197,pshenitsa,пшеница,
11197,yachmen,ячмень,
11198,pshenitsa,пшеница,
11198,yachmen,ячмень,
11199,pshenitsa,пшеница,
11199,yachmen,ячмень,
11200,pshenitsa,пшеница,
11200,yachmen,ячмень,
11201,podsolnechnik,подсолнечник,
11202,pshenitsa,пшеница,
11202,yachmen,ячмень,
11203,oves,овес,
11203,pshenitsa,пшеница,
11203,yachmen,ячмень,
11204,podsolnechnik,подсолнечник,
11205,pshenitsa,пшеница,
11205,yachmen,ячмень,
11206,oves,овес,
11206,pshenitsa,пшеница,
11206,yachmen,ячмень,
11207,oves,овес,
11207,pshenitsa,пшеница,
11207,yachmen,ячмень,
11208,oves,овес,
11208,pshenitsa,пшеница,
11208,yachmen,ячмень,
11209,pshenitsa,пшеница,
11209,yachmen,ячмень,
11210,pshenitsa,пшеница,
11210,yachmen,ячмень,
11211,pshenitsa,пшеница,
11211,yachmen,ячмень,
11212,podsolnechnik,подсолнечник,
11213,podsolnechnik,подсолнечник,
11214,oves,овес,
11214,pshenitsa,пшеница,
11214,yachmen,ячмень,
11215,oves,овес,
11215,pshenitsa,пшеница,
11215,yachmen,ячмень,
11216,podsolnechnik,подсолнечник,
11217,oves,овес,
11217,pshenitsa,пшеница,
11217,yachmen,ячмень,
11218,oves,овес,
11218,pshenitsa,пшеница,
11218,yachmen,ячмень,
11219,podsolnechnik,подсолнечник,
11220,pshenitsa,пшеница,
11220,yachmen,ячмень,
11221,pshenitsa,пшеница,
11221,yachmen,ячмень,
11222,zernovye,зерновые (прочие),
11222,oves,овес,
11223,oves,овес,
11224,podsolnechnik,подсолнечник,
11225,podsolnechnik,подсолнечник,
11226,oves,овес,
11226,pshenitsa,пшеница,
11226,yachmen,ячмень,
11227,oves,овес,
11227,pshenitsa,пшеница,
11227,yachmen,ячмень,
11228,podsolnechnik,подсолнечник,
11229,podsolnechnik,подсолнечник,
11230,pshenitsa,пшеница,
11230,yachmen,ячмень,
11231,oves,овес,
11231,pshenitsa,пшеница,
11231,yachmen,ячмень,
11232,pshenitsa,пшеница,
11232,yachmen,ячмень,
11233,oves,овес,
11233,pshenitsa,пшеница,
11233,yachmen,ячмень,
11234,oves,овес,
11234,pshenitsa,пшеница,
11234,yachmen,ячмень,
11235,oves,овес,
11235,pshenitsa,пшеница,
11235,yachmen,ячмень,
11236,pshenitsa,пшеница,
11236,yachmen,ячмень,
11237,pshenitsa,пшеница,
11237,yachmen,ячмень,
11238,pshenitsa,пшеница,
11238,yachmen,ячмень,
11239,pshenitsa,пшеница,
11239,yachmen,ячмень,
11240,podsolnechnik,подсолнечник,
11241,pshenitsa,пшеница,
11241,yachmen,ячмень,
11242,podsolnechnik,подсолнечник,
11243,pshenitsa,пшеница,
11243,yachmen,ячмень,
11244,pshenitsa,пшеница,
11244,yachmen,ячмень,
11245,oves,овес,
11245,pshenitsa,пшеница,
11245,yachmen,ячмень,
11246,oves,овес,
11246,pshenitsa,пшеница,
11246,yachmen,ячмень,
11247,lesnye-nasazhdeniya,лесные насаждения,
11247,hvoynye,"хвойные (туя, ель, можжевельник)",
11248,pshenitsa,пшеница,
11248,yachmen,ячмень,
11249,pshenitsa,пшеница,
11249,yachmen,ячмень,
11250,oves,овес,
11250,pshenitsa,пшеница,
11250,yachmen,ячмень,
11251,oves,овес,
11251,pshenitsa,пшеница,
11251,yachmen,ячмень,
11252,lesnye-nasazhdeniya,лесные насаждения,
11252,hvoynye,"хвойные (туя, ель, можжевельник)",
11253,podsolnechnik,подсолнечник,
11254,oves,овес,
11254,pshenitsa,пшеница,
11254,yachmen,ячмень,
11255,oves,овес,
11255,pshenitsa,пшеница,
11255,yachmen,ячмень,
11256,podsolnechnik,подсолнечник,
11257,pshenitsa,пшеница,
11257,yachmen,ячмень,
11258,oves,овес,
11258,pshenitsa,пшеница,
11258,yachmen,ячмень,
11259,pshenitsa,пшеница,
11259,yachmen,ячмень,
11260,oves,овес,
11260,pshenitsa,пшеница,
11260,yachmen,ячмень,
11261,podsolnechnik,подсолнечник,
11262,pshenitsa,пшеница,
11262,yachmen,ячмень,
11263,podsolnechnik,подсолнечник,
11264,pshenitsa,пшеница,
11264,yachmen,ячмень,
11265,pshenitsa,пшеница,
11265,yachmen,ячмень,
11266,pshenitsa,пшеница,
11266,yachmen,ячмень,
11267,podsolnechnik,подсолнечник,
11268,oves,овес,
11268,pshenitsa,пшеница,
11268,yachmen,ячмень,
11269,oves,овес,
11269,pshenitsa,пшеница,
11269,yachmen,ячмень,
11270,oves,овес,
11270,pshenitsa,пшеница,
11270,yachmen,ячмень,
11271,oves,овес,
11271,pshenitsa,пшеница,
11271,yachmen,ячмень,
11272,oves,овес,
11272,pshenitsa,пшеница,
11272,yachmen,ячмень,
11273,oves,овес,
11273,pshenitsa,пшеница,
11273,yachmen,ячмень,
11274,oves,овес,
11274,pshenitsa,пшеница,
11274,yachmen,ячмень,
11275,oves,овес,
11275,pshenitsa,пшеница,
11275,yachmen,ячмень,
11276,podsolnechnik,подсолнечник,
11277,podsolnechnik,подсолнечник,
11278,zernovye,зерновые (прочие),
11278,pshenitsa,пшеница,
11278,yachmen,ячмень,
11279,zernovye,зерновые (прочие),
11279,pshenitsa,пшеница,
11279,yachmen,ячмень,
11280,zernovye,зерновые (прочие),
11280,pshenitsa,пшеница,
11280,yachmen,ячмень,
11281,zernovye,зерновые (прочие),
11281,pshenitsa,пшеница,
11281,yachmen,ячмень,
11282,pshenitsa,пшеница,
11283,pshenitsa,пшеница,
11284,zernovye,зерновые (прочие),
11284,pshenitsa,пшеница,
11284,yachmen,ячмень,
11285,pshenitsa,пшеница,
11286,zernovye,зерновые (прочие),
11286,pshenitsa,пшеница,
11286,yachmen,ячмень,
11287,pshenitsa,пшеница,
11288,podsolnechnik,подсолнечник,
11289,pshenitsa,пшеница,
11289,yachmen,ячмень,
11290,pshenitsa,пшеница,
11290,yachmen,ячмень,
11291,pshenitsa,пшеница,
11291,yachmen,ячмень,
11292,pshenitsa,пшеница,
11292,yachmen,ячмень,
11293,pshenitsa,пшеница,
11293,yachmen,ячмень,
11294,oves,овес,
11294,pshenitsa,пшеница,
11294,yachmen,ячмень,
11295,oves,овес,
11295,pshenitsa,пшеница,
11295,yachmen,ячмень,
11296,podsolnechnik,подсолнечник,
11297,oves,овес,
11297,pshenitsa,пшеница,
11297,yachmen,ячмень,
11298,oves,овес,
11298,pshenitsa,пшеница,
11298,yachmen,ячмень,
11299,podsolnechnik,подсолнечник,
11300,podsolnechnik,подсолнечник,
11301,oves,овес,
11301,pshenitsa,пшеница,
11301,yachmen,ячмень,
11302,oves,овес,
11302,pshenitsa,пшеница,
11302,yachmen,ячмень,
11303,podsolnechnik,подсолнечник,
11304,lesnye-nasazhdeniya,лесные насаждения,
11304,hvoynye,"хвойные (туя, ель, можжевельник)",
11305,oves,овес,
11305,pshenitsa,пшеница,
11305,yachmen,ячмень,
11306,oves,овес,
11306,pshenitsa,пшеница,
11306,yachmen,ячмень,
11307,pshenitsa,пшеница,
11307,yachmen,ячмень,
11308,pshenitsa,пшеница,
11308,yachmen,ячмень,
11309,oves,овес,
11310,oves,овес,
11311,pshenitsa,пшеница,
11311,yachmen,ячмень,
11312,pshenitsa,пшеница,
11312,yachmen,ячмень,
11313,podsolnechnik,подсолнечник,
11314,pary,пары,
11315,kukuruza,кукуруза,
11315,pary,пары,
11315,podsolnechnik,подсолнечник,
11315,saharnaya-svekla,сахарная свекла,
11315,soya,соя,
11316,oves,овес,
11316,pshenitsa,пшеница,
11316,yachmen,ячмень,
11317,oves,овес,
11317,pshenitsa,пшеница,
11317,yachmen,ячмень,
11318,podsolnechnik,подсолнечник,
11319,pshenitsa,пшеница,
11319,yachmen,ячмень,
11320,pshenitsa,пшеница,
11320,yachmen,ячмень,
11321,pshenitsa,пшеница,
11321,yachmen,ячмень,
11322,pshenitsa,пшеница,
11322,yachmen,ячмень,
11323,pshenitsa,пшеница,
11323,yachmen,ячмень,
11324,pshenitsa,пшеница,
11324,yachmen,ячмень,
11325,pshenitsa,пшеница,
11325,yachmen,ячмень,
11326,oves,овес,
11327,oves,овес,
11328,pshenitsa,пшеница,
11328,yachmen,ячмень,
11329,pshenitsa,пшеница,
11329,yachmen,ячмень,
11330,pshenitsa,пшеница,
11330,yachmen,ячмень,
11331,pshenitsa,пшеница,
11331,yachmen,ячмень,
11332,pshenitsa,пшеница,
11332,yachmen,ячмень,
11333,pshenitsa,пшеница,
11333,yachmen,ячмень,
11334,podsolnechnik,подсолнечник,
11335,pshenitsa,пшеница,
11335,yachmen,ячмень,
11336,pshenitsa,пшеница,
11336,yachmen,ячмень,
11337,pshenitsa,пшеница,
11337,yachmen,ячмень,
11338,pshenitsa,пшеница,
11338,yachmen,ячмень,
11339,podsolnechnik,подсолнечник,
11340,podsolnechnik,подсолнечник,
11341,pshenitsa,пшеница,
11341,yachmen,ячмень,
11342,pshenitsa,пшеница,
11342,yachmen,ячмень,
11343,pshenitsa,пшеница,
11343,yachmen,ячмень,
11344,pshenitsa,пшеница,
11344,yachmen,ячмень,
11345,pshenitsa,пшеница,
11345,yachmen,ячмень,
11346,pshenitsa,пшеница,
11346,yachmen,ячмень,
11347,pshenitsa,пшеница,
11347,yachmen,ячмень,
11348,pshenitsa,пшеница,
11348,yachmen,ячмень,
11349,pshenitsa,пшеница,
11349,yachmen,ячмень,
11350,pshenitsa,пшеница,
11350,yachmen,ячмень,
11351,pshenitsa,пшеница,
11351,yachmen,ячмень,
11352,pshenitsa,пшеница,
11352,yachmen,ячмень,
11353,pshenitsa,пшеница,
11353,yachmen,ячмень,
11354,pshenitsa,пшеница,
11354,yachmen,ячмень,
11355,pshenitsa,пшеница,
11355,yachmen,ячмень,
11356,pshenitsa,пшеница,
11356,yachmen,ячмень,
11357,pshenitsa,пшеница,
11357,yachmen,ячмень,
11358,pshenitsa,пшеница,
11358,yachmen,ячмень,
11359,pshenitsa,пшеница,
11359,yachmen,ячмень,
11360,pshenitsa,пшеница,
11360,yachmen,ячмень,
11361,oves,овес,
11362,oves,овес,
11363,oves,овес,
11364,oves,овес,
11365,podsolnechnik,подсолнечник,
11366,podsolnechnik,подсолнечник,
11367,zernovye,зерновые (прочие),
11367,oves,овес,
11368,pshenitsa,пшеница,
11368,yachmen,ячмень,
11369,pshenitsa,пшеница,
11369,yachmen,ячмень,
11370,pshenitsa,пшеница,
11370,yachmen,ячмень,
11371,pshenitsa,пшеница,
11371,yachmen,ячмень,
11372,pshenitsa,пшеница,
11372,yachmen,ячмень,
11373,pshenitsa,пшеница,
11373,yachmen,ячмень,
11374,pshenitsa,пшеница,
11374,yachmen,ячмень,
11375,pshenitsa,пшеница,
11375,yachmen,ячмень,
11376,zernovye,зерновые (прочие),
11376,oves,овес,
11377,zernovye,зерновые (прочие),
11377,oves,овес,
11378,pshenitsa,пшеница,
11378,yachmen,ячмень,
11379,pshenitsa,пшеница,
11379,yachmen,ячмень,
11380,pshenitsa,пшеница,
11380,yachmen,ячмень,
11381,pshenitsa,пшеница,
11381,yachmen,ячмень,
11382,pshenitsa,пшеница,
11382,yachmen,ячмень,
11383,pshenitsa,пшеница,
11383,yachmen,ячмень,
11384,pshenitsa,пшеница,
11384,yachmen,ячмень,
11385,pshenitsa,пшеница,
11385,yachmen,ячмень,
11386,pshenitsa,пшеница,
11386,yachmen,ячмень,
11387,pshenitsa,пшеница,
11387,yachmen,ячмень,
11388,pshenitsa,пшеница,
11388,yachmen,ячмень,
11389,pshenitsa,пшеница,
11389,yachmen,ячмень,
11390,pshenitsa,пшеница,
11390,yachmen,ячмень,
11391,pshenitsa,пшеница,
11391,yachmen,ячмень,
11392,saharnaya-svekla,сахарная свекла,
11393,saharnaya-svekla,сахарная свекла,
11394,saharnaya-svekla,сахарная свекла,
11395,saharnaya-svekla,сахарная свекла,
11396,saharnaya-svekla,сахарная свекла,
11397,saharnaya-svekla,сахарная свекла,
11398,saharnaya-svekla,сахарная свекла,
11399,saharnaya-svekla,сахарная свекла,
11400,saharnaya-svekla,сахарная свекла,
11401,saharnaya-svekla,сахарная свекла,
11402,saharnaya-svekla,сахарная свекла,
11403,saharnaya-svekla,сахарная свекла,
11404,saharnaya-svekla,сахарная свекла,
11405,saharnaya-svekla,сахарная свекла,
11406,saharnaya-svekla,сахарная свекла,
11407,saharnaya-svekla,сахарная свекла,
11408,saharnaya-svekla,сахарная свекла,
11409,saharnaya-svekla,сахарная свекла,
11410,saharnaya-svekla,сахарная свекла,
11411,saharnaya-svekla,сахарная свекла,
11412,saharnaya-svekla,сахарная свекла,
11413,saharnaya-svekla,сахарная свекла,
11414,saharnaya-svekla,сахарная свекла,
11415,saharnaya-svekla,сахарная свекла,
11416,saharnaya-svekla,сахарная свекла,
11417,saharnaya-svekla,сахарная свекла,
11418,saharnaya-svekla,сахарная свекла,
11419,saharnaya-svekla,сахарная свекла,
11420,saharnaya-svekla,сахарная свекла,
11421,saharnaya-svekla,сахарная свекла,
11422,saharnaya-svekla,сахарная свекла,
11423,saharnaya-svekla,сахарная свекла,
11424,saharnaya-svekla,сахарная свекла,
11425,saharnaya-svekla,сахарная свекла,
11426,saharnaya-svekla,сахарная свекла,
11427,saharnaya-svekla,сахарная свекла,
11428,saharnaya-svekla,сахарная свекла,
11429,saharnaya-svekla,сахарная свекла,
11430,saharnaya-svekla,сахарная свекла,
11431,saharnaya-svekla,сахарная свекла,
11432,saharnaya-svekla,сахарная свекла,
11433,saharnaya-svekla,сахарная свекла,
11434,saharnaya-svekla,сахарная свекла,
11435,saharnaya-svekla,сахарная свекла,
11436,saharnaya-svekla,сахарная свекла,
11437,saharnaya-svekla,сахарная свекла,
11438,saharnaya-svekla,сахарная свекла,
11439,saharnaya-svekla,сахарная свекла,
11440,saharnaya-svekla,сахарная свекла,
11441,goroh-fasol,горох / фасоль,
11441,kapusta,капуста,
11441,morkov,морковь,
11441,podsolnechnik,подсолнечник,
11441,raps,рапс,
11441,saharnaya-svekla,сахарная свекла,
11441,sklady-i-zernohranilischa,склады и зернохранилища,
11441,soya,соя,
11442,krupyanye,"крупяные (гречиха, просо, сорго)",
11443,pshenitsa,пшеница,
11443,yachmen,ячмень,
11444,pshenitsa,пшеница,
11444,yachmen,ячмень,
11445,pshenitsa,пшеница,
11446,pshenitsa,пшеница,
11447,pshenitsa,пшеница,
11448,pshenitsa,пшеница,
11449,pshenitsa,пшеница,
11450,pshenitsa,пшеница,
11451,pshenitsa,пшеница,
11452,pshenitsa,пшеница,
11453,pshenitsa,пшеница,
11454,pshenitsa,пшеница,
11455,pshenitsa,пшеница,
11456,pshenitsa,пшеница,
11456,yachmen,ячмень,
11457,pshenitsa,пшеница,
11458,pshenitsa,пшеница,
11459,pshenitsa,пшеница,
11460,pshenitsa,пшеница,
11461,pshenitsa,пшеница,
11462,pshenitsa,пшеница,
11463,pshenitsa,пшеница,
11464,pshenitsa,пшеница,
11465,yachmen,ячмень,
11466,yachmen,ячмень,
11467,yachmen,ячмень,
11468,yachmen,ячмень,
11469,yachmen,ячмень,
11470,yachmen,ячмень,
11471,yachmen,ячмень,
11472,yachmen,ячмень,
11473,pshenitsa,пшеница,
11474,pshenitsa,пшеница,
11475,yachmen,ячмень,
11476,yachmen,ячмень,
11477,pshenitsa,пшеница,
11478,pshenitsa,пшеница,
11479,pshenitsa,пшеница,
11480,pshenitsa,пшеница,
11481,pshenitsa,пшеница,
11482,pshenitsa,пшеница,
11483,pshenitsa,пшеница,
11484,pshenitsa,пшеница,
11485,pshenitsa,пшеница,
11486,pshenitsa,пшеница,
11487,pshenitsa,пшеница,
11488,pshenitsa,пшеница,
11488,yachmen,ячмень,
11489,pshenitsa,пшеница,
11490,yachmen,ячмень,
11491,pshenitsa,пшеница,
11492,pshenitsa,пшеница,
11493,pshenitsa,пшеница,
11494,pshenitsa,пшеница,
11495,yachmen,ячмень,
11496,pshenitsa,пшеница,
11497,pshenitsa,пшеница,
11498,pshenitsa,пшеница,
11499,pshenitsa,пшеница,
11500,yachmen,ячмень,
11501,pshenitsa,пшеница,
11502,yachmen,ячмень,
11503,pshenitsa,пшеница,
11504,pshenitsa,пшеница,
11505,pshenitsa,пшеница,
11506,pshenitsa,пшеница,
11507,pshenitsa,пшеница,
11508,pshenitsa,пшеница,
11509,pshenitsa,пшеница,
11510,pshenitsa,пшеница,
11511,pshenitsa,пшеница,
11512,pshenitsa,пшеница,
11513,pshenitsa,пшеница,
11514,pshenitsa,пшеница,
11515,pshenitsa,пшеница,
11516,pshenitsa,пшеница,
11517,pshenitsa,пшеница,
11518,pshenitsa,пшеница,
11519,pshenitsa,пшеница,
11520,pshenitsa,пшеница,
11521,pshenitsa,пшеница,
11521,yachmen,ячмень,
11522,pshenitsa,пшеница,
11523,pshenitsa,пшеница,
11524,pshenitsa,пшеница,
11525,pshenitsa,пшеница,
11526,pshenitsa,пшеница,
11526,yachmen,ячмень,
11527,pshenitsa,пшеница,
11528,yachmen,ячмень,
11529,pshenitsa,пшеница,
11530,pshenitsa,пшеница,
11531,pshenitsa,пшеница,
11532,pshenitsa,пшеница,
11533,pshenitsa,пшеница,
11534,pshenitsa,пшеница,
11535,pshenitsa,пшеница,
11536,pshenitsa,пшеница,
11537,pshenitsa,пшеница,
11538,pshenitsa,пшеница,
11539,pshenitsa,пшеница,
11540,pshenitsa,пшеница,
11541,yachmen,ячмень,
11542,yachmen,ячмень,
11543,pshenitsa,пшеница,
11544,pshenitsa,пшеница,
11545,pshenitsa,пшеница,
11546,pshenitsa,пшеница,
11547,pshenitsa,пшеница,
11548,pshenitsa,пшеница,
11549,pshenitsa,пшеница,
11550,pshenitsa,пшеница,
11551,pshenitsa,пшеница,
11552,pshenitsa,пшеница,
11553,pshenitsa,пшеница,
11554,pshenitsa,пшеница,
11555,zernovye,зерновые (прочие),
11555,pshenitsa,пшеница,
11555,yachmen,ячмень,
11556,zernovye,зерновые (прочие),
11556,pshenitsa,пшеница,
11556,yachmen,ячмень,
11557,pshenitsa,пшеница,
11558,pshenitsa,пшеница,
11559,pshenitsa,пшеница,
11560,yachmen,ячмень,
11561,pshenitsa,пшеница,
11562,pshenitsa,пшеница,
11563,pshenitsa,пшеница,
11564,pshenitsa,пшеница,
11565,pshenitsa,пшеница,
11566,pshenitsa,пшеница,
11567,pshenitsa,пшеница,
11568,pshenitsa,пшеница,
11569,pshenitsa,пшеница,
11570,pshenitsa,пшеница,
11571,pshenitsa,пшеница,
11572,pshenitsa,пшеница,
11573,pshenitsa,пшеница,
11574,yachmen,ячмень,
11575,yachmen,ячмень,
11576,pshenitsa,пшеница,
11577,pshenitsa,пшеница,
11578,pshenitsa,пшеница,
11579,pshenitsa,пшеница,
11580,pshenitsa,пшеница,
11581,pshenitsa,пшеница,
11582,pshenitsa,пшеница,
11583,pshenitsa,пшеница,
11584,pshenitsa,пшеница,
11585,pshenitsa,пшеница,
11586,pshenitsa,пшеница,
11587,pshenitsa,пшеница,
11588,pshenitsa,пшеница,
11589,pshenitsa,пшеница,
11590,pshenitsa,пшеница,
11591,pshenitsa,пшеница,
11592,pshenitsa,пшеница,
11593,pshenitsa,пшеница,
11594,pshenitsa,пшеница,
11595,yachmen,ячмень,
11596,pshenitsa,пшеница,
11597,pshenitsa,пшеница,
11598,pshenitsa,пшеница,
11598,yachmen,ячмень,
11599,pshenitsa,пшеница,
11599,yachmen,ячмень,
11600,kukuruza,кукуруза,
11601,kukuruza,кукуруза,
11602,pshenitsa,пшеница,
11602,rozh,рожь,
11602,yachmen,ячмень,
11603,pshenitsa,пшеница,
11603,rozh,рожь,
11603,yachmen,ячмень,
11604,kukuruza,кукуруза,
11605,kukuruza,кукуруза,
11606,pshenitsa,пшеница,
11606,rozh,рожь,
11606,yachmen,ячмень,
11607,pshenitsa,пшеница,
11607,rozh,рожь,
11607,yachmen,ячмень,
11608,kukuruza,кукуруза,
11609,kukuruza,кукуруза,
11610,pshenitsa,пшеница,
11610,rozh,рожь,
11610,yachmen,ячмень,
11611,pshenitsa,пшеница,
11611,rozh,рожь,
11611,yachmen,ячмень,
11612,kukuruza,кукуруза,
11613,kukuruza,кукуруза,
11614,pshenitsa,пшеница,
11614,yachmen,ячмень,
11615,pshenitsa,пшеница,
11615,yachmen,ячмень,
11616,kukuruza,кукуруза,
11617,pshenitsa,пшеница,
11617,yachmen,ячмень,
11618,pshenitsa,пшеница,
11618,yachmen,ячмень,
11619,zernovye,зерновые (прочие),
11619,pshenitsa,пшеница,
11619,rozh,рожь,
11619,yachmen,ячмень,
11620,zernovye,зерновые (прочие),
11620,pshenitsa,пшеница,
11620,rozh,рожь,
11620,yachmen,ячмень,
11621,zernovye,зерновые (прочие),
11621,pshenitsa,пшеница,
11621,rozh,рожь,
11621,yachmen,ячмень,
11622,zernovye,зерновые (прочие),
11622,pshenitsa,пшеница,
11622,rozh,рожь,
11622,yachmen,ячмень,
11623,pshenitsa,пшеница,
11623,yachmen,ячмень,
11624,podsolnechnik,подсолнечник,
11625,raps,рапс,
11626,kartofel,картофель,
11627,raps,рапс,
11628,podsolnechnik,подсолнечник,
11629,kartofel,картофель,
11630,soya,соя,
11631,zernobobovye,"зернобобовые (нут, чечевица, люпин, бобы)",
11632,zernobobovye,"зернобобовые (нут, чечевица, люпин, бобы)",
11633,kapusta,капуста,
11633,kartofel,картофель,
11633,luk,лук,
11633,raps,рапс,
11633,saharnaya-svekla,сахарная свекла,
11634,kapusta,капуста,
11634,kartofel,картофель,
11634,luk,лук,
11634,raps,рапс,
11634,saharnaya-svekla,сахарная свекла,
11635,len,лен,
11636,kormovye-travy,кормовые травы,
11636,pastbischa-i-luga,пастбища и луга,
11637,goroh-fasol,горох / фасоль,
11637,podsolnechnik,подсолнечник,
11637,soya,соя,
11638,goroh-fasol,горох / фасоль,
11638,podsolnechnik,подсолнечник,
11638,soya,соя,
11639,len,лен,
11640,len,лен,
11641,soya,соя,
11642,kartofel,картофель,
11643,kartofel,картофель,
11644,kapusta,капуста,
11644,luk,лук,
11644,podsolnechnik,подсолнечник,
11644,raps,рапс,
11644,saharnaya-svekla,сахарная свекла,
11645,saharnaya-svekla,сахарная свекла,
11646,saharnaya-svekla,сахарная свекла,
11647,luk,лук,
11647,saharnaya-svekla,сахарная свекла,
11648,kapusta,капуста,
11648,podsolnechnik,подсолнечник,
11648,raps,рапс,
11649,goroh-fasol,горох / фасоль,
11649,sklady-i-zernohranilischa,склады и зернохранилища,
11650,zernobobovye,"зернобобовые (нут, чечевица, люпин, бобы)",
11651,kartofel,картофель,
11652,podsolnechnik,подсолнечник,
11652,svekla,свекла,
11652,soya,соя,
11653,kartofel,картофель,
11654,podsolnechnik,подсолнечник,
11654,svekla,свекла,
11654,soya,соя,
11655,pshenitsa,пшеница,
11656,pshenitsa,пшеница,
11657,pshenitsa,пшеница,
11658,pshenitsa,пшеница,
11658,yachmen,ячмень,
11659,pshenitsa,пшеница,
11659,yachmen,ячмень,
11660,pshenitsa,пшеница,
11660,yachmen,ячмень,
11661,pshenitsa,пшеница,
11661,yachmen,ячмень,
11662,pshenitsa,пшеница,
11662,yachmen,ячмень,
11663,pshenitsa,пшеница,
11663,yachmen,ячмень,
11664,pshenitsa,пшеница,
11664,yachmen,ячмень,
11665,pshenitsa,пшеница,
11665,yachmen,ячмень,
11666,podsolnechnik,подсолнечник,
11666,soya,соя,
11667,podsolnechnik,подсолнечник,
11667,soya,соя,
11668,podsolnechnik,подсолнечник,
11668,soya,соя,
11669,podsolnechnik,подсолнечник,
11669,soya,соя,
11670,podsolnechnik,подсолнечник,
11670,soya,соя,
11671,zernobobovye,"зернобобовые (нут, чечевица, люпин, бобы)",
11672,podsolnechnik,подсолнечник,
11672,soya,соя,
11673,soya,соя,
11674,soya,соя,
11675,podsolnechnik,подсолнечник,
11675,soya,соя,
11676,podsolnechnik,подсолнечник,
11676,soya,соя,
11677,pshenitsa,пшеница,
11677,yachmen,ячмень,
11678,pshenitsa,пшеница,
11678,yachmen,ячмень,
11679,pshenitsa,пшеница,
11679,yachmen,ячмень,
11680,pshenitsa,пшеница,
11680,yachmen,ячмень,
11681,luk,лук,
11682,oves,овес,
11682,rozh,рожь,
11683,krupyanye,"крупяные (гречиха, просо, сорго)",
11684,kukuruza,кукуруза,
11685,zernovye,зерновые (прочие),
11685,oves,овес,
11686,zernovye,зерновые (прочие),
11686,oves,овес,
11687,krupyanye,"крупяные (гречиха, просо, сорго)",
11688,kukuruza,кукуруза,
11689,pshenitsa,пшеница,
11689,yachmen,ячмень,
11690,pshenitsa,пшеница,
11690,yachmen,ячмень,
11691,pshenitsa,пшеница,
11691,yachmen,ячмень,
11692,podsolnechnik,подсолнечник,
11693,morkov,морковь,
11694,kartofel,картофель,
11695,pshenitsa,пшеница,
11696,pshenitsa,пшеница,
11697,yachmen,ячмень,
11698,rozh,рожь,
11699,oves,овес,
11700,raps,рапс,
11701,kartofel,картофель,
11702,soya,соя,
11703,soya,соя,
11704,soya,соя,
11705,soya,соя,
11706,soya,соя,
11707,soya,соя,
11708,soya,соя,
11709,soya,соя,
11710,soya,соя,
11711,soya,соя,
11712,soya,соя,
11713,soya,соя,
11714,soya,соя,
11715,soya,соя,
11716,soya,соя,
11717,kukuruza,кукуруза,
11717,sklady-i-zernohranilischa,склады и зернохранилища,
11718,kukuruza,кукуруза,
11718,sklady-i-zernohranilischa,склады и зернохранилища,
11719,saharnaya-svekla,сахарная свекла,
11720,saharnaya-svekla,сахарная свекла,
11721,saharnaya-svekla,сахарная свекла,
11722,saharnaya-svekla,сахарная свекла,
11723,podsolnechnik,подсолнечник,
11724,podsolnechnik,подсолнечник,
11725,soya,соя,
11726,soya,соя,
11727,saharnaya-svekla,сахарная свекла,
11728,soya,соя,
11729,podsolnechnik,подсолнечник,
11729,raps,рапс,
11730,saharnaya-svekla,сахарная свекла,
11731,saharnaya-svekla,сахарная свекла,
11732,roza,роза,
11733,podsolnechnik,подсолнечник,
11733,raps,рапс,
11734,podsolnechnik,подсолнечник,
11734,raps,рапс,
11735,luk,лук,
11735,morkov,морковь,
11735,saharnaya-svekla,сахарная свекла,
11736,luk,лук,
11736,morkov,морковь,
11736,saharnaya-svekla,сахарная свекла,
11737,soya,соя,
11738,soya,соя,
11739,len,лен,
11740,kartofel,картофель,
11741,arbuz-dynya,арбуз / дыня,
11742,tomat,томат,
11743,pryanye-i-lekarstvennye-travy,пряные и лекарственные травы,
11744,podsolnechnik,подсолнечник,
11744,saharnaya-svekla,сахарная свекла,
11744,soya,соя,
11745,podsolnechnik,подсолнечник,
11745,saharnaya-svekla,сахарная свекла,
11745,soya,соя,
11746,len,лен,
11747,kartofel,картофель,
11748,kartofel,картофель,открытый грунт
11748,morkov,морковь,открытый грунт
11748,svekla,свекла,открытый грунт
11748,tomat,томат,открытый грунт
11749,kartofel,картофель,открытый грунт
11749,morkov,морковь,открытый грунт
11749,svekla,свекла,открытый грунт
11749,tomat,томат,открытый грунт
11750,luk,лук,
11751,luk,лук,
11752,zemli-neselhoznaznacheniya,земли несельхозназначения,
11753,podsolnechnik,подсолнечник,
11753,svekla,свекла,
11753,soya,соя,
11754,podsolnechnik,подсолнечник,
11754,svekla,свекла,
11754,soya,соя,
11755,len,лен,
11756,kartofel,картофель,
11757,raps,рапс,
11758,raps,рапс,
11759,kapusta,капуста,
11759,kartofel,картофель,
11759,luk,лук,
11759,morkov,морковь,
11759,podsolnechnik,подсолнечник,
11759,raps,рапс,
11759,svekla,свекла,
11759,soya,соя,
11760,morkov,морковь,
11761,kapusta,капуста,
11761,kartofel,картофель,
11761,luk,лук,
11761,morkov,морковь,
11761,podsolnechnik,подсолнечник,
11761,raps,рапс,
11761,svekla,свекла,
11761,soya,соя,
11762,luk,лук,
11763,luk,лук,
11764,len,лен,
11765,goroh-fasol,горох / фасоль,
11765,sklady-i-zernohranilischa,склады и зернохранилища,
11766,len,лен,
11767,arbuz-dynya,арбуз / дыня,
11767,goroh-fasol,горох / фасоль,
11767,zernobobovye,"зернобобовые (нут, чечевица, люпин, бобы)",
11767,krupyanye,"крупяные (гречиха, просо, сорго)",
11767,maslichnye-i-tehnicheskie,масличные и технические,
11767,pryanye-i-lekarstvennye-travy,пряные и лекарственные травы,
11767,tomat,томат,
11768,arbuz-dynya,арбуз / дыня,
11768,goroh-fasol,горох / фасоль,
11768,zernobobovye,"зернобобовые (нут, чечевица, люпин, бобы)",
11768,krupyanye,"крупяные (гречиха, просо, сорго)",
11768,maslichnye-i-tehnicheskie,масличные и технические,
11768,pryanye-i-lekarstvennye-travy,пряные и лекарственные травы,
11768,tomat,томат,
11769,zernobobovye,"зернобобовые (нут, чечевица, люпин, бобы)",
11769,maslichnye-i-tehnicheskie,масличные и технические,
11770,zernobobovye,"зернобобовые (нут, чечевица, люпин, бобы)",
11770,maslichnye-i-tehnicheskie,масличные и технические,
11771,perets,перец,
11771,tomat,томат,
11772,perets,перец,
11772,tomat,томат,
11773,kapusta,капуста,
11773,kartofel,картофель,
11773,luk,лук,
11774,kapusta,капуста,
11774,kartofel,картофель,
11774,luk,лук,
11775,morkov,морковь,
11776,zemli-neselhoznaznacheniya,земли несельхозназначения,
11777,arbuz-dynya,арбуз / дыня,
11777,goroh-fasol,горох / фасоль,
11777,tomat,томат,
11778,arbuz-dynya,арбуз / дыня,
11778,goroh-fasol,горох / фасоль,
11778,tomat,томат,
11779,perets,перец,
11779,tomat,томат,
11780,perets,перец,
11780,tomat,томат,
11781,goroh-fasol,горох / фасоль,
11781,zernobobovye,"зернобобовые (нут, чечевица, люпин, бобы)",
11781,podsolnechnik,подсолнечник,
11781,raps,рапс,
11781,svekla,свекла,
11781,soya,соя,
11782,goroh-fasol,горох / фасоль,
11782,zernobobovye,"зернобобовые (нут, чечевица, люпин, бобы)",
11782,podsolnechnik,подсолнечник,
11782,raps,рапс,
11782,svekla,свекла,
11782,soya,соя,
11783,len,лен,
11784,len,лен,
11785,len,лен,
11786,len,лен,
11787,len,лен,
11788,len,лен,
11789,len,лен,
11790,len,лен,
11791,zemli-neselhoznaznacheniya,земли несельхозназначения,
11792,goroh-fasol,горох / фасоль,
11792,zernobobovye,"зернобобовые (нут, чечевица, люпин, бобы)",
11792,podsolnechnik,подсолнечник,
11792,raps,рапс,
11792,svekla,свекла,
11792,soya,соя,
11793,goroh-fasol,горох / фасоль,
11793,zernobobovye,"зернобобовые (нут, чечевица, люпин, бобы)",
11793,podsolnechnik,подсолнечник,
11793,raps,рапс,
11793,svekla,свекла,
11793,soya,соя,
11794,saharnaya-svekla,сахарная свекла,
11795,saharnaya-svekla,сахарная свекла,
11796,saharnaya-svekla,сахарная свекла,
11797,saharnaya-svekla,сахарная свекла,
11798,goroh-fasol,горох / фасоль,
11798,podsolnechnik,подсолнечник,
11798,raps,рапс,
11798,saharnaya-svekla,сахарная свекла,
11798,sklady-i-zernohranilischa,склады и зернохранилища,
11798,soya,соя,
11799,goroh-fasol,горох / фасоль,
11799,podsolnechnik,подсолнечник,
11799,raps,рапс,
11799,saharnaya-svekla,сахарная свекла,
11799,sklady-i-zernohranilischa,склады и зернохранилища,
11799,soya,соя,
11800,podsolnechnik,подсолнечник,
11800,raps,рапс,
11800,saharnaya-svekla,сахарная свекла,
11800,soya,соя,
11801,podsolnechnik,подсолнечник,
11801,raps,рапс,
11801,saharnaya-svekla,сахарная свекла,
11801,soya,соя,
11802,len,лен,
11803,len,лен,
11804,len,лен,
11805,len,лен,
11806,goroh-fasol,горох / фасоль,
11806,sklady-i-zernohranilischa,склады и зернохранилища,
11807,goroh-fasol,горох / фасоль,
11807,sklady-i-zernohranilischa,склады и зернохранилища,
11808,soya,соя,
11809,soya,соя,
11810,podsolnechnik,подсолнечник,
11811,podsolnechnik,подсолнечник,
11812,saharnaya-svekla,сахарная свекла,
11813,saharnaya-svekla,сахарная свекла,
11814,ris,рис,
11815,ris,рис,
11816,ris,рис,
11817,ris,рис,
11818,ris,рис,
11819,ris,рис,
11820,ris,рис,
11821,ris,рис,
11822,ris,рис,
11823,kartofel,картофель,
11823,podsolnechnik,подсолнечник,
11823,raps,рапс,
11823,svekla,свекла,
11823,soya,соя,
11824,podsolnechnik,подсолнечник,
11825,raps,рапс,
11826,raps,рапс,
11827,raps,рапс,
11828,raps,рапс,
11829,podsolnechnik,подсолнечник,
11830,raps,рапс,
11831,podsolnechnik,подсолнечник,
11832,raps,рапс,
11833,raps,рапс,
11834,podsolnechnik,подсолнечник,
11835,raps,рапс,
11836,podsolnechnik,подсолнечник,
11837,raps,рапс,
11838,raps,рапс,
11840,raps,рапс,
11841,saharnaya-svekla,сахарная свекла,
11842,zernobobovye,"зернобобовые (нут, чечевица, люпин, бобы)",
11843,svekla,свекла,
11844,svekla,свекла,
11845,svekla,свекла,
11846,svekla,свекла,
11847,saharnaya-svekla,сахарная свекла,
11848,saharnaya-svekla,сахарная свекла,
11849,saharnaya-svekla,сахарная свекла,
11850,saharnaya-svekla,сахарная свекла,
11851,saharnaya-svekla,сахарная свекла,
11852,saharnaya-svekla,сахарная свекла,
11853,saharnaya-svekla,сахарная свекла,
11854,saharnaya-svekla,сахарная свекла,
11855,saharnaya-svekla,сахарная свекла,
11856,saharnaya-svekla,сахарная свекла,
11857,saharnaya-svekla,сахарная свекла,
11858,saharnaya-svekla,сахарная свекла,
11859,saharnaya-svekla,сахарная свекла,
11860,saharnaya-svekla,сахарная свекла,
11861,saharnaya-svekla,сахарная свекла,
11862,saharnaya-svekla,сахарная свекла,
11863,saharnaya-svekla,сахарная свекла,
11864,saharnaya-svekla,сахарная свекла,
11865,saharnaya-svekla,сахарная свекла,
11866,saharnaya-svekla,сахарная свекла,
11867,saharnaya-svekla,сахарная свекла,
11868,saharnaya-svekla,сахарная свекла,
11869,saharnaya-svekla,сахарная свекла,
11870,saharnaya-svekla,сахарная свекла,
11871,saharnaya-svekla,сахарная свекла,
11872,saharnaya-svekla,сахарная свекла,
11873,saharnaya-svekla,сахарная свекла,
11874,saharnaya-svekla,сахарная свекла,
11875,saharnaya-svekla,сахарная свекла,
11876,saharnaya-svekla,сахарная свекла,
11877,saharnaya-svekla,сахарная свекла,
11878,saharnaya-svekla,сахарная свекла,
11879,saharnaya-svekla,сахарная свекла,
11880,saharnaya-svekla,сахарная свекла,
11881,saharnaya-svekla,сахарная свекла,
11882,saharnaya-svekla,сахарная свекла,
11883,saharnaya-svekla,сахарная свекла,
11884,saharnaya-svekla,сахарная свекла,
11885,saharnaya-svekla,сахарная свекла,
11886,saharnaya-svekla,сахарная свекла,
11887,svekla,свекла,
11888,saharnaya-svekla,сахарная свекла,
11889,saharnaya-svekla,сахарная свекла,
11890,svekla,свекла,
11891,saharnaya-svekla,сахарная свекла,
11892,saharnaya-svekla,сахарная свекла,
11893,svekla,свекла,
11894,saharnaya-svekla,сахарная свекла,
11895,saharnaya-svekla,сахарная свекла,
11896,saharnaya-svekla,сахарная свекла,
11897,saharnaya-svekla,сахарная свекла,
11898,saharnaya-svekla,сахарная свекла,
11899,saharnaya-svekla,сахарная свекла,
11900,saharnaya-svekla,сахарная свекла,
11901,saharnaya-svekla,сахарная свекла,
11902,saharnaya-svekla,сахарная свекла,
11903,saharnaya-svekla,сахарная свекла,
11904,saharnaya-svekla,сахарная свекла,
11905,saharnaya-svekla,сахарная свекла,
11906,saharnaya-svekla,сахарная свекла,
11907,saharnaya-svekla,сахарная свекла,
11908,saharnaya-svekla,сахарная свекла,
11909,saharnaya-svekla,сахарная свекла,
11910,saharnaya-svekla,сахарная свекла,
11911,svekla,свекла,
11912,svekla,свекла,
11913,svekla,свекла,
11914,saharnaya-svekla,сахарная свекла,
11915,saharnaya-svekla,сахарная свекла,
11916,saharnaya-svekla,сахарная свекла,
11917,saharnaya-svekla,сахарная свекла,
11918,saharnaya-svekla,сахарная свекла,
11919,saharnaya-svekla,сахарная свекла,
11920,saharnaya-svekla,сахарная свекла,
11921,saharnaya-svekla,сахарная свекла,
11922,saharnaya-svekla,сахарная свекла,
11923,svekla,свекла,
11924,svekla,свекла,
11925,svekla,свекла,
11926,svekla,свекла,
11927,svekla,свекла,
11928,svekla,свекла,
11929,saharnaya-svekla,сахарная свекла,
11930,saharnaya-svekla,сахарная свекла,
11931,svekla,свекла,
11932,svekla,свекла,
11933,saharnaya-svekla,сахарная свекла,
11934,saharnaya-svekla,сахарная свекла,
11935,saharnaya-svekla,сахарная свекла,
11936,saharnaya-svekla,сахарная свекла,
11937,saharnaya-svekla,сахарная свекла,
11938,saharnaya-svekla,сахарная свекла,
11939,saharnaya-svekla,сахарная свекла,
11940,saharnaya-svekla,сахарная свекла,
11941,podsolnechnik,подсолнечник,
11942,raps,рапс,
11943,raps,рапс,
11944,len,лен,
11945,kormovye-travy,кормовые травы,
11945,pastbischa-i-luga,пастбища и луга,
11946,kormovye-travy,кормовые травы,
11946,pastbischa-i-luga,пастбища и луга,
11947,goroh-fasol,горох / фасоль,
11947,sklady-i-zernohranilischa,склады и зернохранилища,
11948,kormovye-travy,кормовые травы,
11949,kartofel,картофель,
11950,kartofel,картофель,
11951,soya,соя,
11952,pshenitsa,пшеница,
11953,soya,соя,
11954,goroh-fasol,горох / фасоль,
11954,sklady-i-zernohranilischa,склады и зернохранилища,
11955,raps,рапс,
11956,podsolnechnik,подсолнечник,
11957,podsolnechnik,подсолнечник,
11958,kartofel,картофель,
11959,kartofel,картофель,
11960,podsolnechnik,подсолнечник,
11961,kartofel,картофель,
11962,kartofel,картофель,
11963,soya,соя,
11964,soya,соя,
11965,soya,соя,
11966,podsolnechnik,подсолнечник,
11967,podsolnechnik,подсолнечник,
11968,raps,рапс,
11969,kartofel,картофель,
11970,kartofel,картофель,
11971,kartofel,картофель,
11972,kartofel,картофель,
11973,soya,соя,
11974,goroh-fasol,горох / фасоль,
11974,sklady-i-zernohranilischa,склады и зернохранилища,
11975,zernovye,зерновые (прочие),
11976,zernovye,зерновые (прочие),
11977,raps,рапс,
11978,soya,соя,
11979,kormovye-travy,кормовые травы,
11980,podsolnechnik,подсолнечник,
11981,podsolnechnik,подсолнечник,
11982,goroh-fasol,горох / фасоль,
11982,sklady-i-zernohranilischa,склады и зернохранилища,
11983,raps,рапс,
11984,soya,соя,
11985,goroh-fasol,горох / фасоль,
11985,sklady-i-zernohranilischa,склады и зернохранилища,
11986,zernovye,зерновые (прочие),
11987,zernovye,зерновые (прочие),
11988,kormovye-travy,кормовые травы,
11989,podsolnechnik,подсолнечник,
11990,podsolnechnik,подсолнечник,
11991,podsolnechnik,подсолнечник,
11992,podsolnechnik,подсолнечник,
11992,soya,соя,
11993,podsolnechnik,подсолнечник,
11994,goroh-fasol,горох / фасоль,
11994,sklady-i-zernohranilischa,склады и зернохранилища,
11995,podsolnechnik,подсолнечник,
11996,soya,соя,
11997,raps,рапс,
11998,goroh-fasol,горох / фасоль,
11999,podsolnechnik,подсолнечник,
12000,soya,соя,
12001,podsolnechnik,подсолнечник,
12002,podsolnechnik,подсолнечник,
12002,soya,соя,
12003,kartofel,картофель,
12004,kartofel,картофель,
12005,podsolnechnik,подсолнечник,
12006,raps,рапс,
12007,raps,рапс,
12008,raps,рапс,
12009,zernovye,зерновые (прочие),
12010,goroh-fasol,горох / фасоль,
12010,sklady-i-zernohranilischa,склады и зернохранилища,
12011,raps,рапс,
12012,kartofel,картофель,
12013,kartofel,картофель,
12014,kartofel,картофель,
12015,kartofel,картофель,
12016,kartofel,картофель,
12017,krupyanye,"крупяные (гречиха, просо, сорго)",
12018,kormovye-travy,кормовые травы,
12019,kormovye-travy,кормовые травы,
12020,kartofel,картофель,
12021,kartofel,картофель,
12022,kartofel,картофель,
12023,kartofel,картофель,
12024,kartofel,картофель,
12025,kartofel,картофель,
12026,kartofel,картофель,
12027,kartofel,картофель,
12028,kartofel,картофель,
12029,kartofel,картофель,
12030,kartofel,картофель,
12031,kartofel,картофель,
12032,kartofel,картофель,
12033,morkov,морковь,
12034,morkov,морковь,
12035,morkov,морковь,
12036,morkov,морковь,
12037,morkov,морковь,
12038,morkov,морковь,
12039,morkov,морковь,
12040,morkov,морковь,
12041,morkov,морковь,
12042,kapusta,капуста,
12043,kapusta,капуста,
12044,kapusta,капуста,
12045,kapusta,капуста,
12046,kapusta,капуста,
12047,kapusta,капуста,
12048,kapusta,капуста,
12049,kapusta,капуста,
12050,kapusta,капуста,
12051,saharnaya-svekla,сахарная свекла,
12052,saharnaya-svekla,сахарная свекла,
12053,zernobobovye,"зернобобовые (нут, чечевица, люпин, бобы)",
12054,redis,редис,
12055,soya,соя,
12056,soya,соя,
12057,podsolnechnik,подсолнечник,
12058,podsolnechnik,подсолнечник,
12059,podsolnechnik,подсолнечник,
12060,podsolnechnik,подсолнечник,
12061,goroh-fasol,горох / фасоль,
12061,sklady-i-zernohranilischa,склады и зернохранилища,
12062,goroh-fasol,горох / фасоль,
12062,sklady-i-zernohranilischa,склады и зернохранилища,
12063,raps,рапс,
12064,raps,рапс,
12065,raps,рапс,
12066,raps,рапс,
12067,raps,рапс,
12068,raps,рапс,
12069,soya,соя,
12070,soya,соя,
12071,maslichnye-i-tehnicheskie,масличные и технические,
12072,maslichnye-i-tehnicheskie,масличные и технические,
12073,kormovye-travy,кормовые травы,
12074,kormovye-travy,кормовые травы,
12075,soya,соя,
12076,goroh-fasol,горох / фасоль,
12076,sklady-i-zernohranilischa,склады и зернохранилища,
12077,podsolnechnik,подсолнечник,
12077,raps,рапс,
12078,podsolnechnik,подсолнечник,
12079,raps,рапс,
12080,podsolnechnik,подсолнечник,
12081,podsolnechnik,подсолнечник,
12082,podsolnechnik,подсолнечник,
12083,kartofel,картофель,
12084,raps,рапс,
12085,podsolnechnik,подсолнечник,
12086,podsolnechnik,подсолнечник,
12087,raps,рапс,
12088,goroh-fasol,горох / фасоль,
12089,soya,соя,
12090,kartofel,картофель,
12091,kartofel,картофель,
12092,podsolnechnik,подсолнечник,
12092,raps,рапс,
12093,podsolnechnik,подсолнечник,
12094,podsolnechnik,подсолнечник,
12095,kartofel,картофель,
12096,soya,соя,
12097,soya,соя,
12098,goroh-fasol,горох / фасоль,
12099,goroh-fasol,горох / фасоль,
12100,zernobobovye,"зернобобовые (нут, чечевица, люпин, бобы)",
12101,len,лен,
12102,kormovye-travy,кормовые травы,
12103,raps,рапс,
12104,zernovye,зерновые (прочие),
12105,zernovye,зерновые (прочие),
12106,podsolnechnik,подсолнечник,
12107,goroh-fasol,горох / фасоль,
12108,soya,соя,
12109,podsolnechnik,подсолнечник,
12110,kartofel,картофель,
12111,raps,рапс,
12112,kormovye-travy,кормовые травы,
12113,kormovye-travy,кормовые травы,
12114,kartofel,картофель,
12115,kartofel,картофель,
12116,kartofel,картофель,
12117,kartofel,картофель,
12118,kartofel,картофель,
12119,kartofel,картофель,
12120,kartofel,картофель,
12121,kartofel,картофель,
12122,kartofel,картофель,
12123,morkov,морковь,
12124,morkov,морковь,
12125,morkov,морковь,
12126,morkov,морковь,
12127,morkov,морковь,
12128,morkov,морковь,
12129,morkov,морковь,
12130,morkov,морковь,
12131,morkov,морковь,
12132,kapusta,капуста,
12133,kapusta,капуста,
12134,kapusta,капуста,
12135,kapusta,капуста,
12136,kapusta,капуста,
12137,kapusta,капуста,
12138,kapusta,капуста,
12139,kapusta,капуста,
12140,kapusta,капуста,
12141,kormovye-travy,кормовые травы,
12142,maslichnye-i-tehnicheskie,масличные и технические,
12143,zernobobovye,"зернобобовые (нут, чечевица, люпин, бобы)",
12144,redis,редис,
12145,krupyanye,"крупяные (гречиха, просо, сорго)",
12146,soya,соя,
12147,soya,соя,
12148,podsolnechnik,подсолнечник,
12149,podsolnechnik,подсолнечник,
12150,podsolnechnik,подсолнечник,
12151,podsolnechnik,подсолнечник,
12152,goroh-fasol,горох / фасоль,
12152,sklady-i-zernohranilischa,склады и зернохранилища,
12153,soya,соя,
12154,podsolnechnik,подсолнечник,
12155,zernovye,зерновые (прочие),
12156,zernovye,зерновые (прочие),
12157,zernovye,зерновые (прочие),
12158,soya,соя,
12159,goroh-fasol,горох / фасоль,
12160,len,лен,
12161,kartofel,картофель,
12162,podsolnechnik,подсолнечник,
12163,podsolnechnik,подсолнечник,
12164,goroh-fasol,горох / фасоль,
12164,sklady-i-zernohranilischa,склады и зернохранилища,
12165,goroh-fasol,горох / фасоль,
12165,sklady-i-zernohranilischa,склады и зернохранилища,
12166,raps,рапс,
12167,raps,рапс,
12168,raps,рапс,
12169,raps,рапс,
12170,raps,рапс,
12171,raps,рапс,
12172,soya,соя,
12173,soya,соя,
12174,zernovye,зерновые (прочие),
12175,zernovye,зерновые (прочие),
12176,zernovye,зерновые (прочие),
12177,zernovye,зерновые (прочие),
12178,zernovye,зерновые (прочие),
12179,zernovye,зерновые (прочие),
12180,zernovye,зерновые (прочие),
12181,podsolnechnik,подсолнечник,
12182,zernovye,зерновые (прочие),
12183,zernovye,зерновые (прочие),
12184,goroh-fasol,горох / фасоль,
12184,sklady-i-zernohranilischa,склады и зернохранилища,
12185,raps,рапс,
12186,podsolnechnik,подсолнечник,
12187,kartofel,картофель,
12188,kartofel,картофель,
12189,soya,соя,
12190,soya,соя,
12191,podsolnechnik,подсолнечник,
12192,podsolnechnik,подсолнечник,
12193,raps,рапс,
12194,raps,рапс,
12195,podsolnechnik,подсолнечник,
12196,podsolnechnik,подсолнечник,
12197,podsolnechnik,подсолнечник,
12198,soya,соя,
12199,raps,рапс,
12200,goroh-fasol,горох / фасоль,
12201,kartofel,картофель,
12202,podsolnechnik,подсолнечник,
12203,soya,соя,
12204,podsolnechnik,подсолнечник,
12205,podsolnechnik,подсолнечник,
12206,kartofel,картофель,
12207,soya,соя,
12208,raps,рапс,
12209,podsolnechnik,подсолнечник,
12210,podsolnechnik,подсолнечник,
12211,goroh-fasol,горох / фасоль,
12211,sklady-i-zernohranilischa,склады и зернохранилища,
12212,goroh-fasol,горох / фасоль,
12212,sklady-i-zernohranilischa,склады и зернохранилища,
12213,raps,рапс,
12214,raps,рапс,
12215,kartofel,картофель,
12216,kartofel,картофель,
12217,kartofel,картофель,
12218,kartofel,картофель,
12219,soya,соя,
12220,soya,соя,
12221,podsolnechnik,подсолнечник,
12222,raps,рапс,
12223,goroh-fasol,горох / фасоль,
12224,soya,соя,
12225,podsolnechnik,подсолнечник,
12226,raps,рапс,
12227,raps,рапс,
12228,podsolnechnik,подсолнечник,
12229,pshenitsa,пшеница,
12230,yachmen,ячмень,
12231,soya,соя,
12232,len,лен,
12233,kartofel,картофель,
12234,goroh-fasol,горох / фасоль,
12235,podsolnechnik,подсолнечник,
12236,podsolnechnik,подсолнечник,
12237,soya,соя,
12238,soya,соя,
12239,goroh-fasol,горох / фасоль,
12240,goroh-fasol,горох / фасоль,
12241,zernobobovye,"зернобобовые (нут, чечевица, люпин, бобы)",
12242,zernobobovye,"зернобобовые (нут, чечевица, люпин, бобы)",
12243,len,лен,
12244,len,лен,
12245,raps,рапс,
12246,raps,рапс,
12247,podsolnechnik,подсолнечник,
12248,soya,соя,
12249,podsolnechnik,подсолнечник,
12250,soya,соя,
12251,soya,соя,
12252,kartofel,картофель,
12253,raps,рапс,
12254,goroh-fasol,горох / фасоль,
12255,raps,рапс,
12256,kartofel,картофель,
12257,soya,соя,
12258,goroh-fasol,горох / фасоль,
12259,len,лен,
12260,podsolnechnik,подсолнечник,
12261,podsolnechnik,подсолнечник,
12262,podsolnechnik,подсолнечник,
12263,soya,соя,
12264,kartofel,картофель,
12265,raps,рапс,
12266,soya,соя,
12267,podsolnechnik,подсолнечник,
12268,kartofel,картофель,
12269,raps,рапс,
12270,zernovye,зерновые (прочие),
12270,oves,овес,
12271,kormovye-travy,кормовые травы,
12272,len,лен,
12273,goroh-fasol,горох / фасоль,
12274,krupyanye,"крупяные (гречиха, просо, сорго)",
12275,podsolnechnik,подсолнечник,
12276,raps,рапс,
12277,zernovye,зерновые (прочие),
12278,zernovye,зерновые (прочие),
12279,podsolnechnik,подсолнечник,
12280,podsolnechnik,подсолнечник,
12281,soya,соя,
12282,soya,соя,
12283,goroh-fasol,горох / фасоль,
12284,goroh-fasol,горох / фасоль,
12285,zernobobovye,"зернобобовые (нут, чечевица, люпин, бобы)",
12286,raps,рапс,
12287,len,лен,
12288,kartofel,картофель,
12289,kormovye-travy,кормовые травы,
12290,krupyanye,"крупяные (гречиха, просо, сорго)",
12291,zernobobovye,"зернобобовые (нут, чечевица, люпин, бобы)",
12292,zernobobovye,"зернобобовые (нут, чечевица, люпин, бобы)",
12292,maslichnye-i-tehnicheskie,масличные и технические,
12293,podsolnechnik,подсолнечник,
12294,goroh-fasol,горох / фасоль,
12294,sklady-i-zernohranilischa,склады и зернохранилища,
12295,raps,рапс,
12296,zernovye,зерновые (прочие),
12296,oves,овес,
12297,podsolnechnik,подсолнечник,
12298,kartofel,картофель,
12299,raps,рапс,
12300,soya,соя,
12301,raps,рапс,
12302,len,лен,
12303,podsolnechnik,подсолнечник,
12304,soya,соя,
12305,goroh-fasol,горох / фасоль,
12306,kartofel,картофель,
12307,raps,рапс,
12308,podsolnechnik,подсолнечник,
12309,podsolnechnik,подсолнечник,
12310,podsolnechnik,подсолнечник,
12311,raps,рапс,
12312,raps,рапс,
12313,kartofel,картофель,
12314,kartofel,картофель,
12315,kartofel,картофель,
12316,kartofel,картофель,
12317,zernovye,зерновые (прочие),
12318,zernovye,зерновые (прочие),
12319,podsolnechnik,подсолнечник,
12320,podsolnechnik,подсолнечник,
12321,raps,рапс,
12322,raps,рапс,
12323,kartofel,картофель,
12324,kartofel,картофель,
12325,ogurets,огурец,открытый и защищённый грунт
12325,tomat,томат,открытый и защищённый грунт
12326,ogurets,огурец,открытый и защищённый грунт
12326,tomat,томат,открытый и защищённый грунт
12327,ogurets,огурец,открытый и защищённый грунт
12327,tomat,томат,открытый и защищённый грунт
12328,svekla,свекла,
12329,luk,лук,
12330,svekla,свекла,
12331,kartofel,картофель,
12332,luk,лук,
12333,morkov,морковь,
12334,kartofel,картофель,
12335,kartofel,картофель,
12336,kartofel,картофель,
12337,kartofel,картофель,
12338,kartofel,картофель,
12339,kartofel,картофель,
12340,kartofel,картофель,
12341,kartofel,картофель,
12342,kormovye-travy,кормовые травы,открытый и защищённый грунт
12342,krupyanye,"крупяные (гречиха, просо, сорго)",открытый и защищённый грунт
12342,pastbischa-i-luga,пастбища и луга,открытый и защищённый грунт
12342,pogreba-i-podvaly,погреба и подвалы,открытый и защищённый грунт
12342,sklady-i-zernohranilischa,склады и зернохранилища,открытый и защищённый грунт
12343,kormovye-travy,кормовые травы,открытый и защищённый грунт
12343,krupyanye,"крупяные (гречиха, просо, сорго)",открытый и защищённый грунт
12343,pastbischa-i-luga,пастбища и луга,открытый и защищённый грунт
12343,pogreba-i-podvaly,погреба и подвалы,открытый и защищённый грунт
12343,sklady-i-zernohranilischa,склады и зернохранилища,открытый и защищённый грунт
12344,kormovye-travy,кормовые травы,открытый и защищённый грунт
12344,krupyanye,"крупяные (гречиха, просо, сорго)",открытый и защищённый грунт
12344,pastbischa-i-luga,пастбища и луга,открытый и защищённый грунт
12344,pogreba-i-podvaly,погреба и подвалы,открытый и защищённый грунт
12344,sklady-i-zernohranilischa,склады и зернохранилища,открытый и защищённый грунт
12345,vinograd,виноград,
12345,zernovye,зерновые (прочие),
12345,krupyanye,"крупяные (гречиха, просо, сорго)",
12345,sklady-i-zernohranilischa,склады и зернохранилища,
12345,hvoynye,"хвойные (туя, ель, можжевельник)",
12346,vinograd,виноград,
12346,zernovye,зерновые (прочие),
12346,krupyanye,"крупяные (гречиха, просо, сорго)",
12346,sklady-i-zernohranilischa,склады и зернохранилища,
12346,hvoynye,"хвойные (туя, ель, можжевельник)",
12347,vinograd,виноград,
12347,zernovye,зерновые (прочие),
12347,krupyanye,"крупяные (гречиха, просо, сорго)",
12347,sklady-i-zernohranilischa,склады и зернохранилища,
12347,hvoynye,"хвойные (туя, ель, можжевельник)",
12348,vinograd,виноград,
12348,zernovye,зерновые (прочие),
12348,krupyanye,"крупяные (гречиха, просо, сорго)",
12348,sklady-i-zernohranilischa,склады и зернохранилища,
12348,hvoynye,"хвойные (туя, ель, можжевельник)",
12349,vinograd,виноград,
12349,zernovye,зерновые (прочие),
12349,krupyanye,"крупяные (гречиха, просо, сорго)",
12349,sklady-i-zernohranilischa,склады и зернохранилища,
12349,hvoynye,"хвойные (туя, ель, можжевельник)",
12350,vinograd,виноград,
12350,zernovye,зерновые (прочие),
12350,krupyanye,"крупяные (гречиха, просо, сорго)",
12350,sklady-i-zernohranilischa,склады и зернохранилища,
12350,hvoynye,"хвойные (туя, ель, можжевельник)",
12351,vinograd,виноград,
12351,zernovye,зерновые (прочие),
12351,krupyanye,"крупяные (гречиха, просо, сорго)",
12351,sklady-i-zernohranilischa,склады и зернохранилища,
12351,hvoynye,"хвойные (туя, ель, можжевельник)",
12352,vinograd,виноград,
12352,zernovye,зерновые (прочие),
12352,krupyanye,"крупяные (гречиха, просо, сорго)",
12352,sklady-i-zernohranilischa,склады и зернохранилища,
12352,hvoynye,"хвойные (туя, ель, можжевельник)",
12353,vinograd,виноград,
12353,zernovye,зерновые (прочие),
12353,krupyanye,"крупяные (гречиха, просо, сорго)",
12353,sklady-i-zernohranilischa,склады и зернохранилища,
12353,hvoynye,"хвойные (туя, ель, можжевельник)",
12354,vinograd,виноград,
12354,zernovye,зерновые (прочие),
12354,krupyanye,"крупяные (гречиха, просо, сорго)",
12354,sklady-i-zernohranilischa,склады и зернохранилища,
12354,hvoynye,"хвойные (туя, ель, можжевельник)",
12355,vinograd,виноград,защищённый грунт
12355,zernovye,зерновые (прочие),защищённый грунт
12355,krupyanye,"крупяные (гречиха, просо, сорго)",защищённый грунт
12355,sklady-i-zernohranilischa,склады и зернохранилища,защищённый грунт
12355,hvoynye,"хвойные (туя, ель, можжевельник)",защищённый грунт
12356,vinograd,виноград,защищённый грунт
12356,zernovye,зерновые (прочие),защищённый грунт
12356,krupyanye,"крупяные (гречиха, просо, сорго)",защищённый грунт
12356,sklady-i-zernohranilischa,склады и зернохранилища,защищённый грунт
12356,hvoynye,"хвойные (туя, ель, можжевельник)",защищённый грунт
12357,vinograd,виноград,защищённый грунт
12357,zernovye,зерновые (прочие),защищённый грунт
12357,krupyanye,"крупяные (гречиха, просо, сорго)",защищённый грунт
12357,sklady-i-zernohranilischa,склады и зернохранилища,защищённый грунт
12357,hvoynye,"хвойные (туя, ель, можжевельник)",защищённый грунт
12358,vinograd,виноград,защищённый грунт
12358,zernovye,зерновые (прочие),защищённый грунт
12358,krupyanye,"крупяные (гречиха, просо, сорго)",защищённый грунт
12358,sklady-i-zernohranilischa,склады и зернохранилища,защищённый грунт
12358,hvoynye,"хвойные (туя, ель, можжевельник)",защищённый грунт
12359,vinograd,виноград,защищённый грунт
12359,zernovye,зерновые (прочие),защищённый грунт
12359,krupyanye,"крупяные (гречиха, просо, сорго)",защищённый грунт
12359,sklady-i-zernohranilischa,склады и зернохранилища,защищённый грунт
12359,hvoynye,"хвойные (туя, ель, можжевельник)",защищённый грунт
12360,vinograd,виноград,защищённый грунт
12360,zernovye,зерновые (прочие),защищённый грунт
12360,krupyanye,"крупяные (гречиха, просо, сорго)",защищённый грунт
12360,sklady-i-zernohranilischa,склады и зернохранилища,защищённый грунт
12360,hvoynye,"хвойные (туя, ель, можжевельник)",защищённый грунт
12361,vinograd,виноград,защищённый грунт
12361,zernovye,зерновые (прочие),защищённый грунт
12361,krupyanye,"крупяные (гречиха, просо, сорго)",защищённый грунт
12361,sklady-i-zernohranilischa,склады и зернохранилища,защищённый грунт
12361,hvoynye,"хвойные (туя, ель, можжевельник)",защищённый грунт
12362,vinograd,виноград,защищённый грунт
12362,zernovye,зерновые (прочие),защищённый грунт
12362,krupyanye,"крупяные (гречиха, просо, сорго)",защищённый грунт
12362,sklady-i-zernohranilischa,склады и зернохранилища,защищённый грунт
12362,hvoynye,"хвойные (туя, ель, можжевельник)",защищённый грунт
12363,vinograd,виноград,защищённый грунт
12363,zernovye,зерновые (прочие),защищённый грунт
12363,krupyanye,"крупяные (гречиха, просо, сорго)",защищённый грунт
12363,sklady-i-zernohranilischa,склады и зернохранилища,защищённый грунт
12363,hvoynye,"хвойные (туя, ель, можжевельник)",защищённый грунт
12364,vinograd,виноград,защищённый грунт
12364,zernovye,зерновые (прочие),защищённый грунт
12364,krupyanye,"крупяные (гречиха, просо, сорго)",защищённый грунт
12364,sklady-i-zernohranilischa,склады и зернохранилища,защищённый грунт
12364,hvoynye,"хвойные (туя, ель, можжевельник)",защищённый грунт
12365,vinograd,виноград,защищённый грунт
12365,zernovye,зерновые (прочие),защищённый грунт
12365,krupyanye,"крупяные (гречиха, просо, сорго)",защищённый грунт
12365,sklady-i-zernohranilischa,склады и зернохранилища,защищённый грунт
12365,hvoynye,"хвойные (туя, ель, можжевельник)",защищённый грунт
12366,vinograd,виноград,защищённый грунт
12366,zernovye,зерновые (прочие),защищённый грунт
12366,krupyanye,"крупяные (гречиха, просо, сорго)",защищённый грунт
12366,sklady-i-zernohranilischa,склады и зернохранилища,защищённый грунт
12366,hvoynye,"хвойные (туя, ель, можжевельник)",защищённый грунт
12367,vinograd,виноград,защищённый грунт
12367,zernovye,зерновые (прочие),защищённый грунт
12367,krupyanye,"крупяные (гречиха, просо, сорго)",защищённый грунт
12367,sklady-i-zernohranilischa,склады и зернохранилища,защищённый грунт
12367,hvoynye,"хвойные (туя, ель, можжевельник)",защищённый грунт
12368,vinograd,виноград,защищённый грунт
12368,zernovye,зерновые (прочие),защищённый грунт
12368,krupyanye,"крупяные (гречиха, просо, сорго)",защищённый грунт
12368,sklady-i-zernohranilischa,склады и зернохранилища,защищённый грунт
12368,hvoynye,"хвойные (туя, ель, можжевельник)",защищённый грунт
12369,vinograd,виноград,защищённый грунт
12369,zernovye,зерновые (прочие),защищённый грунт
12369,krupyanye,"крупяные (гречиха, просо, сорго)",защищённый грунт
12369,sklady-i-zernohranilischa,склады и зернохранилища,защищённый грунт
12369,hvoynye,"хвойные (туя, ель, можжевельник)",защищённый грунт
12370,vinograd,виноград,защищённый грунт
12370,zernovye,зерновые (прочие),защищённый грунт
12370,krupyanye,"крупяные (гречиха, просо, сорго)",защищённый грунт
12370,sklady-i-zernohranilischa,склады и зернохранилища,защищённый грунт
12370,hvoynye,"хвойные (туя, ель, можжевельник)",защищённый грунт
12371,vinograd,виноград,защищённый грунт
12371,zernovye,зерновые (прочие),защищённый грунт
12371,krupyanye,"крупяные (гречиха, просо, сорго)",защищённый грунт
12371,sklady-i-zernohranilischa,склады и зернохранилища,защищённый грунт
12371,hvoynye,"хвойные (туя, ель, можжевельник)",защищённый грунт
12372,vinograd,виноград,защищённый грунт
12372,zernovye,зерновые (прочие),защищённый грунт
12372,krupyanye,"крупяные (гречиха, просо, сорго)",защищённый грунт
12372,sklady-i-zernohranilischa,склады и зернохранилища,защищённый грунт
12372,hvoynye,"хвойные (туя, ель, можжевельник)",защищённый грунт
12373,vinograd,виноград,защищённый грунт
12373,zernovye,зерновые (прочие),защищённый грунт
12373,krupyanye,"крупяные (гречиха, просо, сорго)",защищённый грунт
12373,sklady-i-zernohranilischa,склады и зернохранилища,защищённый грунт
12373,hvoynye,"хвойные (туя, ель, можжевельник)",защищённый грунт
12374,vinograd,виноград,защищённый грунт
12374,zernovye,зерновые (прочие),защищённый грунт
12374,krupyanye,"крупяные (гречиха, просо, сорго)",защищённый грунт
12374,sklady-i-zernohranilischa,склады и зернохранилища,защищённый грунт
12374,hvoynye,"хвойные (туя, ель, можжевельник)",защищённый грунт
12375,kormovye-travy,кормовые травы,открытый и защищённый грунт
12375,pastbischa-i-luga,пастбища и луга,открытый и защищённый грунт
12376,kormovye-travy,кормовые травы,открытый и защищённый грунт
12376,pastbischa-i-luga,пастбища и луга,открытый и защищённый грунт
12377,kormovye-travy,кормовые травы,открытый и защищённый грунт
12377,pastbischa-i-luga,пастбища и луга,открытый и защищённый грунт
12378,kormovye-travy,кормовые травы,открытый грунт
12379,kormovye-travy,кормовые травы,открытый грунт
12380,kormovye-travy,кормовые травы,открытый грунт
12381,kormovye-travy,кормовые травы,открытый грунт
12382,sklady-i-zernohranilischa,склады и зернохранилища,
12383,sklady-i-zernohranilischa,склады и зернохранилища,
12384,kormovye-travy,кормовые травы,открытый грунт
12385,kormovye-travy,кормовые травы,открытый грунт
12386,kormovye-travy,кормовые травы,открытый грунт
12387,kormovye-travy,кормовые травы,открытый грунт
12388,sklady-i-zernohranilischa,склады и зернохранилища,
12389,sklady-i-zernohranilischa,склады и зернохранилища,
12390,sklady-i-zernohranilischa,склады и зернохранилища,
12391,kormovye-travy,кормовые травы,открытый и защищённый грунт
12391,pastbischa-i-luga,пастбища и луга,открытый и защищённый грунт
12391,sklady-i-zernohranilischa,склады и зернохранилища,открытый и защищённый грунт
12392,kormovye-travy,кормовые травы,открытый и защищённый грунт
12392,pastbischa-i-luga,пастбища и луга,открытый и защищённый грунт
12392,sklady-i-zernohranilischa,склады и зернохранилища,открытый и защищённый грунт
12393,kormovye-travy,кормовые травы,открытый и защищённый грунт
12393,pastbischa-i-luga,пастбища и луга,открытый и защищённый грунт
12393,sklady-i-zernohranilischa,склады и зернохранилища,открытый и защищённый грунт
12396,sklady-i-zernohranilischa,склады и зернохранилища,
12397,kormovye-travy,кормовые травы,открытый грунт
12398,kormovye-travy,кормовые травы,открытый грунт
12399,kormovye-travy,кормовые травы,открытый грунт
12400,kormovye-travy,кормовые травы,открытый грунт
12401,sklady-i-zernohranilischa,склады и зернохранилища,
12402,sklady-i-zernohranilischa,склады и зернохранилища,
12403,sklady-i-zernohranilischa,склады и зернохранилища,защищённый грунт
12404,sklady-i-zernohranilischa,склады и зернохранилища,защищённый грунт
12405,sklady-i-zernohranilischa,склады и зернохранилища,защищённый грунт
12406,sklady-i-zernohranilischa,склады и зернохранилища,защищённый грунт
12407,sklady-i-zernohranilischa,склады и зернохранилища,защищённый грунт
12408,sklady-i-zernohranilischa,склады и зернохранилища,защищённый грунт
12409,kormovye-travy,кормовые травы,открытый грунт
12410,kormovye-travy,кормовые травы,открытый грунт
12411,kormovye-travy,кормовые травы,открытый грунт
12412,kormovye-travy,кормовые травы,открытый грунт
12413,kormovye-travy,кормовые травы,открытый грунт
12414,vinograd,виноград,
12414,zernovye,зерновые (прочие),
12414,krupyanye,"крупяные (гречиха, просо, сорго)",
12414,sklady-i-zernohranilischa,склады и зернохранилища,
12414,hvoynye,"хвойные (туя, ель, можжевельник)",
12415,vinograd,виноград,
12415,zernovye,зерновые (прочие),
12415,krupyanye,"крупяные (гречиха, просо, сорго)",
12415,sklady-i-zernohranilischa,склады и зернохранилища,
12415,hvoynye,"хвойные (туя, ель, можжевельник)",
12416,vinograd,виноград,
12416,zernovye,зерновые (прочие),
12416,krupyanye,"крупяные (гречиха, просо, сорго)",
12416,sklady-i-zernohranilischa,склады и зернохранилища,
12416,hvoynye,"хвойные (туя, ель, можжевельник)",
12417,vinograd,виноград,
12417,zernovye,зерновые (прочие),
12417,krupyanye,"крупяные (гречиха, просо, сорго)",
12417,sklady-i-zernohranilischa,склады и зернохранилища,
12417,hvoynye,"хвойные (туя, ель, можжевельник)",
12418,vinograd,виноград,
12418,zernovye,зерновые (прочие),
12418,krupyanye,"крупяные (гречиха, просо, сорго)",
12418,sklady-i-zernohranilischa,склады и зернохранилища,
12418,hvoynye,"хвойные (туя, ель, можжевельник)",
12419,vinograd,виноград,
12419,zernovye,зерновые (прочие),
12419,krupyanye,"крупяные (гречиха, просо, сорго)",
12419,sklady-i-zernohranilischa,склады и зернохранилища,
12419,hvoynye,"хвойные (туя, ель, можжевельник)",
12420,vinograd,виноград,
12420,zernovye,зерновые (прочие),
12420,krupyanye,"крупяные (гречиха, просо, сорго)",
12420,sklady-i-zernohranilischa,склады и зернохранилища,
12420,hvoynye,"хвойные (туя, ель, можжевельник)",
12421,vinograd,виноград,
12421,zernovye,зерновые (прочие),
12421,krupyanye,"крупяные (гречиха, просо, сорго)",
12421,sklady-i-zernohranilischa,склады и зернохранилища,
12421,hvoynye,"хвойные (туя, ель, можжевельник)",
12422,vinograd,виноград,
12422,zernovye,зерновые (прочие),
12422,krupyanye,"крупяные (гречиха, просо, сорго)",
12422,sklady-i-zernohranilischa,склады и зернохранилища,
12422,hvoynye,"хвойные (туя, ель, можжевельник)",
12423,vinograd,виноград,
12423,zernovye,зерновые (прочие),
12423,krupyanye,"крупяные (гречиха, просо, сорго)",
12423,sklady-i-zernohranilischa,склады и зернохранилища,
12423,hvoynye,"хвойные (туя, ель, можжевельник)",
12424,kormovye-travy,кормовые травы,открытый и защищённый грунт
12424,pastbischa-i-luga,пастбища и луга,открытый и защищённый грунт
12425,kormovye-travy,кормовые травы,открытый и защищённый грунт
12425,pastbischa-i-luga,пастбища и луга,открытый и защищённый грунт
12426,kormovye-travy,кормовые травы,открытый и защищённый грунт
12426,pastbischa-i-luga,пастбища и луга,открытый и защищённый грунт
12427,sklady-i-zernohranilischa,склады и зернохранилища,
12428,sklady-i-zernohranilischa,склады и зернохранилища,
12429,sklady-i-zernohranilischa,склады и зернохранилища,
12430,sklady-i-zernohranilischa,склады и зернохранилища,
12431,vinograd,виноград,
12431,zernovye,зерновые (прочие),
12431,krupyanye,"крупяные (гречиха, просо, сорго)",
12431,sklady-i-zernohranilischa,склады и зернохранилища,
12431,hvoynye,"хвойные (туя, ель, можжевельник)",
12432,vinograd,виноград,
12432,zernovye,зерновые (прочие),
12432,krupyanye,"крупяные (гречиха, просо, сорго)",
12432,sklady-i-zernohranilischa,склады и зернохранилища,
12432,hvoynye,"хвойные (туя, ель, можжевельник)",
12433,vinograd,виноград,
12433,zernovye,зерновые (прочие),
12433,krupyanye,"крупяные (гречиха, просо, сорго)",
12433,sklady-i-zernohranilischa,склады и зернохранилища,
12433,hvoynye,"хвойные (туя, ель, можжевельник)",
12434,vinograd,виноград,
12434,zernovye,зерновые (прочие),
12434,krupyanye,"крупяные (гречиха, просо, сорго)",
12434,sklady-i-zernohranilischa,склады и зернохранилища,
12434,hvoynye,"хвойные (туя, ель, можжевельник)",
12435,vinograd,виноград,
12435,zernovye,зерновые (прочие),
12435,krupyanye,"крупяные (гречиха, просо, сорго)",
12435,sklady-i-zernohranilischa,склады и зернохранилища,
12435,hvoynye,"хвойные (туя, ель, можжевельник)",
12436,vinograd,виноград,
12436,zernovye,зерновые (прочие),
12436,krupyanye,"крупяные (гречиха, просо, сорго)",
12436,sklady-i-zernohranilischa,склады и зернохранилища,
12436,hvoynye,"хвойные (туя, ель, можжевельник)",
12437,vinograd,виноград,
12437,zernovye,зерновые (прочие),
12437,krupyanye,"крупяные (гречиха, просо, сорго)",
12437,sklady-i-zernohranilischa,склады и зернохранилища,
12437,hvoynye,"хвойные (туя, ель, можжевельник)",
12438,vinograd,виноград,
12438,zernovye,зерновые (прочие),
12438,krupyanye,"крупяные (гречиха, просо, сорго)",
12438,sklady-i-zernohranilischa,склады и зернохранилища,
12438,hvoynye,"хвойные (туя, ель, можжевельник)",
12439,vinograd,виноград,
12439,zernovye,зерновые (прочие),
12439,krupyanye,"крупяные (гречиха, просо, сорго)",
12439,sklady-i-zernohranilischa,склады и зернохранилища,
12439,hvoynye,"хвойные (туя, ель, можжевельник)",
12440,vinograd,виноград,
12440,zernovye,зерновые (прочие),
12440,krupyanye,"крупяные (гречиха, просо, сорго)",
12440,sklady-i-zernohranilischa,склады и зернохранилища,
12440,hvoynye,"хвойные (туя, ель, можжевельник)",
12441,vinograd,виноград,
12441,zernovye,зерновые (прочие),
12441,krupyanye,"крупяные (гречиха, просо, сорго)",
12441,sklady-i-zernohranilischa,склады и зернохранилища,
12441,hvoynye,"хвойные (туя, ель, можжевельник)",
12442,vinograd,виноград,
12442,zernovye,зерновые (прочие),
12442,krupyanye,"крупяные (гречиха, просо, сорго)",
12442,sklady-i-zernohranilischa,склады и зернохранилища,
12442,hvoynye,"хвойные (туя, ель, можжевельник)",
12443,vinograd,виноград,
12443,zernovye,зерновые (прочие),
12443,krupyanye,"крупяные (гречиха, просо, сорго)",
12443,sklady-i-zernohranilischa,склады и зернохранилища,
12443,hvoynye,"хвойные (туя, ель, можжевельник)",
12444,vinograd,виноград,
12444,zernovye,зерновые (прочие),
12444,krupyanye,"крупяные (гречиха, просо, сорго)",
12444,sklady-i-zernohranilischa,склады и зернохранилища,
12444,hvoynye,"хвойные (туя, ель, можжевельник)",
12445,vinograd,виноград,
12445,zernovye,зерновые (прочие),
12445,krupyanye,"крупяные (гречиха, просо, сорго)",
12445,sklady-i-zernohranilischa,склады и зернохранилища,
12445,hvoynye,"хвойные (туя, ель, можжевельник)",
12446,vinograd,виноград,
12446,zernovye,зерновые (прочие),
12446,krupyanye,"крупяные (гречиха, просо, сорго)",
12446,sklady-i-zernohranilischa,склады и зернохранилища,
12446,hvoynye,"хвойные (туя, ель, можжевельник)",
12447,sklady-i-zernohranilischa,склады и зернохранилища,защищённый грунт
12448,sklady-i-zernohranilischa,склады и зернохранилища,защищённый грунт
12449,sklady-i-zernohranilischa,склады и зернохранилища,защищённый грунт
12450,sklady-i-zernohranilischa,склады и зернохранилища,защищённый грунт
12451,sklady-i-zernohranilischa,склады и зернохранилища,защищённый грунт
12452,sklady-i-zernohranilischa,склады и зернохранилища,защищённый грунт
12453,kormovye-travy,кормовые травы,открытый грунт
12454,kormovye-travy,кормовые травы,открытый грунт
12455,kormovye-travy,кормовые травы,открытый грунт
12456,yablonya,яблоня,
12457,yablonya,яблоня,
12458,yablonya,яблоня,
12459,yablonya,яблоня,
12460,yablonya,яблоня,
12461,yablonya,яблоня,
12462,yablonya,яблоня,
12463,yablonya,яблоня,
12464,yablonya,яблоня,
12465,yablonya,яблоня,
12466,yablonya,яблоня,
12467,yablonya,яблоня,
12468,kabachok,кабачок,
12468,kapusta,капуста,
12468,luk,лук,
12468,ogurets,огурец,
12468,perets,перец,
12468,tomat,томат,
12469,kabachok,кабачок,
12469,kapusta,капуста,
12469,luk,лук,
12469,ogurets,огурец,
12469,perets,перец,
12469,tomat,томат,
12470,plodovye-derevya,плодовые деревья (общее),
12470,tsvety,цветы (общее),
12471,plodovye-derevya,плодовые деревья (общее),
12471,tsvety,цветы (общее),
12472,vishnya-chereshnya,вишня / черешня,
12472,grusha,груша,
12472,kryzhovnik,крыжовник,
12472,lesnye-nasazhdeniya,лесные насаждения,
12472,malina,малина,
12472,sazhentsy-i-posadochnyy-material,саженцы и посадочный материал,
12472,sliva,слива,
12472,smorodina,смородина,
12472,yablonya,яблоня,
12473,vishnya-chereshnya,вишня / черешня,
12473,grusha,груша,
12473,kryzhovnik,крыжовник,
12473,lesnye-nasazhdeniya,лесные насаждения,
12473,malina,малина,
12473,sazhentsy-i-posadochnyy-material,саженцы и посадочный материал,
12473,sliva,слива,
12473,smorodina,смородина,
12473,yablonya,яблоня,
12474,vishnya-chereshnya,вишня / черешня,
12474,grusha,груша,
12474,sliva,слива,
12474,yablonya,яблоня,
12475,kryzhovnik,крыжовник,
12475,malina,малина,
12475,smorodina,смородина,
12476,plodovye-derevya,плодовые деревья (общее),
12476,tsvety,цветы (общее),
12477,klubnika,клубника (земляника),
12478,vinograd,виноград,
12479,roza,роза,
12480,tsvety,цветы (общее),
12480,yagodniki,ягодники (общее),
12481,liliya-tyulpan-lukovichnye,лилия / тюльпан / луковичные,
12481,luk,лук,
12482,kabachok,кабачок,
12482,kapusta,капуста,
12482,luk,лук,
12482,ogurets,огурец,
12482,perets,перец,
12482,tomat,томат,
12483,kabachok,кабачок,
12483,kapusta,капуста,
12483,luk,лук,
12483,ogurets,огурец,
12483,perets,перец,
12483,tomat,томат,
12484,plodovye-derevya,плодовые деревья (общее),
12484,tsvety,цветы (общее),
12485,klubnika,клубника (земляника),
12486,vishnya-chereshnya,вишня / черешня,
12486,grusha,груша,
12486,kryzhovnik,крыжовник,
12486,lesnye-nasazhdeniya,лесные насаждения,
12486,malina,малина,
12486,sazhentsy-i-posadochnyy-material,саженцы и посадочный материал,
12486,sliva,слива,
12486,smorodina,смородина,
12486,yablonya,яблоня,
12487,vishnya-chereshnya,вишня / черешня,
12487,grusha,груша,
12487,kryzhovnik,крыжовник,
12487,lesnye-nasazhdeniya,лесные насаждения,
12487,malina,малина,
12487,sazhentsy-i-posadochnyy-material,саженцы и посадочный материал,
12487,sliva,слива,
12487,smorodina,смородина,
12487,yablonya,яблоня,
12488,vishnya-chereshnya,вишня / черешня,
12488,grusha,груша,
12488,sliva,слива,
12488,yablonya,яблоня,
12489,kryzhovnik,крыжовник,
12489,malina,малина,
12489,smorodina,смородина,
12490,vinograd,виноград,
12491,roza,роза,
12492,tsvety,цветы (общее),
12492,yagodniki,ягодники (общее),
12493,liliya-tyulpan-lukovichnye,лилия / тюльпан / луковичные,
12493,luk,лук,
12494,baklazhan,баклажан,
12494,kapusta,капуста,
12494,ogurets,огурец,
12494,perets,перец,
12494,tomat,томат,
12495,plodovye-derevya,плодовые деревья (общее),
12495,tsvety,цветы (общее),
12496,tsvety,цветы (общее),
12497,vishnya-chereshnya,вишня / черешня,
12497,grusha,груша,
12497,kryzhovnik,крыжовник,
12497,lesnye-nasazhdeniya,лесные насаждения,
12497,malina,малина,
12497,sliva,слива,
12497,smorodina,смородина,
12497,yablonya,яблоня,
12498,vishnya-chereshnya,вишня / черешня,
12498,grusha,груша,
12498,kryzhovnik,крыжовник,
12498,lesnye-nasazhdeniya,лесные насаждения,
12498,malina,малина,
12498,sliva,слива,
12498,smorodina,смородина,
12498,yablonya,яблоня,
12499,vishnya-chereshnya,вишня / черешня,
12499,grusha,груша,
12499,kryzhovnik,крыжовник,
12499,lesnye-nasazhdeniya,лесные насаждения,
12499,malina,малина,
12499,sliva,слива,
12499,smorodina,смородина,
12499,yablonya,яблоня,
12500,vinograd,виноград,
12501,roza,роза,
12502,luk,лук,
12503,plodovye-derevya,плодовые деревья (общее),
12503,tsvety,цветы (общее),
12504,plodovye-derevya,плодовые деревья (общее),
12504,tsvety,цветы (общее),
12505,kabachok,кабачок,
12505,kapusta,капуста,
12505,luk,лук,
12505,ogurets,огурец,
12505,perets,перец,
12505,tomat,томат,
12506,kabachok,кабачок,
12506,kapusta,капуста,
12506,luk,лук,
12506,ogurets,огурец,
12506,perets,перец,
12506,tomat,томат,
12507,vishnya-chereshnya,вишня / черешня,
12507,grusha,груша,
12507,kryzhovnik,крыжовник,
12507,lesnye-nasazhdeniya,лесные насаждения,
12507,malina,малина,
12507,sazhentsy-i-posadochnyy-material,саженцы и посадочный материал,
12507,sliva,слива,
12507,smorodina,смородина,
12507,yablonya,яблоня,
12508,vishnya-chereshnya,вишня / черешня,
12508,grusha,груша,
12508,kryzhovnik,крыжовник,
12508,lesnye-nasazhdeniya,лесные насаждения,
12508,malina,малина,
12508,sazhentsy-i-posadochnyy-material,саженцы и посадочный материал,
12508,sliva,слива,
12508,smorodina,смородина,
12508,yablonya,яблоня,
12509,vishnya-chereshnya,вишня / черешня,
12509,grusha,груша,
12509,sliva,слива,
12509,yablonya,яблоня,
12510,kryzhovnik,крыжовник,
12510,malina,малина,
12510,smorodina,смородина,
12511,klubnika,клубника (земляника),
12512,vinograd,виноград,
12513,roza,роза,
12514,tsvety,цветы (общее),
12514,yagodniki,ягодники (общее),
12515,liliya-tyulpan-lukovichnye,лилия / тюльпан / луковичные,
12515,luk,лук,
12516,plodovye-derevya,плодовые деревья (общее),
12516,tsvety,цветы (общее),
12517,plodovye-derevya,плодовые деревья (общее),
12517,tsvety,цветы (общее),
12518,kabachok,кабачок,
12518,kapusta,капуста,
12518,luk,лук,
12518,ogurets,огурец,
12518,perets,перец,
12518,tomat,томат,
12519,kabachok,кабачок,
12519,kapusta,капуста,
12519,luk,лук,
12519,ogurets,огурец,
12519,perets,перец,
12519,tomat,томат,
12520,vishnya-chereshnya,вишня / черешня,
12520,grusha,груша,
12520,kryzhovnik,крыжовник,
12520,lesnye-nasazhdeniya,лесные насаждения,
12520,malina,малина,
12520,sazhentsy-i-posadochnyy-material,саженцы и посадочный материал,
12520,sliva,слива,
12520,smorodina,смородина,
12520,yablonya,яблоня,
12521,vishnya-chereshnya,вишня / черешня,
12521,grusha,груша,
12521,kryzhovnik,крыжовник,
12521,lesnye-nasazhdeniya,лесные насаждения,
12521,malina,малина,
12521,sazhentsy-i-posadochnyy-material,саженцы и посадочный материал,
12521,sliva,слива,
12521,smorodina,смородина,
12521,yablonya,яблоня,
12522,vishnya-chereshnya,вишня / черешня,
12522,grusha,груша,
12522,sliva,слива,
12522,yablonya,яблоня,
12523,kryzhovnik,крыжовник,
12523,malina,малина,
12523,smorodina,смородина,
12524,klubnika,клубника (земляника),
12525,vinograd,виноград,
12526,roza,роза,
12527,tsvety,цветы (общее),
12527,yagodniki,ягодники (общее),
12528,liliya-tyulpan-lukovichnye,лилия / тюльпан / луковичные,
12528,luk,лук,
12529,kabachok,кабачок,
12529,kapusta,капуста,
12529,luk,лук,
12529,ogurets,огурец,
12529,perets,перец,
12529,tomat,томат,
12530,kabachok,кабачок,
12530,kapusta,капуста,
12530,luk,лук,
12530,ogurets,огурец,
12530,perets,перец,
12530,tomat,томат,
12531,plodovye-derevya,плодовые деревья (общее),
12531,tsvety,цветы (общее),
12532,plodovye-derevya,плодовые деревья (общее),
12532,tsvety,цветы (общее),
12533,vishnya-chereshnya,вишня / черешня,
12533,grusha,груша,
12533,kryzhovnik,крыжовник,
12533,lesnye-nasazhdeniya,лесные насаждения,
12533,malina,малина,
12533,sazhentsy-i-posadochnyy-material,саженцы и посадочный материал,
12533,sliva,слива,
12533,smorodina,смородина,
12533,yablonya,яблоня,
12534,vishnya-chereshnya,вишня / черешня,
12534,grusha,груша,
12534,kryzhovnik,крыжовник,
12534,lesnye-nasazhdeniya,лесные насаждения,
12534,malina,малина,
12534,sazhentsy-i-posadochnyy-material,саженцы и посадочный материал,
12534,sliva,слива,
12534,smorodina,смородина,
12534,yablonya,яблоня,
12535,vishnya-chereshnya,вишня / черешня,
12535,grusha,груша,
12535,sliva,слива,
12535,yablonya,яблоня,
12536,kryzhovnik,крыжовник,
12536,malina,малина,
12536,smorodina,смородина,
12537,plodovye-derevya,плодовые деревья (общее),
12537,tsvety,цветы (общее),
12538,klubnika,клубника (земляника),
12539,vinograd,виноград,
12540,roza,роза,
12541,tsvety,цветы (общее),
12541,yagodniki,ягодники (общее),
12542,liliya-tyulpan-lukovichnye,лилия / тюльпан / луковичные,
12542,luk,лук,
12543,kabachok,кабачок,
12543,kapusta,капуста,
12543,luk,лук,
12543,ogurets,огурец,
12543,perets,перец,
12543,tomat,томат,
12544,kabachok,кабачок,
12544,kapusta,капуста,
12544,luk,лук,
12544,ogurets,огурец,
12544,perets,перец,
12544,tomat,томат,
12545,plodovye-derevya,плодовые деревья (общее),
12545,tsvety,цветы (общее),
12546,klubnika,клубника (земляника),
12547,vishnya-chereshnya,вишня / черешня,
12547,grusha,груша,
12547,kryzhovnik,крыжовник,
12547,lesnye-nasazhdeniya,лесные насаждения,
12547,malina,малина,
12547,sazhentsy-i-posadochnyy-material,саженцы и посадочный материал,
12547,sliva,слива,
12547,smorodina,смородина,
12547,yablonya,яблоня,
12548,vishnya-chereshnya,вишня / черешня,
12548,grusha,груша,
12548,kryzhovnik,крыжовник,
12548,lesnye-nasazhdeniya,лесные насаждения,
12548,malina,малина,
12548,sazhentsy-i-posadochnyy-material,саженцы и посадочный материал,
12548,sliva,слива,
12548,smorodina,смородина,
12548,yablonya,яблоня,
12549,vishnya-chereshnya,вишня / черешня,
12549,grusha,груша,
12549,sliva,слива,
12549,yablonya,яблоня,
12550,kryzhovnik,крыжовник,
12550,malina,малина,
12550,smorodina,смородина,
12551,vinograd,виноград,
12552,roza,роза,
12553,tsvety,цветы (общее),
12553,yagodniki,ягодники (общее),
12554,liliya-tyulpan-lukovichnye,лилия / тюльпан / луковичные,
12554,luk,лук,
12555,pshenitsa,пшеница,
12556,ris,рис,
12556,sklady-i-zernohranilischa,склады и зернохранилища,
12557,saharnaya-svekla,сахарная свекла,
12558,morkov,морковь,
12559,perets,перец,
12560,tomat,томат,
12561,abrikos-persik,абрикос / персик,
12562,abrikos-persik,абрикос / персик,
12562,vishnya-chereshnya,вишня / черешня,
12562,sliva,слива,
12563,tomat,томат,открытый и защищённый грунт
12564,tomat,томат,открытый и защищённый грунт
12565,ogurets,огурец,
12566,ogurets,огурец,
12567,tomat,томат,защищённый грунт
12568,tomat,томат,открытый грунт
12569,yablonya,яблоня,
12570,yablonya,яблоня,
12571,yablonya,яблоня,
12572,yablonya,яблоня,
12573,saharnaya-svekla,сахарная свекла,
12574,kartofel,картофель,
12575,kartofel,картофель,
12576,redis,редис,
12577,redis,редис,
12578,hvoynye,"хвойные (туя, ель, можжевельник)",
12579,pshenitsa,пшеница,
12579,yachmen,ячмень,
12580,pshenitsa,пшеница,
12580,yachmen,ячмень,
12581,ris,рис,
12582,ris,рис,
12583,krupyanye,"крупяные (гречиха, просо, сорго)",
12584,podsolnechnik,подсолнечник,
12585,podsolnechnik,подсолнечник,
12586,saharnaya-svekla,сахарная свекла,
12587,kartofel,картофель,
12588,kartofel,картофель,
12589,tomat,томат,открытый и защищённый грунт
12590,tomat,томат,открытый и защищённый грунт
12591,ogurets,огурец,открытый и защищённый грунт
12592,ogurets,огурец,открытый и защищённый грунт
12593,hosta-mnogoletniki,хоста / многолетники,
12594,baklazhan,баклажан,открытый и защищённый грунт
12595,baklazhan,баклажан,открытый и защищённый грунт
12596,baklazhan,баклажан,открытый и защищённый грунт
12597,perets,перец,открытый и защищённый грунт
12598,perets,перец,открытый и защищённый грунт
12599,kapusta,капуста,
12600,kapusta,капуста,
12601,luk,лук,
12602,luk,лук,
12603,zelen,"зелень (укроп, петрушка, салат)",
12604,zelen,"зелень (укроп, петрушка, салат)",
12605,arbuz-dynya,арбуз / дыня,
12606,arbuz-dynya,арбуз / дыня,
12607,arbuz-dynya,арбуз / дыня,
12608,arbuz-dynya,арбуз / дыня,
12609,griby,"грибы (шампиньон, вешенка)",
12610,griby,"грибы (шампиньон, вешенка)",
12611,griby,"грибы (шампиньон, вешенка)",
12612,yablonya,яблоня,
12613,vinograd,виноград,
12614,liliya-tyulpan-lukovichnye,лилия / тюльпан / луковичные,
12615,liliya-tyulpan-lukovichnye,лилия / тюльпан / луковичные,
12616,liliya-tyulpan-lukovichnye,лилия / тюльпан / луковичные,
12617,liliya-tyulpan-lukovichnye,лилия / тюльпан / луковичные,
12618,liliya-tyulpan-lukovichnye,лилия / тюльпан / луковичные,
12619,liliya-tyulpan-lukovichnye,лилия / тюльпан / луковичные,
12620,liliya-tyulpan-lukovichnye,лилия / тюльпан / луковичные,
12621,pryanye-i-lekarstvennye-travy,пряные и лекарственные травы,
12622,pryanye-i-lekarstvennye-travy,пряные и лекарственные травы,
12623,pryanye-i-lekarstvennye-travy,пряные и лекарственные травы,
12624,pryanye-i-lekarstvennye-travy,пряные и лекарственные травы,
12625,pryanye-i-lekarstvennye-travy,пряные и лекарственные травы,
12626,pryanye-i-lekarstvennye-travy,пряные и лекарственные травы,
12627,pryanye-i-lekarstvennye-travy,пряные и лекарственные травы,
12628,pryanye-i-lekarstvennye-travy,пряные и лекарственные травы,
12629,pryanye-i-lekarstvennye-travy,пряные и лекарственные травы,
12630,yablonya,яблоня,
12631,vishnya-chereshnya,вишня / черешня,
12632,vinograd,виноград,
12632,smorodina,смородина,
12633,roza,роза,
12634,hrizantema,хризантема,
12635,hrizantema,хризантема,
12636,hrizantema,хризантема,
12637,roza,роза,
12637,siren-dekorativnye-kustarniki,сирень / декоративные кустарники,
12638,kartofel,картофель,
12639,kartofel,картофель,
12640,tomat,томат,открытый и защищённый грунт
12641,tomat,томат,открытый и защищённый грунт
12642,ogurets,огурец,открытый и защищённый грунт
12643,ogurets,огурец,открытый и защищённый грунт
12644,baklazhan,баклажан,открытый и защищённый грунт
12645,baklazhan,баклажан,открытый и защищённый грунт
12646,perets,перец,открытый и защищённый грунт
12647,perets,перец,открытый и защищённый грунт
12648,kapusta,капуста,
12649,kapusta,капуста,
12650,redis,редис,
12651,redis,редис,
12652,luk,лук,
12653,luk,лук,
12654,arbuz-dynya,арбуз / дыня,
12655,arbuz-dynya,арбуз / дыня,
12656,arbuz-dynya,арбуз / дыня,
12657,arbuz-dynya,арбуз / дыня,
12658,griby,"грибы (шампиньон, вешенка)",
12659,griby,"грибы (шампиньон, вешенка)",
12660,griby,"грибы (шампиньон, вешенка)",
12661,yablonya,яблоня,
12662,vinograd,виноград,
12663,hvoynye,"хвойные (туя, ель, можжевельник)",
12664,liliya-tyulpan-lukovichnye,лилия / тюльпан / луковичные,
12665,liliya-tyulpan-lukovichnye,лилия / тюльпан / луковичные,
12666,liliya-tyulpan-lukovichnye,лилия / тюльпан / луковичные,
12667,liliya-tyulpan-lukovichnye,лилия / тюльпан / луковичные,
12668,liliya-tyulpan-lukovichnye,лилия / тюльпан / луковичные,
12669,liliya-tyulpan-lukovichnye,лилия / тюльпан / луковичные,
12670,liliya-tyulpan-lukovichnye,лилия / тюльпан / луковичные,
12671,hosta-mnogoletniki,хоста / многолетники,
12672,yablonya,яблоня,
12673,vishnya-chereshnya,вишня / черешня,
12674,vinograd,виноград,
12674,smorodina,смородина,
12675,roza,роза,
12676,hrizantema,хризантема,
12677,hrizantema,хризантема,
12678,hrizantema,хризантема,
12679,roza,роза,
12679,siren-dekorativnye-kustarniki,сирень / декоративные кустарники,
12680,pshenitsa,пшеница,
12681,kukuruza,кукуруза,
12682,pshenitsa,пшеница,
12683,yachmen,ячмень,
12684,pshenitsa,пшеница,
12685,pshenitsa,пшеница,
12686,yachmen,ячмень,
12687,yachmen,ячмень,
12688,soya,соя,
12689,soya,соя,
12690,kartofel,картофель,
12691,kartofel,картофель,
12692,oves,овес,
12692,pshenitsa,пшеница,
12692,rozh,рожь,
12692,yachmen,ячмень,
12693,oves,овес,
12693,pshenitsa,пшеница,
12693,rozh,рожь,
12693,yachmen,ячмень,
12694,kukuruza,кукуруза,
12695,podsolnechnik,подсолнечник,
12696,podsolnechnik,подсолнечник,
12697,len,лен,
12698,len,лен,
12699,kapusta,капуста,
12700,raps,рапс,
12701,raps,рапс,
12702,saharnaya-svekla,сахарная свекла,
12703,saharnaya-svekla,сахарная свекла,
12704,svekla,свекла,
12705,svekla,свекла,
12706,kartofel,картофель,
12707,kartofel,картофель,
12708,tomat,томат,
12709,tomat,томат,
12710,perets,перец,
12711,ogurets,огурец,
12712,lesnye-nasazhdeniya,лесные насаждения,
12712,hvoynye,"хвойные (туя, ель, можжевельник)",
12713,ogurets,огурец,
12714,morkov,морковь,
12715,morkov,морковь,
12716,kapusta,капуста,
12717,kapusta,капуста,
12718,kapusta,капуста,
12719,vinograd,виноград,
12720,klubnika,клубника (земляника),
12721,klubnika,клубника (земляника),
12722,plodovye-derevya,плодовые деревья (общее),
12722,tsvety,цветы (общее),
12722,yagodniki,ягодники (общее),
12723,plodovye-derevya,плодовые деревья (общее),
12723,tsvety,цветы (общее),
12723,yagodniki,ягодники (общее),
12724,plodovye-derevya,плодовые деревья (общее),
12724,tsvety,цветы (общее),
12724,yagodniki,ягодники (общее),
12725,sazhentsy-i-posadochnyy-material,саженцы и посадочный материал,
12725,hvoynye,"хвойные (туя, ель, можжевельник)",
12726,pryanye-i-lekarstvennye-travy,пряные и лекарственные травы,
12727,pryanye-i-lekarstvennye-travy,пряные и лекарственные травы,
12728,tsvety,цветы (общее),
12729,komnatnye-rasteniya,комнатные растения (общее),
12729,tsvety,цветы (общее),
12730,svekla,свекла,
12731,svekla,свекла,
12732,kartofel,картофель,
12733,kartofel,картофель,
12734,tomat,томат,
12735,tomat,томат,
12736,perets,перец,
12737,ogurets,огурец,
12738,ogurets,огурец,
12739,morkov,морковь,
12740,morkov,морковь,
12741,kapusta,капуста,
12742,kapusta,капуста,
12743,vinograd,виноград,
12744,klubnika,клубника (земляника),
12745,plodovye-derevya,плодовые деревья (общее),
12745,tsvety,цветы (общее),
12745,yagodniki,ягодники (общее),
12746,plodovye-derevya,плодовые деревья (общее),
12746,tsvety,цветы (общее),
12746,yagodniki,ягодники (общее),
12747,plodovye-derevya,плодовые деревья (общее),
12747,tsvety,цветы (общее),
12747,yagodniki,ягодники (общее),
12748,tsvety,цветы (общее),
12749,komnatnye-rasteniya,комнатные растения (общее),
12749,tsvety,цветы (общее),
12750,pshenitsa,пшеница,
12751,pshenitsa,пшеница,
12752,pshenitsa,пшеница,
12753,pshenitsa,пшеница,
12754,yachmen,ячмень,
12755,yachmen,ячмень,
12756,rozh,рожь,
12757,rozh,рожь,
12758,raps,рапс,
12759,raps,рапс,
12760,saharnaya-svekla,сахарная свекла,
12761,kartofel,картофель,
12762,kartofel,картофель,
12763,podsolnechnik,подсолнечник,
12764,kukuruza,кукуруза,
12765,ris,рис,
12766,morkov,морковь,
12767,tomat,томат,открытый и защищённый грунт
12768,ogurets,огурец,открытый и защищённый грунт
12769,baklazhan,баклажан,открытый и защищённый грунт
12770,perets,перец,открытый и защищённый грунт
12771,luk,лук,
12772,kapusta,капуста,
12773,zelen,"зелень (укроп, петрушка, салат)",
12774,plodovye-derevya,плодовые деревья (общее),
12775,plodovye-derevya,плодовые деревья (общее),
12776,vinograd,виноград,
12777,tsvety,цветы (общее),
12778,plodovye-derevya,плодовые деревья (общее),
12778,tsvety,цветы (общее),
12778,yagodniki,ягодники (общее),
12779,baklazhan,баклажан,
12779,kapusta,капуста,
12779,ogurets,огурец,
12779,perets,перец,
12779,tomat,томат,
12780,plodovye-derevya,плодовые деревья (общее),
12780,tsvety,цветы (общее),
12781,vishnya-chereshnya,вишня / черешня,
12781,sliva,слива,
12782,ezhevika-golubika-zhimolost,ежевика / голубика / жимолость,
12782,kryzhovnik,крыжовник,
12782,malina,малина,
12782,smorodina,смородина,
12783,roza,роза,
12784,vinograd,виноград,
12785,vishnya-chereshnya,вишня / черешня,
12785,grusha,груша,
12785,lesnye-nasazhdeniya,лесные насаждения,
12785,sliva,слива,
12785,yablonya,яблоня,
12786,vishnya-chereshnya,вишня / черешня,
12786,grusha,груша,
12786,lesnye-nasazhdeniya,лесные насаждения,
12786,sliva,слива,
12786,yablonya,яблоня,
12787,vishnya-chereshnya,вишня / черешня,
12787,grusha,груша,
12787,kryzhovnik,крыжовник,
12787,malina,малина,
12787,sazhentsy-i-posadochnyy-material,саженцы и посадочный материал,
12787,sliva,слива,
12787,smorodina,смородина,
12787,yablonya,яблоня,
12788,vishnya-chereshnya,вишня / черешня,
12788,grusha,груша,
12788,kryzhovnik,крыжовник,
12788,malina,малина,
12788,sazhentsy-i-posadochnyy-material,саженцы и посадочный материал,
12788,sliva,слива,
12788,smorodina,смородина,
12788,yablonya,яблоня,
12789,luk,лук,
12790,baklazhan,баклажан,
12790,kapusta,капуста,
12790,ogurets,огурец,
12790,perets,перец,
12790,tomat,томат,
12791,plodovye-derevya,плодовые деревья (общее),
12791,tsvety,цветы (общее),
12792,vishnya-chereshnya,вишня / черешня,
12792,sliva,слива,
12793,ezhevika-golubika-zhimolost,ежевика / голубика / жимолость,
12793,kryzhovnik,крыжовник,
12793,malina,малина,
12793,smorodina,смородина,
12794,roza,роза,
12795,vinograd,виноград,
12796,vishnya-chereshnya,вишня / черешня,
12796,grusha,груша,
12796,lesnye-nasazhdeniya,лесные насаждения,
12796,sliva,слива,
12796,yablonya,яблоня,
12797,vishnya-chereshnya,вишня / черешня,
12797,grusha,груша,
12797,lesnye-nasazhdeniya,лесные насаждения,
12797,sliva,слива,
12797,yablonya,яблоня,
12798,vishnya-chereshnya,вишня / черешня,
12798,grusha,груша,
12798,kryzhovnik,крыжовник,
12798,malina,малина,
12798,sazhentsy-i-posadochnyy-material,саженцы и посадочный материал,
12798,sliva,слива,
12798,smorodina,смородина,
12798,yablonya,яблоня,
12799,vishnya-chereshnya,вишня / черешня,
12799,grusha,груша,
12799,kryzhovnik,крыжовник,
12799,malina,малина,
12799,sazhentsy-i-posadochnyy-material,саженцы и посадочный материал,
12799,sliva,слива,
12799,smorodina,смородина,
12799,yablonya,яблоня,
12800,luk,лук,
12801,tomat,томат,открытый и защищённый грунт
12802,tomat,томат,открытый и защищённый грунт
12803,lesnye-nasazhdeniya,лесные насаждения,
12804,lesnye-nasazhdeniya,лесные насаждения,
12804,sazhentsy-i-posadochnyy-material,саженцы и посадочный материал,
12805,lesnye-nasazhdeniya,лесные насаждения,
12805,sazhentsy-i-posadochnyy-material,саженцы и посадочный материал,
12806,tsvety,цветы (общее),
12806,yagodniki,ягодники (общее),
12807,tsvety,цветы (общее),
12807,yagodniki,ягодники (общее),
12808,lesnye-nasazhdeniya,лесные насаждения,
12808,sazhentsy-i-posadochnyy-material,саженцы и посадочный материал,
12809,lesnye-nasazhdeniya,лесные насаждения,
12809,sazhentsy-i-posadochnyy-material,саженцы и посадочный материал,
12810,lesnye-nasazhdeniya,лесные насаждения,
12811,tsvety,цветы (общее),
12811,yagodniki,ягодники (общее),
12812,sazhentsy-i-posadochnyy-material,саженцы и посадочный материал,
12813,sazhentsy-i-posadochnyy-material,саженцы и посадочный материал,
12814,tsvety,цветы (общее),
12814,yagodniki,ягодники (общее),
12815,lesnye-nasazhdeniya,лесные насаждения,
12815,sazhentsy-i-posadochnyy-material,саженцы и посадочный материал,
12816,lesnye-nasazhdeniya,лесные насаждения,
12816,sazhentsy-i-posadochnyy-material,саженцы и посадочный материал,
12817,lesnye-nasazhdeniya,лесные насаждения,
12818,lesnye-nasazhdeniya,лесные насаждения,
12819,tsvety,цветы (общее),
12819,yagodniki,ягодники (общее),
12820,lesnye-nasazhdeniya,лесные насаждения,
12820,sazhentsy-i-posadochnyy-material,саженцы и посадочный материал,
12821,lesnye-nasazhdeniya,лесные насаждения,
12821,sazhentsy-i-posadochnyy-material,саженцы и посадочный материал,
12822,lesnye-nasazhdeniya,лесные насаждения,
12823,tsvety,цветы (общее),
12823,yagodniki,ягодники (общее),
12824,lesnye-nasazhdeniya,лесные насаждения,
12824,sazhentsy-i-posadochnyy-material,саженцы и посадочный материал,
12825,lesnye-nasazhdeniya,лесные насаждения,
12825,sazhentsy-i-posadochnyy-material,саженцы и посадочный материал,
12826,ogorod,огород (общее),
12826,plodovye-derevya,плодовые деревья (общее),
12827,lesnye-nasazhdeniya,лесные насаждения,
12828,komnatnye-rasteniya,комнатные растения (общее),
12828,tsvety,цветы (общее),
12829,abrikos-persik,абрикос / персик,
12829,vishnya-chereshnya,вишня / черешня,
12829,grusha,груша,
12829,ezhevika-golubika-zhimolost,ежевика / голубика / жимолость,
12829,kryzhovnik,крыжовник,
12829,malina,малина,
12829,oblepiha,облепиха,
12829,sliva,слива,
12829,smorodina,смородина,
12829,yablonya,яблоня,
12830,tsvety,цветы (общее),
12830,yagodniki,ягодники (общее),
12831,lesnye-nasazhdeniya,лесные насаждения,
12831,sazhentsy-i-posadochnyy-material,саженцы и посадочный материал,
12832,plodovye-derevya,плодовые деревья (общее),
12832,tsvety,цветы (общее),
12833,tsvety,цветы (общее),
12833,yagodniki,ягодники (общее),
12834,lesnye-nasazhdeniya,лесные насаждения,
12834,sazhentsy-i-posadochnyy-material,саженцы и посадочный материал,
12835,lesnye-nasazhdeniya,лесные насаждения,
12835,sazhentsy-i-posadochnyy-material,саженцы и посадочный материал,
12836,plodovye-derevya,плодовые деревья (общее),
12836,tsvety,цветы (общее),
12837,plodovye-derevya,плодовые деревья (общее),
12837,tsvety,цветы (общее),
12838,tsvety,цветы (общее),
12838,yagodniki,ягодники (общее),
12839,lesnye-nasazhdeniya,лесные насаждения,
12839,sazhentsy-i-posadochnyy-material,саженцы и посадочный материал,
12840,plodovye-derevya,плодовые деревья (общее),
12840,tsvety,цветы (общее),
12841,tsvety,цветы (общее),
12841,yagodniki,ягодники (общее),
12842,lesnye-nasazhdeniya,лесные насаждения,
12842,sazhentsy-i-posadochnyy-material,саженцы и посадочный материал,
12843,lesnye-nasazhdeniya,лесные насаждения,
12843,sazhentsy-i-posadochnyy-material,саженцы и посадочный материал,
12844,abrikos-persik,абрикос / персик,
12844,vishnya-chereshnya,вишня / черешня,
12844,grusha,груша,
12844,ezhevika-golubika-zhimolost,ежевика / голубика / жимолость,
12844,kryzhovnik,крыжовник,
12844,malina,малина,
12844,oblepiha,облепиха,
12844,sliva,слива,
12844,smorodina,смородина,
12844,yablonya,яблоня,
12845,yablonya,яблоня,
12846,grusha,груша,
12847,yablonya,яблоня,
12848,grusha,груша,
12849,yablonya,яблоня,
12850,grusha,груша,
12851,kapusta,капуста,
12852,ogurets,огурец,открытый грунт
12853,tomat,томат,защищённый грунт
12854,perets,перец,открытый грунт
12855,tsvety,цветы (общее),открытый и защищённый грунт
12856,komnatnye-rasteniya,комнатные растения (общее),защищённый грунт
12856,tsvety,цветы (общее),защищённый грунт
12857,komnatnye-rasteniya,комнатные растения (общее),защищённый грунт
12857,tsvety,цветы (общее),защищённый грунт
12858,yablonya,яблоня,
12859,fialka,комнатные: фиалка,
12860,luk,лук,
12861,tsvety,цветы (общее),
12861,yagodniki,ягодники (общее),
12862,fialka,комнатные: фиалка,
12863,fialka,комнатные: фиалка,
12864,pshenitsa,пшеница,
12865,soya,соя,
12866,podsolnechnik,подсолнечник,
12867,pshenitsa,пшеница,
12868,yachmen,ячмень,
12869,soya,соя,
12870,kukuruza,кукуруза,
12871,pshenitsa,пшеница,
12871,yachmen,ячмень,
12872,pshenitsa,пшеница,
12872,yachmen,ячмень,
12873,svekla,свекла,
12874,saharnaya-svekla,сахарная свекла,
12875,kartofel,картофель,
12876,maslichnye-i-tehnicheskie,масличные и технические,
12877,maslichnye-i-tehnicheskie,масличные и технические,
12878,ris,рис,
12879,ris,рис,
12880,krupyanye,"крупяные (гречиха, просо, сорго)",
12881,goroh-fasol,горох / фасоль,
12882,goroh-fasol,горох / фасоль,
12883,hmel,хмель,
12884,hmel,хмель,
12885,yablonya,яблоня,
12886,smorodina,смородина,
12887,klubnika,клубника (земляника),
12888,kartofel,картофель,
12889,svekla,свекла,
12890,yablonya,яблоня,
12891,smorodina,смородина,
12892,klubnika,клубника (земляника),
12893,kartofel,картофель,
12894,svekla,свекла,
12895,yablonya,яблоня,
12896,smorodina,смородина,
12897,klubnika,клубника (земляника),
12898,lesnye-nasazhdeniya,лесные насаждения,
12898,hvoynye,"хвойные (туя, ель, можжевельник)",
12899,pshenitsa,пшеница,
12899,yachmen,ячмень,
12900,pshenitsa,пшеница,
12900,yachmen,ячмень,
12901,goroh-fasol,горох / фасоль,
12902,goroh-fasol,горох / фасоль,
12903,len,лен,
12904,len,лен,
12905,kartofel,картофель,
12906,kartofel,картофель,
12907,luk,лук,
12908,luk,лук,
12909,svekla,свекла,
12910,pryanye-i-lekarstvennye-travy,пряные и лекарственные травы,
12911,tomat,томат,открытый и защищённый грунт
12912,ogurets,огурец,открытый и защищённый грунт
12913,lesnye-nasazhdeniya,лесные насаждения,
12913,hvoynye,"хвойные (туя, ель, можжевельник)",
12914,ogurets,огурец,открытый и защищённый грунт
12915,ogurets,огурец,открытый и защищённый грунт
12916,kapusta,капуста,
12917,kapusta,капуста,
12918,petuniya-odnoletniki,петуния / однолетники,
12919,petuniya-odnoletniki,петуния / однолетники,
12920,vishnya-chereshnya,вишня / черешня,
12920,grusha,груша,
12920,ezhevika-golubika-zhimolost,ежевика / голубика / жимолость,
12920,malina,малина,
12920,ryabina,рябина,
12920,siren-dekorativnye-kustarniki,сирень / декоративные кустарники,
12920,sliva,слива,
12920,yablonya,яблоня,
12921,vishnya-chereshnya,вишня / черешня,
12921,grusha,груша,
12921,ezhevika-golubika-zhimolost,ежевика / голубика / жимолость,
12921,malina,малина,
12921,ryabina,рябина,
12921,siren-dekorativnye-kustarniki,сирень / декоративные кустарники,
12921,sliva,слива,
12921,yablonya,яблоня,
12922,lesnye-nasazhdeniya,лесные насаждения,
12922,hvoynye,"хвойные (туя, ель, можжевельник)",
12923,lesnye-nasazhdeniya,лесные насаждения,
12923,hvoynye,"хвойные (туя, ель, можжевельник)",
12924,lesnye-nasazhdeniya,лесные насаждения,
12924,hvoynye,"хвойные (туя, ель, можжевельник)",
12925,lesnye-nasazhdeniya,лесные насаждения,
12925,hvoynye,"хвойные (туя, ель, можжевельник)",
12926,lesnye-nasazhdeniya,лесные насаждения,
12926,hvoynye,"хвойные (туя, ель, можжевельник)",
12927,malina,малина,
12928,ezhevika-golubika-zhimolost,ежевика / голубика / жимолость,
12928,roza,роза,
12928,siren-dekorativnye-kustarniki,сирень / декоративные кустарники,
12929,ezhevika-golubika-zhimolost,ежевика / голубика / жимолость,
12929,malina,малина,
12929,ryabina,рябина,
12930,klubnika,клубника (земляника),
12931,goroh-fasol,горох / фасоль,
12932,goroh-fasol,горох / фасоль,
12933,kartofel,картофель,
12934,kartofel,картофель,
12935,luk,лук,
12936,luk,лук,
12937,luk,лук,
12938,luk,лук,
12939,svekla,свекла,
12940,svekla,свекла,
12941,tomat,томат,открытый и защищённый грунт
12942,ogurets,огурец,открытый и защищённый грунт
12943,ogurets,огурец,открытый и защищённый грунт
12944,ogurets,огурец,открытый и защищённый грунт
12945,lesnye-nasazhdeniya,лесные насаждения,
12945,hvoynye,"хвойные (туя, ель, можжевельник)",
12946,kapusta,капуста,
12947,kapusta,капуста,
12948,lesnye-nasazhdeniya,лесные насаждения,
12948,hvoynye,"хвойные (туя, ель, можжевельник)",
12949,petuniya-odnoletniki,петуния / однолетники,
12950,petuniya-odnoletniki,петуния / однолетники,
12951,vishnya-chereshnya,вишня / черешня,
12951,grusha,груша,
12951,ezhevika-golubika-zhimolost,ежевика / голубика / жимолость,
12951,malina,малина,
12951,ryabina,рябина,
12951,siren-dekorativnye-kustarniki,сирень / декоративные кустарники,
12951,sliva,слива,
12951,yablonya,яблоня,
12952,vishnya-chereshnya,вишня / черешня,
12952,grusha,груша,
12952,ezhevika-golubika-zhimolost,ежевика / голубика / жимолость,
12952,malina,малина,
12952,ryabina,рябина,
12952,siren-dekorativnye-kustarniki,сирень / декоративные кустарники,
12952,sliva,слива,
12952,yablonya,яблоня,
12953,lesnye-nasazhdeniya,лесные насаждения,
12953,hvoynye,"хвойные (туя, ель, можжевельник)",
12954,lesnye-nasazhdeniya,лесные насаждения,
12954,hvoynye,"хвойные (туя, ель, можжевельник)",
12955,lesnye-nasazhdeniya,лесные насаждения,
12955,hvoynye,"хвойные (туя, ель, можжевельник)",
12956,lesnye-nasazhdeniya,лесные насаждения,
12956,hvoynye,"хвойные (туя, ель, можжевельник)",
12957,kukuruza,кукуруза,
12958,podsolnechnik,подсолнечник,
12959,soya,соя,
12960,pshenitsa,пшеница,
12961,yachmen,ячмень,
12962,saharnaya-svekla,сахарная свекла,
12963,kartofel,картофель,
12964,soya,соя,
12965,pshenitsa,пшеница,
12966,pshenitsa,пшеница,
12967,yachmen,ячмень,
12968,yachmen,ячмень,
12969,saharnaya-svekla,сахарная свекла,
12970,pshenitsa,пшеница,
12971,pshenitsa,пшеница,
12972,yachmen,ячмень,
12973,yachmen,ячмень,
12974,rozh,рожь,
12975,rozh,рожь,
12976,kormovye-travy,кормовые травы,
12977,kormovye-travy,кормовые травы,
12978,tomat,томат,открытый и защищённый грунт
12979,tomat,томат,открытый и защищённый грунт
12980,ogurets,огурец,открытый и защищённый грунт
12981,ogurets,огурец,открытый и защищённый грунт
12982,klubnika,клубника (земляника),
12983,vinograd,виноград,
12984,tomat,томат,открытый грунт
12985,tomat,томат,открытый грунт
12986,tomat,томат,открытый грунт
12987,tomat,томат,защищённый грунт
12988,tomat,томат,защищённый грунт
12989,tomat,томат,защищённый грунт
12990,ogurets,огурец,открытый грунт
12991,ogurets,огурец,открытый грунт
12992,ogurets,огурец,открытый грунт
12993,ogurets,огурец,защищённый грунт
12994,ogurets,огурец,защищённый грунт
12995,ogurets,огурец,защищённый грунт
12996,klubnika,клубника (земляника),
12997,klubnika,клубника (земляника),
12998,vinograd,виноград,
12999,vinograd,виноград,
13000,tomat,томат,открытый грунт
13001,ogurets,огурец,открытый грунт
13002,ogurets,огурец,защищённый грунт
13003,vinograd,виноград,
13004,yablonya,яблоня,
13005,yablonya,яблоня,
13006,tomat,томат,защищённый грунт
13007,tomat,томат,защищённый грунт
13008,ogurets,огурец,защищённый грунт
13009,ogurets,огурец,защищённый грунт
13010,tomat,томат,защищённый грунт
13011,ogurets,огурец,защищённый грунт
13012,baklazhan,баклажан,
13012,ogurets,огурец,
13012,perets,перец,
13012,tomat,томат,
13013,baklazhan,баклажан,открытый и защищённый грунт
13013,ogurets,огурец,открытый и защищённый грунт
13013,perets,перец,открытый и защищённый грунт
13013,tomat,томат,открытый и защищённый грунт
13014,kapusta,капуста,
13015,kapusta,капуста,
13016,morkov,морковь,
13017,kartofel,картофель,
13018,luk,лук,
13019,klubnika,клубника (земляника),
13020,yablonya,яблоня,
13021,tsvety,цветы (общее),
13022,gazon,газон,
13023,tomat,томат,
13024,ogurets,огурец,
13025,perets,перец,
13026,baklazhan,баклажан,
13027,tomat,томат,открытый и защищённый грунт
13028,ogurets,огурец,открытый и защищённый грунт
13029,perets,перец,открытый и защищённый грунт
13030,baklazhan,баклажан,открытый и защищённый грунт
13031,saharnaya-svekla,сахарная свекла,
13032,saharnaya-svekla,сахарная свекла,
13033,pshenitsa,пшеница,
13034,pshenitsa,пшеница,
13035,pshenitsa,пшеница,
13036,pshenitsa,пшеница,
13037,zernovye,зерновые (прочие),
13038,zernovye,зерновые (прочие),
13039,ris,рис,
13040,kukuruza,кукуруза,
13041,soya,соя,
13042,raps,рапс,
13043,podsolnechnik,подсолнечник,
13044,morkov,морковь,
13045,kapusta,капуста,
13046,kapusta,капуста,
13047,luk,лук,
13048,tomat,томат,открытый и защищённый грунт
13049,ogurets,огурец,открытый и защищённый грунт
13050,perets,перец,открытый и защищённый грунт
13051,baklazhan,баклажан,открытый и защищённый грунт
13052,podsolnechnik,подсолнечник,
13053,podsolnechnik,подсолнечник,
13054,krupyanye,"крупяные (гречиха, просо, сорго)",
13055,goroh-fasol,горох / фасоль,
13056,yachmen,ячмень,
13057,pshenitsa,пшеница,
13058,pshenitsa,пшеница,
13059,pshenitsa,пшеница,
13060,pshenitsa,пшеница,
13061,yachmen,ячмень,
13062,yachmen,ячмень,
13063,yachmen,ячмень,
13064,rozh,рожь,
13065,rozh,рожь,
13066,soya,соя,
13067,soya,соя,
13068,saharnaya-svekla,сахарная свекла,
13069,saharnaya-svekla,сахарная свекла,
13070,morkov,морковь,
13071,morkov,морковь,
13072,kukuruza,кукуруза,
13073,kukuruza,кукуруза,
13074,kartofel,картофель,
13075,kartofel,картофель,
13076,krupyanye,"крупяные (гречиха, просо, сорго)",
13077,goroh-fasol,горох / фасоль,
13078,tomat,томат,открытый и защищённый грунт
13079,tomat,томат,открытый и защищённый грунт
13080,ogurets,огурец,открытый и защищённый грунт
13081,ogurets,огурец,открытый и защищённый грунт
13082,kapusta,капуста,
13083,kapusta,капуста,
13084,svekla,свекла,
13085,svekla,свекла,
13086,luk,лук,
13087,luk,лук,
13088,vinograd,виноград,
13089,morkov,морковь,
13090,morkov,морковь,
13091,kartofel,картофель,
13092,kartofel,картофель,
13093,tomat,томат,открытый и защищённый грунт
13094,tomat,томат,открытый и защищённый грунт
13095,ogurets,огурец,открытый и защищённый грунт
13096,ogurets,огурец,открытый и защищённый грунт
13097,kapusta,капуста,
13098,kapusta,капуста,
13099,svekla,свекла,
13100,svekla,свекла,
13101,luk,лук,
13102,luk,лук,
13103,vinograd,виноград,
13104,kartofel,картофель,
13105,pshenitsa,пшеница,
13105,rozh,рожь,
13105,yachmen,ячмень,
13106,pshenitsa,пшеница,
13106,rozh,рожь,
13106,yachmen,ячмень,
13107,kartofel,картофель,
13108,tomat,томат,открытый и защищённый грунт
13109,tomat,томат,открытый и защищённый грунт
13110,ogurets,огурец,открытый и защищённый грунт
13111,ogurets,огурец,открытый и защищённый грунт
13112,kapusta,капуста,
13113,kapusta,капуста,
13114,morkov,морковь,
13115,goroh-fasol,горох / фасоль,
13116,goroh-fasol,горох / фасоль,
13117,luk,лук,
13118,luk,лук,
13119,luk,лук,
13120,vinograd,виноград,
13121,yablonya,яблоня,
13122,smorodina,смородина,
13123,klubnika,клубника (земляника),
13124,kartofel,картофель,
13125,kartofel,картофель,
13126,tomat,томат,открытый и защищённый грунт
13127,tomat,томат,открытый и защищённый грунт
13128,ogurets,огурец,открытый и защищённый грунт
13129,ogurets,огурец,открытый и защищённый грунт
13130,morkov,морковь,
13131,kapusta,капуста,
13132,kapusta,капуста,
13133,goroh-fasol,горох / фасоль,
13134,goroh-fasol,горох / фасоль,
13135,luk,лук,
13136,luk,лук,
13137,luk,лук,
13138,vinograd,виноград,
13139,yablonya,яблоня,
13140,smorodina,смородина,
13141,klubnika,клубника (земляника),
13142,luk,лук,
13143,luk,лук,
13144,tsvety,цветы (общее),
13145,roza,роза,
13146,tsvety,цветы (общее),
13146,yagodniki,ягодники (общее),
13147,pshenitsa,пшеница,
13147,rozh,рожь,
13147,yachmen,ячмень,
13148,tomat,томат,открытый и защищённый грунт
13149,ogurets,огурец,открытый и защищённый грунт
13150,morkov,морковь,
13151,kapusta,капуста,
13152,goroh-fasol,горох / фасоль,
13153,luk,лук,
13154,luk,лук,
13155,kartofel,картофель,
13156,tomat,томат,открытый и защищённый грунт
13157,ogurets,огурец,открытый и защищённый грунт
13158,morkov,морковь,
13159,kapusta,капуста,
13160,luk,лук,
13161,luk,лук,
13162,pshenitsa,пшеница,
13163,pshenitsa,пшеница,
13164,pshenitsa,пшеница,
13165,pshenitsa,пшеница,
13166,yachmen,ячмень,
13167,yachmen,ячмень,
13168,yachmen,ячмень,
13169,yachmen,ячмень,
13170,rozh,рожь,
13171,rozh,рожь,
13172,ris,рис,
13173,ris,рис,
13174,soya,соя,
13175,soya,соя,
13176,saharnaya-svekla,сахарная свекла,
13177,saharnaya-svekla,сахарная свекла,
13178,podsolnechnik,подсолнечник,
13179,podsolnechnik,подсолнечник,
13180,kukuruza,кукуруза,
13181,kukuruza,кукуруза,
13182,raps,рапс,
13183,raps,рапс,
13184,raps,рапс,
13185,raps,рапс,
13186,morkov,морковь,
13187,morkov,морковь,
13188,kartofel,картофель,
13189,kartofel,картофель,
13190,krupyanye,"крупяные (гречиха, просо, сорго)",
13191,krupyanye,"крупяные (гречиха, просо, сорго)",
13192,goroh-fasol,горох / фасоль,
13193,goroh-fasol,горох / фасоль,
13194,tomat,томат,открытый и защищённый грунт
13195,tomat,томат,открытый и защищённый грунт
13196,ogurets,огурец,открытый и защищённый грунт
13197,ogurets,огурец,открытый и защищённый грунт
13198,kapusta,капуста,
13199,kapusta,капуста,
13200,luk,лук,
13201,luk,лук,
13202,yablonya,яблоня,
13203,vinograd,виноград,
13204,morkov,морковь,
13205,morkov,морковь,
13206,kartofel,картофель,
13207,kartofel,картофель,
13208,tomat,томат,открытый и защищённый грунт
13209,tomat,томат,открытый и защищённый грунт
13210,ogurets,огурец,открытый и защищённый грунт
13211,ogurets,огурец,открытый и защищённый грунт
13212,kapusta,капуста,
13213,kapusta,капуста,
13214,luk,лук,
13215,luk,лук,
13216,yablonya,яблоня,
13217,vinograd,виноград,
13218,fialka,комнатные: фиалка,
13219,ris,рис,
13220,soya,соя,
13221,pshenitsa,пшеница,
13222,tomat,томат,открытый и защищённый грунт
13223,yablonya,яблоня,
13224,yablonya,яблоня,
13225,yablonya,яблоня,
13226,yablonya,яблоня,
13227,yablonya,яблоня,
13228,yablonya,яблоня,
13229,yablonya,яблоня,
13230,tomat,томат,открытый и защищённый грунт
13231,baklazhan,баклажан,защищённый грунт
13232,perets,перец,защищённый грунт
13233,ogurets,огурец,открытый и защищённый грунт
13234,kapusta,капуста,
13235,yablonya,яблоня,
13236,tomat,томат,открытый и защищённый грунт
13237,baklazhan,баклажан,защищённый грунт
13238,perets,перец,защищённый грунт
13239,ogurets,огурец,открытый и защищённый грунт
13240,kapusta,капуста,
13241,yablonya,яблоня,
13242,kapusta,капуста,
13243,kapusta,капуста,
13244,tomat,томат,открытый и защищённый грунт
13245,baklazhan,баклажан,открытый и защищённый грунт
13246,kartofel,картофель,
13247,kartofel,картофель,
13248,redis,редис,
13249,smorodina,смородина,
13250,vishnya-chereshnya,вишня / черешня,
13251,yablonya,яблоня,
13252,klubnika,клубника (земляника),
13253,ogurets,огурец,открытый и защищённый грунт
13254,goroh-fasol,горох / фасоль,
13255,perets,перец,открытый и защищённый грунт
13256,luk,лук,
13257,komnatnye-rasteniya,комнатные растения (общее),
13257,tsvety,цветы (общее),
13258,tsvety,цветы (общее),открытый и защищённый грунт
13259,luk,лук,
13260,goroh-fasol,горох / фасоль,
13261,kormovye-travy,кормовые травы,
13262,vinograd,виноград,
13263,tomat,томат,открытый и защищённый грунт
13264,yablonya,яблоня,
13265,kormovye-travy,кормовые травы,
13266,kormovye-travy,кормовые травы,
13267,ogurets,огурец,открытый и защищённый грунт
13268,baklazhan,баклажан,открытый и защищённый грунт
13269,luk,лук,
13270,kartofel,картофель,
13271,goroh-fasol,горох / фасоль,
13272,kapusta,капуста,
13273,kapusta,капуста,
13274,podsolnechnik,подсолнечник,
13275,tomat,томат,открытый и защищённый грунт
13276,ogurets,огурец,открытый и защищённый грунт
13277,baklazhan,баклажан,открытый и защищённый грунт
13278,kartofel,картофель,
13279,kapusta,капуста,
13280,kapusta,капуста,
13281,yablonya,яблоня,
13282,pshenitsa,пшеница,
13283,pshenitsa,пшеница,
13284,yachmen,ячмень,
13285,yachmen,ячмень,
13286,ris,рис,
13287,soya,соя,
13288,raps,рапс,
13289,saharnaya-svekla,сахарная свекла,
13290,podsolnechnik,подсолнечник,
13291,kartofel,картофель,
13292,kartofel,картофель,
13293,goroh-fasol,горох / фасоль,
13294,tomat,томат,открытый и защищённый грунт
13295,kartofel,картофель,
13296,ogurets,огурец,открытый и защищённый грунт
13297,perets,перец,открытый и защищённый грунт
13298,vinograd,виноград,
13299,yablonya,яблоня,
13300,tsvety,цветы (общее),
13301,kartofel,картофель,
13302,tomat,томат,открытый и защищённый грунт
13303,ogurets,огурец,открытый и защищённый грунт
13304,perets,перец,открытый и защищённый грунт
13305,vinograd,виноград,
13306,yablonya,яблоня,
13307,tsvety,цветы (общее),
13308,smorodina,смородина,
13309,tomat,томат,открытый и защищённый грунт
13310,baklazhan,баклажан,
13311,perets,перец,
13312,ogurets,огурец,открытый и защищённый грунт
13313,kapusta,капуста,
13314,kartofel,картофель,
13315,goroh-fasol,горох / фасоль,
13316,goroh-fasol,горох / фасоль,
13317,vinograd,виноград,
13318,malina,малина,
13319,klubnika,клубника (земляника),
13320,grusha,груша,
13321,vishnya-chereshnya,вишня / черешня,
13322,sliva,слива,
13323,yablonya,яблоня,
13324,tomat,томат,открытый и защищённый грунт
13325,baklazhan,баклажан,
13326,perets,перец,
13327,ogurets,огурец,открытый и защищённый грунт
13328,kapusta,капуста,
13329,kartofel,картофель,
13330,goroh-fasol,горох / фасоль,
13331,goroh-fasol,горох / фасоль,
13332,vinograd,виноград,
13333,malina,малина,
13334,smorodina,смородина,
13335,klubnika,клубника (земляника),
13336,grusha,груша,
13337,vishnya-chereshnya,вишня / черешня,
13338,sliva,слива,
13339,yablonya,яблоня,
13340,tomat,томат,открытый и защищённый грунт
13341,ogurets,огурец,открытый и защищённый грунт
13342,baklazhan,баклажан,
13342,perets,перец,
13343,goroh-fasol,горох / фасоль,
13344,kapusta,капуста,
13345,vinograd,виноград,
13346,kapusta,капуста,
13347,kapusta,капуста,
13348,tomat,томат,открытый и защищённый грунт
13349,baklazhan,баклажан,открытый и защищённый грунт
13350,kartofel,картофель,
13351,kartofel,картофель,
13352,redis,редис,
13353,smorodina,смородина,
13354,vishnya-chereshnya,вишня / черешня,
13355,yablonya,яблоня,
13356,klubnika,клубника (земляника),
13357,ogurets,огурец,открытый и защищённый грунт
13358,goroh-fasol,горох / фасоль,
13359,perets,перец,открытый и защищённый грунт
13360,luk,лук,
13361,komnatnye-rasteniya,комнатные растения (общее),
13361,tsvety,цветы (общее),
13362,tsvety,цветы (общее),открытый и защищённый грунт
13363,luk,лук,
13364,tomat,томат,открытый и защищённый грунт
13365,baklazhan,баклажан,открытый и защищённый грунт
13366,perets,перец,открытый и защищённый грунт
13367,ogurets,огурец,открытый и защищённый грунт
13368,kapusta,капуста,
13369,kapusta,капуста,
13370,kartofel,картофель,
13371,goroh-fasol,горох / фасоль,
13372,goroh-fasol,горох / фасоль,
13373,vinograd,виноград,
13374,malina,малина,
13375,smorodina,смородина,
13376,klubnika,клубника (земляника),
13377,grusha,груша,
13378,vishnya-chereshnya,вишня / черешня,
13379,sliva,слива,
13380,yablonya,яблоня,
13381,tomat,томат,открытый и защищённый грунт
13382,baklazhan,баклажан,открытый и защищённый грунт
13383,ogurets,огурец,открытый и защищённый грунт
13384,kapusta,капуста,
13385,kapusta,капуста,
13386,kartofel,картофель,
13387,goroh-fasol,горох / фасоль,
13388,goroh-fasol,горох / фасоль,
13389,vinograd,виноград,
13390,malina,малина,
13391,smorodina,смородина,
13392,klubnika,клубника (земляника),
13393,grusha,груша,
13394,vishnya-chereshnya,вишня / черешня,
13395,sliva,слива,
13396,yablonya,яблоня,
13397,limon-tsitrusy,комнатные: лимон / цитрусы,
13398,roza,роза,
13399,roza,роза,
13400,petuniya-odnoletniki,петуния / однолетники,
13401,hrizantema,хризантема,
13402,hrizantema,хризантема,
13403,petuniya-odnoletniki,петуния / однолетники,
13404,liliya-tyulpan-lukovichnye,лилия / тюльпан / луковичные,
13405,liliya-tyulpan-lukovichnye,лилия / тюльпан / луковичные,
13406,komnatnye-rasteniya,комнатные растения (общее),
13407,komnatnye-rasteniya,комнатные растения (общее),
13408,liliya-tyulpan-lukovichnye,лилия / тюльпан / луковичные,
13409,liliya-tyulpan-lukovichnye,лилия / тюльпан / луковичные,
13410,liliya-tyulpan-lukovichnye,лилия / тюльпан / луковичные,
13411,liliya-tyulpan-lukovichnye,лилия / тюльпан / луковичные,
13412,luk,лук,
13413,luk,лук,
13414,petuniya-odnoletniki,петуния / однолетники,
13415,petuniya-odnoletniki,петуния / однолетники,
13416,pryanye-i-lekarstvennye-travy,пряные и лекарственные травы,
13417,fialka,комнатные: фиалка,
13418,fialka,комнатные: фиалка,
13419,fialka,комнатные: фиалка,
13420,petuniya-odnoletniki,петуния / однолетники,
13421,geran,комнатные: герань,
13421,petuniya-odnoletniki,петуния / однолетники,
13422,geran,комнатные: герань,
13422,petuniya-odnoletniki,петуния / однолетники,
13423,limon-tsitrusy,комнатные: лимон / цитрусы,
13424,pryanye-i-lekarstvennye-travy,пряные и лекарственные травы,
13425,pryanye-i-lekarstvennye-travy,пряные и лекарственные травы,
13426,pryanye-i-lekarstvennye-travy,пряные и лекарственные травы,
13427,pryanye-i-lekarstvennye-travy,пряные и лекарственные травы,
13428,pryanye-i-lekarstvennye-travy,пряные и лекарственные травы,
13429,pryanye-i-lekarstvennye-travy,пряные и лекарственные травы,
13430,dratsena,комнатные: драцена,
13430,fikus,комнатные: фикус,
13431,dratsena,комнатные: драцена,
13431,fikus,комнатные: фикус,
13432,hrizantema,хризантема,
13433,hrizantema,хризантема,
13434,roza,роза,
13435,roza,роза,
13436,petuniya-odnoletniki,петуния / однолетники,
13437,liliya-tyulpan-lukovichnye,лилия / тюльпан / луковичные,
13438,liliya-tyulpan-lukovichnye,лилия / тюльпан / луковичные,
13439,komnatnye-rasteniya,комнатные растения (общее),
13440,komnatnye-rasteniya,комнатные растения (общее),
13441,komnatnye-rasteniya,комнатные растения (общее),
13442,liliya-tyulpan-lukovichnye,лилия / тюльпан / луковичные,
13443,liliya-tyulpan-lukovichnye,лилия / тюльпан / луковичные,
13444,liliya-tyulpan-lukovichnye,лилия / тюльпан / луковичные,
13445,liliya-tyulpan-lukovichnye,лилия / тюльпан / луковичные,
13446,luk,лук,
13447,luk,лук,
13448,luk,лук,
13449,petuniya-odnoletniki,петуния / однолетники,
13450,petuniya-odnoletniki,петуния / однолетники,
13451,pryanye-i-lekarstvennye-travy,пряные и лекарственные травы,
13452,fialka,комнатные: фиалка,
13453,fialka,комнатные: фиалка,
13454,fialka,комнатные: фиалка,
13455,petuniya-odnoletniki,петуния / однолетники,
13456,geran,комнатные: герань,
13456,petuniya-odnoletniki,петуния / однолетники,
13457,geran,комнатные: герань,
13457,petuniya-odnoletniki,петуния / однолетники,
13458,pryanye-i-lekarstvennye-travy,пряные и лекарственные травы,
13459,pryanye-i-lekarstvennye-travy,пряные и лекарственные травы,
13460,pryanye-i-lekarstvennye-travy,пряные и лекарственные травы,
13461,pryanye-i-lekarstvennye-travy,пряные и лекарственные травы,
13462,pryanye-i-lekarstvennye-travy,пряные и лекарственные травы,
13463,pryanye-i-lekarstvennye-travy,пряные и лекарственные травы,
13464,dratsena,комнатные: драцена,
13464,fikus,комнатные: фикус,
13465,dratsena,комнатные: драцена,
13465,fikus,комнатные: фикус,
13466,lesnye-nasazhdeniya,лесные насаждения,
13467,hvoynye,"хвойные (туя, ель, можжевельник)",
13468,smorodina,смородина,
13469,hrizantema,хризантема,
13470,luk,лук,
13471,pryanye-i-lekarstvennye-travy,пряные и лекарственные травы,
13472,pryanye-i-lekarstvennye-travy,пряные и лекарственные травы,
13473,pryanye-i-lekarstvennye-travy,пряные и лекарственные травы,
13474,pryanye-i-lekarstvennye-travy,пряные и лекарственные травы,
13475,pryanye-i-lekarstvennye-travy,пряные и лекарственные травы,
13476,pryanye-i-lekarstvennye-travy,пряные и лекарственные травы,
13477,pryanye-i-lekarstvennye-travy,пряные и лекарственные травы,
13478,pryanye-i-lekarstvennye-travy,пряные и лекарственные травы,
13479,pryanye-i-lekarstvennye-travy,пряные и лекарственные травы,
13480,pryanye-i-lekarstvennye-travy,пряные и лекарственные травы,
13481,pryanye-i-lekarstvennye-travy,пряные и лекарственные травы,
13482,pryanye-i-lekarstvennye-travy,пряные и лекарственные травы,
13483,pryanye-i-lekarstvennye-travy,пряные и лекарственные травы,
13484,pryanye-i-lekarstvennye-travy,пряные и лекарственные травы,
13485,shipovnik,шиповник,
13486,pryanye-i-lekarstvennye-travy,пряные и лекарственные травы,
13487,pryanye-i-lekarstvennye-travy,пряные и лекарственные травы,
13488,lesnye-nasazhdeniya,лесные насаждения,
13489,lesnye-nasazhdeniya,лесные насаждения,
13489,hvoynye,"хвойные (туя, ель, можжевельник)",
13490,lesnye-nasazhdeniya,лесные насаждения,
13490,hvoynye,"хвойные (туя, ель, можжевельник)",
13491,gortenziya,гортензия,
13491,sazhentsy-i-posadochnyy-material,саженцы и посадочный материал,
13492,gortenziya,гортензия,
13492,sazhentsy-i-posadochnyy-material,саженцы и посадочный материал,
13493,shipovnik,шиповник,
13494,yablonya,яблоня,
13495,grusha,груша,
13496,sliva,слива,
13497,vishnya-chereshnya,вишня / черешня,
13498,kryzhovnik,крыжовник,
13499,smorodina,смородина,
13500,oblepiha,облепиха,
13501,roza,роза,
13502,hvoynye,"хвойные (туя, ель, можжевельник)",
13503,vishnya-chereshnya,вишня / черешня,
13503,siren-dekorativnye-kustarniki,сирень / декоративные кустарники,
13504,klematis,клематис,
13505,goroh-fasol,горох / фасоль,
13505,hvoynye,"хвойные (туя, ель, можжевельник)",
13506,siren-dekorativnye-kustarniki,сирень / декоративные кустарники,
13507,goroh-fasol,горох / фасоль,
13508,goroh-fasol,горох / фасоль,
13509,lesnye-nasazhdeniya,лесные насаждения,
13509,hvoynye,"хвойные (туя, ель, можжевельник)",
13510,kartofel,картофель,
13511,kartofel,картофель,
13512,tomat,томат,открытый и защищённый грунт
13513,tomat,томат,открытый и защищённый грунт
13514,ogurets,огурец,открытый и защищённый грунт
13515,ogurets,огурец,открытый и защищённый грунт
13516,baklazhan,баклажан,открытый и защищённый грунт
13517,baklazhan,баклажан,открытый и защищённый грунт
13518,perets,перец,открытый и защищённый грунт
13519,perets,перец,открытый и защищённый грунт
13520,kapusta,капуста,
13521,kapusta,капуста,
13522,kapusta,капуста,
13523,kapusta,капуста,
13524,kapusta,капуста,
13525,morkov,морковь,
13526,morkov,морковь,
13527,arbuz-dynya,арбуз / дыня,
13528,arbuz-dynya,арбуз / дыня,
13529,arbuz-dynya,арбуз / дыня,
13530,arbuz-dynya,арбуз / дыня,
13531,vinograd,виноград,
13532,vinograd,виноград,
13533,yablonya,яблоня,
13534,grusha,груша,
13535,vishnya-chereshnya,вишня / черешня,
13535,sliva,слива,
13536,sliva,слива,
13537,klubnika,клубника (земляника),
13538,roza,роза,защищённый грунт
13539,hosta-mnogoletniki,хоста / многолетники,
13539,hrizantema,хризантема,
13540,hrizantema,хризантема,
13541,liliya-tyulpan-lukovichnye,лилия / тюльпан / луковичные,
13542,lesnye-nasazhdeniya,лесные насаждения,
13543,lesnye-nasazhdeniya,лесные насаждения,
13544,hvoynye,"хвойные (туя, ель, можжевельник)",
13545,lesnye-nasazhdeniya,лесные насаждения,
13545,hvoynye,"хвойные (туя, ель, можжевельник)",
13546,gortenziya,гортензия,
13547,gortenziya,гортензия,
13548,yablonya,яблоня,
13549,grusha,груша,
13550,sliva,слива,
13551,vishnya-chereshnya,вишня / черешня,
13552,kryzhovnik,крыжовник,
13553,smorodina,смородина,
13554,oblepiha,облепиха,
13555,roza,роза,
13556,hvoynye,"хвойные (туя, ель, можжевельник)",
13557,vishnya-chereshnya,вишня / черешня,
13557,siren-dekorativnye-kustarniki,сирень / декоративные кустарники,
13558,klematis,клематис,
13559,goroh-fasol,горох / фасоль,
13559,hvoynye,"хвойные (туя, ель, можжевельник)",
13560,siren-dekorativnye-kustarniki,сирень / декоративные кустарники,
13561,pshenitsa,пшеница,
13561,yachmen,ячмень,
13562,pshenitsa,пшеница,
13562,yachmen,ячмень,
13563,kukuruza,кукуруза,
13564,soya,соя,
13565,raps,рапс,
13566,ris,рис,
13567,ris,рис,
13568,podsolnechnik,подсолнечник,
13569,podsolnechnik,подсолнечник,
13570,saharnaya-svekla,сахарная свекла,
13571,saharnaya-svekla,сахарная свекла,
13572,goroh-fasol,горох / фасоль,
13573,goroh-fasol,горох / фасоль,
13574,len,лен,
13575,kartofel,картофель,
13576,kartofel,картофель,
13577,hosta-mnogoletniki,хоста / многолетники,
13577,hrizantema,хризантема,
13578,tomat,томат,открытый и защищённый грунт
13579,tomat,томат,открытый и защищённый грунт
13580,ogurets,огурец,открытый и защищённый грунт
13581,ogurets,огурец,открытый и защищённый грунт
13582,baklazhan,баклажан,открытый и защищённый грунт
13583,baklazhan,баклажан,открытый и защищённый грунт
13584,perets,перец,открытый и защищённый грунт
13585,perets,перец,открытый и защищённый грунт
13586,kapusta,капуста,
13587,kapusta,капуста,
13588,kapusta,капуста,
13589,kapusta,капуста,
13590,kapusta,капуста,
13591,morkov,морковь,
13592,morkov,морковь,
13593,morkov,морковь,
13594,zelen,"зелень (укроп, петрушка, салат)",
13595,zelen,"зелень (укроп, петрушка, салат)",
13596,arbuz-dynya,арбуз / дыня,
13597,arbuz-dynya,арбуз / дыня,
13598,arbuz-dynya,арбуз / дыня,
13599,arbuz-dynya,арбуз / дыня,
13600,vinograd,виноград,
13601,vinograd,виноград,
13602,plodovye-derevya,плодовые деревья (общее),
13603,plodovye-derevya,плодовые деревья (общее),
13604,vishnya-chereshnya,вишня / черешня,
13604,sliva,слива,
13605,sliva,слива,
13606,klubnika,клубника (земляника),
13607,smorodina,смородина,
13608,roza,роза,защищённый грунт
13609,svekla,свекла,
13610,ris,рис,
13611,pshenitsa,пшеница,
13612,pshenitsa,пшеница,
13613,ris,рис,
13614,krupyanye,"крупяные (гречиха, просо, сорго)",
13615,krupyanye,"крупяные (гречиха, просо, сорго)",
13616,kartofel,картофель,
13617,kartofel,картофель,
13618,podsolnechnik,подсолнечник,
13619,podsolnechnik,подсолнечник,
13620,kukuruza,кукуруза,
13621,kukuruza,кукуруза,
13622,soya,соя,
13623,soya,соя,
13624,saharnaya-svekla,сахарная свекла,
13625,saharnaya-svekla,сахарная свекла,
13626,kapusta,капуста,
13627,kapusta,капуста,
13628,svekla,свекла,
13629,morkov,морковь,
13630,morkov,морковь,
13631,perets,перец,открытый и защищённый грунт
13632,perets,перец,открытый и защищённый грунт
13633,baklazhan,баклажан,открытый и защищённый грунт
13634,kapusta,капуста,
13635,baklazhan,баклажан,открытый и защищённый грунт
13636,ogurets,огурец,открытый и защищённый грунт
13637,ogurets,огурец,открытый и защищённый грунт
13638,tomat,томат,открытый и защищённый грунт
13639,tomat,томат,открытый и защищённый грунт
13640,yagodniki,ягодники (общее),
13641,vinograd,виноград,
13642,klubnika,клубника (земляника),
13643,tsvety,цветы (общее),
13644,gazon,газон,
13645,kartofel,картофель,
13646,kartofel,картофель,
13647,kapusta,капуста,
13648,svekla,свекла,
13649,svekla,свекла,
13650,morkov,морковь,
13651,morkov,морковь,
13652,perets,перец,открытый и защищённый грунт
13653,perets,перец,открытый и защищённый грунт
13654,baklazhan,баклажан,открытый и защищённый грунт
13655,baklazhan,баклажан,открытый и защищённый грунт
13656,ogurets,огурец,открытый и защищённый грунт
13657,ogurets,огурец,открытый и защищённый грунт
13658,tomat,томат,открытый и защищённый грунт
13659,tomat,томат,открытый и защищённый грунт
13660,yagodniki,ягодники (общее),
13661,vinograd,виноград,
13662,klubnika,клубника (земляника),
13663,tsvety,цветы (общее),
13664,gazon,газон,
13665,pshenitsa,пшеница,
13666,pshenitsa,пшеница,
13667,kukuruza,кукуруза,
13668,kukuruza,кукуруза,
13669,soya,соя,
13670,soya,соя,
13671,saharnaya-svekla,сахарная свекла,
13672,saharnaya-svekla,сахарная свекла,
13673,tsvety,цветы (общее),
13674,tsvety,цветы (общее),
13674,yagodniki,ягодники (общее),
13675,tomat,томат,
13676,tsvety,цветы (общее),
13677,tsvety,цветы (общее),
13677,yagodniki,ягодники (общее),
13678,tsvety,цветы (общее),
13679,pshenitsa,пшеница,
13680,pshenitsa,пшеница,
13681,yachmen,ячмень,
13682,pshenitsa,пшеница,
13683,rozh,рожь,
13684,rozh,рожь,
13685,ris,рис,
13686,ris,рис,
13687,kukuruza,кукуруза,
13688,goroh-fasol,горох / фасоль,
13688,zernobobovye,"зернобобовые (нут, чечевица, люпин, бобы)",
13689,goroh-fasol,горох / фасоль,
13689,zernobobovye,"зернобобовые (нут, чечевица, люпин, бобы)",
13690,soya,соя,
13691,soya,соя,
13692,podsolnechnik,подсолнечник,
13693,podsolnechnik,подсолнечник,
13694,raps,рапс,
13695,raps,рапс,
13696,raps,рапс,
13697,raps,рапс,
13698,saharnaya-svekla,сахарная свекла,
13699,saharnaya-svekla,сахарная свекла,
13700,kartofel,картофель,
13701,kartofel,картофель,
13702,ogurets,огурец,открытый и защищённый грунт
13703,ogurets,огурец,открытый и защищённый грунт
13704,tomat,томат,открытый и защищённый грунт
13705,tomat,томат,открытый и защищённый грунт
13706,kapusta,капуста,
13707,kapusta,капуста,
13708,luk,лук,
13709,luk,лук,
13710,grusha,груша,
13710,yablonya,яблоня,
13711,abrikos-persik,абрикос / персик,
13712,vinograd,виноград,
13713,gazon,газон,
13714,luk,лук,
13715,tsvety,цветы (общее),
13716,kartofel,картофель,
13717,kartofel,картофель,
13718,kapusta,капуста,
13719,kapusta,капуста,
13720,luk,лук,
13721,luk,лук,
13722,goroh-fasol,горох / фасоль,
13723,goroh-fasol,горох / фасоль,
13724,tomat,томат,открытый и защищённый грунт
13725,tomat,томат,открытый и защищённый грунт
13726,ogurets,огурец,открытый и защищённый грунт
13727,ogurets,огурец,открытый и защищённый грунт
13728,grusha,груша,
13728,yablonya,яблоня,
13729,abrikos-persik,абрикос / персик,
13730,vinograd,виноград,
13731,gazon,газон,
13732,luk,лук,
13733,tsvety,цветы (общее),
13734,goroh-fasol,горох / фасоль,
13734,zernobobovye,"зернобобовые (нут, чечевица, люпин, бобы)",
13735,luk,лук,
13736,ris,рис,
13737,kukuruza,кукуруза,
13738,soya,соя,
13739,pshenitsa,пшеница,
13740,pshenitsa,пшеница,
13740,yachmen,ячмень,
13741,yachmen,ячмень,
13742,yachmen,ячмень,
13743,rozh,рожь,
13744,rozh,рожь,
13745,ris,рис,
13746,soya,соя,
13747,saharnaya-svekla,сахарная свекла,
13748,saharnaya-svekla,сахарная свекла,
13749,podsolnechnik,подсолнечник,
13750,podsolnechnik,подсолнечник,
13751,kartofel,картофель,
13752,kartofel,картофель,
13753,goroh-fasol,горох / фасоль,
13753,zernobobovye,"зернобобовые (нут, чечевица, люпин, бобы)",
13754,tomat,томат,открытый и защищённый грунт
13755,ogurets,огурец,открытый и защищённый грунт
13756,ogurets,огурец,открытый и защищённый грунт
13757,vinograd,виноград,
13758,raps,рапс,
13759,grusha,груша,
13759,yablonya,яблоня,
13760,raps,рапс,
13761,raps,рапс,
13762,raps,рапс,
13763,kapusta,капуста,
13764,kapusta,капуста,
13765,luk,лук,
13766,luk,лук,
13767,abrikos-persik,абрикос / персик,
13768,gazon,газон,
13769,tsvety,цветы (общее),
13770,tsvety,цветы (общее),
13771,kartofel,картофель,
13772,kartofel,картофель,
13773,tomat,томат,открытый и защищённый грунт
13774,tomat,томат,открытый и защищённый грунт
13775,ogurets,огурец,открытый и защищённый грунт
13776,ogurets,огурец,открытый и защищённый грунт
13777,vinograd,виноград,
13778,kapusta,капуста,
13779,kapusta,капуста,
13780,luk,лук,
13781,luk,лук,
13782,goroh-fasol,горох / фасоль,
13783,goroh-fasol,горох / фасоль,
13784,grusha,груша,
13784,yablonya,яблоня,
13785,abrikos-persik,абрикос / персик,
13786,gazon,газон,
13787,tsvety,цветы (общее),
13788,kukuruza,кукуруза,
13789,kukuruza,кукуруза,
13790,podsolnechnik,подсолнечник,
13791,podsolnechnik,подсолнечник,
13792,raps,рапс,
13793,raps,рапс,
13794,soya,соя,
13795,soya,соя,
13796,soya,соя,
13797,pshenitsa,пшеница,
13798,pshenitsa,пшеница,
13799,soya,соя,
13800,pshenitsa,пшеница,
13801,pshenitsa,пшеница,
13802,soya,соя,
13803,soya,соя,
13804,goroh-fasol,горох / фасоль,
13805,zernobobovye,"зернобобовые (нут, чечевица, люпин, бобы)",
13806,pshenitsa,пшеница,
13807,pshenitsa,пшеница,
13808,pshenitsa,пшеница,
13809,pshenitsa,пшеница,
13810,yachmen,ячмень,
13811,yachmen,ячмень,
13812,yachmen,ячмень,
13813,yachmen,ячмень,
13814,zernovye,зерновые (прочие),
13815,zernovye,зерновые (прочие),
13816,rozh,рожь,
13817,rozh,рожь,
13818,ris,рис,
13819,oves,овес,
13820,oves,овес,
13821,kukuruza,кукуруза,
13822,kukuruza,кукуруза,
13823,krupyanye,"крупяные (гречиха, просо, сорго)",
13824,krupyanye,"крупяные (гречиха, просо, сорго)",
13825,krupyanye,"крупяные (гречиха, просо, сорго)",
13826,krupyanye,"крупяные (гречиха, просо, сорго)",
13827,krupyanye,"крупяные (гречиха, просо, сорго)",
13828,podsolnechnik,подсолнечник,
13829,podsolnechnik,подсолнечник,
13830,soya,соя,
13831,soya,соя,
13832,len,лен,
13833,len,лен,
13834,len,лен,
13835,len,лен,
13836,zernobobovye,"зернобобовые (нут, чечевица, люпин, бобы)",
13837,zernobobovye,"зернобобовые (нут, чечевица, люпин, бобы)",
13838,goroh-fasol,горох / фасоль,
13839,goroh-fasol,горох / фасоль,
13840,goroh-fasol,горох / фасоль,
13841,goroh-fasol,горох / фасоль,
13842,zernobobovye,"зернобобовые (нут, чечевица, люпин, бобы)",
13843,zernobobovye,"зернобобовые (нут, чечевица, люпин, бобы)",
13844,zernobobovye,"зернобобовые (нут, чечевица, люпин, бобы)",
13845,zernobobovye,"зернобобовые (нут, чечевица, люпин, бобы)",
13846,saharnaya-svekla,сахарная свекла,
13847,kartofel,картофель,
13848,kartofel,картофель,
13849,raps,рапс,
13850,raps,рапс,
13851,svekla,свекла,
13852,tomat,томат,открытый и защищённый грунт
13853,tomat,томат,открытый и защищённый грунт
13854,ogurets,огурец,открытый и защищённый грунт
13855,ogurets,огурец,открытый и защищённый грунт
13856,perets,перец,
13857,perets,перец,
13858,baklazhan,баклажан,
13859,baklazhan,баклажан,
13860,kabachok,кабачок,
13861,kabachok,кабачок,
13862,kapusta,капуста,
13863,kapusta,капуста,
13864,morkov,морковь,
13865,morkov,морковь,
13866,luk,лук,открытый и защищённый грунт
13867,zelen,"зелень (укроп, петрушка, салат)",
13868,zelen,"зелень (укроп, петрушка, салат)",
13869,kapusta,капуста,
13870,kapusta,капуста,
13871,kormovye-travy,кормовые травы,
13872,kormovye-travy,кормовые травы,
13873,kormovye-travy,кормовые травы,
13874,zernobobovye,"зернобобовые (нут, чечевица, люпин, бобы)",
13875,zernobobovye,"зернобобовые (нут, чечевица, люпин, бобы)",
13876,kormovye-travy,кормовые травы,
13877,kormovye-travy,кормовые травы,
13878,kormovye-travy,кормовые травы,
13879,vinograd,виноград,
13880,yablonya,яблоня,
13881,limon-tsitrusy,комнатные: лимон / цитрусы,
13882,vishnya-chereshnya,вишня / черешня,
13884,abrikos-persik,абрикос / персик,
13885,kryzhovnik,крыжовник,
13886,smorodina,смородина,
13887,klubnika,клубника (земляника),
13888,gazon,газон,
13889,plodovye-derevya,плодовые деревья (общее),
13889,tsvety,цветы (общее),
13889,yagodniki,ягодники (общее),
13890,tsvety,цветы (общее),открытый и защищённый грунт
13891,lesnye-nasazhdeniya,лесные насаждения,
13892,kartofel,картофель,
13893,kartofel,картофель,
13894,svekla,свекла,
13895,tomat,томат,открытый и защищённый грунт
13896,tomat,томат,открытый и защищённый грунт
13897,ogurets,огурец,открытый и защищённый грунт
13898,ogurets,огурец,открытый и защищённый грунт
13899,perets,перец,
13900,perets,перец,
13901,baklazhan,баклажан,
13902,baklazhan,баклажан,
13903,kabachok,кабачок,
13904,kabachok,кабачок,
13905,kapusta,капуста,
13906,kapusta,капуста,
13907,morkov,морковь,
13908,morkov,морковь,
13909,luk,лук,открытый и защищённый грунт
13910,zelen,"зелень (укроп, петрушка, салат)",открытый и защищённый грунт
13911,zelen,"зелень (укроп, петрушка, салат)",открытый и защищённый грунт
13912,vinograd,виноград,
13913,yablonya,яблоня,
13914,vishnya-chereshnya,вишня / черешня,
13915,kryzhovnik,крыжовник,
13916,smorodina,смородина,
13917,klubnika,клубника (земляника),
13918,gazon,газон,
13919,plodovye-derevya,плодовые деревья (общее),
13919,tsvety,цветы (общее),
13919,yagodniki,ягодники (общее),
13920,tsvety,цветы (общее),открытый и защищённый грунт
13921,lesnye-nasazhdeniya,лесные насаждения,
13922,yachmen,ячмень,
13923,ris,рис,
13924,yachmen,ячмень,
13925,yachmen,ячмень,
13926,pshenitsa,пшеница,
13927,yachmen,ячмень,
13928,pshenitsa,пшеница,
13929,pshenitsa,пшеница,
13930,pshenitsa,пшеница,
13931,podsolnechnik,подсолнечник,
13932,podsolnechnik,подсолнечник,
13933,podsolnechnik,подсолнечник,
13934,len,лен,
13935,len,лен,
13936,len,лен,
13937,len,лен,
13938,soya,соя,
13939,soya,соя,
13940,kartofel,картофель,
13941,kartofel,картофель,
13942,saharnaya-svekla,сахарная свекла,
13943,saharnaya-svekla,сахарная свекла,
13944,kukuruza,кукуруза,
13945,kukuruza,кукуруза,
13946,kukuruza,кукуруза,
13947,ris,рис,
13948,tomat,томат,открытый грунт
13949,tomat,томат,открытый грунт
13950,ogurets,огурец,открытый грунт
13951,ogurets,огурец,открытый грунт
13952,baklazhan,баклажан,
13953,baklazhan,баклажан,
13954,kabachok,кабачок,
13955,kabachok,кабачок,
13956,luk,лук,
13957,morkov,морковь,
13958,vinograd,виноград,
13959,yablonya,яблоня,
13960,vishnya-chereshnya,вишня / черешня,
13961,abrikos-persik,абрикос / персик,
13962,tsvety,цветы (общее),
13963,kartofel,картофель,
13964,kartofel,картофель,
13965,tomat,томат,открытый грунт
13966,baklazhan,баклажан,
13967,tomat,томат,открытый грунт
13968,ogurets,огурец,открытый грунт
13969,ogurets,огурец,открытый грунт
13970,baklazhan,баклажан,
13971,kabachok,кабачок,
13972,kabachok,кабачок,
13973,luk,лук,
13974,morkov,морковь,
13975,vinograd,виноград,
13976,yablonya,яблоня,
13977,vishnya-chereshnya,вишня / черешня,
13978,abrikos-persik,абрикос / персик,
13979,tsvety,цветы (общее),
13980,kukuruza,кукуруза,
13981,tomat,томат,защищённый грунт
13982,tomat,томат,защищённый грунт
13983,tomat,томат,защищённый грунт
13984,ogurets,огурец,защищённый грунт
13985,ogurets,огурец,защищённый грунт
13986,ogurets,огурец,защищённый грунт
13987,vinograd,виноград,
13988,vinograd,виноград,
13989,plodovye-derevya,плодовые деревья (общее),
13989,tsvety,цветы (общее),
13989,yagodniki,ягодники (общее),
13990,tomat,томат,защищённый грунт
13991,tomat,томат,защищённый грунт
13992,tomat,томат,защищённый грунт
13993,ogurets,огурец,защищённый грунт
13994,ogurets,огурец,защищённый грунт
13995,ogurets,огурец,защищённый грунт
13996,plodovye-derevya,плодовые деревья (общее),
13996,tsvety,цветы (общее),
13996,yagodniki,ягодники (общее),
13997,svekla,свекла,
13998,baklazhan,баклажан,
13999,baklazhan,баклажан,
14000,kabachok,кабачок,
14001,kabachok,кабачок,
14002,morkov,морковь,
14003,morkov,морковь,
14004,ogurets,огурец,
14005,tomat,томат,
14006,tomat,томат,
14007,zelen,"зелень (укроп, петрушка, салат)",
14008,zelen,"зелень (укроп, петрушка, салат)",
14009,perets,перец,
14010,perets,перец,
14011,luk,лук,
14012,kapusta,капуста,
14013,kapusta,капуста,
14014,plodovye-derevya,плодовые деревья (общее),
14014,tsvety,цветы (общее),
14014,yagodniki,ягодники (общее),
14015,kartofel,картофель,
14016,kartofel,картофель,
14017,smorodina,смородина,
14018,kryzhovnik,крыжовник,
14019,plodovye-derevya,плодовые деревья (общее),
14019,tsvety,цветы (общее),
14019,yagodniki,ягодники (общее),
14020,klubnika,клубника (земляника),
14021,yablonya,яблоня,
14022,vishnya-chereshnya,вишня / черешня,
14023,tsvety,цветы (общее),открытый и защищённый грунт
14024,gazon,газон,
14025,vinograd,виноград,
14026,kartofel,картофель,
14027,luk,лук,
14028,luk,лук,
14029,kartofel,картофель,
14030,kartofel,картофель,
14031,luk,лук,
14032,luk,лук,
14033,kartofel,картофель,
14034,pshenitsa,пшеница,
14035,pshenitsa,пшеница,
14036,pshenitsa,пшеница,
14037,pshenitsa,пшеница,
14038,rozh,рожь,
14039,yachmen,ячмень,
14040,yachmen,ячмень,
14041,oves,овес,
14042,ris,рис,
14043,ris,рис,
14044,kukuruza,кукуруза,
14045,kukuruza,кукуруза,
14046,podsolnechnik,подсолнечник,
14047,podsolnechnik,подсолнечник,
14048,soya,соя,
14049,soya,соя,
14050,saharnaya-svekla,сахарная свекла,
14051,kartofel,картофель,
14052,kartofel,картофель,
14053,tomat,томат,
14054,tomat,томат,
14055,svekla,свекла,
14056,svekla,свекла,
14057,redis,редис,
14058,redis,редис,
14059,goroh-fasol,горох / фасоль,
14060,goroh-fasol,горох / фасоль,
14061,goroh-fasol,горох / фасоль,
14062,goroh-fasol,горох / фасоль,
14063,zernobobovye,"зернобобовые (нут, чечевица, люпин, бобы)",
14064,zernobobovye,"зернобобовые (нут, чечевица, люпин, бобы)",
14065,krupyanye,"крупяные (гречиха, просо, сорго)",
14066,raps,рапс,
14067,raps,рапс,
14068,kormovye-travy,кормовые травы,
14069,pryanye-i-lekarstvennye-travy,пряные и лекарственные травы,
14070,arbuz-dynya,арбуз / дыня,
14071,arbuz-dynya,арбуз / дыня,
14072,arbuz-dynya,арбуз / дыня,
14073,arbuz-dynya,арбуз / дыня,
14074,maslichnye-i-tehnicheskie,масличные и технические,
14075,maslichnye-i-tehnicheskie,масличные и технические,
14076,vinograd,виноград,
14077,yablonya,яблоня,
14078,kartofel,картофель,
14079,kartofel,картофель,
14080,tomat,томат,
14081,tomat,томат,
14082,svekla,свекла,
14083,redis,редис,
14084,goroh-fasol,горох / фасоль,
14085,goroh-fasol,горох / фасоль,
14086,zernobobovye,"зернобобовые (нут, чечевица, люпин, бобы)",
14087,arbuz-dynya,арбуз / дыня,
14088,arbuz-dynya,арбуз / дыня,
14089,arbuz-dynya,арбуз / дыня,
14090,arbuz-dynya,арбуз / дыня,
14091,vinograd,виноград,
14092,yablonya,яблоня,
14093,pshenitsa,пшеница,
14094,pshenitsa,пшеница,
14095,pshenitsa,пшеница,
14096,pshenitsa,пшеница,
14097,soya,соя,
14098,soya,соя,
14099,kukuruza,кукуруза,
14100,kukuruza,кукуруза,
14101,podsolnechnik,подсолнечник,
14102,podsolnechnik,подсолнечник,
14103,saharnaya-svekla,сахарная свекла,
14104,tomat,томат,открытый и защищённый грунт
14105,ogurets,огурец,открытый и защищённый грунт
14106,baklazhan,баклажан,открытый и защищённый грунт
14107,perets,перец,открытый и защищённый грунт
14108,goroh-fasol,горох / фасоль,
14109,kapusta,капуста,
14110,vinograd,виноград,
14111,pshenitsa,пшеница,
14111,yachmen,ячмень,
14112,pshenitsa,пшеница,
14112,yachmen,ячмень,
14113,oves,овес,
14114,oves,овес,
14115,ris,рис,
14116,kartofel,картофель,
14117,kartofel,картофель,
14118,kukuruza,кукуруза,
14119,kukuruza,кукуруза,
14120,tomat,томат,
14121,tomat,томат,
14122,ogurets,огурец,
14123,ogurets,огурец,
14124,yablonya,яблоня,
14125,vinograd,виноград,
14126,tabak,табак (культура),
14127,roza,роза,
14127,hvoynye,"хвойные (туя, ель, можжевельник)",
14128,kartofel,картофель,
14129,kartofel,картофель,
14130,tomat,томат,
14131,tomat,томат,
14132,ogurets,огурец,
14133,ogurets,огурец,
14134,yablonya,яблоня,
14135,vinograd,виноград,
14136,roza,роза,
14136,hvoynye,"хвойные (туя, ель, можжевельник)",
14137,pshenitsa,пшеница,
14138,pshenitsa,пшеница,
14139,yachmen,ячмень,
14140,yachmen,ячмень,
14141,maslichnye-i-tehnicheskie,масличные и технические,
14142,maslichnye-i-tehnicheskie,масличные и технические,
14143,pshenitsa,пшеница,
14144,pshenitsa,пшеница,
14145,yachmen,ячмень,
14146,yachmen,ячмень,
14147,podsolnechnik,подсолнечник,
14148,podsolnechnik,подсолнечник,
14149,kartofel,картофель,
14150,kartofel,картофель,
14151,kartofel,картофель,
14152,kartofel,картофель,
14153,pshenitsa,пшеница,
14154,pshenitsa,пшеница,
14155,yachmen,ячмень,
14156,yachmen,ячмень,
14157,podsolnechnik,подсолнечник,
14158,podsolnechnik,подсолнечник,
14159,kartofel,картофель,
14160,kartofel,картофель,
14161,kartofel,картофель,
14162,kartofel,картофель,
14163,pshenitsa,пшеница,
14164,kukuruza,кукуруза,
14165,pshenitsa,пшеница,
14166,yachmen,ячмень,
14167,yachmen,ячмень,
14168,rozh,рожь,
14169,rozh,рожь,
14170,kukuruza,кукуруза,
14171,oves,овес,
14172,oves,овес,
14173,soya,соя,
14174,krupyanye,"крупяные (гречиха, просо, сорго)",
14175,krupyanye,"крупяные (гречиха, просо, сорго)",
14176,ris,рис,
14177,ris,рис,
14178,raps,рапс,
14179,kartofel,картофель,
14180,kartofel,картофель,
14181,goroh-fasol,горох / фасоль,
14182,goroh-fasol,горох / фасоль,
14183,kartofel,картофель,
14184,saharnaya-svekla,сахарная свекла,
14185,saharnaya-svekla,сахарная свекла,
14186,len,лен,
14187,len,лен,
14188,podsolnechnik,подсолнечник,
14189,podsolnechnik,подсолнечник,
14190,soya,соя,
14191,tomat,томат,
14192,tomat,томат,
14193,perets,перец,
14194,ogurets,огурец,
14195,ogurets,огурец,
14196,luk,лук,
14197,kapusta,капуста,
14198,vinograd,виноград,
14199,grusha,груша,
14199,yablonya,яблоня,
14200,vinograd,виноград,
14201,yablonya,яблоня,
14202,klubnika,клубника (земляника),
14203,kartofel,картофель,
14204,tomat,томат,
14205,tomat,томат,
14206,perets,перец,
14207,ogurets,огурец,
14208,ogurets,огурец,
14209,luk,лук,
14210,kapusta,капуста,
14211,vinograd,виноград,
14212,vinograd,виноград,
14213,yablonya,яблоня,
14214,grusha,груша,
14214,yablonya,яблоня,
14215,klubnika,клубника (земляника),
14216,vinograd,виноград,
14217,oves,овес,
14217,pshenitsa,пшеница,
14217,rozh,рожь,
14217,yachmen,ячмень,
14218,oves,овес,
14218,pshenitsa,пшеница,
14218,rozh,рожь,
14218,yachmen,ячмень,
14219,ris,рис,
14220,ris,рис,
14221,soya,соя,
14222,soya,соя,
14223,podsolnechnik,подсолнечник,
14224,podsolnechnik,подсолнечник,
14225,kartofel,картофель,
14226,kartofel,картофель,
14227,saharnaya-svekla,сахарная свекла,
14228,saharnaya-svekla,сахарная свекла,
14229,kukuruza,кукуруза,
14230,kukuruza,кукуруза,
14231,len,лен,
14232,len,лен,
14233,raps,рапс,
14234,raps,рапс,
14235,tomat,томат,
14236,tomat,томат,
14237,ogurets,огурец,
14238,ogurets,огурец,
14239,svekla,свекла,
14240,svekla,свекла,
14241,baklazhan,баклажан,
14242,baklazhan,баклажан,
14243,perets,перец,
14244,perets,перец,
14245,kapusta,капуста,
14246,kapusta,капуста,
14247,kapusta,капуста,
14248,kapusta,капуста,
14249,morkov,морковь,
14250,morkov,морковь,
14251,luk,лук,
14252,luk,лук,
14253,luk,лук,
14254,redis,редис,
14255,redis,редис,
14256,plodovye-derevya,плодовые деревья (общее),
14257,kartofel,картофель,
14258,kartofel,картофель,
14259,tomat,томат,
14260,tomat,томат,
14261,ogurets,огурец,
14262,ogurets,огурец,
14263,svekla,свекла,
14264,svekla,свекла,
14265,baklazhan,баклажан,
14266,perets,перец,
14267,perets,перец,
14268,kapusta,капуста,
14269,kapusta,капуста,
14270,kapusta,капуста,
14271,kapusta,капуста,
14272,morkov,морковь,
14273,morkov,морковь,
14274,luk,лук,
14275,luk,лук,
14276,luk,лук,
14277,redis,редис,
14278,redis,редис,
14279,plodovye-derevya,плодовые деревья (общее),
14280,vinograd,виноград,
14281,sazhentsy-i-posadochnyy-material,саженцы и посадочный материал,
14282,yablonya,яблоня,
14283,raps,рапс,
14284,raps,рапс,
14285,kartofel,картофель,
14286,yablonya,яблоня,
14287,gazon,газон,
14288,gazon,газон,
14289,gazon,газон,
14290,raps,рапс,
14291,raps,рапс,
14292,pshenitsa,пшеница,
14293,pshenitsa,пшеница,
14294,yachmen,ячмень,
14295,yachmen,ячмень,
14296,len,лен,
14297,len,лен,
14298,saharnaya-svekla,сахарная свекла,
14299,kartofel,картофель,
14300,kartofel,картофель,
14301,kapusta,капуста,
14302,vinograd,виноград,
14303,kartofel,картофель,
14304,kartofel,картофель,
14305,kapusta,капуста,
14306,vinograd,виноград,
14307,pshenitsa,пшеница,
14308,pshenitsa,пшеница,
14309,pshenitsa,пшеница,
14310,pshenitsa,пшеница,
14311,pshenitsa,пшеница,
14312,pshenitsa,пшеница,
14313,yachmen,ячмень,
14314,yachmen,ячмень,
14315,yachmen,ячмень,
14316,yachmen,ячмень,
14317,yachmen,ячмень,
14318,yachmen,ячмень,
14319,zernovye,зерновые (прочие),
14320,zernovye,зерновые (прочие),
14321,rozh,рожь,
14322,rozh,рожь,
14323,ris,рис,
14324,oves,овес,
14325,oves,овес,
14326,kukuruza,кукуруза,
14327,kukuruza,кукуруза,
14328,krupyanye,"крупяные (гречиха, просо, сорго)",
14329,krupyanye,"крупяные (гречиха, просо, сорго)",
14330,krupyanye,"крупяные (гречиха, просо, сорго)",
14331,krupyanye,"крупяные (гречиха, просо, сорго)",
14332,krupyanye,"крупяные (гречиха, просо, сорго)",
14333,podsolnechnik,подсолнечник,
14334,podsolnechnik,подсолнечник,
14335,soya,соя,
14336,soya,соя,
14337,len,лен,
14338,len,лен,
14339,len,лен,
14340,len,лен,
14341,zernobobovye,"зернобобовые (нут, чечевица, люпин, бобы)",
14342,zernobobovye,"зернобобовые (нут, чечевица, люпин, бобы)",
14343,goroh-fasol,горох / фасоль,
14344,goroh-fasol,горох / фасоль,
14345,goroh-fasol,горох / фасоль,
14346,goroh-fasol,горох / фасоль,
14347,zernobobovye,"зернобобовые (нут, чечевица, люпин, бобы)",
14348,zernobobovye,"зернобобовые (нут, чечевица, люпин, бобы)",
14349,zernobobovye,"зернобобовые (нут, чечевица, люпин, бобы)",
14350,zernobobovye,"зернобобовые (нут, чечевица, люпин, бобы)",
14351,saharnaya-svekla,сахарная свекла,
14352,kartofel,картофель,
14353,kartofel,картофель,
14354,raps,рапс,
14355,raps,рапс,
14356,svekla,свекла,
14357,tomat,томат,открытый и защищённый грунт
14358,tomat,томат,открытый и защищённый грунт
14359,ogurets,огурец,открытый и защищённый грунт
14360,ogurets,огурец,открытый и защищённый грунт
14361,perets,перец,открытый и защищённый грунт
14362,perets,перец,открытый и защищённый грунт
14363,baklazhan,баклажан,открытый и защищённый грунт
14364,baklazhan,баклажан,открытый и защищённый грунт
14365,kabachok,кабачок,
14366,kabachok,кабачок,
14367,kapusta,капуста,
14368,kapusta,капуста,
14369,morkov,морковь,
14370,morkov,морковь,
14371,luk,лук,открытый и защищённый грунт
14372,zelen,"зелень (укроп, петрушка, салат)",открытый и защищённый грунт
14373,zelen,"зелень (укроп, петрушка, салат)",открытый и защищённый грунт
14374,kapusta,капуста,
14375,kapusta,капуста,
14376,kormovye-travy,кормовые травы,
14377,kormovye-travy,кормовые травы,
14378,kormovye-travy,кормовые травы,
14379,zernobobovye,"зернобобовые (нут, чечевица, люпин, бобы)",
14380,zernobobovye,"зернобобовые (нут, чечевица, люпин, бобы)",
14381,kormovye-travy,кормовые травы,
14382,kormovye-travy,кормовые травы,
14383,kormovye-travy,кормовые травы,
14384,vinograd,виноград,
14385,yablonya,яблоня,
14386,limon-tsitrusy,комнатные: лимон / цитрусы,
14387,vishnya-chereshnya,вишня / черешня,
14389,abrikos-persik,абрикос / персик,
14390,kryzhovnik,крыжовник,
14391,smorodina,смородина,
14392,klubnika,клубника (земляника),
14393,gazon,газон,
14394,plodovye-derevya,плодовые деревья (общее),
14394,tsvety,цветы (общее),
14394,yagodniki,ягодники (общее),
14395,tsvety,цветы (общее),открытый и защищённый грунт
14396,lesnye-nasazhdeniya,лесные насаждения,
14397,kartofel,картофель,
14398,kartofel,картофель,
14399,svekla,свекла,
14400,tomat,томат,открытый и защищённый грунт
14401,tomat,томат,открытый и защищённый грунт
14402,ogurets,огурец,открытый и защищённый грунт
14403,ogurets,огурец,открытый и защищённый грунт
14404,perets,перец,открытый и защищённый грунт
14405,perets,перец,открытый и защищённый грунт
14406,baklazhan,баклажан,открытый и защищённый грунт
14407,baklazhan,баклажан,открытый и защищённый грунт
14408,kabachok,кабачок,
14409,kabachok,кабачок,
14410,kapusta,капуста,
14411,kapusta,капуста,
14412,morkov,морковь,
14413,morkov,морковь,
14414,luk,лук,открытый и защищённый грунт
14415,zelen,"зелень (укроп, петрушка, салат)",открытый и защищённый грунт
14416,zelen,"зелень (укроп, петрушка, салат)",открытый и защищённый грунт
14417,vinograd,виноград,
14418,yablonya,яблоня,
14419,vishnya-chereshnya,вишня / черешня,
14420,kryzhovnik,крыжовник,
14421,smorodina,смородина,
14422,klubnika,клубника (земляника),
14423,gazon,газон,
14424,plodovye-derevya,плодовые деревья (общее),
14424,tsvety,цветы (общее),
14424,yagodniki,ягодники (общее),
14425,tsvety,цветы (общее),открытый и защищённый грунт
14426,lesnye-nasazhdeniya,лесные насаждения,
14427,tomat,томат,открытый и защищённый грунт
14428,morkov,морковь,
14429,pshenitsa,пшеница,
14429,yachmen,ячмень,
14430,pshenitsa,пшеница,
14430,yachmen,ячмень,
14431,oves,овес,
14432,oves,овес,
14433,kukuruza,кукуруза,
14434,goroh-fasol,горох / фасоль,
14434,zernobobovye,"зернобобовые (нут, чечевица, люпин, бобы)",
14434,soya,соя,
14435,goroh-fasol,горох / фасоль,
14435,zernobobovye,"зернобобовые (нут, чечевица, люпин, бобы)",
14435,soya,соя,
14436,len,лен,
14437,len,лен,
14438,maslichnye-i-tehnicheskie,масличные и технические,
14439,maslichnye-i-tehnicheskie,масличные и технические,
14440,zernobobovye,"зернобобовые (нут, чечевица, люпин, бобы)",
14440,kormovye-travy,кормовые травы,
14441,zernobobovye,"зернобобовые (нут, чечевица, люпин, бобы)",
14441,kormovye-travy,кормовые травы,
14442,tomat,томат,открытый и защищённый грунт
14443,ogurets,огурец,открытый и защищённый грунт
14444,ogurets,огурец,открытый и защищённый грунт
14445,baklazhan,баклажан,открытый и защищённый грунт
14445,perets,перец,открытый и защищённый грунт
14446,baklazhan,баклажан,открытый и защищённый грунт
14446,perets,перец,открытый и защищённый грунт
14447,kabachok,кабачок,
14448,kabachok,кабачок,
14449,morkov,морковь,
14450,luk,лук,
14451,luk,лук,
14452,kartofel,картофель,
14453,kartofel,картофель,
14454,yablonya,яблоня,
14455,vinograd,виноград,
14456,yachmen,ячмень,
14457,yachmen,ячмень,
14458,pshenitsa,пшеница,
14459,pshenitsa,пшеница,
14460,pshenitsa,пшеница,
14461,pshenitsa,пшеница,
14462,podsolnechnik,подсолнечник,
14463,podsolnechnik,подсолнечник,
14464,soya,соя,
14465,soya,соя,
14466,kukuruza,кукуруза,
14467,kukuruza,кукуруза,
14468,saharnaya-svekla,сахарная свекла,
14469,saharnaya-svekla,сахарная свекла,
14470,kartofel,картофель,
14471,kartofel,картофель,
14472,krupyanye,"крупяные (гречиха, просо, сорго)",
14473,krupyanye,"крупяные (гречиха, просо, сорго)",
14474,raps,рапс,
14475,raps,рапс,
14476,len,лен,
14477,len,лен,
14478,len,лен,
14479,len,лен,
14480,tomat,томат,открытый и защищённый грунт
14481,perets,перец,открытый и защищённый грунт
14482,ogurets,огурец,открытый и защищённый грунт
14483,yablonya,яблоня,
14484,vinograd,виноград,
14485,klubnika,клубника (земляника),
14486,smorodina,смородина,
14487,smorodina,смородина,
14488,tsvety,цветы (общее),открытый и защищённый грунт
14489,kartofel,картофель,
14490,kartofel,картофель,
14491,tomat,томат,открытый и защищённый грунт
14492,perets,перец,открытый и защищённый грунт
14493,ogurets,огурец,открытый и защищённый грунт
14494,yablonya,яблоня,
14495,vinograd,виноград,
14496,klubnika,клубника (земляника),
14497,smorodina,смородина,
14498,smorodina,смородина,
14499,tsvety,цветы (общее),открытый и защищённый грунт
14500,podsolnechnik,подсолнечник,
14501,pshenitsa,пшеница,
14501,yachmen,ячмень,
14502,pshenitsa,пшеница,
14502,yachmen,ячмень,
14503,podsolnechnik,подсолнечник,
14504,kukuruza,кукуруза,
14505,kukuruza,кукуруза,
14506,soya,соя,
14507,soya,соя,
14508,kukuruza,кукуруза,
14509,zernovye,зерновые (прочие),
14509,oves,овес,
14509,pshenitsa,пшеница,
14509,rozh,рожь,
14509,yachmen,ячмень,
14510,zernovye,зерновые (прочие),
14510,oves,овес,
14510,pshenitsa,пшеница,
14510,rozh,рожь,
14510,yachmen,ячмень,
14511,kukuruza,кукуруза,
14512,ris,рис,
14513,ris,рис,
14514,podsolnechnik,подсолнечник,
14515,podsolnechnik,подсолнечник,
14516,saharnaya-svekla,сахарная свекла,
14517,kartofel,картофель,
14518,tomat,томат,открытый и защищённый грунт
14519,kapusta,капуста,
14520,plodovye-derevya,плодовые деревья (общее),
14521,plodovye-derevya,плодовые деревья (общее),
14522,vinograd,виноград,
14523,kartofel,картофель,
14524,tomat,томат,открытый и защищённый грунт
14525,kapusta,капуста,
14526,plodovye-derevya,плодовые деревья (общее),
14527,plodovye-derevya,плодовые деревья (общее),
14528,vinograd,виноград,
14529,yablonya,яблоня,
14530,yablonya,яблоня,
14531,yablonya,яблоня,
14532,pshenitsa,пшеница,
14532,yachmen,ячмень,
14533,podsolnechnik,подсолнечник,
14534,raps,рапс,
14535,raps,рапс,
14536,pshenitsa,пшеница,
14536,yachmen,ячмень,
14537,pshenitsa,пшеница,
14538,yachmen,ячмень,
14539,pshenitsa,пшеница,
14540,pshenitsa,пшеница,
14541,pshenitsa,пшеница,
14542,yachmen,ячмень,
14543,pshenitsa,пшеница,
14543,yachmen,ячмень,
14544,pshenitsa,пшеница,
14545,pshenitsa,пшеница,
14546,pshenitsa,пшеница,
14546,rozh,рожь,
14546,yachmen,ячмень,
14547,pshenitsa,пшеница,
14547,rozh,рожь,
14547,yachmen,ячмень,
14548,pshenitsa,пшеница,
14549,pshenitsa,пшеница,
14550,pshenitsa,пшеница,
14550,yachmen,ячмень,
14551,pshenitsa,пшеница,
14552,pshenitsa,пшеница,
14553,pshenitsa,пшеница,
14554,pshenitsa,пшеница,
14555,yachmen,ячмень,
14556,yachmen,ячмень,
14557,yachmen,ячмень,
14558,yachmen,ячмень,
14559,zernovye,зерновые (прочие),
14560,zernovye,зерновые (прочие),
14561,rozh,рожь,
14562,rozh,рожь,
14563,zernovye,зерновые (прочие),
14563,pshenitsa,пшеница,
14563,rozh,рожь,
14564,yachmen,ячмень,
14565,pshenitsa,пшеница,
14565,yachmen,ячмень,
14566,zernovye,зерновые (прочие),
14566,pshenitsa,пшеница,
14566,rozh,рожь,
14566,yachmen,ячмень,
14567,yachmen,ячмень,
14568,zernovye,зерновые (прочие),
14568,pshenitsa,пшеница,
14568,rozh,рожь,
14568,yachmen,ячмень,
14569,zernovye,зерновые (прочие),
14569,oves,овес,
14570,pshenitsa,пшеница,
14571,gazon,газон,
14572,pshenitsa,пшеница,
14573,pshenitsa,пшеница,
14574,yachmen,ячмень,
14575,gazon,газон,
14576,pshenitsa,пшеница,
14577,pshenitsa,пшеница,
14578,yachmen,ячмень,
14579,soya,соя,
14580,krupyanye,"крупяные (гречиха, просо, сорго)",
14581,krupyanye,"крупяные (гречиха, просо, сорго)",
14582,saharnaya-svekla,сахарная свекла,
14583,podsolnechnik,подсолнечник,
14584,kukuruza,кукуруза,
14585,krupyanye,"крупяные (гречиха, просо, сорго)",
14586,kartofel,картофель,
14587,tomat,томат,
14588,ogurets,огурец,
14589,kapusta,капуста,
14590,vinograd,виноград,
14591,yablonya,яблоня,
14592,yagodniki,ягодники (общее),
14593,kartofel,картофель,
14594,tomat,томат,
14595,ogurets,огурец,
14596,kapusta,капуста,
14597,vinograd,виноград,
14598,yablonya,яблоня,
14599,yagodniki,ягодники (общее),
14600,soya,соя,
14601,krupyanye,"крупяные (гречиха, просо, сорго)",
14602,pshenitsa,пшеница,
14603,pshenitsa,пшеница,
14604,pshenitsa,пшеница,
14605,pshenitsa,пшеница,
14606,yachmen,ячмень,
14607,yachmen,ячмень,
14608,yachmen,ячмень,
14609,yachmen,ячмень,
14610,krupyanye,"крупяные (гречиха, просо, сорго)",
14611,saharnaya-svekla,сахарная свекла,
14612,podsolnechnik,подсолнечник,
14613,kukuruza,кукуруза,
14614,krupyanye,"крупяные (гречиха, просо, сорго)",
14615,kartofel,картофель,
14616,tomat,томат,
14617,ogurets,огурец,
14618,kapusta,капуста,
14619,vinograd,виноград,
14620,yablonya,яблоня,
14621,yagodniki,ягодники (общее),
14622,gazon,газон,
14623,kartofel,картофель,
14624,tomat,томат,
14625,ogurets,огурец,
14626,kapusta,капуста,
14627,vinograd,виноград,
14628,yablonya,яблоня,
14629,yagodniki,ягодники (общее),
14630,gazon,газон,
14631,pshenitsa,пшеница,
14632,pshenitsa,пшеница,
14633,yachmen,ячмень,
14634,yachmen,ячмень,
14635,raps,рапс,
14636,raps,рапс,
14637,podsolnechnik,подсолнечник,
14638,kartofel,картофель,
14639,kartofel,картофель,
14640,saharnaya-svekla,сахарная свекла,
14641,tomat,томат,
14642,ogurets,огурец,
14643,morkov,морковь,
14644,morkov,морковь,
14645,kapusta,капуста,
14646,len,лен,
14647,len,лен,
14648,kormovye-travy,кормовые травы,
14649,kartofel,картофель,
14650,kartofel,картофель,
14651,morkov,морковь,
14652,morkov,морковь,
14653,kapusta,капуста,
14654,tomat,томат,
14655,ogurets,огурец,
14656,pshenitsa,пшеница,
14657,pshenitsa,пшеница,
14658,pshenitsa,пшеница,
14659,pshenitsa,пшеница,
14660,yachmen,ячмень,
14661,yachmen,ячмень,
14662,yachmen,ячмень,
14663,yachmen,ячмень,
14664,oves,овес,
14665,oves,овес,
14666,ris,рис,
14667,kukuruza,кукуруза,
14668,kukuruza,кукуруза,
14669,soya,соя,
14670,krupyanye,"крупяные (гречиха, просо, сорго)",
14671,podsolnechnik,подсолнечник,
14672,saharnaya-svekla,сахарная свекла,
14673,maslichnye-i-tehnicheskie,масличные и технические,
14674,kartofel,картофель,
14675,luk,лук,
14676,luk,лук,
14677,tomat,томат,открытый и защищённый грунт
14678,goroh-fasol,горох / фасоль,
14679,ogurets,огурец,открытый и защищённый грунт
14680,kapusta,капуста,
14681,vinograd,виноград,
14682,kormovye-travy,кормовые травы,
14683,kartofel,картофель,
14684,luk,лук,
14685,luk,лук,
14686,tomat,томат,открытый и защищённый грунт
14687,goroh-fasol,горох / фасоль,
14688,ogurets,огурец,открытый и защищённый грунт
14689,kapusta,капуста,
14690,vinograd,виноград,
14691,pshenitsa,пшеница,
14691,yachmen,ячмень,
14692,pshenitsa,пшеница,
14692,yachmen,ячмень,
14693,pshenitsa,пшеница,
14694,pshenitsa,пшеница,
14695,kartofel,картофель,
14696,kartofel,картофель,
14697,kartofel,картофель,
14698,kartofel,картофель,
14699,soya,соя,
14700,soya,соя,
14701,pshenitsa,пшеница,
14702,podsolnechnik,подсолнечник,
14703,pshenitsa,пшеница,
14704,yachmen,ячмень,
14705,yachmen,ячмень,
14706,podsolnechnik,подсолнечник,
14707,kukuruza,кукуруза,
14708,kukuruza,кукуруза,
14709,kartofel,картофель,
14710,kartofel,картофель,
14711,saharnaya-svekla,сахарная свекла,
14712,saharnaya-svekla,сахарная свекла,
14713,arbuz-dynya,арбуз / дыня,
14714,arbuz-dynya,арбуз / дыня,
14715,pshenitsa,пшеница,
14716,pshenitsa,пшеница,
14717,pshenitsa,пшеница,
14718,pshenitsa,пшеница,
14719,rozh,рожь,
14720,rozh,рожь,
14721,yachmen,ячмень,
14722,yachmen,ячмень,
14723,raps,рапс,
14724,raps,рапс,
14725,raps,рапс,
14726,komnatnye-rasteniya,комнатные растения (общее),
14726,tsvety,цветы (общее),
14727,gazon,газон,
14728,komnatnye-rasteniya,комнатные растения (общее),
14728,tsvety,цветы (общее),
14729,tomat,томат,
14730,tomat,томат,
14731,perets,перец,
14732,perets,перец,
14733,baklazhan,баклажан,
14734,baklazhan,баклажан,
14735,kapusta,капуста,
14736,yagodniki,ягодники (общее),
14737,pshenitsa,пшеница,
14738,rozh,рожь,
14739,yachmen,ячмень,
14740,pshenitsa,пшеница,
14741,pshenitsa,пшеница,
14742,yachmen,ячмень,
14743,pshenitsa,пшеница,
14744,pshenitsa,пшеница,
14745,rozh,рожь,
14746,tomat,томат,
14747,perets,перец,
14748,baklazhan,баклажан,
14749,kapusta,капуста,
14750,yagodniki,ягодники (общее),
14751,komnatnye-rasteniya,комнатные растения (общее),
14751,tsvety,цветы (общее),
14752,tomat,томат,
14753,tomat,томат,открытый и защищённый грунт
14754,ogurets,огурец,открытый и защищённый грунт
14755,perets,перец,
14756,baklazhan,баклажан,
14757,kapusta,капуста,
14758,kapusta,капуста,
14759,yagodniki,ягодники (общее),
14760,komnatnye-rasteniya,комнатные растения (общее),
14760,tsvety,цветы (общее),
14761,tsvety,цветы (общее),
14762,tsvety,цветы (общее),
14763,pshenitsa,пшеница,
14764,pshenitsa,пшеница,
14765,pshenitsa,пшеница,
14766,pshenitsa,пшеница,
14767,pshenitsa,пшеница,
14768,yachmen,ячмень,
14769,raps,рапс,
14770,raps,рапс,
14771,raps,рапс,
14772,raps,рапс,
14773,pshenitsa,пшеница,
14774,yachmen,ячмень,
14775,rozh,рожь,
14776,pshenitsa,пшеница,
14776,rozh,рожь,
14776,yachmen,ячмень,
14777,pshenitsa,пшеница,
14778,raps,рапс,
14779,raps,рапс,
14780,raps,рапс,
14781,pshenitsa,пшеница,
14782,pshenitsa,пшеница,
14783,rozh,рожь,
14784,yachmen,ячмень,
14785,pshenitsa,пшеница,
14786,pshenitsa,пшеница,
14787,pshenitsa,пшеница,
14788,pshenitsa,пшеница,
14789,rozh,рожь,
14790,rozh,рожь,
14791,yachmen,ячмень,
14792,yachmen,ячмень,
14793,raps,рапс,
14794,raps,рапс,
14795,perets,перец,
14795,tomat,томат,
14796,kapusta,капуста,
14797,klubnika,клубника (земляника),
14798,komnatnye-rasteniya,комнатные растения (общее),
14798,tsvety,цветы (общее),
14799,pshenitsa,пшеница,
14800,pshenitsa,пшеница,
14801,yachmen,ячмень,
14802,rozh,рожь,
14803,raps,рапс,
14804,raps,рапс,
14805,pshenitsa,пшеница,
14806,pshenitsa,пшеница,
14807,yachmen,ячмень,
14808,yachmen,ячмень,
14809,rozh,рожь,
14810,vinograd,виноград,
14811,pshenitsa,пшеница,
14811,yachmen,ячмень,
14812,oves,овес,
14813,kukuruza,кукуруза,
14814,maslichnye-i-tehnicheskie,масличные и технические,
14815,maslichnye-i-tehnicheskie,масличные и технические,
14816,maslichnye-i-tehnicheskie,масличные и технические,
14817,kartofel,картофель,
14818,svekla,свекла,
14819,tomat,томат,
14820,baklazhan,баклажан,
14821,perets,перец,
14822,kapusta,капуста,
14823,kapusta,капуста,
14824,morkov,морковь,
14825,luk,лук,
14826,redis,редис,
14827,vinograd,виноград,
14828,plodovye-derevya,плодовые деревья (общее),
14829,sazhentsy-i-posadochnyy-material,саженцы и посадочный материал,
14830,kartofel,картофель,
14831,tomat,томат,
14832,svekla,свекла,
14833,baklazhan,баклажан,
14834,perets,перец,
14835,kapusta,капуста,
14836,kapusta,капуста,
14837,morkov,морковь,
14838,luk,лук,
14839,redis,редис,
14840,plodovye-derevya,плодовые деревья (общее),
14841,vinograd,виноград,
14842,sazhentsy-i-posadochnyy-material,саженцы и посадочный материал,
14843,vinograd,виноград,
14844,kartofel,картофель,
14845,kartofel,картофель,
14846,kartofel,картофель,
14847,kartofel,картофель,
14848,kartofel,картофель,
14849,kartofel,картофель,
14850,kartofel,картофель,
14851,kartofel,картофель,
14852,kartofel,картофель,
14853,kartofel,картофель,
14854,zernovye,зерновые (прочие),
14854,pshenitsa,пшеница,
14854,rozh,рожь,
14854,yachmen,ячмень,
14855,tomat,томат,открытый и защищённый грунт
14856,luk,лук,
14857,tomat,томат,открытый и защищённый грунт
14858,luk,лук,
14859,pshenitsa,пшеница,
14860,pshenitsa,пшеница,
14861,yachmen,ячмень,
14862,yachmen,ячмень,
14863,pshenitsa,пшеница,
14863,rozh,рожь,
14863,yachmen,ячмень,
14864,pshenitsa,пшеница,
14864,rozh,рожь,
14864,yachmen,ячмень,
14865,ris,рис,
14866,ris,рис,
14867,krupyanye,"крупяные (гречиха, просо, сорго)",
14868,krupyanye,"крупяные (гречиха, просо, сорго)",
14869,len,лен,
14870,soya,соя,
14871,soya,соя,
14872,goroh-fasol,горох / фасоль,
14873,goroh-fasol,горох / фасоль,
14874,saharnaya-svekla,сахарная свекла,
14875,saharnaya-svekla,сахарная свекла,
14876,svekla,свекла,
14877,svekla,свекла,
14878,podsolnechnik,подсолнечник,
14879,podsolnechnik,подсолнечник,
14880,kukuruza,кукуруза,
14881,kukuruza,кукуруза,
14882,kartofel,картофель,
14883,kartofel,картофель,
14884,tomat,томат,открытый и защищённый грунт
14885,tomat,томат,открытый и защищённый грунт
14886,ogurets,огурец,открытый и защищённый грунт
14887,ogurets,огурец,открытый и защищённый грунт
14888,arbuz-dynya,арбуз / дыня,
14889,arbuz-dynya,арбуз / дыня,
14890,kapusta,капуста,
14891,kapusta,капуста,
14892,luk,лук,
14893,luk,лук,
14894,luk,лук,
14895,luk,лук,
14896,morkov,морковь,
14897,klubnika,клубника (земляника),
14898,vinograd,виноград,
14899,yablonya,яблоня,
14900,smorodina,смородина,
14901,tsvety,цветы (общее),
14902,tsvety,цветы (общее),
14903,tsvety,цветы (общее),
14904,ogorod,огород (общее),
14904,plodovye-derevya,плодовые деревья (общее),
14905,plodovye-derevya,плодовые деревья (общее),
14905,tsvety,цветы (общее),
14906,goroh-fasol,горох / фасоль,
14907,goroh-fasol,горох / фасоль,
14908,svekla,свекла,
14909,kartofel,картофель,
14910,svekla,свекла,
14911,podsolnechnik,подсолнечник,
14912,podsolnechnik,подсолнечник,
14913,kukuruza,кукуруза,
14914,kukuruza,кукуруза,
14915,kartofel,картофель,
14916,tomat,томат,открытый и защищённый грунт
14917,tomat,томат,открытый и защищённый грунт
14918,ogurets,огурец,открытый и защищённый грунт
14919,ogurets,огурец,открытый и защищённый грунт
14920,arbuz-dynya,арбуз / дыня,
14921,arbuz-dynya,арбуз / дыня,
14922,kapusta,капуста,
14923,kapusta,капуста,
14924,luk,лук,
14925,luk,лук,
14926,luk,лук,
14927,luk,лук,
14928,morkov,морковь,
14929,klubnika,клубника (земляника),
14930,vinograd,виноград,
14931,yablonya,яблоня,
14932,smorodina,смородина,
14933,tsvety,цветы (общее),
14934,tsvety,цветы (общее),
14935,tsvety,цветы (общее),
14936,komnatnye-rasteniya,комнатные растения (общее),
14936,tsvety,цветы (общее),
14937,ogorod,огород (общее),
14937,plodovye-derevya,плодовые деревья (общее),
14938,plodovye-derevya,плодовые деревья (общее),
14938,tsvety,цветы (общее),
14939,tsvety,цветы (общее),
14940,goroh-fasol,горох / фасоль,
14941,ogurets,огурец,открытый и защищённый грунт
14942,tomat,томат,открытый и защищённый грунт
14943,perets,перец,
14944,kapusta,капуста,
14945,smorodina,смородина,
14946,yablonya,яблоня,
14947,tsvety,цветы (общее),
14948,roza,роза,
14949,sazhentsy-i-posadochnyy-material,саженцы и посадочный материал,
14950,smorodina,смородина,
14951,tomat,томат,защищённый грунт
14952,ogurets,огурец,защищённый грунт
14953,klubnika,клубника (земляника),
14954,tsvety,цветы (общее),
14955,orhideya,комнатные: орхидея,
14956,klubnika,клубника (земляника),
14957,kartofel,картофель,
14958,kartofel,картофель,
14959,tomat,томат,открытый и защищённый грунт
14960,tomat,томат,открытый и защищённый грунт
14961,ogurets,огурец,открытый и защищённый грунт
14962,ogurets,огурец,открытый и защищённый грунт
14963,yablonya,яблоня,
14964,vinograd,виноград,
14965,smorodina,смородина,
14966,tsvety,цветы (общее),
14967,tsvety,цветы (общее),
14968,tsvety,цветы (общее),
14969,tsvety,цветы (общее),
14970,klubnika,клубника (земляника),
14971,vinograd,виноград,
14972,yagodniki,ягодники (общее),
14973,ogurets,огурец,
14973,perets,перец,
14973,tomat,томат,
14974,ogurets,огурец,открытый и защищённый грунт
14974,perets,перец,открытый и защищённый грунт
14974,tomat,томат,открытый и защищённый грунт
14975,ogurets,огурец,открытый и защищённый грунт
14975,perets,перец,открытый и защищённый грунт
14975,tomat,томат,открытый и защищённый грунт
14976,tsvety,цветы (общее),
14977,tsvety,цветы (общее),
14978,klubnika,клубника (земляника),
14979,vinograd,виноград,
14980,yagodniki,ягодники (общее),
14981,vinograd,виноград,
14981,kartofel,картофель,
14981,klubnika,клубника (земляника),
14982,kukuruza,кукуруза,
14982,podsolnechnik,подсолнечник,
14982,pshenitsa,пшеница,
14982,raps,рапс,
14983,klubnika,клубника (земляника),
14984,zelen,"зелень (укроп, петрушка, салат)",открытый грунт
14984,kapusta,капуста,открытый грунт
14984,tomat,томат,открытый грунт
14985,vinograd,виноград,
14986,vinograd,виноград,
14987,pshenitsa,пшеница,
14988,ogorod,огород (общее),
14988,yagodniki,ягодники (общее),
14989,vinograd,виноград,
14990,vinograd,виноград,
14990,limon-tsitrusy,комнатные: лимон / цитрусы,
14991,limon-tsitrusy,комнатные: лимон / цитрусы,
14992,vinograd,виноград,
14993,vinograd,виноград,
14994,vinograd,виноград,
14995,gazon,газон,
14995,pastbischa-i-luga,пастбища и луга,
14996,ogurets,огурец,защищённый грунт
14997,luk,лук,
14998,morkov,морковь,
14999,kartofel,картофель,
15000,ogurets,огурец,защищённый грунт
15001,tomat,томат,защищённый грунт
15002,vinograd,виноград,
15003,vinograd,виноград,
15004,sliva,слива,
15005,abrikos-persik,абрикос / персик,
15006,yablonya,яблоня,
15007,yablonya,яблоня,
15008,yablonya,яблоня,
15009,yablonya,яблоня,
15010,yablonya,яблоня,
15011,yablonya,яблоня,
15012,vinograd,виноград,
15013,vinograd,виноград,
15014,pshenitsa,пшеница,
15015,pshenitsa,пшеница,
15016,pshenitsa,пшеница,
15016,yachmen,ячмень,
15017,pshenitsa,пшеница,
15018,yachmen,ячмень,
15019,pshenitsa,пшеница,
15019,yachmen,ячмень,
