reg_no,name,slug,form,conc,klass,registrant,ogrn,hazard_human,hazard_bees,reg_date,reg_until,status,has_lph
063-03-2788-1,"2,4-Дактив",2-4-daktiv,КЭ,"564 г/л 2,4-Д (сложный 2-этилгексиловый эфир)",гербицид,ООО «ХИМАГРОМАРКЕТИН Г.РУ»,1023403447913,II,III,09.09.2020,08.09.2030,Действует,0
018-03-785-1,АРГО,argo,МЭ,80 г/л феноксапроп-П-этил + 24 г/л Клодинафоп-пропаргил + 30 г/л антидот мефенпир-диэтил,гербицид,АО «Щелково Агрохим»,1025006519427,II,III,29.09.2015,28.09.2025,Не действует,0
014-02-2929-1,Абакус Прайм,abakus-praym,СЭ,"85 г/л Пираклостробин + 62,5 г/л эпоксиконазол",фунгицид,«БАСФ СЕ»,,III,III,17.12.2020,16.12.2030,Действует,0
014-02-3672-1,Абакус Ультра,abakus-ultra,СЭ,"62,5 г/л Пираклостробин + 62,5 г/л эпоксиконазол",фунгицид,«БАСФ СЕ»,,III,III,29.04.2022,28.04.2032,Действует,0
407-02-1316-1,Абига-Пик,abiga-pik,ВС,400 г/л Хлорокись меди,фунгицид,ООО «Сельхозхимия»,1066164204930,III,III,26.12.2016,25.12.2026,Действует,1
010-03-9904-0,Абордаж,abordazh,КЭ,200 г/л флуроксипир + 10 г/л флорасулам,гербицид,"ООО ""ЛИСТЕРРА""",1057749556930,III,III,15.04.2026,14.04.2029,Действует,0
029-02-1475-1,Абруста,abrusta,КС,150 г/л Пентиопирад + 60 г/л Ципроконазол,фунгицид,ООО «Дюпон Наука и Технологии»,,III,III,24.04.2017,23.04.2027,Действует,0
082-02-4873-0,Аваксс,avakss,КЭ,250 г/л г/л Пропиконазол + 80 г/л г/л Ципроконазол,фунгицид,ООО «Интер Групп»,1084312000420,II,III,26.05.2025,25.05.2028,Действует,0
082-02-672-1,Аваксс,avakss,КЭ,80 г/л Ципроконазол + 250 г/л Пропиконазол,фунгицид,ООО «Интер Групп»,1084312000420,III,III,02.06.2015,27.02.2024,Не действует,0
063-03-1268-1,Авангард,avangard,КЭ,960 г/л С-Метолахлор,гербицид,ООО «ХИМАГРОМАРКЕТИН Г.РУ»,1023403447913,III,III,02.11.2016,01.11.2026,Действует,0
489-01-2706-1,Авант,avant,КЭ,150 г/л Индоксакарб,инсектицид,ООО «ЭфЭмСи»,1037706002773,III,I,19.06.2020,18.06.2030,Действует,1
192-03-3443-1,Авантикс 100,avantiks-100,КЭ,100 г/л феноксапроп-П-этил + 27 г/л антидот -клоквинтосет-мексил,гербицид,ООО ГК «ЗемлякоФФ»,1037724060560,III,III,23.12.2021,22.12.2031,Действует,0
192-03-3010-1,Авантикс Турбо,avantiks-turbo,МД,"100 г/л феноксапроп-П-этил + 34 г/л антидот -клоквинтосет-мексил + 17,5 г/л флукарбазон",гербицид,ООО ГК «ЗемлякоФФ»,1037724060560,III,III,09.02.2021,08.02.2031,Действует,0
038(010)-03-2940-1,Авантикс Экстра,avantiks-ekstra,ЭМВ,"69 г/л феноксапроп-П-этил + 34,5 г/л антидот -клоквинтосет-мексил",гербицид,"ООО «АГРОКОМ», ООО «ЛИСТЕРРА»","1077758212685, 1057749556930",III,III,17.12.2020,16.12.2030,Действует,0
010-02-10060-0,Авантюрин,avantyurin,ВДГ,500 г/кг Флудиоксонил,фунгицид,"ООО ""ЛИСТЕРРА""",1057749556930,III,III,05.08.2026,04.08.2029,Действует,0
010-02-3575-1,Авиаль,avial,КЭ,125 г/л Тебуконазол + 100 г/л Триадимефон,фунгицид,ООО «ЛИСТЕРРА»,1057749556930,II,III,29.03.2022,28.03.2032,Действует,0
018-02-10033-1,Авиньон,avinon,КС,350 г/л Дитианон,фунгицид,"АО ""ЩЕЛКОВО АГРОХИМ""",1025006519427,II,III,02.07.2026,01.07.2036,Действует,0
050(360)-03-4455-1,Аврора,avrora,МД,100 г/л Мезотрион + 80 г/л Амикарбазон + 60 г/л никосульфурон + 5 г/л Аминопиралид,гербицид,"ЗАО «ФМРус», ООО «АГРОХИМИНВЕСТ","1097746208207, 1027743011207",III,III,12.03.2024,11.03.2034,Действует,0
050-03-4562-1,Аврорекс,avroreks,КЭ,"332 г/л 2,4-Д (сложный 2-этилгексиловый эфир) + 21 г/л карфентразон-этил",гербицид,+ 21 г/л карфентразон-этил) ЗАО «ФМРус»,1097746208207,II,III,07.05.2024,06.05.2034,Действует,0
471-07-1781-1,Агат-25 Супер,agat-25-super,ТПС,18 мг/кг 3-индолилуксусная кислота + 60 мг/кг -аланин + 70 мг/кг -глутаминовая кислота,регулятор роста,ООО «НЭЛЖ»,1137746504565,IV,III,05.03.2018,04.03.2028,Действует,1
192-01-4742-1,Агент Пауер,agent-pauer,МКС,320 г/л Ацетамиприд,инсектицид,ООО ГК «ЗемлякоФФ»,1037724060560,II,III,03.12.2024,02.12.2034,Действует,0
192-01-3892-1,Агент Супер,agent-super,СК,200 г/л Ацетамиприд + 100 г/л Фипронил,инсектицид,ООО ГК «ЗемлякоФФ»,1037724060560,III,-,01.12.2022,26.12.2025,Действует,0
024-03-2107-1,Агритокс,agritoks,ВК,"500 г/л МЦПА кислоты (смесь диметиламинной, калиевой, натриевой солей)",гербицид,Нуфарм ГмбХ & КО КГ,,II,III,14.03.2019,13.03.2029,Действует,0
010(011)-03-1562-1,Агро-Лайт,agro-layt,ВРК,33 г/л Имазамокс + 15 г/л Имазапир,гербицид,"ООО «ЛИСТЕРРА», ПАНАМА АГРОКЕМИКАЛС ИНК.",1057749556930,III,III,10.12.2015,09.12.2025,Не действует,0
010-03-9705-0,Агро-Лайт,agro-layt,ВРК,33 г/л Имазамокс + 15 г/л Имазапир,гербицид,ООО «ЛИСТЕРРА»,1057749556930,III,III,04.12.2025,03.12.2028,Действует,0
010-03-5084-0,"Агро-Лайт, ВК",agro-layt-vk,ВРК,33 г/л Имазамокс + 15 г/л Имазапир,гербицид,ООО «ЛИСТЕРРА»,1057749556930,III,III,28.08.2025,27.08.2028,Действует,0
197-03-3347-1,АгроБазон,agrobazon,ВР,480 г/л Бентазон,гербицид,ООО «Агрохим ХХ1»,5067746338150,III,III,25.10.2021,24.10.2031,Действует,0
197-03-4311-1,АгроЗаряд,agrozaryad,КС,"312,5 г/л Пропизохлор + 187,5 г/л тербутилазин",гербицид,ООО «Агрохим ХХ1»,5067746338150,II,III,12.12.2023,11.12.2033,Действует,0
197-02-4752-0,АгроКлимат,agroklimat,КЭ,250 г/л Дифеноконазол,фунгицид,ООО «Агрохим ХХ1»,5067746338150,II,III,12.12.2024,11.12.2027,Действует,0
197-02-9906-0,АгроМим,agromim,ВДГ,600 г/кг Манкоцеб + 90 г/кг Диметоморф,фунгицид,"ООО ""АГРОХИМ-XXI""",5067746338150,II,III,16.04.2026,15.04.2029,Действует,0
002-07-472-1,АгроСтимул,agrostimul,ВЭ,50 г/л Дигидрокверцетин,регулятор роста,ООО «АГРУСХИМ»,1057747562509,III,III,15.12.2014,14.12.2024,Не действует,1
002-07-4818-0,"АгроСтимул, ВЭ",agrostimul-ve,ВЭ,50 г/л Дигидрокверцетин,регулятор роста,ООО «АГРУСХИМ»,1057747562509,III,III,11.03.2025,10.03.2028,Действует,1
197-02-4740-1,АгроШлем,agroshlem,ВДГ,750 г/кг Ципродинил,фунгицид,ООО «Агрохим ХХ1»,5067746338150,III,III,28.11.2024,27.11.2034,Действует,0
024-03-1052-1,Агроксон,agrokson,ВР,750 г/л МЦПА (диметиламинная соль),гербицид,Нуфарм ГмбХ & КО КГ,,II,III,29.03.2016,28.03.2026,Не действует,0
178-03-2214-1,Агрон,agron,ВР,300 г/л Клопиралид,гербицид,ООО «Агро Эксперт Груп»,1027708006996,III,III,07.05.2019,06.05.2029,Действует,0
178-03-2215-1,Агрон Гранд,agron-grand,ВДГ,750 г/кг Клопиралид,гербицид,ООО «Агро Эксперт Груп»,1027708006996,III,III,07.05.2019,06.05.2029,Действует,0
197-03-1369-1,Агроника,agronika,КС,40 г/л никосульфурон,гербицид,ООО «Агрохим ХХ1»,5067746338150,III,III,16.02.2017,15.02.2027,Действует,0
197-03-2714-1,Агроника Гранд,agronika-grand,МД,70 г/л Мезотрион + 40 г/л никосульфурон,гербицид,ООО «Агрохим ХХ1»,5067746338150,III,III,29.06.2020,28.06.2030,Действует,0
023(395)-03-1277-1,Агростар,agrostar,ВДГ,750 г/кг трибенурон-метил,гербицид,"ООО «АНПП «Агрохим-XXI», Агротекс ДМСС",1027700119710,III,III,05.12.2016,04.12.2026,Действует,0
197(023)-03-2469-1,Агростар Гранд,agrostar-grand,ВДГ,630 г/кг трибенурон-метил + 120 г/кг флорасулам,гербицид,"ООО «Агрохим ХХ1», ООО «АНПП «Агрохим-XXI»","5067746338150, 1027700119710",III,III,13.11.2019,12.11.2029,Действует,0
811-01-3647-1,Агростраж,agrostrazh,П,800 г/кг Диоксид кремния,инсектицид,ООО «ВОРОНЕЖПЕНОСТЕК ЛО»,1133668052627,III,-,22.04.2022,21.04.2032,Действует,0
126-03-3168-1,Агрошанс,agroshans,ВК,"500 г/л МЦПА кислоты (смесь диметиламинной, калиевой, натриевой солей)",гербицид,ООО «Шанс»,1093668046812,II,III,01.06.2021,31.05.2031,Действует,0
192-03-10101-0,Адвайзер,advayzer,МСК,800 г/л С-Метолахлора + 56 г/л Изоксафлютол,гербицид,"ООО ГК ""ЗЕМЛЯКОФФ""",1037724060560,II,III,26.08.2026,25.08.2029,Действует,0
192-02-1114-1,Адванс,advans,ВДГ,800 г/кг Флутриафол,фунгицид,ООО ГК «ЗемлякоФФ»,1037724060560,III,III,06.05.2016,05.05.2026,Не действует,0
913-03-4471-1,Адвокат,advokat,ВР,480 г/л Дикамба (диметиламинная соль),гербицид,ООО ХИМСНАБ,1072312011617,III,III,26.04.2017,25.04.2027,Действует,0
042-03-441-1,Адекват,adekvat,ВР,150 г/л Дикват (дибромид),десикант,ООО «ФОРВАРД»,1105476055277,III,III,26.01.2014,27.10.2024,Не действует,0
014-02-661-1,Адексар,adeksar,КЭ,"62,5 г/л флуксапироксад + 62,5 г/л эпоксиконазол",фунгицид,«БАСФ СЕ»,,III,III,12.05.2015,11.05.2025,Не действует,0
019-03-1022-1,Аденго,adengo,КС,225 г/л Изоксафлютол + 90 г/л тиенкарбазон-метил + 150 г/л антидот ципросульфамид,гербицид,Байер КропСайенс АГ,,II,III,11.03.2016,10.03.2026,Не действует,0
019-03-9871-0,Аденго,adengo,КС,225 г/л Изоксафлютол + 90 г/л тиенкарбазон-метил + 150 г/л антидот ципросульфамид,гербицид,Байер КропСайенс АГ,,II,III,27.03.2026,26.03.2029,Действует,0
032-01-1050-1,Адмирал,admiral,КЭ,100 г/л Пирипроксифен,инсектицид,Сумитомо Кемикал Агро Юроп С.А.С.,,III,III,29.03.2016,28.03.2026,Не действует,0
082-02-4056-1,Азоксит,azoksit,КС,200 г/л Азоксистробин + 160 г/л Тебуконазол,фунгицид,ООО «Интер Групп»,1084312000420,II,II,04.04.2023,26.12.2025,Действует,0
046-02-2680-1,Азорит,azorit,СК,200 г/л Азоксистробин + 80 г/л Ципроконазол,фунгицид,ЗАО «ТПК «Техноэкспорт»,1025005325070,III,III,28.11.2017,27.11.2027,Не действует,0
046-02-5069-1,Азорит,azorit,СК,200 г/л Азоксистробин + 80 г/л Ципроконазол,фунгицид,ООО «Техноэкспорт»,1125042005175,III,III,29.08.2025,27.11.2027,Действует,0
018-02-1859-1,Азорро,azorro,КС,300 г/л Карбендазим + 100 г/л Азоксистробин,фунгицид,АО «Щелково Агрохим»,1025006519427,II,III,09.04.2018,08.04.2028,Действует,0
699-02-9777-1,Азумакс,azumaks,ВДГ,800 г/кг Каптан,фунгицид,"«Шандонг Вейфанг Рейнбоу Кемикал Ко., Лтд.»",,III,III,23.01.2026,22.01.2036,Действует,0
004(549)-01-5003-1,Айвенго,ayvengo,КЭ,100 г/л Альфа-ципермeтрин,инсектицид,"ООО НПО «РАХ», ООО «АгроХимИнвест»","1037706005050, 5137746013400",III,I,01.10.2020,30.09.2030,Действует,0
178-03-1073-1,Айкон,aykon,КЭ,"550 г/л 2,4-Д (малолетучие эфиры С7-С9)",гербицид,ООО «Агро Эксперт Груп»,1027708006996,II,III,12.04.2016,11.04.2026,Не действует,0
178-03-9765-0,Айкон,aykon,КЭ,"550 г/л 2,4-Д кислоты (малолетучие эфиры С7-С9)",гербицид,"ООО ""АГРО ЭКСПЕРТ ГРУП""",1027708006996,II,III,19.01.2026,18.01.2029,Действует,0
699-03-4759-1,Аймокс,aymoks,ВРГ,750 г/кг Клопиралид,гербицид,"«Шандонг Вейфанг Рейбоу Кемикал Ко., Лтд.",,II,III,23.12.2024,22.12.2034,Действует,0
029-02-2721-1,Аканто Плюс,akanto-plyus,КС,200 г/л Пикоксистробин + 80 г/л Ципроконазол,фунгицид,ООО «Дюпон Наука и Технологии»,,III,III,02.07.2020,01.07.2030,Действует,0
866-02-4773-0,Аканто Плюс КА,akanto-plyus-ka,КС,200 г/л Пикоксистробин + г/л Ципроконазол,фунгицид,ООО Кортева Агрисаенс Рус,1106195008787,III,III,10.01.2025,09.01.2028,Действует,0
389-01-1441-1,Акарб,akarb,ВДГ,250 г/кг Феноксикарб,инсектицид,ООО «АГРОПРОГРЕСС КЭМИКАЛС»,1157847140296,III,III,06.04.2017,05.04.2027,Действует,0
018-01-2796-1,Акардо,akardo,ККР,250 г/л Спиродиклофен,инсектицид,АО «Щелково Агрохим»,1025006519427,III,III,14.09.2020,13.09.2030,Действует,1
130-03-3276-1,Акбарс,akbars,КЭ,100 г/л феноксапроп-П-этил + 27 г/л антидот -клоквинтосет-мексил,гербицид,ООО «Резерв»,1082224012738,III,III,30.08.2021,29.08.2031,Действует,0
586-03-3478-1,Акебоно,akebono,КЭ,825 г/л С-Метолахлор + 75 г/л кломазон,гербицид,Глобакем НВ,,II,III,17.01.2022,21.04.2026,Действует,0
866-03-10098-0,Акелло,akello,КС,600 г/л Аклонифен,гербицид,"ООО ""ПРИОРИТЕТ ГРУПП""",1152312010740,III,III,25.08.2026,24.08.2029,Действует,0
050-03-3275-1,Акзифор,akzifor,КЭ,240 г/л Оксифлуорфен,гербицид,ЗАО «ФМРус»,1097746208207,III,III,26.08.2021,25.08.2031,Действует,0
178-01-3990-1,Акиба,akiba,ВСК,500 г/л Имидаклоприд,инсектицид,ООО «Агро Эксперт Груп»,1027708006996,III,-,27.02.2023,26.02.2033,Действует,0
082-01-2856-1,Аккорд,akkord,КЭ,100 г/л Альфа-ципермeтрин,инсектицид,ООО «Интер Групп»,1084312000420,III,I,10.11.2020,09.11.2030,Действует,1
058-03-848-1,Аккурат,akkurat,ВДГ,600 г/кг Метсульфурон-метил,гербицид,«КЕМИНОВА А/С»,,III,III,30.10.2015,29.10.2025,Не действует,0
334-03-2557-1,Акрис,akris,СЭ,250 г/л тербутилазин + 280 г/л Диметенамид-Р,гербицид,БАСФ Корпорэйшн,,III,III,05.03.2020,04.03.2030,Действует,0
015-02-2310-1,Акробат МЦ,akrobat-mts,ВДГ,600 г/кг Манкоцеб + 90 г/кг Диметоморф,фунгицид,БАСФ Агро Б.В.,,II,III,10.07.2019,09.07.2029,Действует,0
097-03-3100-1,Аксакал,aksakal,КЭ,"11,25 г/л антидот -клоквинтосет-мексил + 45 г/л Пиноксаден",гербицид,ООО «АГРус»,5087746677893,III,III,09.04.2021,08.04.2031,Действует,0
002-03-4330-0,Аксакал Плюс,aksakal-plyus,КЭ,"50 г/л Пиноксаден + 6,25 г/л флорасулам + 12,5 г/л антидот клоквинтосет-мексил",гербицид,ООО «АГРУСХИМ»,1057747562509,III,III,21.12.2023,20.12.2026,Действует,0
002-03-4340-0,Аксакал Практик,aksakal-praktik,КЭ,50 г/л Пиноксаден + 50 г/л феноксапроп-П-этил + 25 г/л антидот – клоквинтосет-мексил,гербицид,ООО «АГРУСХИМ»,1057747562509,II,III,28.12.2023,27.12.2026,Действует,0
177-08-3527-1,Аксела,aksela,Г,30 г/кг Метальдегид,моллюскоцид,Арксада Лтд,,III,-,15.12.2016,14.12.2026,Действует,0
041-03-2074-1,Аксиал 50,aksial-50,КЭ,"50 г/л Пиноксаден + 12,5 г/л антидот -клоквинтосет-мексил",гербицид,ООО «Сингента»,1037739325271,III,III,29.01.2019,28.01.2029,Действует,0
041-03-3495-1,Аксиал Кросс,aksial-kross,КЭ,"45 г/л Пиноксаден + 11,25 г/л клоквинтосет-мексил + 5 г/л флорасулам",гербицид,ООО «Сингента»,1037739325271,III,III,10.02.2022,09.02.2032,Действует,0
278-02-4115-1,Аксиома,aksioma,КС,500 г/л Карбендазим,фунгицид,ООО ЭЛЛИПСАГРО,1142308002495,II,III,05.11.2019,04.11.2029,Действует,0
041-01-4386-0,Актара,aktara,ВДГ,250 г/кг Тиаметоксам,инсектицид,ООО «Сингента»,1037739325271,III,I,26.01.2024,25.01.2027,Действует,1
041-01-4549-1,Актеллик,aktellik,КЭ,500 г/л Пиримифос-метил,инсектицид,ООО «Сингента»,1037739325271,II,I,02.05.2024,01.05.2034,Действует,0
042(275)-03-823-1,Актеон,akteon,ВР,267 г/л Клопиралид + 67 г/л пиклорам,гербицид,"ООО «ФОРВАРД», ООО «АГРОДИМ»","1105476055277, 1136449005351",III,III,28.10.2015,27.10.2025,Не действует,0
018-03-4688-1,Актион,aktion,КС,500 г/л этофумезат,гербицид,АО «Щелково Агрохим»,1025006519427,III,III,04.10.2024,03.10.2034,Действует,0
010(038)-03-4072-0,Актуаль,aktual,ВР,480 г/л Глифосат кислоты (изопропиламинная соль),гербицид,"ООО «ЛИСТЕРРА», ООО «АГРОКОМ»","1057749556930, 1077758212685",III,III,24.04.2023,23.04.2026,Не действует,0
038-03-9877-0,Актуаль,aktual,ВР,480 г/л Глифосата кислота (изопропиламинная соль),гербицид,ООО «АГРОКОМ»,1077758212685,II,III,27.03.2026,26.03.2029,Действует,0
010-03-2639-1,Акцент,aktsent,КЭ,150 г/л Клетодим + 75 г/л галоксифоп-Р-метил,гербицид,ООО «ЛИСТЕРРА»,1057749556930,III,III,03.04.2020,02.04.2030,Действует,0
050-03-4293-0,Алгоритм,algoritm,КЭ,480 г/л кломазон,гербицид,ЗАО «ФМРус»,1097746208207,III,III,11.12.2023,10.12.2026,Действует,0
197-03-4271-0,Алебарда,alebarda,КЭ,23 г/л Пиноксаден + 23 г/л феноксапроп-П-этил + 6 г/л антидот – клоквинтосет-мексил,гербицид,ООО «Агрохим ХХ1»,5067746338150,II,III,01.12.2023,30.11.2026,Действует,0
015-02-723-1,Алиос,alios,КС,300 г/л тритиконазол,фунгицид,БАСФ Агро Б.В.,,III,-,29.07.2015,28.07.2025,Не действует,0
021-01-4205-1,Алиот,aliot,КЭ,570 г/л Малатион,инсектицид,АО Фирма «Август»,1025006038958,II,I,20.09.2023,19.09.2033,Действует,0
139-02-2116-1,Алирин-Б,alirin-b,СП,"10¹¹ КОЕ/г Bacillussubtilis, штамм В-10 ВИЗР",фунгицид,ООО Управляющая компания «АБТ-групп»,,IV,III,04.03.2019,03.03.2029,Действует,0
139-02-2348-1,Алирин-Б,alirin-b,ТАБ,"10⁹ КОЕ/г Bacillussubtilis, штамм В-10 ВИЗР",фунгицид,ООО Управляющая компания «АБТ-групп»,,IV,III,15.08.2019,14.08.2029,Действует,1
139-02-3307-1,Алирин-Б,alirin-b,Ж,"10⁹ КОЕ/Мл Bacillussubtilis, штамм В-10 ВИЗР",фунгицид,ООО Управляющая компания «АБТ-групп»,,IV,III,21.09.2021,20.09.2031,Действует,0
019-03-4052-1,Алистер Гранд,alister-grand,МД,"6 г/кг мезосульфурон-метил + 4,5 г/кг йодосульфурон-метил-натрий + 180 г/кг Дифлюфеникан + 27 г/кг антидот мефенпир-диэтил",гербицид,Байер КропСайенс АГ,,III,III,29.03.2023,28.03.2033,Действует,0
178-03-2209-1,Аллерт,allert,СТС,750 г/кг тифенсульфурон-метил,гербицид,ООО «Агро Эксперт Груп»,1027708006996,III,III,26.04.2019,25.04.2029,Действует,0
178-03-9676-1,Аллерт Флюид,allert-flyuid,МД,150 г/л тифенсульфурон-метил,гербицид,"ООО ""АГРО ЭКСПЕРТ ГРУП""",1027708006996,III,III,17.11.2025,16.11.2035,Действует,0
021-03-2825-1,Алсион,alsion,ВДГ,750 г/кг тифенсульфурон-метил,гербицид,АО Фирма «Август»,1025006038958,III,III,08.10.2020,07.10.2030,Действует,0
130-01-3479-1,АлтАльф,altalf,КЭ,100 г/л Альфа-ципермeтрин,инсектицид,ООО «Резерв»,1082224012738,III,I,19.01.2022,18.01.2032,Действует,0
130-02-3286-1,АлтСил,altsil,КС,60 г/л Тебуконазол,фунгицид,ООО «Резерв»,1082224012738,II,-,06.09.2021,05.09.2031,Действует,0
130-01-3344-1,Алтын,altyn,КЭ,50 г/л лямбда-цигалотрин,инсектицид,ООО «Резерв»,1082224012738,III,I,25.10.2021,24.10.2031,Действует,0
424-01-4618-1,Алфос,alfos,ТАБ,560 г/кг Алюминия фосфид,инсектицид,ООО «ГРАНУМ»,1147746366261,I,-,18.06.2024,17.06.2034,Действует,0
699-03-4760-1,Алхимик,alhimik,КЭ,140 г/л феноксапроп-П-этил + 90 г/л Клодинафоп-пропаргил + 60 г/л антидот -клоквинтосет-мексил,гербицид,"«Шандонг Вейфанг Рейбоу Кемикал Ко., Лтд.",,II,III,23.12.2024,22.12.2034,Действует,0
081-02-2950-1,Альбит,albit,ТПС,"181,5 г/кг карбамид + 6,2 г/кг Поли-бета-гидроксимасляная кислота + 29,8 г/кг магний сернокислый + 91,1 г/кг калий фосфорнокислый + 91,2 г/кг калий азотнокислый",фунгицид,ООО «НПФ «Альбит»,1025007774285,IV,III,23.12.2020,22.12.2030,Действует,1
081-07-866-1,Альбит,albit,ТПС,"91,1 г/кг калий фосфорнокислый + 6,2 г/кг Поли-бета-гидроксимасляная кислота + 29,8 г/кг магний сернокислый + 91,2 г/кг калий азотнокислый + 181,5 г/кг карбамид",регулятор роста,ООО «НПФ «Альбит»,1025007774285,IV,III,26.11.2015,25.11.2025,Не действует,1
081-07-9800-1,Альбит,albit,ТПС,"6,2 г/кг Поли-бета-гидроксимасляная кислота + 29,8 г/кг магний сернокислый + 91,1 г/кг калий фосфорнокислый двузамещенный + 91,2 г/кг калий азотнокислый + 181,5 г/кг карбамид",регулятор роста,ООО НПФ «Альбит»,1025007774285,IV,III,04.03.2026,03.03.2036,Действует,1
002-02-3585-1,Алькасар,alkasar,КС,"30 г/л Дифеноконазол + 6,3 г/л Ципроконазол",фунгицид,ООО «АГРУСХИМ»,1057747562509,III,-,04.04.2022,03.04.2032,Действует,0
002-02-9976-0,Алькасар Макс,alkasar-maks,КС,90 г/л Дифеноконазол + 45 г/л Тебуконазол + 40 г/л Пираклостробин,фунгицид,"ООО ""АГРУСХИМ""",1057747562509,II,-,25.05.2026,24.05.2029,Действует,0
002-02-2427-1,Алькор,alkor,КС,400 г/л Ципроконазол,фунгицид,ООО «АГРУСХИМ»,1057747562509,III,III,15.10.2019,14.10.2029,Действует,0
549(347)-02-4262-1,Альпари,alpari,КЭ,250 г/л Пропиконазол + 80 г/л Ципроконазол,фунгицид,"ООО «АгроХимИнвест», ООО «АГРОИМПЭКС»","5137746013400, 1157746689484",III,III,23.11.2023,22.11.2033,Действует,0
046-02-4728-0,Альтазол,altazol,КЭ,250 г/л Пропиконазол + 80 г/л Ципроконазол,фунгицид,ЗАО «ТПК «Техноэкспорт»,1025005325070,III,III,26.11.2024,25.11.2027,Не действует,0
046-02-5046-0,Альтазол,altazol,КЭ,250 г/л Пропиконазол + 80 г/л Ципроконазол,фунгицид,ООО «Техноэкспорт»,1125042005175,III,III,29.08.2025,25.11.2027,Действует,0
046-02-4067-1,Альтазол Форте,altazol-forte,КЭ,200 г/л Тебуконазол + 300 г/л Пропиконазол,фунгицид,ЗАО «ТПК «Техноэкспорт»,1025005325070,II,III,24.04.2023,23.04.2033,Не действует,0
046-02-4997-1,Альтазол Форте,altazol-forte,КЭ,200 г/л Тебуконазол + 300 г/л Пропиконазол,фунгицид,ООО «Техноэкспорт»,1125042005175,II,III,29.08.2025,23.04.2033,Действует,0
010-01-2656-1,Альтаир,altair,КЭ,100 г/л Альфа-ципермeтрин,инсектицид,ООО «ЛИСТЕРРА»,1057749556930,II,I,21.04.2020,20.04.2030,Действует,0
192-01-2333-1,Альтерр,alterr,КЭ,100 г/л Альфа-ципермeтрин,инсектицид,ООО ГК «ЗемлякоФФ»,1037724060560,III,I,25.07.2019,24.07.2029,Действует,0
041-02-4736-1,Альто Супер,alto-super,КЭ,250 г/л Пропиконазол + 80 г/л Ципроконазол,фунгицид,ООО «Сингента»,1037739325271,III,III,27.11.2024,26.11.2034,Действует,0
041-02-495-1,Альто Супер,alto-super,КЭ,250 г/л Пропиконазол + 80 г/л Ципроконазол,фунгицид,ООО «Сингента»,1037739325271,III,III,29.12.2014,28.12.2024,Не действует,0
041-02-4414-0,Альто Турбо,alto-turbo,КЭ,250 г/л Пропиконазол + 160 г/л Ципроконазол,фунгицид,ООО «Сингента»,1037739325271,III,III,15.02.2024,14.02.2027,Действует,0
010(011)-02-1571-1,Альтруист,altruist,КЭ,60 г/л Азоксистробин + 100 г/л Тебуконазол,фунгицид,"ООО «ЛИСТЕРРА», ПАНАМА АГРОКЕМИКАЛС ИНК.",1057749556930,II,III,21.11.2016,20.11.2026,Действует,0
010-02-2741-1,Альтруист,altruist,СК,60 г/л Азоксистробин + 100 г/л Тебуконазол,фунгицид,ООО «ЛИСТЕРРА»,1057749556930,II,III,13.08.2020,12.08.2030,Действует,0
062-01-324-1,Альфа-Амиприд,alfa-amiprid,РП,200 г/кг Ацетамиприд,инсектицид,ООО «АЛЬФАХИМГРУПП»,,III,III,15.04.2014,14.04.2024,Не действует,0
062-03-846-1,Альфа-Гард,alfa-gard,ВДГ,750 г/кг тифенсульфурон-метил,гербицид,ООО «АЛЬФАХИМГРУПП»,,III,III,30.10.2015,29.10.2025,Не действует,0
062-01-657-1,Альфа-Директор,alfa-direktor,КЭ,400 г/л Диметоат,инсектицид,ООО «АЛЬФАХИМГРУПП»,,II,I,30.04.2015,29.04.2025,Не действует,0
062-03-560-1,Альфа-Прометрин,alfa-prometrin,КС,500 г/л Прометрин,гербицид,ООО «АЛЬФАХИМГРУПП»,,III,III,16.02.2015,15.02.2025,Не действует,0
062-01-349-1,Альфа-Серф,alfa-serf,ВК,200 г/л Имидаклоприд,инсектицид,ООО «АЛЬФАХИМГРУПП»,,III,I,16.05.2014,15.05.2024,Не действует,0
184(026)-01-2445-1,Альфа-Ципи,alfa-tsipi,КЭ,100 г/л Альфа-ципермeтрин,инсектицид,"Агрия АД, ООО «Агрорус и Ко»",,II,I,31.10.2019,30.10.2029,Действует,0
277-01-4903-0,Альфабел,alfabel,КЭ,100 г/л Альфа-ципермeтрин,инсектицид,ООО «БЕЛИН»,1127747077622,III,I,19.06.2025,18.06.2028,Действует,0
277-01-570-1,Альфабел,alfabel,КЭ,100 г/л Альфа-ципермeтрин,инсектицид,ООО «БЕЛИН»,1127747077622,II,I,25.02.2015,24.02.2025,Не действует,0
653-01-3756-1,Альфаметрин,alfametrin,КЭ,100 г/л Альфа-ципермeтрин,инсектицид,ООО «СЭЙФТИ ФИЛД КОРПОРЭЙШН»,1112310006104,III,I,15.07.2022,14.07.2032,Действует,0
322-01-4716-1,Альфаплан,alfaplan,КС,200 г/л Альфа-ципермeтрин,инсектицид,Ариста ЛайфСайенс Бенилюкс СПРЛ,,III,I,16.04.2015,15.04.2025,Не действует,0
322-01-946-1,Альфаплан,alfaplan,КС,200 г/л Альфа-ципермeтрин,инсектицид,Ариста ЛайфСайенс Бенилюкс СПРЛ,,III,I,16.04.2015,15.04.2025,Не действует,0
682-03-4521-1,Альфард,alfard,ВР,250 г/л фомесафен,гербицид,ООО «НПК ХИМИЯ»,1197746012199,III,III,22.04.2024,21.04.2034,Действует,0
098-07-564-1,Альфастим,alfastim,ВЭ,100 г/л Тритерпеновые кислоты,регулятор роста,ООО «ПОЛИДОН Агро»,1127747201713,III,III,19.02.2015,18.02.2025,Не действует,1
070-01-3367-1,Альфатек,alfatek,КЭ,100 г/л Альфа-ципермeтрин,инсектицид,ООО «АГРОМИР»,1187746148424,III,I,16.11.2021,15.11.2031,Действует,0
682(913)-01-4415-1,Альфацин,alfatsin,КЭ,100 г/л Альфа-ципермeтрин,инсектицид,"ООО «НПК ХИМИЯ», ООО ХИМСНАБ","1197746012199, 1072312011617",III,I,06.03.2024,24.03.2032,Действует,1
050(360)-01-4461-1,Альфашанс,alfashans,КЭ,100 г/л Альфа-ципермeтрин,инсектицид,"ЗАО «ФМРус», ООО «АГРОХИМИНВЕСТ","1097746208207, 1027743011207",III,I,25.03.2024,24.03.2034,Действует,0
085-01-4163-1,Альфин,alfin,ТАБ,560 г/кг Алюминия фосфид,инсектицид,ООО «Ярило»,1083123001500,I,-,20.07.2023,19.07.2033,Действует,0
097-03-2421-1,Аметил,ametil,ВРК,"500 г/л МЦПА кислоты (смесь диметиламинной, калиевой, натриевой солей)",гербицид,ООО «АГРус»,5087746677893,II,III,06.11.2019,05.11.2029,Действует,0
002-03-2086-1,Аминка,aminka,ВР,"600 г/л 2,4-Д (диметиламинная соль)",гербицид,ООО «АГРУСХИМ»,1057747562509,II,III,31.01.2019,30.01.2029,Действует,0
097-03-3362-1,Аминка Трио,aminka-trio,СЭ,"300 г/л 2,4-Д кислота (2-этилгексиловый эфир) + 51 г/л пиклорам + 6,25 г/л флорасулам",гербицид,"+ 51 г/л пиклорам + 6,25 г/л флорасулам) ООО «АГРус»",5087746677893,II,III,10.11.2021,09.11.2031,Действует,0
002-03-4928-1,Аминка ФЛО,aminka-flo,СЭ,"410 г/л 2,4-Д кислота (сложный 2-этилгексиловый эфир) + 15 г/л флорасулам",гербицид,+ 15 г/л флорасулам) ООО «АГРУСХИМ»,1057747562509,II,III,25.06.2025,24.06.2035,Действует,0
097-03-899-1,Аминка ФЛО,aminka-flo,КЭ,"550 г/л 2,4-Д (малолетучие эфиры С7-С9) + 7,4 г/л флорасулам",гербицид,"+ 7,4 г/л флорасулам) ООО «АГРус»",5087746677893,II,III,16.12.2015,15.12.2025,Не действует,0
002-03-2087-1,Аминка ЭФ,aminka-ef,КЭ,"550 г/л 2,4-Д (малолетучие эфиры С7-С9)",гербицид,ООО «АГРУСХИМ»,1057747562509,II,III,31.01.2019,30.01.2029,Действует,0
156-03-1748-1,Аминопелик,aminopelik,ВР,"600 г/л 2,4-Д (диметиламинная соль)",гербицид,ООО «АДАМА РУС»,1062310039934,II,III,05.02.2018,04.02.2028,Действует,0
971-01-9926-0,Аминтас,amintas,КС,600 г/л Тиаметоксам,инсектицид,"ООО ""ПРОЛАЙН""",1230200002020,III,-,29.04.2026,28.04.2029,Действует,0
041-02-1854-1,Амистар Голд,amistar-gold,СК,125 г/л Азоксистробин + 125 г/л Дифеноконазол,фунгицид,ООО «Сингента»,1037739325271,III,III,05.04.2018,04.04.2028,Действует,0
041-02-2059-1,Амистар Нэкст,amistar-nekst,МД,200 г/л Азоксистробин + 80 г/л Ципроконазол,инсектицид,ООО «Сингента»,1037739325271,III,III,16.11.2018,15.11.2028,Действует,0
041-02-2676-1,Амистар Топ,amistar-top,СК,200 г/л Азоксистробин + 125 г/л Дифеноконазол,фунгицид,ООО «Сингента»,1037739325271,III,III,26.05.2020,25.05.2030,Действует,0
041-02-2485-1,Амистар Трио,amistar-trio,КЭ,125 г/л Пропиконазол + 100 г/л Азоксистробин + 30 г/л Ципроконазол,фунгицид,ООО «Сингента»,1037739325271,II,III,05.12.2019,04.12.2029,Действует,0
041-02-2076-1,Амистар Экстра,amistar-ekstra,СК,200 г/л Ципроконазол + 80 г/л Азоксистробин,фунгицид,ООО «Сингента»,1037739325271,II,III,29.01.2019,28.01.2029,Действует,0
682-03-4242-0,Ампир,ampir,ВР,360 г/л Глифосат кислоты (изопропиламинная соль),гербицид,ООО «НПК ХИМИЯ»,1197746012199,II,III,27.10.2023,26.10.2026,Действует,0
682-03-4376-0,Ампир Экстра,ampir-ekstra,ВР,540 г/л Глифосат кислоты (калиевая соль),гербицид,ООО «НПК ХИМИЯ»,1197746012199,II,III,24.01.2024,23.01.2027,Действует,0
041-01-1427-1,Амплиго,ampligo,МКС,50 г/л лямбда-цигалотрин + 100 г/л Хлорантранилипрол,инсектицид,ООО «Сингента»,1037739325271,III,I,29.03.2017,28.03.2027,Действует,0
002-02-4974-0,Амплитуд,amplitud,СК,400 г/л Тирам + 30 г/л Дифеноконазол,фунгицид,"ООО «АГРУСХИМ""",1057747562509,II,-,05.08.2025,04.08.2028,Действует,0
297-02-10096-0,Анемон,anemon,КЭ,250 г/л Пропиконазол + 80 г/л Ципроконазол,фунгицид,ООО «Франдеса»,,III,II,25.08.2026,24.08.2029,Действует,0
297-02-664-1,Анемон,anemon,КЭ,250 г/л Пропиконазол + 80 г/л Ципроконазол,фунгицид,ООО «Франдеса»,,III,III,19.05.2015,18.05.2025,Не действует,0
070-02-3864-1,Анкер Трио,anker-trio,КС,60 г/л Тиабендазол + 60 г/л Тебуконазол + 40 г/л Имазалил,фунгицид,ООО «АГРОМИР»,1187746148424,II,-,10.11.2022,09.11.2032,Действует,0
111-03-2523-1,Анкор-85,ankor-85,ВДГ,750 г/кг Сульфометурон-метила кислота (калиевая соль),гербицид,ООО «Гербицид Первый»,1187746605903,III,III,07.02.2020,27.03.2026,Действует,1
184-02-9700-1,Анонс,anons,КС,175 г/л Протиоконазол + 150 г/л Трифлоксистробин,фунгицид,ООО «Агрорус и Ко»,,III,III,02.12.2025,01.12.2035,Действует,0
010-02-2190-1,Ансамбль,ansambl,КС,25 г/л Тиабендазол + 25 г/л Флутриафол,фунгицид,ООО «ЛИСТЕРРА»,1057749556930,II,-,05.04.2019,04.04.2029,Действует,0
050(360)-03-3156-1,Антарес,antares,ВК,"500 г/л МЦПА кислоты (смесь диметиламинной, калиевой, натриевой солей)",гербицид,"ЗАО «ФМРус», ООО «АГРОХИМИНВЕСТ","1097746208207, 1027743011207",II,III,21.05.2021,20.05.2031,Действует,0
156-07-2120-1,Антивылегач,antivylegach,ВР,675 г/л Хлормекватхлорид,регулятор роста,ООО «АДАМА РУС»,1062310039934,III,III,22.02.2019,21.02.2029,Действует,0
126-06-3845-1,Антимышин,antimyshin,Г,"2,5 г/л Бродифакум",родентицид,ООО «Шанс»,1093668046812,II,-,27.10.2022,26.10.2032,Действует,0
560-01-2329-1,Антитлин,antitlin,П,9 г/кг Никотин,инсектицид,ЗАО «КОСТРОМСКОЙ ХИМЗАВОД»,1024400511970,III,III,24.07.2019,23.07.2029,Действует,1
019-02-2981-1,Антракол,antrakol,ВДГ,700 г/кг Пропинеб,фунгицид,Байер КропСайенс АГ,,II,III,21.01.2021,20.01.2031,Действует,0
197-02-9753-0,Аншлаг,anshlag,КС,500 г/л хлороталонил,фунгицид,"ООО ""АГРОХИМ-XXI""",5067746338150,II,III,13.01.2026,12.01.2029,Действует,0
018-01-3914-1,Апекс,apeks,МКЭ,100 г/л Пирипроксифен,инсектицид,АО «Щелково Агрохим»,1025006519427,III,III,19.12.2022,18.12.2032,Действует,1
018-02-10052-0,Апогей,apogey,КС,400 г/л Тирам,фунгицид,"АО ""ЩЕЛКОВО АГРОХИМ""",1025006519427,III,III,29.07.2026,28.07.2029,Действует,0
156-01-4643-1,Аполло,apollo,КС,500 г/л Клофентезин,инсектицид,ООО «АДАМА РУС»,1062310039934,III,III,23.07.2024,22.07.2034,Действует,1
782-01-3477-1,Апплауд,applaud,СП,250 г/кг Бупрофезин,инсектицид,Ничино Юроп Ко. Лтд.,,III,III,25.01.2022,24.01.2032,Действует,0
156-03-2023-1,Априори,apriori,ВДГ,570 г/кг Мезотрион + 230 г/кг никосульфурон,гербицид,ООО «АДАМА РУС»,1062310039934,III,III,25.10.2018,24.10.2028,Действует,0
126-03-4496-1,Апроватор,aprovator,КЭ,"45 г/л Пиноксаден + 11,25 г/л антидот -клоквинтосет-мексил",гербицид,ООО «Шанс»,1093668046812,II,III,01.04.2024,31.03.2034,Действует,0
126-03-9718-0,Апроватор Ультра,aprovator-ultra,КЭ,"68 г/л Клодинафоп-пропаргил + 54,5 г/л Пиноксаден + 31 г/л антидот клоквинтосет-мексил",гербицид,"ООО ""ШАНС""",1093668046812,II,III,10.12.2025,09.12.2028,Действует,0
041-02-2975-1,Апрон Голд,apron-gold,ВЭ,350 г/л Мефеноксам,фунгицид,ООО «Сингента»,1037739325271,III,-,13.01.2021,12.01.2031,Действует,0
869-03-4765-1,Апстейдж,apsteydzh,МКС,360 г/л кломазон,гербицид,ЮПЛ Холдингс Кооператив Ю.А.,,III,III,23.12.2024,22.12.2034,Действует,0
184(026)-03-3474-1,Арабеск,arabesk,СЭ,"410 г/л 2,4-Д кислоты (2-этилгексиловый эфир) + 7,4 г/л флорасулам",гербицид,"+ 7,4 г/л флорасулам) ООО «Агрорус и Ко», Агрия АД",,II,III,17.01.2022,16.01.2032,Действует,0
082-03-924-1,Арбалет,arbalet,СЭ,"300 г/л 2,4-Д кислоты (2-этилгексиловый эфир) + 6,25 г/л флорасулам",гербицид,"+ 6,25 г/л флорасулам) ООО «Интер Групп»",1084312000420,II,III,24.12.2015,23.12.2025,Не действует,0
082-03-9761-0,Арбалет,arbalet,СЭ,"300 г/л 2,4-Д кислота (2-этилгексиловый эфир) + 6,25 г/л флорасулам",гербицид,"+ 6,25 г/л флорасулам) ООО ""ИНТЕР ГРУПП""",1084312000420,II,III,16.01.2026,15.01.2029,Действует,0
966-03-4835-0,Арби-С,arbi-s,СП,500 г/кг трифлусульфурон-метил,гербицид,ООО «КРОПЭКС»,1037706002773,III,III,25.03.2025,24.03.2028,Действует,0
489-03-2982-1,Арбитр АГ,arbitr-ag,СП,500 г/кг трифлусульфурон-метил,гербицид,ООО «ЭфЭмСи»,1037706002773,III,III,21.01.2021,20.01.2031,Действует,0
054-03-2481-1,Арбонал,arbonal,ВК,250 г/л Имазапир,гербицид,ООО «Новокеми»,,III,III,21.11.2019,20.11.2029,Действует,0
050-03-3457-1,Аргамак,argamak,ВДГ,750 г/кг трибенурон-метил,гербицид,ЗАО «ФМРус»,1097746208207,III,III,28.12.2021,27.12.2031,Действует,0
018-03-9714-1,Арго,argo,МЭ,80 г/л феноксапроп-П-этил + 24 г/л Клодинафоп-пропаргил + 30 г/л антидот мефенпир-диэтила,гербицид,"АО ""ЩЕЛКОВО АГРОХИМ""",1025006519427,II,III,09.12.2025,08.12.2035,Действует,0
018-03-3783-1,Арго Прим,argo-prim,МЭ,90 г/л феноксапроп-П-этил + 45 г/л Клодинафоп-пропаргил + 40 г/л антидот -клоквинтосет-мексил,гербицид,АО «Щелково Агрохим»,1025006519427,III,III,09.09.2022,08.09.2032,Действует,0
607-03-4064-0,Аргумент,argument,ВР,360 г/л Глифосат кислоты (изопропиламинная соль),гербицид,Рейбоу Агросайенс Кфт.,,II,III,18.04.2023,17.04.2026,Не действует,0
871-03-4076-0,Аргумент Стар,argument-star,ВР,540 г/л Глифосат кислоты (калиевая соль),гербицид,Рейбоу Агросайенс Кфт.,,III,III,26.04.2023,25.04.2026,Не действует,0
871-03-9887-0,Аргумент Стар,argument-star,ВР,540 г/л Глифосат кислоты (калиевая соль),гербицид,Рейнбоу Агросайенсиз Кфт.,,II,III,08.04.2026,07.04.2029,Действует,0
046-03-4359-1,Аризон,arizon,МД,"75 г/л Мезотрион + 30 г/л никосульфурон + 3,5 г/л флорасулам",гербицид,ЗАО «ТПК «Техноэкспорт»,1025005325070,III,III,15.01.2024,14.01.2034,Не действует,0
046-03-5068-1,Аризон,arizon,МД,"75 г/л Мезотрион + 30 г/л никосульфурон + 3,5 г/л флорасулам",гербицид,ООО «Техноэкспорт»,1125042005175,III,III,29.08.2025,14.01.2034,Действует,0
192-03-10034-0,Аристократ Супер,aristokrat-super,ВР,540 г/л Глифосата кислота (калиевая соль),гербицид,"ООО ГК ""ЗЕМЛЯКОФФ""",1037724060560,II,III,07.07.2026,06.07.2029,Действует,0
192-03-4030-0,Аристократ Супер,aristokrat-super,ВР,540 г/л Глифосат кислоты (калиевая соль),гербицид,ООО ГК «ЗемлякоФФ»,1037724060560,II,III,15.03.2023,14.03.2026,Не действует,0
192-01-1473-1,Ария,ariya,КС,250 г/л Фипронил,инсектицид,ООО ГК «ЗемлякоФФ»,1037724060560,II,I,19.04.2017,18.04.2027,Действует,0
062-03-2640-1,Аркан,arkan,ВДГ,250 г/кг римсульфурон + 150 г/кг тифенсульфурон-метил + 80 г/кг флорасулам,гербицид,ООО «АЛЬФАХИМГРУПП»,,III,III,03.04.2020,02.04.2030,Действует,0
012-01-5025-1,Аркана,arkana,КС,240 г/л Тиаметоксам,инсектицид,ООО Фирма «Зеленая Аптека Садовода»,1037700040564,III,I,09.06.2023,08.06.2033,Действует,1
082-02-4343-1,Армадекс,armadeks,КС,500 г/л Карбендазим,фунгицид,ООО «Интер Групп»,1084312000420,II,III,28.12.2023,27.12.2033,Действует,0
606-01-3745-1,Армин,armin,КЭ,100 г/л Альфа-ципермeтрин,инсектицид,Батор Агри Кфт.,,II,I,15.12.2014,14.12.2024,Не действует,0
051-01-668-1,Арриво,arrivo,КЭ,250 г/л циперметрин,инсектицид,ФМС Кемикал,,II,I,22.05.2015,21.05.2025,Не действует,0
300-07-683-1,Артафит,artafit,ВРК,100 г/л Полидиаллилдиметиламмоний хлорид,регулятор роста,ООО «НПИЦ БиоГрадис»,,III,III,15.06.2015,14.06.2025,Не действует,0
019-03-1624-1,Артист,artist,ВДГ,240 г/кг флуфенацет + 175 г/кг Метрибузин,гербицид,Байер КропСайенс АГ,,III,III,21.11.2017,20.11.2027,Действует,0
010-02-2275-1,Артстар,artstar,ВДГ,750 г/кг трибенурон-метил,гербицид,ООО «ЛИСТЕРРА»,1057749556930,III,III,17.06.2019,16.06.2029,Действует,0
010-03-2275-1,Артстар,artstar,ВДГ,750 г/кг трибенурон-метил,гербицид,ООО «ЛИСТЕРРА»,1057749556930,III,III,17.06.2019,16.06.2029,Действует,0
590-02-4990-1,Арфа,arfa,КС,250 г/л Боскалид + 50 г/л Дифеноконазол,фунгицид,ООО ФРАНДЕСА,1157746513055,III,III,20.08.2025,19.08.2035,Действует,0
014-02-2847-1,Архитект,arhitekt,СЭ,100 г/л Пираклостробин + 25 г/л прогексадион кальция + 150 г/л мепикват-хлорид,фунгицид,«БАСФ СЕ»,,III,III,06.11.2020,05.11.2030,Действует,0
014-07-3176-1,Архитект,arhitekt,С,25 г/л прогексадион кальция + 150 г/л мепикват-хлорид + 100 г/л Пираклостробин,регулятор роста,«БАСФ СЕ»,,III,III,07.06.2021,06.06.2031,Действует,0
197-03-2459-1,Ас,as,ВК,250 г/л Имазапир,гербицид,ООО «Агрохим ХХ1»,5067746338150,III,III,07.11.2019,06.11.2029,Действует,0
070-02-4793-1,Асинуин,asinuin,СК,240 г/л Азоксистробин + 160 г/л эпоксиконазол,фунгицид,ООО «АГРОМИР»,1187746148424,III,III,29.01.2025,29.01.2035,Действует,0
021-01-2278-1,Аспид,aspid,СК,480 г/л Тиаклоприд,инсектицид,АО Фирма «Август»,1025006038958,II,III,17.06.2019,29.12.2025,Действует,0
966-02-4897-0,Ассанж,assanzh,КС,375 г/л флуазинам + 150 г/л Азоксистробин,фунгицид,ООО «КРОПЭКС»,1037706002773,III,III,02.06.2025,01.06.2028,Действует,0
126-03-9924-1,Ассегай,assegay,СЭ,"312,5 г/л Пропизохлор + 187,5 г/л тербутилазин",гербицид,"ООО ""ШАНС""",1093668046812,II,III,24.04.2026,23.04.2036,Действует,0
178-03-2167-1,Ассолюта,assolyuta,МК,"5,35 г/л флорасулам + 300 г/л 2,4-Д кислоты (2-этилгексиловый эфир)",гербицид,ООО «Агро Эксперт Груп»,1027708006996,II,III,27.03.2019,26.03.2029,Действует,0
178-03-2429-1,Ассолюта Прайм,assolyuta-praym,МК,"410 г/л 2,4-Д (сложный 2-этилгексиловый эфир) + 15 г/л флорасулам",гербицид,+ 15 г/л флорасулам) ООО «Агро Эксперт Груп»,1027708006996,II,III,16.10.2019,15.10.2029,Действует,0
050-03-4488-1,Астэрикс,asteriks,СЭ,"300 г/л 2,4-Д (сложный 2-этилгексиловый эфир) + 6,25 г/л флорасулам",гербицид,"+ 6,25 г/л флорасулам) ЗАО «ФМРус»",1097746208207,II,III,29.03.2024,28.03.2034,Действует,0
997-01-9932-1,Асфицид Био,asfitsid-bio,КЭ,700 г/л Мальтодекстрин,инсектицид,ООО «Рустарк»,1022303582290,III,III,29.04.2026,28.04.2036,Действует,0
066-01-831-1,Атаброн,atabron,КС,107 г/л Хлорфлуазурон,инсектицид,ИСК Биосаенсис Юроп Н.В.,,III,II,29.10.2015,28.10.2025,Не действует,0
066-01-9798-1,Атаброн,atabron,КС,107 г/л Хлорфлуазурон,инсектицид,ИСК Биосайенсис Юроп,,III,III,02.03.2026,01.03.2036,Не действует,0
066-01-9802-1,Атаброн,atabron,КС,107 г/л Хлорфлуазурон,инсектицид,ИСК Биосайенсис Юроп,,III,III,04.03.2026,29.04.2026,Действует,0
023(197)-02-2468-1,Атлант,atlant,КЭ,250 г/л Пропиконазол,фунгицид,"ООО «Агрохим ХХ1», ООО «АНПП «Агрохим-XXI»","5067746338150, 1027700119710",III,III,13.11.2019,12.11.2029,Действует,0
023-02-1368-1,Атлант Супер,atlant-super,КЭ,250 г/л Пропиконазол + 80 г/л Ципроконазол,фунгицид,ООО «АНПП «Агрохим-XXI»,1027700119710,III,III,16.02.2017,15.02.2027,Действует,0
012-07-772-1,Атлет,atlet,ВР,600 г/л Хлормекватхлорид,регулятор роста,ООО Фирма «Зеленая Аптека Садовода»,1037700040564,III,III,07.09.2015,06.09.2025,Не действует,1
002-03-3781-1,АтронПро,atronpro,ВДГ,250 г/кг Имазапир + 75 г/кг сульфометурон-метил,гербицид,ООО «АГРУСХИМ»,1057747562509,III,III,09.09.2022,08.09.2032,Действует,0
010(038)-02-3624-1,Аттик,attik,КС,"6,3 г/л Ципроконазол + 30 г/л Дифеноконазол",фунгицид,"ООО «АГРОКОМ», ООО «ЛИСТЕРРА»","1077758212685, 1057749556930",III,-,13.04.2022,12.04.2032,Действует,0
528-02-3701-1,Афродита 250,afrodita-250,КС,250 г/л Азоксистробин,фунгицид,СИПКАМ ОКСОН С.П.А.,,III,III,06.06.2022,05.06.2032,Действует,0
201-02-3172-1,Аффет,affet,КС,200 г/л Пентиопирад,фунгицид,АРИСТА ЛАЙФСАЙЕНС С.А.С.,,III,III,03.06.2021,02.06.2031,Действует,0
018-03-1049-1,Ацетал Про,atsetal-pro,КЭ,720 г/л Пропизохлор,гербицид,АО «Щелково Агрохим»,1025006519427,II,III,25.03.2016,24.03.2026,Не действует,0
018-03-9792-0,Ацетал Про,atsetal-pro,КЭ,720 г/л Пропизохлор,гербицид,"АО ""ЩЕЛКОВО АГРОХИМ""",1025006519427,II,III,04.02.2026,03.02.2029,Действует,0
063-02-2250-1,Ацидан,atsidan,СП,640 г/кг Манкоцеб + 80 г/кг Металаксил,фунгицид,ООО «ХИМАГРОМАРКЕТИН Г.РУ»,1023403447913,II,III,29.05.2019,28.05.2029,Действует,0
050(360)-03-2966-1,Ацифект,atsifekt,ВК,250 г/л Ацифлуорфен,гербицид,"ЗАО «ФМРус», ООО «АГРОХИМИНВЕСТ","1097746208207, 1027743011207",II,III,30.12.2020,29.12.2030,Действует,0
184(026)-02-3902-1,Аякс,ayaks,КС,125 г/л Дифеноконазол + 200 г/л Азоксистробин,фунгицид,"Агрия АД, ООО «Агрорус и Ко»",,III,III,13.12.2022,12.12.2032,Действует,0
090-07-3218-1,Б-360,b-360,ВР,1х10 -6 г/л Липо-хитоолигосахариды,регулятор роста,Байер Агрикалче БВБА,,IV,-,26.04.2018,25.04.2028,Действует,0
102-03-502-1,БАМБУ,bambu,КЭ,480 г/л кломазон,гербицид,«РОТАМ Лтд»,,III,III,22.01.2015,21.01.2025,Не действует,0
430-02-1644-1,БФТИМ КС-2,bftim-ks-2,Ж,1х10⁹ КОЕ/Мл Bacillus amyloliquefaciens КС-2 + 1х10⁹ КОЕ/Мл Bacillus amyloliquefaciens КС-2,фунгицид,ООО «ПАРАДИГМА»,1132311008004,III,III,12.12.2017,11.12.2027,Действует,0
590(297)-02-2658-1,Багрец,bagrets,КС,50 г/л Флудиоксонил + 21 г/л Азоксистробин,фунгицид,"ООО ФРАНДЕСА, ООО «Франдеса»",1157746513055,III,-,22.04.2020,21.04.2030,Действует,0
014-03-2416-1,Базагран,bazagran,ВР,480 г/л Бентазон,гербицид,«БАСФ СЕ»,,III,III,07.10.2019,06.10.2029,Действует,0
029-03-2705-1,Базис,bazis,СТС,500 г/кг римсульфурон + 250 г/кг тифенсульфурон-метил,гербицид,ООО «Дюпон Наука и Технологии»,,III,III,19.06.2020,18.06.2030,Действует,0
866-03-4080-1,Базис Форте,bazis-forte,ВДГ,"148,14 г/кг римсульфурон + 92,60 г/кг тифенсульфурон-метил + 111,11 г/кг изоксадифен-этил",гербицид,ООО Кортева Агрисаенс Рус,1106195008787,III,III,28.04.2023,27.04.2033,Действует,0
063-02-2251-1,Байзафон,bayzafon,СП,250 г/кг Триадимефон,фунгицид,ООО «ХИМАГРОМАРКЕТИН Г.РУ»,1023403447913,III,III,29.05.2019,28.05.2029,Действует,0
021-02-4279-0,Байсайд,baysayd,ВСК,40 г/л Протиоконазол + 30 г/л Флудиоксонил + 15 г/л Азоксистробин,фунгицид,АО Фирма «Август»,1025006038958,III,-,01.12.2023,30.11.2026,Действует,0
021-02-9933-0,Байсайд,baysayd,ВСК,40 г/л Протиоконазол + 30 г/л Флудиоксонил + 15 г/л Азоксистробин,фунгицид,"АО ФИРМА ""АВГУСТ""",1025006038958,III,-,30.04.2026,29.04.2029,Действует,0
019-03-1211-1,Бакара Форте,bakara-forte,КС,120 г/л Дифлюфеникан + 120 г/л флуфенацет + 120 г/л флуртамон,гербицид,Байер КропСайенс АГ,,III,III,05.09.2016,04.09.2026,Не действует,0
242-01-1501-1,Баксис,baksis,Ж,"10⁹ КОЕ/Мл Bacillussubtilis, штамм 63-Z",фунгицид,ООО «Инвиво»,1082323000495,III,III,22.05.2017,21.05.2027,Действует,0
008-02-2339-1,Бактерра,bakterra,СП,10⁹ КОЕ/г Bacillussubtilis,фунгицид,ООО «Ваше хозяйство»,1025203566728,III,III,26.07.2019,25.07.2029,Действует,1
034-02-2049-1,Бактофит,baktofit,СК,"2×10⁹ спор/Мл Bacillussubtilis, штамм ИПМ 215",фунгицид,ООО ПО «Сиббиофарм»,1035404721780,III,III,12.11.2018,11.11.2028,Действует,1
034-02-3860-1,Бактофит,baktofit,СП,"2×10⁹ спор/Мл Bacillussubtilis, штамм ИПМ 215",фунгицид,ООО ПО «Сиббиофарм»,1035404721780,IV,III,08.11.2022,13.05.2024,Действует,1
283-02-2257-1,Бактофорт,baktofort,Ж,"2,5×10⁹ КОЕ/Мл Bacillus subtilis, штаммВ-2918 + 2,5×10⁹ КОЕ/Мл Bacillus amyloliquefaciens, штаммИМВВ-7100",фунгицид,ООО СХП «НИВА»,1149102116426,III,III,31.05.2019,30.05.2029,Действует,0
015-02-3893-1,Балая,balaya,КЭ,100 г/л Мефентрифлуконазол + 100 г/л Пираклостробин,гербицид,БАСФ Агро Б.В.,,II,III,01.12.2022,30.11.2032,Действует,0
021-03-4447-1,Балерина,balerina,СЭ,"410 г/л 2,4-Д (сложный 2-этилгексиловый эфир) + 7,4 г/л флорасулам",гербицид,"+ 7,4 г/л флорасулам) АО Фирма «Август»",1025006038958,II,III,11.03.2024,10.03.2034,Действует,0
021-03-2797-1,Балерина Супер,balerina-super,СЭ,"410 г/л 2,4-Д (сложный 2-этилгексиловый эфир) + 15 г/л флорасулам",гербицид,+ 15 г/л флорасулам) АО Фирма «Август»,1025006038958,II,III,14.09.2020,13.09.2030,Действует,0
021-03-2701-1,Балерина Форте,balerina-forte,СЭ,"300 г/л 2,4-Д (сложный 2-этилгексиловый эфир) + 37,5 г/л пиклорам + 10 г/л флорасулам",гербицид,"+ 37,5 г/л пиклорам + 10 г/л флорасулам) АО Фирма «Август»",1025006038958,II,III,08.06.2020,07.06.2030,Действует,0
021-02-2633-1,Балий,baliy,КМЭ,180 г/л Пропиконазол + 120 г/л Азоксистробин,фунгицид,АО Фирма «Август»,1025006038958,III,III,31.03.2020,30.03.2030,Действует,0
017-02-716-1,Балинт,balint,КС,"37,5 г/л Флутриафол + 25 г/л Тиабендазол + 15 г/л Имазалил",фунгицид,ПЕТЕРС & БУРГ Кфт.,,III,-,21.07.2015,20.07.2025,Не действует,0
018-03-4213-1,Баллиста,ballista,МД,90 г/л антидот мефенпир-диэтил + 30 г/л мезосульфурон-метил + 12 г/л флорасулам + 17 г/л Флуметсулам,гербицид,АО «Щелково Агрохим»,1025006519427,III,III,03.10.2023,02.10.2033,Действует,0
156-02-3256-1,Бампер Супер,bamper-super,КЭ,400 г/л Прохлораз + 90 г/л Пропиконазол,фунгицид,ООО «АДАМА РУС»,1062310039934,III,III,05.08.2021,04.08.2031,Действует,0
041-03-943-1,Банвел,banvel,ВР,480 г/л Дикамба (диметиламинная соль),гербицид,ООО «Сингента»,1037739325271,III,III,18.01.2016,17.01.2026,Не действует,0
041-03-9957-0,Банвел,banvel,ВР,480 г/л дикамба кислота (диметиламинная соль),гербицид,"ООО ""СИНГЕНТА""",1037739325271,III,III,18.05.2026,17.05.2029,Действует,0
156-02-2422-1,Банджо Форте,bandzho-forte,КС,200 г/л флуазинам + 200 г/л Диметоморф,фунгицид,ООО «АДАМА РУС»,1062310039934,III,III,09.10.2019,08.10.2029,Действует,0
019-03-3199-1,Бандур,bandur,КС,600 г/л Аклонифен,гербицид,Байер КропСайенс АГ,,III,III,06.07.2021,05.07.2031,Действует,0
201-02-1687-1,Банко,banko,КС,500 г/л хлороталонил,фунгицид,АРИСТА ЛАЙФСАЙЕНС С.А.С.,,II,II,23.01.2018,22.01.2028,Действует,0
999-07-9808-1,Баобаб,baobab,КЭ,250 г/л Тринексапак-этил,регулятор роста,Ариста ЛайфСайенс Бенилюкс СРЛ,,III,III,05.03.2026,04.03.2036,Действует,0
002-01-2108-1,Баргузин,barguzin,Г,100 г/кг Диазинон,инсектицид,ООО «АГРУСХИМ»,1057747562509,III,-,06.02.2019,05.02.2029,Действует,1
019-02-998-1,Баритон,bariton,КС,"37,5 г/л Протиоконазол + 37,5 г/л флуоксастробин",фунгицид,Байер КропСайенс АГ,,III,-,04.03.2016,03.03.2026,Не действует,0
019-02-2140-1,Баритон Супер,bariton-super,КС,"50 г/л Протиоконазол + 10 г/л Тебуконазол + 37,5 г/л Флудиоксонил",фунгицид,Байер КропСайенс АГ,,II,-,04.03.2019,03.03.2029,Действует,0
010-02-10029-0,Баркас,barkas,ВДГ,500 г/кг Боскалид,фунгицид,"ООО ""ЛИСТЕРРА""",1057749556930,III,III,26.06.2026,25.06.2029,Действует,0
446-03-1529-1,Барон,baron,ВР,480 г/л Бентазон,гербицид,ООО «СФ-РЕГИСТРЭЙШН»,1142310001404,III,III,26.07.2017,25.07.2027,Действует,0
014-03(04)-2731-1,Баста,basta,ВР,150 г/л Глюфосинат аммоний,гербицид,«БАСФ СЕ»,,II,III,15.12.2015,16.12.2025,Не действует,0
082-03-4333-1,Бастер,baster,ВР,460 г/л Бентазон + 25 г/л Имазамокс,гербицид,ООО «Интер Групп»,1084312000420,III,III,22.12.2023,21.12.2033,Действует,0
126-02-9954-1,Бастион,bastion,КС,500 г/л флуазинам,фунгицид,"ООО ""ШАНС""",1093668046812,III,III,18.05.2026,17.05.2036,Действует,0
699-04-10123-1,Бастнат Экстра,bastnat-ekstra,ВГ,800 г/кг Глюфосинат аммоний,десикант,"«Шандонг Вейфанг Рейнбоу Кемикал Ко., Лтд.»",,III,III,21.09.2026,20.09.2036,Действует,0
018-01-9868-0,Батардо,batardo,МД,105 г/л Индоксакарб + 90 г/л Люфенурон,инсектицид,"АО ""ЩЕЛКОВО АГРОХИМ""",1025006519427,III,I,26.03.2026,25.03.2029,Действует,1
178-02-3836-1,Батлер,batler,КС,500 г/л флуазинам,фунгицид,ООО «Агро Эксперт Груп»,1027708006996,III,III,25.10.2022,24.10.2032,Действует,0
871-01(02)-4225-1,Батор,bator,КС,140 г/л Имидаклоприд + 150 г/л пенцикурон,инсектицид,Рейбоу Агросайенс Кфт.,,III,-,20.10.2023,19.10.2033,Действует,0
021-01-2591-1,Батрайдер,batrayder,СК,125 г/л Альфа-ципермeтрин + 100 г/л Имидаклоприд + 50 г/л Клотианидин,инсектицид,АО Фирма «Август»,1025006038958,III,I,13.03.2020,12.03.2030,Действует,1
010(038)-03-4137-1,Бегин,begin,КЭ,960 г/л С-Метолахлор,гербицид,"ООО «ЛИСТЕРРА», ООО «АГРОКОМ»","1057749556930, 1077758212685",III,III,22.06.2023,21.06.2033,Действует,0
010-03-2431-1,Бегин Турбо,begin-turbo,КС,250 г/л тербутилазин + 250 г/л С-Метолахлор,гербицид,ООО «ЛИСТЕРРА»,1057749556930,III,III,16.10.2019,15.10.2029,Действует,0
021-01-2995-1,"Без названия, рег. № 021-01-2995-1",bez-nazvaniya-reg-021-01-2995-1,,40 г/кг Диазинон,инсектицид,АО Фирма «Август»,1025006038958,III,-,26.01.2021,25.01.2031,Действует,1
014-02-4291-0,Беллис,bellis,ВДГ,252 г/кг Боскалид + 128 г/кг Пираклостробин,фунгицид,«БАСФ СЕ»,,III,III,05.12.2023,04.12.2026,Действует,0
019-01-1231-1,Белт,belt,КС,480 г/л Флубендиамид,инсектицид,Байер КропСайенс АГ,,III,II,19.09.2016,18.09.2026,Не действует,0
018-02-9986-0,Белуджи,beludzhi,КС,450 г/л хлороталонил + 30 г/л Боскалид,фунгицид,"АО ""ЩЕЛКОВО АГРОХИМ""",1025006519427,II,III,28.05.2026,27.05.2029,Действует,0
156-03-2129-1,Бельведер,belveder,СЭ,160 г/л Десмедифам + 160 г/л фенмедифам,гербицид,ООО «АДАМА РУС»,1062310039934,III,III,28.02.2019,27.02.2029,Действует,0
156-03-2255-1,Бельведер Форте,belveder-forte,СЭ,200 г/л этофумезат + 100 г/л фенмедифам + 100 г/л Десмедифам,гербицид,ООО «АДАМА РУС»,1062310039934,II,III,31.05.2019,30.05.2029,Действует,0
018-02-2386-1,Беназол,benazol,СП,500 г/кг Беномил,фунгицид,АО «Щелково Агрохим»,1025006519427,II,III,01.10.2019,30.09.2029,Действует,0
489-01-2117-1,Беневия,beneviya,МД,100 г/л Циантранилипрол,инсектицид,ООО «ЭфЭмСи»,1037706002773,III,III,22.02.2019,21.02.2029,Действует,0
018-02-4385-1,Бенефис,benefis,МЭ,50 г/л Имазалил + 40 г/л Металаксил + 30 г/л Тебуконазол,фунгицид,АО «Щелково Агрохим»,1025006519427,II,-,26.01.2024,25.01.2034,Действует,0
018-02-3813-1,Бенефис Суприм,benefis-suprim,МЭ,50 г/л Имазалил + 30 г/л Тебуконазол + 20 г/л мефеноксама,фунгицид,АО «Щелково Агрохим»,1025006519427,II,-,05.10.2022,04.10.2032,Действует,0
018-03-3051-1,Бенито,benito,ККР,300 г/л Бентазон,гербицид,АО «Щелково Агрохим»,1025006519427,III,III,18.03.2021,17.03.2031,Действует,0
002-02-2478-1,Беномил 500,benomil-500,СП,500 г/кг Беномил,фунгицид,ООО «АГРУСХИМ»,1057747562509,II,III,20.11.2019,19.11.2029,Действует,0
021-02-3859-1,Бенорад,benorad,СП,500 г/кг Беномил,фунгицид,АО Фирма «Август»,1025006038958,II,III,07.11.2022,06.11.2032,Действует,0
070-03-3586-1,Бенрил,benril,ВДГ,750 г/кг трибенурон-метил,гербицид,ООО «АГРОМИР»,1187746148424,III,III,05.04.2022,04.04.2032,Действует,0
647-03-2892-1,Бентазолин,bentazolin,ВР,480 г/л Бентазон,гербицид,ООО АГРОХИМСТРОЙ,1172801013538,III,III,23.11.2020,22.11.2030,Действует,0
050(360)-03-1060-1,Бентасил,bentasil,ВР,480 г/л Бентазон,гербицид,"ЗАО «ФМРус», ООО «АГРОХИМИНВЕСТ","1097746208207, 1027743011207",III,III,07.04.2016,06.04.2026,Не действует,0
050-03-9771-0,Бентасил,bentasil,ВР,480 г/л Бентазон,гербицид,"АО ""ФМРус""",1097746208207,III,III,22.01.2026,21.01.2029,Действует,0
278-03-4117-1,Бентекс,benteks,ВР,480 г/л Бентазон,гербицид,ООО ЭЛЛИПСАГРО,1142308002495,III,III,18.04.2022,17.04.2032,Действует,0
070-03-3877-1,Бентилон,bentilon,ВР,480 г/л Бентазон,гербицид,ООО «АГРОМИР»,1187746148424,III,III,16.11.2022,15.11.2032,Действует,0
277-03-2091-1,Бентобел,bentobel,ВР,480 г/л Бентазон,гербицид,ООО «БЕЛИН»,1127747077622,III,III,01.02.2019,31.01.2029,Действует,0
036-03-2734-1,Бентограм,bentogram,ВР,480 г/л Бентазон,гербицид,ООО «Амурагрохим»,1022800507080,III,III,06.07.2020,05.07.2030,Действует,0
778-07-3395-1,Берелин,berelin,ВРП,200 г/кг Гиббереллиновые кислоты А4 + 200 г/кг А7,регулятор роста,ООО «ИНТЕГРАЦИЯ»,1177746516210,III,III,06.12.2021,05.12.2031,Действует,0
018-01-2828-1,Беретта,beretta,МД,60 г/л Бифентрин + 40 г/л Тиаметоксам + 30 г/л альфа-циперметрин,инсектицид,АО «Щелково Агрохим»,1025006519427,III,I,08.10.2020,07.10.2030,Действует,1
082-03-3867-1,Берилл,berill,КЭ,120 г/л Клетодим,гербицид,ООО «Интер Групп»,1084312000420,III,III,10.11.2022,09.11.2032,Действует,0
082-03-9750-0,Берилл Макс,berill-maks,КЭ,240 г/л Клетодим,гербицид,"ООО ""ИНТЕР ГРУПП""",1084312000420,III,III,12.01.2026,11.01.2029,Действует,0
810-07-3644-1,Беркана,berkana,ВРК,18 мг/л 3-индолилуксусная кислота + 70 мг/л α-глутаминовая кислота + 60 мг/л α-аланин,регулятор роста,ООО «АГРОФИРМА ПОИСК-ПРОФИ»,5157746204831,III,III,19.04.2022,18.04.2032,Действует,0
097-03-2932-1,Бетакем,betakem,КЭ,112 г/л этофумезат + 91 г/л фенмедифам + 71 г/л Десмедифам,гербицид,ООО «АГРус»,5087746677893,III,III,17.12.2020,16.12.2030,Действует,0
019-03-901-1,Бетанал 22,betanal-22,КЭ,160 г/л Десмедифам + 160 г/л фенмедифам,гербицид,Байер КропСайенс АГ,,III,III,16.12.2015,15.12.2025,Не действует,0
019-03-9685-0,Бетанал 22,betanal-22,КЭ,160 г/л фенмедифам + 160 г/л Десмедифам,гербицид,Байер КропСайенс АГ,,III,III,24.11.2025,23.11.2028,Действует,0
019-03-903-1,Бетанал Прогресс ОФ,betanal-progress-of,КЭ,112 г/л этофумезат + 91 г/л фенмедифам + 71 г/л Десмедифам,гербицид,Байер КропСайенс АГ,,III,III,16.12.2015,15.12.2025,Не действует,0
019-03-902-1,Бетанал Эксперт ОФ,betanal-ekspert-of,КЭ,112 г/л этофумезат + 91 г/л фенмедифам + 71 г/л Десмедифам,гербицид,Байер КропСайенс АГ,,III,III,16.12.2015,15.12.2025,Не действует,0
019-03-9649-0,Бетанал Эксперт ОФ,betanal-ekspert-of,КЭ,112 г/л этофумезат + 91 г/л фенмедифам + 71 г/л десмедифама,гербицид,Байер КропСайенс АГ,,III,III,24.10.2025,23.10.2028,Действует,0
019-03-3931-1,Бетанал максПро,betanal-makspro,МД,75 г/л этофумезат + 60 г/л фенмедифам + 47 г/л Десмедифам + 27 г/л Ленацил,гербицид,Байер КропСайенс АГ,,II,III,09.01.2023,08.01.2033,Действует,0
082-03-10075-0,Бетаниум,betanium,КЭ,112 г/л этофумезат + 91 г/л фенмедифам + 71 г/л Десмедифам,гербицид,"ООО ""ИНТЕР ГРУПП""",1084312000420,II,III,17.08.2026,16.08.2029,Действует,0
082-03-4628-0,Бетаниум 22,betanium-22,КЭ,160 г/л Десмедифам + 160 г/л фенмедифам,гербицид,ООО «Интер Групп»,1084312000420,III,III,02.07.2024,01.07.2027,Действует,0
018-03-4399-0,Бетарен 22,betaren-22,МКЭ,110 г/л Десмедифам + 110 г/л фенмедифам,гербицид,АО «Щелково Агрохим»,1025006519427,III,III,01.02.2024,31.01.2027,Действует,0
018-03-4909-0,Бетарен 320,betaren-320,МД,160 г/л г/л десмедифама + 160 г/л г/л Фенмедифама,гербицид,АО «Щелково Агрохим»,1025006519427,III,III,23.06.2025,22.06.2028,Действует,0
018-03-4910-0,Бетарен Макс,betaren-maks,МД,126 г/л этофумезат + 80 г/л десмедифама + 64 г/л Фенмедифама,гербицид,АО «Щелково Агрохим»,1025006519427,III,III,23.06.2025,22.06.2028,Действует,0
018-03-2953-1,Бетарен Супер МД,betaren-super-md,МКЭ,21 г/л Десмедифам + 126 г/л этофумезат + 63 г/л фенмедифам,гербицид,АО «Щелково Агрохим»,1025006519427,II,III,24.12.2020,23.12.2030,Действует,0
018-03-1918-1,Бетарен Экспресс АМ,betaren-ekspress-am,КЭ,60 г/л этофумезат + 60 г/л фенмедифам + 60 г/л Десмедифам,гербицид,АО «Щелково Агрохим»,1025006519427,III,III,21.05.2018,20.05.2028,Действует,0
097-03-2096-1,Бетацвай,betatsvay,КЭ,160 г/л Десмедифам + 160 г/л фенмедифам,гербицид,ООО «АГРус»,5087746677893,III,III,01.02.2019,31.01.2029,Действует,0
126-03-2027-1,Беташанс Дабл,betashans-dabl,КЭ,160 г/л Фенмедифама + 160 г/л десмедифама,гербицид,ООО «Шанс»,1093668046812,III,III,25.10.2018,24.10.2028,Действует,0
126-03-4002-1,Беташанс Трио,betashans-trio,КЭ,112 г/л этофумезат + 91 г/л фенмедифам + 71 г/л Десмедифам,гербицид,ООО «Шанс»,1093668046812,III,III,06.03.2023,05.03.2033,Действует,0
142-03-940-1,Бетинол 22,betinol-22,КЭ,160 г/л Десмедифам + 160 г/л фенмедифам,гербицид,ООО «АГРОБЮРО РУС»,5077746795748,III,III,30.12.2015,29.12.2025,Не действует,0
058-01-1959-1,Би-58 Топ,bi-58-top,КЭ,400 г/л Диметоат,инсектицид,«КЕМИНОВА А/С»,,III,I,04.07.2018,03.07.2028,Действует,0
351-07-1040-1,Бигус,bigus,ВР,25 г/л Гуминовых кислот калиевые соли,регулятор роста,ООО «ИННОВАЦИОННЫЙ ЦЕНТР»,1157746561862,IV,III,04.03.2016,03.03.2026,Не действует,1
178-03-2208-1,Бизон,bizon,ВК,480 г/л Бентазон,гербицид,ООО «Агро Эксперт Груп»,1027708006996,III,III,26.04.2019,18.11.2021,Действует,0
178-03-2860-1,Бизон Эдванс,bizon-edvans,КЭ,350 г/л Бентазон + 2 г/л тифенсульфурон-метил,гербицид,ООО «Агро Эксперт Груп»,1027708006996,III,III,29.10.2020,28.10.2030,Действует,0
085-01-3713-1,Биммер,bimmer,КЭ,400 г/л Диметоат,инсектицид,ООО «Ярило»,1083123001500,II,I,14.06.2022,13.06.2032,Действует,0
046-01-4744-1,Бинадин,binadin,КЭ,400 г/л Диметоат,инсектицид,ЗАО «ТПК «Техноэкспорт»,1025005325070,II,I,03.12.2024,02.12.2034,Не действует,0
046-01-4996-1,Бинадин,binadin,КЭ,400 г/л Диметоат,инсектицид,ООО «Техноэкспорт»,1125042005175,II,I,29.08.2025,02.12.2034,Действует,0
101-02-3361-1,Бинал,binal,Ж,10⁷ КОЕ/см³ Bacillussubtilis B1018 + 10⁶ КОЕ/см³ Trichoderma virideF2001,фунгицид,ООО «БИОМ-ПРО»,1075009002254,III,III,01.11.2021,31.10.2031,Не действует,0
101-02-5083-0,Бинал,binal,Ж,10⁷ КОЕ/см³ Bacillussubtilis B1018 + 10⁶ КОЕ/см³ Trichoderma virideF2001,фунгицид,ООО «БИОМ-ПРО»,1075009002254,III,III,01.08.2025,31.07.2028,Действует,0
347-02-2186-1,Бинорам,binoram,Ж,"2,5×10¹⁰ Кл/Мл Pseudomonasfluorescens, штаммы 7Г, 7Г2К, 17-2",фунгицид,ООО «АГРОИМПЭКС»,1157746689484,III,-,05.04.2019,04.04.2029,Действует,1
173-01-1751-1,Биоcлип БТ,bioclip-bt,П,1х10¹⁰ КОЕ/г Bacillus thuringiensis,инсектицид,ООО «ОРГАНИК ПАРК»,1127746020918,IV,III,09.02.2018,08.02.2028,Действует,0
253-07-2237-1,БиоЛарикс,biolariks,ВРК,250 г/л Дитерпеновые спирты и углеводороды + 50 г/л Дигидрокверцетин,регулятор роста,ЗАО «Аметис»,1042800015422,III,III,23.05.2019,22.05.2029,Действует,0
591(526)-07-2502-1,Биоагро-РР,bioagro-rr,Ж,1х10⁸ КОЕ/Мл Pseudomonas fluorescens 1-Б,регулятор роста,"ООО НПО «БИОАГРО», ФГБУ «Россельхозцентр»","1151322000037, 1077762014110",III,III,12.12.2019,11.12.2029,Действует,1
034-01-1314-1,Биоверт,biovert,СП,10⁶ КОЕ/г споры Lecanicillim lecanii штамм В-80,инсектицид,ООО ПО «Сиббиофарм»,1035404721780,III,III,23.12.2016,22.12.2026,Действует,1
173-07-4899-0,Биодукс,bioduks,Ж,"0,3 г/л Арахидоновая кислота",регулятор роста,ООО «ОРГАНИК ПАРК»,1127746020918,III,III,06.06.2025,05.06.2028,Действует,1
173-07-730-1,Биодукс,bioduks,Ж,"0,3 г/л Арахидоновая кислота",регулятор роста,ООО «ОРГАНИК ПАРК»,1127746020918,IV,III,29.07.2015,28.07.2025,Не действует,1
008-01-1156-1,Биокилл,biokill,КЭ,10 г/л Абамектин,инсектицид,ООО «Ваше хозяйство»,1025203566728,III,I,18.07.2016,17.07.2026,Не действует,1
018-02-3837-1,Биокомпозит-Про,biokompozit-pro,Ж,"10⁹ КОЕ/Мл Pseudomonas asplenii, штамм 11 RW (ВКПМ В-13395)",фунгицид,АО «Щелково Агрохим»,1025006519427,III,III,25.10.2022,24.10.2032,Действует,1
021-03-2050-1,Биолан Супер,biolan-super,ВР,"447 г/л 2,4-Д + 156 г/л дикамба (диметиламинные соли)",гербицид,АО Фирма «Август»,1025006038958,II,III,12.11.2018,11.11.2028,Действует,0
010-01-10067-1,Биомеч Инсекто,biomech-insekto,СП,1х10*9 КОЕ/г Bacillus thuringiensis var. kurstaki HG207 + 1х10*6 КОЕ/г Beauveria bassiana HG208,инсектицид,"ООО ""ЛИСТЕРРА""",1057749556930,IV,III,07.08.2026,06.08.2036,Действует,0
033-01-10004-1,Биоразряд,biorazryad,СП,10*8 КОЕ/г Metarhiziumanisopliae F-4358 + 10*8 КОЕ/г Beauveria bassiana F-3111,инсектицид,ООО «ОРТОН»,1025004916573,III,I,09.06.2026,08.06.2036,Действует,1
347-07-1440-1,Биосил,biosil,ВЭ,100 г/л Тритерпеновые кислоты,регулятор роста,ООО «АГРОИМПЭКС»,1157746689484,III,III,06.04.2017,05.04.2027,Действует,1
173-01-4233-1,Биослип БВ,bioslip-bv,Ж,1-7x10⁸ КОЕ/Мл Beauveria bassiana (ОРВ-43),инсектицид,ООО «ОРГАНИК ПАРК»,1127746020918,IV,III,25.10.2023,24.10.2033,Действует,0
502-01-1963-1,Биослип БВ,bioslip-bv,Ж,1x10⁸ КОЕ/Мл Beauveria bassiana (ОРВ-43),инсектицид,ООО «ОРГАНИК ПАРК»,1127746020918,IV,III,10.07.2018,09.07.2028,Действует,0
242-01-621-1,Биостоп,biostop,Ж,10х10⁸ КОЕ/Мл Beauveria bassiana + 10х10⁹ КОЕ/Мл Bacillus thuringiensis + 10х10⁸ КОЕ/Мл Streptomycessp.,инсектицид,ООО «Инвиво»,1082323000495,III,III,06.04.2015,05.04.2025,Не действует,0
805-01-4071-1,Биостоп Супер,biostop-super,микроконте,3х10⁶ КОЕ/г Bacillus thuringiensis Hi + 3х10⁶ КОЕ/г Beauveriabassiana BB1,инсектицид,ООО «БИОТА»,1137746933125,III,III,25.04.2023,24.04.2033,Действует,0
850-02-3910-1,Биосфера-Фунгимен,biosfera-fungimen,КС,"0,101 КОЕ/Мл Bacillussubtilis B-76",фунгицид,ООО НПП БИОСФЕРА,1170280080453,III,III,16.12.2022,15.12.2032,Действует,0
021-01-2767-1,Биотлин,biotlin,ВРК,200 г/л Имидаклоприд,инсектицид,АО Фирма «Август»,1025006038958,III,I,16.07.2020,15.07.2030,Действует,1
021-01-3455-1,Биотлин Бау,biotlin-bau,ВР,"0,1 г/л Имидаклоприд",инсектицид,АО Фирма «Август»,1025006038958,III,I,28.12.2021,27.12.2031,Действует,1
736-07-3233-1,Биотран,biotran,К,750 г/кг Триэтаноламмониевая соль ортокрезоксиуксусной кислоты + 150 г/кг хлорметилсилатран,регулятор роста,ООО «ЛОКФОРТ»,1173443025634,III,III,19.07.2021,18.07.2031,Действует,0
186-02-4410-1,Биотриходерма,biotrihoderma,СП,10⁹ КОЕ/г Trichoderma viride F-2030 + 10⁹ КОЕ/г Trichoderma harzianum F-2477,фунгицид,ООО «ОРТОН»,1025004916573,III,III,06.02.2024,05.02.2034,Действует,1
046-01-5066-1,Биофорт,biofort,Г,10⁸ КОЕ/г Metarhiziumanisopliae Р-72,инсектицид,ООО «ПСК Техноэкспорт»,1125042005175,III,III,29.08.2025,24.01.2034,Действует,1
002-03-2636-1,Бис-300,bis-300,ВР,300 г/л Клопиралид,гербицид,ООО «АГРУСХИМ»,1057747562509,III,III,31.03.2020,29.12.2023,Действует,1
866-03-4720-1,Бисау,bisau,МД,7 г/л Аминопиралид + 150 г/л Мезотрион + 60 г/л никосульфурон,гербицид,ООО «ПРИОРИТЕТ ГРУПП»,1152312010740,III,III,11.11.2024,10.11.2034,Действует,0
019-01-3722-1,Биская,biskaya,МД,240 г/л Тиаклоприд,инсектицид,Байер КропСайенс АГ,,II,III,29.06.2022,28.06.2032,Действует,0
528-03-4145-1,Бисмарк,bismark,МКС,275 г/л Пендиметалин + 55 г/л кломазон,гербицид,СИПКАМ ОКСОН С.П.А.,,-,-,05.07.2023,04.07.2033,Действует,0
174-02-4328-1,БисолбиСан,bisolbisan,Ж,100×10⁶ КОЕ/Мл Bacillus subtilis штамм Ч-13) ООО «Бисолби-Интер» (Санкт-Петербург,фунгицид,ООО «Бисолби-Интер» (Санкт-Петербург,,IV,III,21.12.2023,20.12.2033,Действует,1
174-02-1916-1,Бисолбицид,bisolbitsid,Ж,"0,108 КОЕ/Мл Bacillussubtilis, штамм ВL01 + 0,108 КОЕ/Мл Bacillussubtilis, штамм ВL01) ООО «Бисолби-Интер» (Санкт-Петербург",фунгицид,ООО «Бисолби-Интер» (Санкт-Петербург,,III,III,16.05.2018,15.05.2028,Действует,1
192-03-3165-1,БитЛайт,bitlayt,КС,60 г/л трифлусульфурон-метил,гербицид,ООО ГК «ЗемлякоФФ»,1037724060560,III,III,28.05.2021,27.05.2031,Действует,0
148-03-1484-1,Битап ФД-11,bitap-fd-11,КЭ,80 г/л Десмедифам + 80 г/л фенмедифам,гербицид,ООО «ЮПЛ»,1157746848490,III,III,27.04.2017,26.04.2027,Действует,0
446-03-1544-1,Битатрин,bitatrin,КЭ,112 г/л этофумезат + 91 г/л фенмедифам + 71 г/л Десмедифам,гербицид,ООО «СФ-РЕГИСТРЭЙШН»,1142310001404,III,III,06.09.2017,05.09.2027,Действует,0
034-01-2881-1,Битоксибациллин,bitoksibatsillin,П,"20х10⁹ спор/г Bacillus thuringiensis, var. Thuringiensis, штамм 98",инсектицид,ООО ПО «Сиббиофарм»,1035404721780,III,III,18.11.2020,17.11.2030,Действует,1
034-01-10035-1,Битоцид,bitotsid,СК,10⁸ КОЕ/Мл Beauveriabassiana (Balsamo) Vuillemin BLm5-Rv-19),инсектицид,Vuillemin BLm5-Rv-19)) ООО ПО «Сиббиофарм»,1035404721780,IV,III,07.07.2026,06.07.2036,Действует,1
062-01-1839-1,Бифас,bifas,КС,300 г/л Имидаклоприд + 100 г/л альфа-циперметрин,инсектицид,ООО «АЛЬФАХИМГРУПП»,,III,I,22.03.2018,21.03.2028,Действует,0
178-03-2916-1,Бифор 22,bifor-22,КЭ,160 г/л Десмедифам + 160 г/л фенмедифам,гербицид,ООО «Агро Эксперт Груп»,1027708006996,III,III,09.12.2020,08.12.2030,Действует,0
178-03-2618-1,Бифор Прогресс,bifor-progress,КЭ,112 г/л этофумезат + 91 г/л фенмедифам + 71 г/л Десмедифам,гербицид,ООО «Агро Эксперт Груп»,1027708006996,III,III,23.03.2020,22.03.2030,Действует,0
178-03-1752-1,Бифор Супер,bifor-super,МЭ,80 г/л этофумезат + 65 г/л фенмедифам + 50 г/л Десмедифам,гербицид,ООО «Агро Эксперт Груп»,1027708006996,III,III,12.02.2018,11.02.2028,Действует,0
062-03-2766-1,Бихард,bihard,СЭ,"326 г/л 2,4-Д кислоты (2-этилгексиловый эфир) + 8,5 г/л флорасулам",гербицид,"+ 8,5 г/л флорасулам) ООО «АЛЬФАХИМГРУПП»",,II,III,29.07.2020,28.07.2030,Действует,0
021-03-1722-1,Бицепс 22,bitseps-22,КЭ,100 г/л Десмедифам + 100 г/л фенмедифам,гербицид,АО Фирма «Август»,1025006038958,III,III,07.11.2017,06.11.2027,Действует,0
021-03-2632-1,Бицепс 300,bitseps-300,МКЭ,150 г/л Десмедифам + 150 г/л фенмедифам,гербицид,АО Фирма «Август»,1025006038958,III,III,27.03.2020,26.03.2030,Действует,0
021-03-1721-1,Бицепс Гарант,bitseps-garant,КЭ,110 г/л этофумезат + 90 г/л фенмедифам + 70 г/л Десмедифам,гербицид,АО Фирма «Август»,1025006038958,III,III,07.11.2017,06.11.2027,Действует,0
010-03-3572-1,Блиц,blits,ВРК,320 г/л Бентазон + 160 г/л Ацифлуорфен,гербицид,ООО «ЛИСТЕРРА»,1057749556930,II,III,28.03.2022,27.03.2032,Действует,0
873-02-4131-1,Блю Шилд 10,blyu-shild-10,КС,184 г/л Меди гидроксид,фунгицид,Гадот Агро Лтд.,,III,III,21.06.2023,20.06.2033,Действует,0
170-02-3907-1,Блю Шилд 20,blyu-shild-20,ВДГ,308 г/кг Меди гидроксид,фунгицид,Гадот Агро Лтд.,,II,III,14.12.2022,13.12.2032,Действует,0
585-01-9716-1,"Боверикс, Ж",boveriks-zh,Ж,10⁸ КОЕ/Мл Beauveriabassiana,инсектицид,ИП КУЗНЕЦОВА МАРИЯ ВЯЧЕСЛАВОВНАИП 304027214000089,,IV,III,09.12.2025,08.12.2035,Действует,1
971-03-4867-0,Богдэн,bogden,ВДГ,750 г/кг трибенурон-метил,гербицид,"ООО ""ПРОЛАЙН""",1230200002020,III,III,14.05.2025,13.05.2028,Действует,0
041-03-3508-1,Боксер,bokser,КЭ,800 г/л Просульфокарб,гербицид,ООО «Сингента»,1037739325271,III,III,02.03.2022,03.03.2026,Действует,0
062-02-3376-1,Боливар Форте,bolivar-forte,КС,240 г/л Тебуконазол + 125 г/л Крезоксим-метил,фунгицид,ООО «АЛЬФАХИМГРУПП»,,II,III,18.11.2021,17.11.2031,Действует,0
021-03-4456-1,Бомба,bomba,ВДГ,563 г/кг трибенурон-метил + 187 г/кг флорасулам,гербицид,АО Фирма «Август»,1025006038958,III,III,14.03.2024,13.03.2034,Действует,0
018-01-2830-1,Бомбарда,bombarda,КС,130 г/л Тиаметоксам + 90 г/л Имидаклоприд + 60 г/л Фипронил,инсектицид,АО «Щелково Агрохим»,1025006519427,III,-,08.10.2020,07.10.2030,Действует,0
021-01(02)-2836-1,Бомбер,bomber,ДШ,300 г/кг Тиабендазол + 130 г/кг циперметрин,инсектицид,АО Фирма «Август»,1025006038958,III,-,13.10.2020,12.10.2030,Действует,1
041-02-1448-1,Бонтима,bontima,КЭ,"187,5 г/л Ципродинил + 62,5 г/л Изопиразам",фунгицид,ООО «Сингента»,1037739325271,III,III,07.04.2017,06.04.2027,Действует,0
156-02-2327-1,Бонтима Форте,bontima-forte,КЭ,"187,5 г/л Ципродинил + 62,5 г/л Изопиразам",фунгицид,ООО «АДАМА РУС»,1062310039934,III,III,24.07.2019,23.07.2029,Действует,0
570-03-2392-1,Бонус,bonus,ВР,480 г/л Бентазон,гербицид,ООО «КЛЕВЕР ГРУПП»,1172801001350,III,III,12.09.2019,11.09.2029,Действует,0
021-02-3994-1,Бордоская жидкость,bordoskaya-zhidkost,ВСК,172 г/л Меди сульфат трехосновный,фунгицид,АО Фирма «Август»,1025006038958,III,II,02.03.2023,01.03.2033,Действует,1
046-02-4275-1,Бордоская смесь Экстра,bordoskaya-smes-ekstra,ВРП,960 г/кг Меди сульфат + 900 г/кг кальция гидроксид,фунгицид,ЗАО «ТПК «Техноэкспорт»,1025005325070,III,III,30.11.2023,29.11.2033,Не действует,0
046-02-5067-1,Бордоская смесь Экстра,bordoskaya-smes-ekstra,ВРП,960 г/кг Меди сульфат + 900 г/кг кальция гидроксид,фунгицид,ООО «Техноэкспорт»,1125042005175,III,III,29.08.2025,29.11.2033,Действует,0
149-02-4542-1,Бордоская смесь-Ф,bordoskaya-smes-f,ВРП,960 г/кг Меди сульфат + 900 г/кг кальция гидроксид,фунгицид,ООО «ФАСКО +»,1025006178614,III,III,03.05.2024,02.05.2034,Действует,1
021-01-2845-1,Борей,borey,СК,50 г/л лямбда-цигалотрин + 150 г/л Имидаклоприд,инсектицид,АО Фирма «Август»,1025006038958,III,I,16.10.2020,15.10.2030,Действует,0
021-01-1738-1,Борей Нео,borey-neo,СК,125 г/л Альфа-ципермeтрин + 100 г/л Имидаклоприд + 50 г/л Клотианидин,инсектицид,АО Фирма «Август»,1025006038958,-,-,21.04.2015,,Не действует,0
021-01-4844-0,Борей Нео,borey-neo,СК,125 г/л Альфа-ципермeтрин + 100 г/л Имидаклоприд + 50 г/л Клотианидин,инсектицид,АО Фирма «Август»,1025006038958,III,I,09.04.2025,08.04.2028,Действует,0
126-03-3266-1,Босфор,bosfor,КЭ,240 г/л Оксифлуорфен,гербицид,ООО «Шанс»,1093668046812,III,III,16.08.2021,15.08.2031,Действует,0
008-07-3673-1,Ботаник,botanik,ВРК,10 г/л 6-бензиламинопурин,регулятор роста,ООО «Ваше хозяйство»,1025203566728,III,III,29.04.2022,28.04.2032,Действует,1
041-02-2616-1,Браво,bravo,КС,500 г/л хлороталонил,фунгицид,ООО «Сингента»,1037739325271,II,II,20.03.2020,19.03.2030,Действует,0
018-03-4661-1,Бравура,bravura,КС,600 г/л Аклонифен,гербицид,АО «Щелково Агрохим»,1025006519427,III,III,05.09.2024,04.09.2034,Действует,0
869-02-10030-0,Брамби,brambi,ВДГ,700 г/кг Сера + 45 г/кг Тебуконазол,фунгицид,ЮПЛ Холдингс Кооператив Ю.А.,,II,III,29.06.2026,28.06.2029,Действует,0
085-02-3669-1,Брандер,brander,КС,200 г/л Азоксистробин + 160 г/л Тебуконазол,фунгицид,ООО «Ярило»,1083123001500,II,III,29.04.2022,28.04.2032,Действует,0
002-02-4939-0,Брапикс,brapiks,КС,100 г/л Пикоксистробин + 500 г/л хлороталонил,фунгицид,ООО «АГРУСХИМ»,1057747562509,II,III,02.07.2025,01.07.2028,Действует,0
021-01-2846-1,Брейк,breyk,МЭ,100 г/л лямбда-цигалотрин,инсектицид,АО Фирма «Август»,1025006038958,II,I,16.10.2020,15.10.2030,Действует,0
347-01-3068-1,Бретер,breter,КЭ,50 г/л лямбда-цигалотрин,инсектицид,ООО «АГРОИМПЭКС»,1157746689484,III,I,19.03.2021,18.03.2031,Действует,0
018-03-2220-1,Бриг,brig,КС,500 г/л Прометрин,гербицид,АО «Щелково Агрохим»,1025006519427,III,III,07.05.2019,06.05.2029,Действует,1
014-23-1042-1,Бриз,briz,парообразу,178 мг/диспенсер Кодлемон + 42 мг/диспенсер н-тетрадецил ацетат,феромон,«БАСФ СЕ»,,IV,-,16.03.2016,15.03.2026,Не действует,0
046-03-3888-1,Брис,bris,ВДГ,750 г/кг Клопиралид,гербицид,ЗАО «ТПК «Техноэкспорт»,1025005325070,III,III,28.11.2022,15.03.2024,Не действует,0
046-03-5031-1,Брис,bris,ВДГ,750 г/кг Клопиралид,гербицид,ООО «Техноэкспорт»,1125042005175,III,III,29.08.2025,27.11.2032,Действует,0
158-02-4464-1,Броадер,broader,КЭ,150 г/л Дифеноконазол + 150 г/л Пропиконазол,фунгицид,АО АгроБест Груп Тарым Илачлары Тохумджулук Ималат-Итхалат Ихраджат Санайи ве Тиджарет Лимитед Ширкети,,II,III,13.03.2024,20.03.2027,Действует,0
004-06-5002-1,Бродифакум Гранд,brodifakum-grand,Г,"0,05 г/кг Бродифакум",родентицид,ООО НПО «РАХ»,1037706005050,II,-,23.07.2018,22.07.2028,Действует,0
141-06-3616-1,"Бром-БД, Концентрат",brom-bd-kontsentrat,Г,"2,5 г/кг Бромадиолон",родентицид,ООО «Валбрента Кемикалс»,,I,-,12.04.2022,11.04.2032,Действует,0
082-02-4345-1,Бульдог,buldog,КЭ,250 г/л Пропиконазол,фунгицид,ООО «Интер Групп»,1084312000420,II,III,26.12.2023,25.12.2033,Действует,0
126-02-10084-1,Бумсланг,bumslang,МЭ,45 г/л Мефеноксам + 42 г/л Флудиоксонил + 28 г/л Пираклостробин,фунгицид,"ООО ""ШАНС""",1093668046812,III,-,19.08.2026,18.08.2036,Действует,0
021-02-1689-1,Бункер,bunker,ВСК,60 г/л Тебуконазол,фунгицид,АО Фирма «Август»,1025006038958,II,-,27.09.2017,26.09.2027,Действует,0
590(297)-03-2498-1,Бунт,bunt,ВР,480 г/л Бентазон,гербицид,"ООО ФРАНДЕСА, ООО «Франдеса»",1157746513055,III,III,11.12.2019,10.12.2029,Действует,0
866-02-10090-0,Буран,buran,КЭ,66 г/л Имазалил + 132 г/л Прохлораз + 56 г/л тритиконазол,фунгицид,"ООО ""ПРИОРИТЕТ ГРУПП""",1152312010740,III,III,20.08.2026,19.08.2029,Действует,0
866-03-4989-0,Буржуй,burzhuy,ВДГ,500 г/кг тифенсульфурон-метил + 250 г/кг трибенурон-метил + 100 г/кг флорасулам,гербицид,ООО «АП Протекшен»,1077203028528,III,III,14.08.2025,13.08.2028,Действует,0
164-01-478-1,Бусидо,busido,ВДГ,500 г/кг Клотианидин,инсектицид,ООО «Евро-Семена»,,III,I,18.12.2014,17.12.2024,Не действует,1
014-03-1637-1,Бутизан 400,butizan-400,КС,400 г/л Метазахлор,гербицид,«БАСФ СЕ»,,III,III,07.12.2017,06.12.2027,Действует,0
014-03-3279-1,Бутизан Стар,butizan-star,КС,333 г/л Метазахлор + 83 г/л Квинмерак,гербицид,«БАСФ СЕ»,,III,III,01.09.2021,31.08.2031,Действует,0
070-03-9637-1,Бутилор,butilor,СЭ,"312,5 г/л С-Метолахлор + 187,5 г/л тербутилазин",гербицид,"ООО ""АГРОМИР""",1187746148424,III,III,16.10.2025,15.10.2035,Действует,0
046-07-1861-1,Бутон,buton,ВРП,5 г/кг Гиббереллиновых кислот натриевые соли,регулятор роста,ЗАО «ТПК «Техноэкспорт»,1025005325070,III,III,09.04.2018,08.04.2028,Не действует,1
046-07-5054-1,Бутон,buton,ВРП,5 г/кг Гиббереллиновых кислот натриевые соли,регулятор роста,ООО «Техноэкспорт»,1125042005175,III,III,29.08.2025,08.04.2028,Действует,1
050-03(04)-2968-1,Буцефал,butsefal,КЭ,480 г/л карфентразон-этил,гербицид,ЗАО «ФМРус»,1097746208207,III,III,30.12.2020,29.12.2030,Действует,0
088-07-1048-1,ВЛ 77,vl-77,Ж,770 г/л Полиэтиленоксиды + 30 г/л гуминовые кислоты натриевых солей,регулятор роста,МЧ НИП «Долина»,,IV,III,23.03.2016,22.03.2026,Не действует,1
041-02-2539-1,Вайбранс,vaybrans,КС,500 г/л седаксан,фунгицид,ООО «Сингента»,1037739325271,III,-,21.02.2020,20.02.2030,Действует,0
041-02-3357-1,Вайбранс Голд,vaybrans-gold,КС,"25 г/л Флудиоксонил + 37,5 г/л Мефеноксам + 50 г/л седаксан",фунгицид,ООО «Сингента»,1037739325271,III,-,01.11.2021,24.03.2026,Действует,0
041-01-1754-1,Вайбранс Интеграл,vaybrans-integral,КС,175 г/л Тиаметоксам + 25 г/л седаксана + 25 г/л флудиоксонила + 10 г/л тебуконазола,инсектицид,ООО «Сингента»,1037739325271,II,-,12.02.2018,11.02.2028,Действует,0
041-02-1753-1,Вайбранс Интеграл,vaybrans-integral,КС,175 г/л Тиаметоксам + 25 г/л седаксан + 25 г/л Флудиоксонил + 10 г/л Тебуконазол,фунгицид,ООО «Сингента»,1037739325271,II,-,12.02.2018,11.02.2028,Действует,0
041-01-4239-1,Вайбранс Круйзер Макс,vaybrans-kruyzer-maks,КС,"92,3 г/л Тиаметоксам + 46,2 г/л Тиабендазол + 15,4 г/л седаксан + 11,5 г/л Мефеноксам + 7,7 г/л флудиоксанил",инсектицид,ООО «Сингента»,1037739325271,III,-,27.10.2023,26.10.2033,Действует,0
041-01(02)-3080-1,Вайбранс Топ,vaybrans-top,КС,"262,5 г/л Тиаметоксам + 25 г/л седаксан + 25 г/л Флудиоксонил",инсектицид,ООО «Сингента»,1037739325271,III,-,08.04.2021,07.04.2031,Действует,0
041-02-2674-1,Вайбранс Трио,vaybrans-trio,КС,25 г/л седаксан + 25 г/л Флудиоксонил + 10 г/л Тебуконазол,фунгицид,ООО «Сингента»,1037739325271,III,-,18.05.2020,17.05.2030,Действует,0
041-02-2643-1,Вайбранс Экстра,vaybrans-ekstra,КС,"22,5 г/л Флудиоксонил + 15 г/л Мефеноксам + 15 г/л седаксан",фунгицид,ООО «Сингента»,1037739325271,III,-,06.04.2020,05.04.2030,Действует,0
021-01-2745-1,Валлар,vallar,Г,40 г/кг Диазинон,инсектицид,АО Фирма «Август»,1025006038958,III,-,16.07.2020,15.07.2030,Действует,1
1004-02-9984-1,Вальто - В10,valto-v10,Ж,5-25 мл/л изолята мг/л Pepino Mosaic Virus штамм VC1 + 5-25 мл/л изолята мг/л Pepino Mosaic Virus штамм VX1,фунгицид,Вальто Б.В.,,III,III,27.05.2026,27.05.2036,Действует,0
058-01-2702-1,Вантекс,vanteks,МКС,60 г/л Гамма-цигалотрин,инсектицид,«КЕМИНОВА А/С»,,III,I,09.06.2020,08.06.2030,Действует,0
141-06-3509-1,Варат,varat,Г,"0,05 г/кг Бродифакум",родентицид,ООО «Валбрента Кемикалс»,,II,-,02.03.2022,01.03.2032,Действует,1
141-06-3618-1,Варат,varat,ТБ,"0,05 г/кг Бродифакум",родентицид,ООО «Валбрента Кемикалс»,,II,-,12.04.2022,11.04.2032,Действует,1
141-06-3619-1,Варат,varat,МБ,"0,05 г/кг Бродифакум",родентицид,ООО «Валбрента Кемикалс»,,II,-,12.04.2022,11.04.2032,Действует,1
019-03-1639-1,Велосити,velositi,МД,10 г/л тиенкарбазон-метил + 60 г/л антидот мефенпир-диэтил,гербицид,Байер КропСайенс АГ,,III,III,07.12.2017,06.12.2027,Действует,0
019-03-2877-1,Велосити Пауэр,velositi-pauer,ВДГ,"22,5 г/кг тиенкарбазон-метил + 11,3 г/кг йодосульфурон-метил-натрия + 135 г/кг антидот мефенпир-диэтила",гербицид,Байер КропСайенс АГ,,III,III,16.11.2020,15.11.2030,Действует,0
019-03-3115-1,Велосити Супер,velositi-super,КЭ,"80 г/л феноксапроп-П-этил + 7,5 г/л тиенкарбазон-метил + 30 г/л антидот мефенпир-диэтил",гербицид,Байер КропСайенс АГ,,III,III,19.04.2021,18.04.2031,Действует,0
010-03-9977-0,Велоцерат,velotserat,КЭ,40 г/л Квизалофоп-П-тефурил,гербицид,"ООО ""ЛИСТЕРРА""",1057749556930,II,III,25.05.2026,24.05.2029,Действует,0
058-02-2782-1,Вендетта,vendetta,КС,375 г/л флуазинам + 150 г/л Азоксистробин,фунгицид,«КЕМИНОВА А/С»,,III,III,25.08.2020,24.08.2030,Действует,0
062-03-3489-1,Вендор,vendor,КЭ,720 г/л Пропизохлор,гербицид,ООО «АЛЬФАХИМГРУПП»,,II,III,24.01.2022,23.01.2032,Действует,0
178-03-2650-1,Веник,venik,ВДГ,750 г/кг сульфометурон-метил,гербицид,ООО «Агро Эксперт Груп»,1027708006996,III,III,20.04.2020,19.04.2030,Действует,0
178-02-2631-1,Венто,vento,КС,140 г/л Тебуконазол + 125 г/л Крезоксим-метил + 116 г/л эпоксиконазол,фунгицид,ООО «Агро Эксперт Груп»,1027708006996,II,III,26.03.2020,25.03.2030,Действует,0
019-02(05)-4372-1,Веранго,verango,КС,400 г/л Флуопирам,фунгицид,Байер КропСайенс АГ,,III,III,30.01.2024,29.01.2034,Действует,0
019-03-3232-1,Вердикт,verdikt,ВДГ,6 г/кг йодосульфурон-метил-натрий + 30 г/кг мезосульфурон-метил + 90 г/кг антидот мефенпир-диэтил,гербицид,Байер КропСайенс АГ,,III,III,16.07.2021,15.07.2031,Действует,0
101-02-10020-1,Веривер,veriver,Ж,10⁹ КОЕ/см³ Streptomycesrimosus В 1204,фунгицид,ООО «БИОМ-ПРО»,1075009002254,III,III,19.06.2026,18.06.2036,Действует,0
489-01-2094-1,Веримарк,verimark,КС,200 г/л Циантранилипрол,инсектицид,ООО «ЭфЭмСи»,1037706002773,III,III,01.02.2019,31.01.2029,Действует,0
971-02-9806-0,Вернер,verner,КС,120 г/л Тебуконазол + 100 г/л Азоксистробин + 40 г/л Ципроконазол,фунгицид,"ООО ""ПРОЛАЙН""",1230200002020,II,III,04.03.2026,03.03.2029,Действует,0
018-03-4032-1,Версия,versiya,МД,370 г/л Пропизохлор + 185 г/л тербутилазин,гербицид,АО «Щелково Агрохим»,1025006519427,II,III,16.03.2023,15.03.2033,Действует,0
041-01-913-1,Вертимек,vertimek,КЭ,18 г/л Абамектин,инсектицид,ООО «Сингента»,1037739325271,II,I,22.12.2015,02.05.2024,Не действует,0
041-01-9927-0,Вертимек,vertimek,КЭ,18 г/л Абамектин,инсектицид,"ООО ""СИНГЕНТА""",1037739325271,III,I,29.04.2026,28.04.2029,Действует,0
590(297)-02-2508-1,Вершина,vershina,КС,30 г/л Тебуконазол + 22 г/л Азоксистробин,фунгицид,"ООО ФРАНДЕСА, ООО «Франдеса»",1157746513055,II,-,30.12.2019,29.12.2029,Действует,0
010-03-3659-1,Виадук,viaduk,ВК,100 г/л Имазетапир,гербицид,"ООО «ЛИСТЕРРА», ПАНАМА АГРОКЕМИКАЛС ИНК.",1057749556930,III,III,27.04.2022,26.04.2032,Действует,0
021-02-2908-1,Виал Траст,vial-trast,ВСК,80 г/л Тиабендазол + 60 г/л Тебуконазол,фунгицид,АО Фирма «Август»,1025006038958,II,-,03.12.2020,02.12.2030,Действует,0
021-02-1702-1,Виал Трио,vial-trio,ВСК,5 г/л Ципроконазол + 120 г/л Прохлораз + 30 г/л Тиабендазол,фунгицид,АО Фирма «Август»,1025006038958,III,-,27.02.2015,26.02.2025,Не действует,0
021-02-4753-0,Виал Трио,vial-trio,ВСК,120 г/л Прохлораз + 30 г/л Тиабендазол + 5 г/л Ципроконазол,фунгицид,АО Фирма «Август»,1025006038958,III,-,16.12.2024,15.12.2027,Действует,0
014-02-658-1,Вивандо,vivando,КС,500 г/л Метрафенон,фунгицид,«БАСФ СЕ»,,III,III,30.04.2015,29.04.2025,Не действует,0
786-07-3512-1,Вигор Форте,vigor-forte,К,30 г/кг хелат марганца + 75 г/кг хелат цинка + 75 г/кг хелат меди + 100 г/кг хелат железа + 15 г/кг кислота борная + 100 г/кг Ортокрезоксиуксусной кислоты триэтаноламмониевая соль + 250 г/кг магний азотнокислый + 200 г/кг калий азотнокислый + 150 г/кг монокалийфосфат + 5 г/кг аммоний молибденовокислый,регулятор роста,ООО «ВАТР»,1115018001207,IV,III,03.03.2022,02.03.2032,Действует,0
029-05-1929-1,Видат 5Г,vidat-5g,Г,50 г/кг Оксамил,нематицид,ООО «Дюпон Наука и Технологии»,,II,II,28.05.2018,27.05.2028,Действует,0
156-03-1917-1,Видблок Плюс,vidblok-plyus,МЭ,"37,5 г/л Имазетапир + 25 г/л пропаквизафоп",гербицид,ООО «АДАМА РУС»,1062310039934,III,III,16.05.2018,15.05.2028,Действует,0
046-03-4356-0,Видлер,vidler,КЭ,"50 г/л Пиноксаден + 12,5 г/л антидот -клоквинтосет-мексил",гербицид,ЗАО «ТПК «Техноэкспорт»,1025005325070,III,III,11.01.2024,10.01.2027,Не действует,0
046-03-4999-0,Видлер,vidler,КЭ,"50 г/л Пиноксаден + 12,5 г/л антидот -клоквинтосет-мексил",гербицид,ООО «Техноэкспорт»,1125042005175,III,III,29.08.2025,10.01.2027,Действует,0
201-03-2608-1,Визион,vizion,ВДГ,288 г/кг Мезотрион + 280 г/кг Амикарбазон,гербицид,АРИСТА ЛАЙФСАЙЕНС С.А.С.,,III,III,18.03.2020,17.03.2030,Действует,0
086(085)-02-1348-1,Виконт,vikont,СП,640 г/кг Манкоцеб + 80 г/кг Металаксил,фунгицид,"ООО «АФД», ООО «Ярило»","1157746054201, 1083123001500",II,III,26.01.2017,25.01.2027,Действует,0
334-03-1241-1,Винг-П,ving-p,КЭ,"250 г/л Пендиметалин + 212,5 г/л Диметенамид-Р",гербицид,БАСФ Корпорэйшн,,III,III,27.09.2016,26.09.2026,Действует,0
178-02-2189-1,Виннер,vinner,КС,25 г/л Тиабендазол + 25 г/л Флутриафол,фунгицид,ООО «Агро Эксперт Груп»,1027708006996,III,-,05.04.2019,04.04.2029,Действует,0
018-02-1135-1,Винтаж,vintazh,МЭ,65 г/л Дифеноконазол + 25 г/л Флутриафол,фунгицид,АО «Щелково Агрохим»,1025006519427,III,III,28.06.2016,09.12.2025,Не действует,0
018-02-9950-0,Винтаж,vintazh,МЭ,65 г/л Дифеноконазол + 25 г/л Флутриафол,фунгицид,"АО ""ЩЕЛКОВО АГРОХИМ""",1025006519427,III,III,18.05.2026,17.05.2029,Действует,0
058-02-817-1,Винцит Форте,vintsit-forte,КС,"15 г/л Имазалил + 25 г/л Тиабендазол + 37,5 г/л Флутриафол",фунгицид,«КЕМИНОВА А/С»,,III,-,23.10.2015,22.10.2025,Не действует,0
590-01-4191-1,Вирий,viriy,КС,245 г/л Тиаклоприд,инсектицид,ООО ФРАНДЕСА,1157746513055,II,III,08.09.2023,07.09.2033,Действует,0
085-02-1201-1,Виртуоз,virtuoz,КЭ,250 г/л Пропиконазол + 80 г/л Ципроконазол,фунгицид,ООО «Ярило»,1083123001500,III,III,17.09.2016,16.09.2026,Не действует,0
295-02-639-1,Вист,vist,шашки насы,400 г/кг Тиабендазол,фунгицид,ООО «ФУМИГАНТ-ПЛЮС»,,III,-,16.04.2015,15.04.2025,Не действует,1
295-02-4972-1,"Вист, шашки насыпные",vist-shashki-nasypnye,шашки насы,400 г/кг Тиабендазол,фунгицид,ООО «ФУМИГАНТ-ПЛЮС»,,III,I,25.07.2025,24.07.2035,Действует,1
699-02-3865-1,Витазол Экстра,vitazol-ekstra,ВДГ,300 г/л Протиоконазол + 300 г/л Тебуконазол,фунгицид,"«Шандонг Вейфанг Рейбоу Кемикал Ко., Лтд.",,II,III,10.11.2022,09.11.2032,Действует,0
064-01-2889-1,Витакс,vitaks,КС,600 г/л Имидаклоприд,инсектицид,ООО «Химагромаркетинг»,1032305700008,III,-,23.11.2020,22.11.2030,Действует,0
087(082)-02-2419-1,Виталон,vitalon,КС,400 г/л Тирам + 14 г/л Тебуконазол,фунгицид,"ЗАО «Химсервис», ООО «Интер Групп»","1020203088740, 1084312000420",II,-,08.10.2019,07.10.2029,Действует,0
139-02-4602-1,Витаплан,vitaplan,СП,10¹⁰ КОЕ/г Bacillussubtilis BКМ В-2604D + 10¹⁰ КОЕ/г Bacillussubtilis BКМ В-2605D,фунгицид,ООО Управляющая компания «АБТ-групп»,,III,III,07.06.2024,06.06.2034,Действует,0
021-03-3493-1,Витара,vitara,ВР,480 г/л Дикамба (диметиламинная соль),гербицид,"Тагрос Кемикалс Индия ПВТ ЛимитедIII/III 636-03-2774-1 18.08.2020 17.08.2030 Гель-Деймос, Гель (50 г/кг Дикамба (диметиламинная соль)) АО Фирма «Август»",1025006038958,III,III,18.08.2020,17.08.2030,Действует,1
021-02-1690-1,Витарос,vitaros,ВСК,198 г/л Карбоксин + 198 г/л Тирам,фунгицид,АО Фирма «Август»,1025006038958,III,-,27.09.2017,26.09.2027,Действует,0
126-02-2245-1,Виташанс,vitashans,ВДГ,800 г/кг Сера,фунгицид,ООО «Шанс»,1093668046812,III,III,28.05.2019,17.07.2024,Действует,0
528-02-3704-1,Витена 450,vitena-450,ВДГ,450 г/кг цимоксанил,фунгицид,СИПКАМ ОКСОН С.П.А.,,III,III,06.06.2022,05.06.2032,Действует,0
085-03-3500-1,Властелин,vlastelin,ВК,"500 г/л МЦПА кислоты (смесь диметиламинной, калиевой, натриевой солей)",гербицид,ООО «Ярило»,1083123001500,II,III,02.03.2022,29.02.2032,Действует,0
699-03-3598-1,Вождь,vozhd,СК,"312,5 г/л С-Метолахлор + 187,5 г/л тербутилазин",гербицид,"«Шандонг Вейфанг Рейбоу Кемикал Ко., Лтд.",,III,III,07.04.2022,06.04.2032,Действует,0
590(297)-04-2969-1,Волат,volat,ВР,150 г/л Дикват (дибромид),десикант,"ООО «Франдеса», ООО ФРАНДЕСА",1157746513055,III,III,09.01.2021,10.01.2031,Действует,0
085-03-3319-1,Воленс,volens,МЭ,200 г/л Ацифлуорфен + 42 г/л кломазон,гербицид,ООО «Ярило»,1083123001500,III,III,27.09.2021,26.09.2031,Действует,0
041-01-4240-0,Волиам Флекси,voliam-fleksi,СК,200 г/л Тиаметоксам + 100 г/л Хлорантранилипрол,инсектицид,ООО «Сингента»,1037739325271,III,-,27.10.2023,26.10.2026,Действует,0
374-02-3708-1,Волсепт Сид,volsept-sid,ВРК,100 г/л Имазалил,фунгицид,ООО «ВПО «ВОЛГОХИМНЕФТЬ»,1023405968178,II,-,07.06.2022,06.06.2032,Действует,0
297-03-4202-0,Вольник,volnik,ВР,540 г/л Глифосат кислоты (калиевая соль),гербицид,ООО «Франдеса»,,II,III,18.09.2023,17.09.2026,Не действует,0
082-01-1527-1,Восторг,vostorg,КС,140 г/л Клотианидин + 100 г/л лямбда-цигалотрин,инсектицид,ООО «Интер Групп»,1084312000420,II,I,20.07.2017,26.12.2025,Действует,0
184(026)-03-3751-1,Вояж,voyazh,ВДГ,750 г/кг никосульфурон,гербицид,"ООО «Агрорус и Ко», Агрия АД",,III,III,11.07.2022,10.07.2032,Действует,0
010-03-3486-1,Всполох,vspoloh,ВР,"344 г/л 2,4-Д + 120 г/л дикамба (диметиламинные соли)",гербицид,ООО «ЛИСТЕРРА»,1057749556930,II,III,21.01.2022,20.01.2032,Действует,0
050-01-4250-1,Вулкан,vulkan,ТНС,200 г/л Бифентрин,инсектицид,ЗАО «ФМРус»,1097746208207,III,-,13.11.2023,12.11.2033,Действует,0
050-01-990-1,Вулкан,vulkan,ТПС,200 г/л Бифентрин,инсектицид,ЗАО «ФМРус»,1097746208207,III,-,13.11.2023,12.11.2033,Действует,0
699-03-3132-1,Выбор,vybor,КЭ,360 г/л Клетодим,гербицид,"«Шандонг Вейфанг Рейбоу Кемикал Ко., Лтд.",,III,III,13.05.2021,12.05.2031,Действует,0
050-03-4569-0,Вымпел 2,vympel-2,КЭ,160 г/л Десмедифам + 160 г/л фенмедифам,гербицид,ЗАО «ФМРус»,1097746208207,III,III,21.05.2024,20.05.2027,Действует,0
050-03-4663-1,Вымпел 2,vympel-2,КЭ,160 г/л Десмедифам + 160 г/л фенмедифам,гербицид,ЗАО «ФМРус»,1097746208207,III,III,16.09.2024,15.09.2034,Действует,0
050-03-4570-0,Вымпел 3,vympel-3,КЭ,112 г/л этофумезат + 91 г/л фенмедифам + 71 г/л Десмедифам,гербицид,ЗАО «ФМРус»,1097746208207,III,III,21.05.2024,20.05.2027,Действует,0
050-03-4664-1,Вымпел 3,vympel-3,КЭ,112 г/л этофумезат + 91 г/л фенмедифам + 71 г/л Десмедифам,гербицид,ЗАО «ФМРус»,1097746208207,III,III,16.09.2024,15.09.2034,Действует,0
145-07-1604-1,Вэрва,verva,ВЭ,10 г/л Тритерпеновые кислоты,регулятор роста,ООО «Научно-технологическое предприятие Института химии Коми НЦ УрО РАН»,,III,III,21.11.2017,20.11.2027,Действует,1
145-07-676-1,Вэрва-ель,verva-el,ВЭ,10 г/л Флавоноиды ели,регулятор роста,ООО «Научно-технологическое предприятие Института химии Коми НЦ УрО РАН»,,III,III,08.06.2015,07.06.2025,Не действует,1
966-03-4833-0,Габарит Голд,gabarit-gold,ВДГ,375 г/кг тифенсульфурон-метил + 375 г/кг трибенурон-метил,гербицид,ООО «КРОПЭКС»,1037706002773,III,III,25.03.2025,24.03.2028,Действует,0
966-03-4894-0,Габарит Дуо,gabarit-duo,ВДГ,500 г/кг тифенсульфурон-метил + 250 г/кг трибенурон-метил,гербицид,ООО «КРОПЭКС»,1037706002773,III,III,02.06.2025,01.06.2028,Действует,0
966-03-4838-0,Габарит Ультра,gabarit-ultra,ВДГ,750 г/кг тифенсульфурон-метил,гербицид,ООО «КРОПЭКС»,1037706002773,III,III,21.04.2025,20.04.2028,Действует,0
699-03-3449-1,Гавань Плюс,gavan-plyus,МД,75 г/л Мезотрион + 30 г/л никосульфурон,гербицид,"«Шандонг Вейфанг Рейбоу Кемикал Ко., Лтд.",,III,III,27.12.2021,26.12.2031,Действует,0
126-01-4547-1,Газель,gazel,РП,200 г/кг Ацетамиприд,инсектицид,"НиппонСодаКо., Лтд",,-,-,03.05.2024,02.05.2034,Действует,0
021-03-1807-1,Гайтан,gaytan,КЭ,330 г/л Пендиметалин,гербицид,АО Фирма «Август»,1025006038958,II,III,22.06.2015,21.06.2025,Не действует,0
742-03-4363-1,Гал-Балдукс,gal-balduks,ВР,300 г/л Клопиралид,гербицид,ГАЛЕНИКА-ФИТОФАР МАЦИЯ А.Д.,,III,III,15.01.2024,14.01.2034,Действует,0
742-03-4424-1,Гал-Басус,gal-basus,КС,"312,5 г/л С-Метолахлор + 187,5 г/л тербутилазин",гербицид,ГАЛЕНИКА-ФИТОФАР МАЦИЯ А.Д.,,III,III,20.02.2024,19.02.2034,Действует,0
742-03-4364-1,Гал-Визия,gal-viziya,КЭ,50 г/л хизалофоп-П-этил,гербицид,ГАЛЕНИКА-ФИТОФАР МАЦИЯ А.Д.,,II,III,15.01.2024,14.01.2034,Действует,0
014(148)-03-3663-1,Галакси Топ,galaksi-top,ВРК,320 г/л Бентазон + 160 г/л Ацифлуорфен,гербицид,"«БАСФ СЕ», ООО «ЮПЛ»",1157746848490,II,III,28.04.2022,27.04.2032,Действует,0
192-03-3009-1,Галактион,galaktion,КЭ,104 г/л Галоксифоп-П-метил,гербицид,ООО ГК «ЗемлякоФФ»,1037724060560,III,III,09.02.2021,08.02.2031,Действует,0
866-03-4656-0,Галера Супер КА,galera-super-ka,ВР,267 г/л Клопиралид + 80 г/л пиклорам + 17 г/л Аминопиралид,гербицид,ООО Кортева Агрисаенс Рус,1106195008787,III,III,26.08.2024,25.08.2027,Действует,0
156-03-2813-1,Галиган,galigan,КЭ,240 г/л Оксифлуорфен,гербицид,ООО «АДАМА РУС»,1062310039934,II,III,21.09.2020,20.09.2030,Действует,0
156-01-3843-1,Галил,galil,КС,250 г/л Имидаклоприд + 50 г/л Бифентрин,инсектицид,ООО «АДАМА РУС»,1062310039934,III,I,26.10.2022,25.10.2032,Действует,0
021-03-4216-1,Галион,galion,ВР,300 г/л Клопиралид + 75 г/л пиклорам,гербицид,АО Фирма «Август»,1025006038958,III,III,05.10.2023,04.10.2033,Действует,0
050(360)-03-1064-1,Галлон,gallon,КЭ,104 г/л Галоксифоп-П-метил,гербицид,"ЗАО «ФМРус», ООО «АГРОХИМИНВЕСТ","1097746208207, 1027743011207",III,III,07.04.2016,06.04.2026,Не действует,0
050-03-9677-0,Галлон,gallon,КЭ,104 г/л кислоты галоксифоп-П-метила,гербицид,"АО ""ФМРус""",1097746208207,III,III,18.11.2025,17.11.2028,Действует,0
913-03-4472-1,Галмет,galmet,КЭ,104 г/л галоксифоп-Р-метил,гербицид,ООО ХИМСНАБ,1072312011617,II,III,31.05.2017,30.05.2027,Действует,0
742-03-4418-1,Галоканекс,galokaneks,КС,480 г/л Мезотрион,гербицид,ГАЛЕНИКА-ФИТОФАР МАЦИЯ А.Д.,,III,III,15.02.2024,14.02.2034,Действует,0
647-03-2852-1,Галокситин,galoksitin,КЭ,104 г/л Галоксифоп-П-метил,гербицид,ООО АГРОХИМСТРОЙ,1172801013538,III,III,03.11.2020,02.11.2030,Действует,0
402-03-3800-1,Галоп М,galop-m,КЭ,104 г/л Галоксифоп-П-метил,гербицид,ООО «АГРОТЕХИНВЕСТ»,1112801009727,III,III,20.09.2022,19.09.2032,Действует,0
126-03-4038-1,Галошанс,galoshans,КЭ,104 г/л Галоксифоп-П-метил,гербицид,ООО «Шанс»,1093668046812,II,III,21.03.2023,17.07.2024,Действует,0
018-03-3782-1,Галс,gals,КЭ,480 г/л кломазон,гербицид,АО «Щелково Агрохим»,1025006519427,II,III,09.09.2022,08.09.2032,Действует,0
139-02-2115-1,Гамаир,gamair,СП,"10¹¹ КОЕ/г Bacillussubtilis, штамм М-22 ВИЗР",фунгицид,ООО Управляющая компания «АБТ-групп»,,III,III,22.02.2019,21.02.2029,Действует,0
139-02-2349-1,Гамаир,gamair,КС,"10⁹ КОЕ/г Bacillussubtilis, штамм М-22 ВИЗР",фунгицид,ООО Управляющая компания «АБТ-групп»,,III,III,15.08.2019,14.08.2029,Действует,1
139-02-3967-1,Гамаир,gamair,КС,"10¹⁰ КОЕ/Мл Bacillussubtilis, штамм М-22 ВИЗР",фунгицид,ООО Управляющая компания «АБТ-групп»,,IV,III,25.01.2023,24.01.2033,Действует,0
021-03-1727-1,Гамбит,gambit,СК,500 г/л Прометрин,гербицид,АО Фирма «Август»,1025006038958,III,III,01.02.2018,26.12.2025,Действует,0
041-03-3383-1,Гардо Голд,gardo-gold,СЭ,"312,5 г/л С-Метолахлор + 187,5 г/л тербутилазин",гербицид,ООО «Сингента»,1037739325271,III,III,24.11.2021,23.11.2031,Действует,0
178-02-9640-1,Гаридо,garido,МД,400 г/л Манкоцеб + 25 г/л мефеноксама,фунгицид,ООО «Агро Эксперт Груп»,1027708006996,II,III,17.10.2025,16.10.2035,Действует,0
082-03-2408-1,Гарнизон,garnizon,ВР,480 г/л Бентазон,гербицид,ООО «Интер Групп»,1084312000420,III,III,20.09.2019,19.09.2029,Действует,0
699-03-9748-0,Гаронж,garonzh,ВРК,480 г/л Бентазон,гербицид,"«Шандонг Вейфанг Рейнбоу Кемикал Ко., Лтд.»",,III,III,23.12.2025,22.12.2028,Действует,0
642-01-2954-1,Гарпун,garpun,КС,115 г/л Ацетамиприд + 106 г/л лямбда-цигалотрин,инсектицид,ООО ТетраХим,1167746491681,II,I,24.12.2020,23.12.2030,Действует,0
677-03-3062-1,Гаугай,gaugay,КЭ,108 г/л Галоксифоп-П-метил,гербицид,ООО ВОЯЖ АГРОКЕМИКАЛ,1172536044559,II,III,18.03.2021,17.03.2031,Действует,0
021-03-1808-1,Гаур,gaur,КЭ,240 г/л Оксифлуорфен,гербицид,АО Фирма «Август»,1025006038958,III,III,15.03.2017,14.03.2027,Действует,0
019-01-2869-1,Гаучо Эво,gaucho-evo,КС,175 г/л Имидаклоприд + 100 г/л Клотианидин,инсектицид,Байер КропСайенс АГ,,III,-,02.11.2020,01.11.2030,Действует,0
607-01-3730-1,Гедеон,gedeon,КЭ,50 г/л лямбда-цигалотрин,инсектицид,Рейбоу Агросайенс Кфт.,,II,II,28.04.2015,27.04.2025,Не действует,0
871-01-4904-1,Гедеон,gedeon,КЭ,50 г/л лямбда-цигалотрин,инсектицид,Рейнбоу Агросайенс Кфт.,,II,I,19.06.2025,18.06.2035,Действует,0
041-03-1302-1,Гезагард,gezagard,КС,500 г/л Прометрин,гербицид,ООО «Сингента»,1037739325271,III,III,13.12.2016,12.12.2026,Действует,0
097-03-217-1,Гезадар,gezadar,КС,500 г/л Прометрин,гербицид,ООО «АГРус»,5087746677893,II,III,31.12.2013,30.12.2023,Не действует,0
002-03-4419-1,Гезатрин,gezatrin,КС,500 г/л Прометрин,гербицид,ООО «АГРУСХИМ»,1057747562509,III,III,15.02.2024,01.07.2026,Действует,0
018-03-1474-1,Гейзер,geyzer,ККР,300 г/л Бентазон + 45 г/л хизалофоп-П-этил,гербицид,АО «Щелково Агрохим»,1025006519427,II,III,20.04.2017,19.04.2027,Действует,0
021-02-3255-1,Геката,gekata,КМЭ,120 г/л Дифеноконазол + 60 г/л тетраконазол,фунгицид,АО Фирма «Август»,1025006038958,III,III,05.08.2021,04.08.2031,Действует,1
535-03-3305-1,Гекстар,gekstar,ВДГ,750 г/кг трибенурон-метил,гербицид,АО «Группа компаний «ПРОАГРО»,1157746875109,III,III,20.09.2021,19.09.2031,Действует,0
278-03-4116-0,Гелиос,gelios,ВР,360 г/л Глифосат кислоты (изопропиламинная соль),гербицид,ООО ЭЛЛИПСАГРО,1142308002495,II,III,18.04.2022,17.04.2025,Не действует,0
278-03-4118-0,Гелиос Экстра,gelios-ekstra,ВР,540 г/л Глифосат кислоты (изопропиламинная соль),гербицид,ООО ЭЛЛИПСАГРО,1142308002495,II,III,18.04.2022,17.04.2025,Не действует,0
126-01-4457-1,Гелифас,gelifas,КЭ,150 г/л Индоксакарб,инсектицид,ООО «Шанс»,1093668046812,III,I,13.03.2024,12.03.2034,Действует,0
021-02-9617-0,Геллерт,gellert,КЭ,250 г/л Протиоконазол,фунгицид,АО Фирма «Август»,1025006038958,II,III,06.10.2025,05.10.2028,Действует,0
146(002)-03-1974-1,Генсек,gensek,ВГР,"88,5 г/л Дикамба + 88,5 г/л пиклорам + 177 г/л клопиралид (диметилэтаноламинные соли)",гербицид,"ООО «Агро-Инновации», ООО «АГРУСХИМ»",1057747562509,III,III,07.08.2018,06.08.2028,Действует,0
041-02-4743-1,Геокс,geoks,ВДГ,500 г/кг Флудиоксонил,фунгицид,ООО «Сингента»,1037739325271,III,-,03.12.2024,02.12.2034,Действует,0
041-02-498-1,Геокс,geoks,ВДГ,500 г/кг Флудиоксонил,фунгицид,ООО «Сингента»,1037739325271,III,-,30.12.2014,29.12.2024,Не действует,0
070-03-3812-1,Геразол,gerazol,ВРК,100 г/л Имазетапир,гербицид,ООО «АГРОМИР»,1187746148424,III,-,05.10.2022,04.10.2032,Действует,0
018-02-3019-1,Гераклион,geraklion,КС,400 г/л Тирам + 25 г/л Тебуконазол + 15 г/л Азоксистробин,фунгицид,АО «Щелково Агрохим»,1025006519427,II,-,19.02.2021,18.02.2031,Действует,0
607-03-3739-1,Герб-480,gerb-480,ВР,480 г/л Дикамба (диметиламинная соль),гербицид,Рейбоу Агросайенс Кфт.,,III,III,04.02.2021,03.02.2031,Действует,0
082-03-3886-1,Гербикс,gerbiks,ВК,"500 г/л МЦПА кислоты (смесь диметиламинной, калиевой, натриевой солей)",гербицид,ООО «Интер Групп»,1084312000420,II,III,25.11.2022,24.11.2032,Действует,0
008-03-4377-0,Гербимакс,gerbimaks,ВР,300 г/л Клопиралид,гербицид,ООО «Ваше хозяйство»,1025203566728,III,III,24.01.2024,23.01.2027,Действует,1
021-03-4449-0,Гербитокс,gerbitoks,ВРК,"500 г/л МЦПА кислоты (смесь диметиламинной, калиевой, натриевой солей)",гербицид,АО Фирма «Август»,1025006038958,II,III,11.03.2024,10.03.2027,Действует,0
021-03-1848-1,Гербитокс-Л,gerbitoks-l,ВРК,"300 г/л МЦПА кислоты (калиевая, натриевая соль)",гербицид,АО Фирма «Август»,1025006038958,II,III,30.03.2018,29.03.2028,Действует,0
972-03-4874-1,Герзамокс,gerzamoks,ВР,"40 г/л г/л Имазамокс) Синокем Агро Ко., ЛТД (КНР",гербицид,"Синокем Агро Ко., ЛТД (КНР",,II,III,26.05.2025,25.05.2035,Действует,0
018-03-4499-1,Гермес,germes,МД,50 г/л хизалофоп-П-этил + 38 г/л Имазамокс,гербицид,АО «Щелково Агрохим»,1025006519427,III,III,02.04.2024,01.04.2034,Действует,0
018-03-4727-1,Гермес Форте,germes-forte,МД,30 г/л Имазамокс + 12 г/л Имазапир + 20 г/л хизалофоп-П-этил,гербицид,АО «Щелково Агрохим»,1025006519427,III,III,26.11.2024,25.11.2034,Действует,0
021-01-1679-1,Герольд,gerold,ВСК,240 г/л Дифлубензурон,инсектицид,АО Фирма «Август»,1025006038958,III,III,12.01.2018,11.01.2028,Действует,1
002-03-4855-0,Геронт,geront,МКЭ,130 г/л Клетодим + 80 г/л Галоксифоп-П-метил,гербицид,ООО «АГРУСХИМ»,1057747562509,III,III,25.04.2025,24.04.2028,Действует,0
064-03-3291-1,Герсотил,gersotil,ВДГ,750 г/кг трибенурон-метил,гербицид,ООО «Химагромаркетинг»,1032305700008,III,III,14.09.2021,13.09.2031,Действует,0
033-07-942-1,Гетероауксин,geteroauksin,ВРП,50 г/кг 1Н-индолил-3-этановой кислоты,регулятор роста,ООО «ОРТОН»,1025004916573,III,-,18.01.2016,17.01.2026,Не действует,1
046-07-1247-1,Гетероауксин,geteroauksin,П,780 г/кг 1Н-индолил-3-этановой кислоты,регулятор роста,ЗАО «ТПК «Техноэкспорт»,1025005325070,III,III,05.10.2016,04.10.2026,Не действует,1
046-07-2492-1,Гетероауксин,geteroauksin,ТАБ,695 г/кг 1Н-индолил-3-этановой кислоты,регулятор роста,ЗАО «ТПК «Техноэкспорт»,1025005325070,III,III,05.10.2016,04.10.2026,Не действует,1
046-07-5038-1,Гетероауксин,geteroauksin,ТАБ,695 г/кг 1Н-индолил-3-этановой кислоты,регулятор роста,ООО «Техноэкспорт»,1125042005175,III,III,29.08.2025,04.10.2026,Действует,1
046-07-5039-1,Гетероауксин,geteroauksin,П,780 г/кг 1Н-индолил-3-этановой кислоты,регулятор роста,ООО «Техноэкспорт»,1125042005175,III,III,29.08.2025,04.10.2026,Действует,1
033-07-3057-1,Гетероауксин+,geteroauksin,ВРП,50 г/кг 3-индолилуксусная кислота калиевой соли,регулятор роста,ООО «ОРТОН»,1025004916573,III,III,18.03.2021,17.03.2031,Действует,1
038(915)-03-4429-1,Гештальт,geshtalt,КЭ,"45 г/л Пиноксаден + 11,25 г/л антидот -клоквинтосет-мексил",гербицид,"ООО «АГРОКОМ», ООО «АП Протекшен»","1077758212685, 1077203028528",III,III,20.02.2024,19.02.2034,Действует,0
586-07-2470-1,Гибб Плюс,gibb-plyus,ВРК,10 г/л Гиббереллиновые кислоты А4 + 10 г/л А7,регулятор роста,Глобакем НВ,,III,III,14.11.2019,13.11.2029,Действует,0
018-07-2170-1,Гиббера,gibbera,ВР,10 г/л Гиббереллиновые кислоты А4 + 10 г/л А7,регулятор роста,АО «Щелково Агрохим»,1025006519427,III,III,28.03.2019,27.03.2029,Действует,1
034-07-1313-1,Гибберсиб,gibbersib,П,90 г/кг Гиббереллиновых кислот натриевые соли,регулятор роста,ООО ПО «Сиббиофарм»,1035404721780,III,III,23.12.2016,22.12.2026,Действует,1
427-07-2226-1,Гиберелон,giberelon,ВРП,40 г/кг Гиббереллиновых кислот натриевые соли,регулятор роста,ООО «Агросинтез»,1027739092920,III,III,20.05.2019,19.05.2029,Действует,1
429-07-3755-1,Гидрамак,gidramak,ВРП,800 г/кг Малеиновый гидразид (калиевая соль),регулятор роста,ООО «Агросинтез»,1027739092920,III,III,13.07.2022,12.07.2032,Действует,0
018-02-801-1,Гимексазол,gimeksazol,СП,700 г/кг Гимексазол,фунгицид,АО «Щелково Агрохим»,1025006519427,II,-,15.10.2015,14.10.2025,Не действует,0
018-02-9653-1,Гимексазол,gimeksazol,СП,700 г/кг Гимексазол,фунгицид,"АО ""ЩЕЛКОВО АГРОХИМ""",1025006519427,II,-,27.10.2025,26.10.2035,Действует,0
002-02-2925-1,Гимнаст,gimnast,СП,90 г/кг Диметоморф + 600 г/кг Манкоцеб,фунгицид,ООО «АГРУСХИМ»,1057747562509,II,III,14.12.2020,13.12.2030,Действует,0
023(197)-01-2851-1,Гладиатор,gladiator,КЭ,50 г/л лямбда-цигалотрин,инсектицид,"ООО «Агрохим ХХ1», ООО «АНПП «Агрохим-XXI»","5067746338150, 1027700119710",III,I,22.10.2020,21.10.2030,Действует,0
023-01-1334-1,Гладиатор Супер,gladiator-super,КС,140 г/л Клотианидин + 100 г/л лямбда-цигалотрин,инсектицид,ООО «АНПП «Агрохим-XXI»,1027700119710,II,I,20.01.2017,19.01.2027,Действует,0
126-03-9964-1,Гладиум,gladium,КС,260 г/л Флумиоксазин,гербицид,"ООО ""ШАНС""",1093668046812,II,III,21.05.2026,20.05.2036,Действует,0
062-02-3356-1,Глайдер,glayder,КС,500 г/л Тебуконазол,фунгицид,ООО «АЛЬФАХИМГРУПП»,,II,II,28.10.2021,27.10.2031,Действует,0
002-03-4016-0,ГлиБест,glibest,ВР,360 г/л Глифосат кислоты (аммонийная соль),гербицид,ООО «АГРУСХИМ»,1057747562509,II,III,10.03.2023,09.03.2026,Не действует,0
002-03-4050-0,ГлиБест 540,glibest-540,ВР,540 г/л Глифосат кислоты (калиевая соль),гербицид,ООО «АГРУСХИМ»,1057747562509,II,III,27.03.2023,26.03.2026,Не действует,0
002-03-9865-0,ГлиБест 540,glibest-540,ВР,540 г/л Глифосата кислота (калиевая соль),гербицид,"ООО ""АГРУСХИМ""",1057747562509,II,III,26.03.2026,25.03.2029,Действует,0
002-03-9880-0,ГлиБест Гранд,glibest-grand,ВДГ,687 г/кг Глифосат кислоты (аммонийная соль),гербицид,"ООО ""АГРУСХИМ""",1057747562509,II,III,31.03.2026,30.03.2029,Действует,0
097-03-3950-0,ГлиБест Гранд,glibest-grand,ВДГ,687 г/л Глифосат кислоты (изопропиламинная соль),гербицид,ООО «АГРус»,5087746677893,II,III,12.01.2023,11.01.2026,Не действует,0
139-02-2260-1,Глиокладин,gliokladin,ТАБ,"10⁹ КОЕ/г Trichoderma harzianum, штамм 18 ВИЗР",фунгицид,ООО Управляющая компания «АБТ-групп»,,IV,III,03.05.2019,02.05.2029,Действует,1
139-02-3161-1,Глиокладин,gliokladin,СП,"10¹⁰ КОЕ/г Trichoderma harzianum, штамм 18 ВИЗР",фунгицид,ООО Управляющая компания «АБТ-групп»,,IV,III,27.05.2021,26.05.2031,Действует,0
010-03-3997-0,Глиф,glif,ВР,540 г/л Глифосат кислоты (калиевая соль),гербицид,ООО «ЛИСТЕРРА»,1057749556930,II,III,03.03.2023,02.03.2026,Не действует,0
010-03-9861-0,Глиф,glif,ВР,540 г/л глифосата кислоты (калиевая соль),гербицид,ООО «ЛИСТЕРРА»,1057749556930,II,III,25.03.2026,24.03.2029,Действует,0
082-03-4361-0,Глифор,glifor,ВР,360 г/л Глифосат кислоты (изопропиламинная соль),гербицид,ООО «Интер Групп»,1084312000420,II,III,15.01.2024,14.01.2027,Действует,0
082-03-3562-0,Глифор Форте,glifor-forte,ВР,540 г/л Глифосат кислоты (калиевая соль),гербицид,ООО «Интер Групп»,1084312000420,II,III,22.03.2022,21.03.2025,Не действует,0
082-03-4846-0,Глифор Форте,glifor-forte,ВР,540 г/л Глифосат кислоты (калиевая соль),гербицид,ООО «Интер Групп»,1084312000420,II,III,11.04.2025,10.04.2028,Действует,0
023(197)-03-3959-0,Глифот,glifot,ВР,360 г/л Глифосат кислоты (изопропиламинная соль),гербицид,"ООО «АНПП «Агрохим-XXI», ООО «Агрохим ХХ1»","1027700119710, 5067746338150",II,III,20.01.2023,19.01.2026,Не действует,0
197-03-9814-0,Глифот,glifot,ВР,360 г/л Глифосата кислота (изопропиламинная соль),гербицид,"ООО ""АГРОХИМ-XXI""",5067746338150,II,III,05.03.2026,04.03.2029,Действует,0
197(549)-03-4127-0,Глифот Супер,glifot-super,ВДГ,687 г/кг Глифосат кислоты (аммонийная соль),гербицид,"ООО «Агрохим ХХ1», ООО «АгроХимИнвест»","5067746338150, 5137746013400",II,III,19.06.2023,18.06.2026,Не действует,0
197-03-9974-0,Глифот Супер,glifot-super,ВДГ,687 г/кг Глифосат кислоты (аммонийная соль),гербицид,"ООО ""АГРОХИМ-XXI""",5067746338150,II,III,25.05.2026,24.05.2029,Действует,0
126-03-4068-0,Глифошанс,glifoshans,ВР,360 г/л Глифосат кислоты (изопропиламинная соль),гербицид,ООО «Шанс»,1093668046812,III,III,24.04.2023,23.04.2026,Не действует,0
126-03-10109-0,Глифошанс Супер,glifoshans-super,ВР,540 г/л глифосата кислоты (калиевая соль),гербицид,"ООО ""ШАНС""",1093668046812,II,III,31.08.2026,30.08.2029,Действует,0
126-03-4188-0,Глифошанс супер,glifoshans-super,ВР,540 г/л Глифосат кислоты (калиевая соль),гербицид,ООО «Шанс»,1093668046812,II,III,06.09.2023,05.09.2026,Не действует,0
192-03-4211-1,Глобал,global,ВР,40 г/л Имазамокс,гербицид,ООО ГК «ЗемлякоФФ»,1037724060560,III,III,27.09.2023,25.12.2025,Действует,0
192-03-1382-1,Глобал Плюс,global-plyus,ВК,120 г/л Имазамокс,гербицид,ООО ГК «ЗемлякоФФ»,1037724060560,III,III,06.03.2017,05.03.2027,Действует,0
586-07-3313-1,Глобарилл,globarill,ВР,100 г/л 6-бензиламинопурин,регулятор роста,Глобакем НВ,,II,III,23.09.2021,22.09.2031,Действует,0
018-03-4906-1,Глок,glok,ВДГ,150 г/кг флорасулама + 60 г/кг йодосульфурон-метил-натрия + 60 г/кг антидот мефенпир-диэтила,гербицид,АО «Щелково Агрохим»,1025006519427,III,III,23.06.2025,22.06.2035,Действует,0
197-03(04)-4669-1,ГлюфАгро,glyufagro,ВР,150 г/л Глюфосинат аммоний,гербицид,ООО «Агрохим ХХ1»,5067746338150,III,III,20.09.2024,19.09.2034,Действует,0
009-03-2242-1,Гоал 2Е,goal-2e,КЭ,240 г/л Оксифлуорфен,гербицид,ДАУ АГРОСАЕНСЕС ВЕРТРИБСГЕЗЕЛЬШАФ Т М.Б.Х.,,III,III,24.05.2019,23.05.2029,Действует,0
1005-03-10003-1,Гоал Голд,goal-gold,КЭ,240 г/л Оксифлуорфен,гербицид,Нутрикем Компани Лимитед,9111910877706,III,III,08.06.2026,07.06.2036,Действует,0
178-03(04)-2620-1,Голден Ринг,golden-ring,ВР,150 г/л Дикват,гербицид,ООО «Агро Эксперт Груп»,1027708006996,III,III,23.03.2020,26.12.2025,Действует,0
023(197)-03-4017-0,Голиаф,goliaf,ВР,540 г/л Глифосат кислоты (калиевая соль),гербицид,"ООО «Агрохим ХХ1», ООО «АНПП «Агрохим-XXI»","5067746338150, 1027700119710",II,III,13.03.2023,12.03.2026,Не действует,0
197-03-9826-0,Голиаф,goliaf,ВР,540 г/л глифосата кислоты (калиевая соль),гербицид,"ООО ""АГРОХИМ-XXI""",5067746338150,II,III,12.03.2026,11.03.2029,Действует,0
156-03-3631-1,Голтикс Голд,goltiks-gold,КС,700 г/л Метамитрон,гербицид,ООО «АДАМА РУС»,1062310039934,III,III,15.04.2022,14.04.2032,Действует,0
156-03-3806-1,Голтикс Супер,goltiks-super,КС,350 г/л Метамитрон + 150 г/л этофумезат,гербицид,ООО «АДАМА РУС»,1062310039934,III,III,26.09.2022,25.09.2032,Действует,0
156-03-3714-1,Голтикс Титан,goltiks-titan,КС,525 г/л Метамитрон + 40 г/л Квинмерак,гербицид,ООО «АДАМА РУС»,1062310039934,III,III,14.06.2022,13.06.2032,Действует,0
042(275)-03-737-1,Гольф,golf,ВК,100 г/л Имазетапир,гербицид,"ООО «ФОРВАРД», ООО «АГРОДИМ»","1105476055277, 1136449005351",III,III,31.07.2015,30.07.2025,Не действует,0
126-01-4699-1,Гоплит,goplit,КС,95 г/л Ацетамиприд + 115 г/л лямбда-цигалотрин + 65 г/л Тиаметоксам,инсектицид,ООО «Шанс»,1093668046812,II,I,23.10.2024,22.10.2034,Действует,0
021-03-1726-1,Горгон,gorgon,ВРК,350 г/л МЦПА + 150 г/л пиклорам (диметилэтаноламинные соли),гербицид,АО Фирма «Август»,1025006038958,II,III,25.03.2015,24.03.2025,Не действует,0
021-03-4837-0,Горгон,gorgon,ВРК,350 г/л МЦПА (диметиламинная соль) + 150 г/л пиклорам,гербицид,+ 150 г/л пиклорам) АО Фирма «Август»,1025006038958,II,III,26.03.2025,25.03.2028,Действует,0
446-03-1545-1,Гордон,gordon,КС,500 г/л Прометрин,гербицид,ООО «СФ-РЕГИСТРЭЙШН»,1142310001404,III,III,06.09.2017,05.09.2027,Действует,0
064-03-602-1,Горизонт,gorizont,КЭ,112 г/л этофумезат + 91 г/л фенмедифам + 71 г/л Десмедифам,гербицид,ООО «Химагромаркетинг»,1032305700008,III,III,23.03.2015,22.03.2025,Не действует,0
181-01-3292-1,Готика,gotika,КС,106 г/л лямбда-цигалотрин + 141 г/л Тиаметоксам,инсектицид,ООО «Тотус»,1104632010933,III,I,21.09.2021,20.09.2031,Действует,0
642-04-3035-1,Готланд,gotland,ВР,240 (128) г/л Дикват дибромида (200 г/л в пересчете на дикват ион),десикант,г/л Дикват дибромида (200 г/л в пересчете на дикват ион)) ООО ТетраХим,1167746491681,III,III,14.01.2021,15.03.2031,Действует,0
021-07-10047-0,Гравиэт,graviet,СК,250 г/л Паклобутразол,регулятор роста,"АО ФИРМА ""АВГУСТ""",1025006038958,II,III,14.07.2026,13.07.2029,Действует,0
699-03-10061-1,Гразидим,grazidim,КЭ,360 г/л Клетодим,гербицид,"«Шандонг Вейфанг Рейнбоу Кемикал Ко., Лтд.»",,III,III,05.08.2026,04.08.2036,Действует,0
021-03-3360-1,Граминион,graminion,КЭ,150 г/л Клетодим,гербицид,АО Фирма «Август»,1025006038958,II,III,01.11.2021,31.10.2031,Действует,0
082-03-10104-0,Гран-при,gran-pri,ВДГ,750 г/кг трибенурон-метил,гербицид,"ООО ""ИНТЕР ГРУПП""",1084312000420,III,III,28.08.2026,27.08.2029,Действует,0
082-03-1070-1,"Гран-при, ВДГ",gran-pri-vdg,ВДГ,750 г/кг трибенурон-метил,гербицид,ООО «Интер Групп»,1084312000420,III,III,11.04.2016,06.02.2024,Не действует,0
018-03-3901-1,Гранат,granat,ВДГ,750 г/кг трибенурон-метил,гербицид,АО «Щелково Агрохим»,1025006519427,III,III,13.12.2022,12.12.2032,Действует,0
082-02-3554-1,Гранберг,granberg,КЭ,250 г/л Тебуконазол,фунгицид,ООО «Интер Групп»,1084312000420,II,III,21.03.2022,20.03.2032,Действует,0
082-02-3846-1,Гранберг Про,granberg-pro,КЭ,300 г/л Пропиконазол + 200 г/л Тебуконазол,фунгицид,ООО «Интер Групп»,1084312000420,II,III,27.10.2022,26.10.2032,Действует,0
192-03-2866-1,Гранд Плюс,grand-plyus,ВДГ,750 г/кг трибенурон-метил,гербицид,ООО ГК «ЗемлякоФФ»,1037724060560,III,III,02.11.2020,01.11.2030,Действует,0
082-02-2684-1,Грандсил,grandsil,КС,60 г/л Тебуконазол,фунгицид,ООО «Интер Групп»,1084312000420,II,-,01.06.2020,31.05.2030,Действует,0
082-02-3873-1,Грандсил Ультра,grandsil-ultra,КС,75 г/л Флутриафол + 45 г/л Тебуконазол + 20 г/л Имазалил,фунгицид,ООО «Интер Групп»,1084312000420,II,-,14.11.2022,13.11.2032,Действует,0
489-03-2031-1,Гранстар Мега,granstar-mega,ВДГ,500 г/кг трибенурон-метил + 250 г/кг тифенсульфурон-метил,гербицид,ООО «ЭфЭмСи»,1037706002773,III,III,30.10.2018,29.10.2028,Действует,0
046-03-3694-1,Грант,grant,ВРК,33 г/л Имазамокс + 15 г/л Имазапир,гербицид,ЗАО «ТПК «Техноэкспорт»,1025005325070,III,III,23.05.2022,22.05.2032,Не действует,1
046-03-5058-1,Грант,grant,ВРК,33 г/л Имазамокс + 15 г/л Имазапир,гербицид,ООО «Техноэкспорт»,1125042005175,III,III,29.08.2025,22.05.2032,Действует,1
452-01-1598-1,Гранулам,granulam,ВДГ,240 г/кг лямбда-цигалотрин,инсектицид,СУЛФУР МИЛЛЗ ЛИМИТЕД,,II,I,21.11.2017,20.11.2027,Действует,0
284-02-3267-1,Грануфло,granuflo,ВДГ,800 г/кг Тирам,фунгицид,Таминко БВБА,,III,III,04.02.2015,03.02.2025,Не действует,0
046-03-3087-1,Грасс,grass,КС,"312,5 г/л С-Метолахлор + 187,5 г/л тербутилазин",гербицид,ЗАО «ТПК «Техноэкспорт»,1025005325070,III,III,02.04.2021,01.04.2031,Действует,0
046-03-5047-1,Грасс,grass,КС,"312,5 г/л С-Метолахлор + 187,5 г/л тербутилазин",гербицид,ООО «Техноэкспорт»,1125042005175,III,III,29.08.2025,01.04.2031,Действует,0
046-03-4299-0,Граунд,graund,ВР,360 г/л Глифосат кислоты (изопропиламинная соль),гербицид,ООО «ПСК Техноэкспорт»,1125042005175,II,III,11.12.2023,10.12.2026,Не действует,0
046-03-5027-0,Граунд,graund,ВР,360 г/л Глифосат кислоты (изопропиламинная соль),гербицид,ООО «Техноэкспорт»,1125042005175,II,III,29.08.2025,10.12.2026,Действует,0
181-03-4332-0,Граф,graf,КЭ,"150 г/л Пиноксаден + 37,5 г/л антидот -клоквинтосет-мексил",гербицид,ООО «Тотус»,1104632010933,II,III,22.12.2023,21.12.2026,Действует,0
021-03-2335-1,Грейдер,greyder,ВГР,250 г/л Имазапир,гербицид,АО Фирма «Август»,1025006038958,III,III,25.07.2019,24.07.2029,Действует,1
046-03-9852-0,Грейт,greyt,МД,90 г/л тифенсульфурон-метил + 24 г/л Флуметсулам + 18 г/л флорасулам,гербицид,"ООО ""ТЕХНОЭКСПОРТ""",1125042005175,III,III,20.03.2026,19.03.2029,Действует,0
278-03-4119-0,Гренадер,grenader,ВДГ,750 г/кг трибенурон-метил,гербицид,ООО ЭЛЛИПСАГРО,1142308002495,III,III,08.04.2022,07.04.2025,Не действует,0
018-02-2806-1,Гренни,grenni,КС,350 г/л Дитианон,фунгицид,АО «Щелково Агрохим»,1025006519427,II,III,16.09.2020,15.09.2030,Действует,0
184(040)-03-1516-1,Гренч,grench,СП,600 г/кг Метсульфурон-метил,гербицид,"ООО «Агрорус и Ко», Левей Маркетинг Актиенгезелльшафт",,III,III,14.06.2017,13.06.2027,Действует,0
б/н Гризли,Гризли,grizli,Г,,инсектицид,,,,,,,Действует,1
050(360)-03-1062-1,Гримс,grims,ВДГ,250 г/кг римсульфурон,гербицид,"ЗАО «ФМРус», ООО «АГРОХИМИНВЕСТ","1097746208207, 1027743011207",III,III,07.04.2016,06.04.2026,Не действует,0
008-07-3511-1,Грин Дейл,grin-deyl,ВРК,25 г/л Янтарная кислота,регулятор роста,ООО «Ваше хозяйство»,1025203566728,III,III,03.03.2022,02.03.2032,Действует,1
1002-02-9963-0,ГринПауэр,grinpauer,КЭ,250 г/л Пираклостробин,фунгицид,Чжецзян Ксиннонг Кемикал Ко.. Лтд,,II,III,20.05.2026,19.05.2029,Действует,0
082-01(02)-3947-1,Грифон,grifon,КС,25 г/л дифеноноконазол + 100 г/л Ацетамиприд + 25 г/л Флудиоксонил,инсектицид,ООО «Интер Групп»,1084312000420,III,-,12.01.2023,11.01.2033,Действует,0
177-08-3525-1,Гроза-3,groza-3,Г,30 г/кг Метальдегид,моллюскоцид,Арксада Лтд,,III,-,14.12.2015,13.12.2025,Не действует,1
012-08-4555-1,Гроза-6,groza-6,Г,60 г/кг Метальдегид,моллюскоцид,ООО Фирма «Зеленая Аптека Садовода»,1037700040564,-,-,03.05.2024,02.05.2034,Действует,0
012-01-760-1,Гром,grom,Г,30 г/кг Диазинон,инсектицид,ООО Фирма «Зеленая Аптека Садовода»,1037700040564,III,-,24.08.2015,23.08.2025,Не действует,1
012-01-761-1,Гром-2,grom-2,Г,30 г/кг Диазинон,инсектицид,ООО Фирма «Зеленая Аптека Садовода»,1037700040564,III,-,24.08.2015,23.08.2025,Не действует,1
012-01-4686-0,Гром-2М,grom-2m,Г,20 г/кг Имидаклоприд,инсектицид,ООО Фирма «Зеленая Аптека Садовода»,1037700040564,III,-,03.10.2024,02.10.2027,Действует,1
012-01-4735-1,Гром-М,grom-m,Г,20 г/кг Имидаклоприд,инсектицид,ООО Фирма «Зеленая Аптека Садовода»,1037700040564,III,-,26.11.2024,25.11.2034,Действует,1
158-03-4463-1,Громстор,gromstor,ВДГ,750 г/кг трибенурон-метил,гербицид,АО АгроБест Груп Тарым Илачлары Тохумджулук Ималат-Итхалат Ихраджат Санайи ве Тиджарет Лимитед Ширкети,,III,III,13.03.2024,15.05.2027,Действует,0
178-02-3685-1,Грэмми,gremmi,КС,500 г/л хлороталонил,фунгицид,ООО «Агро Эксперт Груп»,1027708006996,II,III,18.05.2022,17.05.2032,Действует,0
549(004)-03-5021-1,Грэнери,greneri,ВДГ,750 г/кг трибенурон-метил,гербицид,"ООО «АгроХимИнвест», ООО НПО «РАХ»","5137746013400, 1037706005050",III,III,10.06.2019,09.06.2029,Действует,0
039-02-2041-1,Гуапсин плюс,guapsin-plyus,Ж,"10¹¹ КОЕ/Мл Pseudomonasaureofaciens, штамм IMBB-7096 + 10¹¹ КОЕ/Мл Pseudomonasaureofaciens, штамм IMBB 7097",фунгицид,ООО «АГРОТЕХНОЛОГИИ»,1144632004582,III,III,02.11.2018,01.11.2028,Действует,0
971-03-4866-1,Гуарил,guaril,ВДГ,750 г/кг Клопиралид,гербицид,"ООО ""ПРОЛАЙН""",1230200002020,III,III,14.05.2025,13.05.2035,Действует,0
038(010)-03-4700-0,Губернатор,gubernator,ВР,480 г/л Дикамба (диметиламинная соль),гербицид,"ООО «АГРОКОМ», ООО «ЛИСТЕРРА»","1077758212685, 1057749556930",III,III,21.10.2024,20.10.2027,Действует,0
038-03-460-1,Губернатор,gubernator,ВР,480 г/л Дикамба (диметиламинная соль),гербицид,ООО «АГРОКОМ»,1077758212685,III,III,15.12.2014,14.12.2024,Не действует,0
563-03-2341-1,Гуд-Харвест Метамитрон,gud-harvest-metamitron,КС,"700 г/л Метамитрон) Чжангсу Гуд Харвест Вейн Агрокемикал Ко., Лтд. (Китай",гербицид,"Чжангсу Гуд Харвест Вейн Агрокемикал Ко., Лтд. (Китай",,II,III,02.08.2019,01.08.2029,Действует,0
563-03-3082-1,Гуд-Харвест Пеноксулам 25,gud-harvest-penoksulam-25,МД,"25 г/л Пеноксулам) Чжангсу Гуд Харвест Вейн Агрокемикал Ко., Лтд. (Китай",гербицид,"Чжангсу Гуд Харвест Вейн Агрокемикал Ко., Лтд. (Китай",,III,III,31.03.2021,30.03.2031,Действует,0
563-03-3012-1,Гуд-Харвест С-Метолахлор,gud-harvest-s-metolahlor,КЭ,"960 г/л С-Метолахлор) Чжангсу Гуд Харвест Вейн Агрокемикал Ко., Лтд. (Китай",гербицид,"Чжангсу Гуд Харвест Вейн Агрокемикал Ко., Лтд. (Китай",,III,III,09.02.2021,08.02.2031,Действует,0
563-03-2342-1,Гуд-Харвест Свекольный Гербицид,gud-harvest-svekolnyy-gerbitsid,КЭ,"112 г/л этофумезат + 91 г/л фенмедифам + 71 г/л Десмедифам) Чжангсу Гуд Харвест Вейн Агрокемикал Ко., Лтд. (Китай",гербицид,"Чжангсу Гуд Харвест Вейн Агрокемикал Ко., Лтд. (Китай",,III,III,02.08.2019,01.08.2029,Действует,0
283-07-3272-1,ГуматАктив,gumataktiv,Ж,120 г/л Гуминовых кислот калиевые соли + 25 г/л фульвокислоты,регулятор роста,ООО СХП «НИВА»,1149102116426,III,III,26.08.2021,25.08.2031,Действует,0
126-02-573-1,ДВД Шанс,dvd-shans,КС,"6,3 г/л Ципроконазол + 30 г/л Дифеноконазол",фунгицид,ООО «Шанс»,1093668046812,III,-,27.02.2015,26.02.2025,Не действует,0
126-02-9603-1,ДВД Шанс,dvd-shans,КС,"30 г/л Дифеноконазол + 6,3 г/л Ципроконазол",фунгицид,ООО «Шанс»,1093668046812,III,III,25.09.2025,24.09.2035,Действует,0
021-03-1794-1,ДУБЛОН Супер,dublon-super,СП,425 г/кг Дикамба (натриевая соль) + 125 г/кг никосульфурон,гербицид,+ 125 г/кг никосульфурон) АО Фирма «Август»,1025006038958,III,III,26.05.2014,25.05.2024,Не действует,0
753-01-3270-1,ДЩК,dschk,Газ,995 г/кг Динитрил щавелевой кислоты,инсектицид,ООО «АГРОКОНСАЛТ»,1157746892820,I,-,15.11.2021,14.11.2031,Действует,0
192-02-3854-1,Даймонд Супер,daymond-super,КС,"30 г/л Дифеноконазол + 6,3 г/л Ципроконазол",фунгицид,ООО ГК «ЗемлякоФФ»,1037724060560,III,-,02.11.2022,01.11.2032,Действует,0
018-01-1407-1,Дакфосал,dakfosal,ТАБ,570 г/кг Алюминия фосфид,инсектицид,АО «Щелково Агрохим»,1025006519427,I,-,10.03.2017,09.03.2027,Действует,0
018-03-2493-1,Дамба,damba,ВР,480 г/л Дикамба (диметиламинная соль),гербицид,АО «Щелково Агрохим»,1025006519427,III,III,09.12.2019,08.12.2029,Действует,1
058-01-418-1,Данадим Пауер,danadim-pauer,КЭ,"400 г/л Диметоат + 6,4 г/л Гамма-цигалотрин",инсектицид,«КЕМИНОВА А/С»,,II,I,02.10.2014,01.10.2024,Не действует,0
058-01-2879-1,Данадим Эксперт,danadim-ekspert,КЭ,400 г/л Диметоат,инсектицид,«КЕМИНОВА А/С»,,III,I,16.11.2020,15.11.2030,Действует,0
070-03-3933-1,Дандрис,dandris,ВДГ,250 г/кг римсульфурон,гербицид,ООО «АГРОМИР»,1187746148424,III,III,10.01.2023,09.01.2033,Действует,0
062-03-3092-1,Девайс Ультра,devays-ultra,ВРК,33 г/л Имазамокс + 15 г/л Имазапир,гербицид,ООО «АЛЬФАХИМГРУПП»,,III,III,07.04.2021,06.04.2031,Действует,0
184(026)-03-2262-1,Девиз,deviz,ВР,480 г/л Дикамба (диметиламинная соль),гербицид,"ООО «Агрорус и Ко», Агрия АД",,III,III,03.06.2019,02.06.2029,Действует,0
148-03-860-1,Девринол,devrinol,СК,450 г/л Напропамид,гербицид,ООО «ЮПЛ»,1157746848490,III,III,28.11.2014,27.11.2024,Не действует,0
825-03-3832-1,Дедало Элит,dedalo-elit,МЭ,"300 г/л 2,4-Д кислоты",гербицид,РЕД СУРКОС С.А.,,II,III,21.10.2022,20.10.2032,Действует,0
002-06-4228-1,Дедмайс,dedmays,Г,"0,05 г/кг Бродифакум",родентицид,ООО «АГРУСХИМ»,1057747562509,II,-,23.10.2023,22.10.2033,Действует,0
097-06-3885-1,Дедмайс,dedmays,ГР,"2,5 г/л Бродифакум",родентицид,ООО «АГРус»,5087746677893,II,-,25.11.2022,24.11.2032,Действует,0
018-02-4878-0,Дейзи,deyzi,СЭ,70 г/л Пропиконазол + 70 г/л Тебуконазол + 60 г/л Пираклостробин,фунгицид,АО «Щелково Агрохим»,1025006519427,II,III,27.05.2025,27.05.2028,Действует,0
018-07-4869-0,Дейзи,deyzi,СЭ,70 г/л Пропиконазол + 70 г/л Тебуконазол + 60 г/л Пираклостробин,регулятор роста,АО «Щелково Агрохим»,1025006519427,II,III,15.05.2025,14.05.2028,Действует,0
021-03-4501-1,Деймос,deymos,ВРК,480 г/л Дикамба (диметиламинная соль),гербицид,АО Фирма «Август»,1025006038958,III,III,03.04.2024,02.04.2034,Действует,1
178-01-2201-1,Декстер,dekster,КС,106 г/л лямбда-цигалотрин + 115 г/л Ацетамиприд,инсектицид,ООО «Агро Эксперт Груп»,1027708006996,II,I,12.04.2019,11.04.2029,Действует,0
178-01-3897-1,Декстер Турбо,dekster-turbo,СЭ,115 г/л Ацетамиприд + 106 г/л лямбда-цигалотрин + 70 г/л Клотианидин,инсектицид,ООО «Агро Эксперт Груп»,1027708006996,II,I,02.12.2022,26.12.2025,Действует,0
015-02-2188-1,Делан,delan,ВГ,700 г/кг Дитианон,фунгицид,БАСФ Агро Б.В.,,III,III,05.04.2019,04.04.2029,Действует,0
015-02-1649-1,Делан Про,delan-pro,КС,125 г/л Дитианон,фунгицид,БАСФ Агро Б.В.,,III,III,12.12.2017,11.12.2027,Действует,0
019-02-2880-1,Деларо,delaro,КС,175 г/л Протиоконазол + 150 г/л Трифлоксистробин,фунгицид,Байер КропСайенс АГ,,III,III,17.11.2020,16.11.2030,Действует,0
126-02-3855-1,Делатон,delaton,ВГ,700 г/кг Дитианон,фунгицид,ООО «Шанс»,1093668046812,II,III,03.11.2022,02.11.2032,Действует,0
085(086)-03-445-1,Делегат,delegat,ВДГ,600 г/кг Метсульфурон-метил,гербицид,"ООО «Ярило», ООО «АФД»","1083123001500, 1157746054201",III,III,30.10.2014,29.10.2024,Не действует,0
085-03-4803-0,Делегат,delegat,ВДГ,600 г/кг Метсульфурон-метил,гербицид,ООО «Ярило»,1083123001500,III,III,07.02.2025,06.02.2028,Действует,0
082-02-9832-0,Деликант,delikant,ВСК,110 г/л Дифеноконазол + 50 г/л Тебуконазол,фунгицид,"ООО ""ИНТЕР ГРУПП""",1084312000420,II,-,13.03.2026,12.03.2029,Действует,0
389-02-1526-1,Делор,delor,ВГ,700 г/кг Дитианон,фунгицид,ООО «АГРОПРОГРЕСС КЭМИКАЛС»,1157847140296,III,III,19.07.2017,18.07.2027,Действует,0
021-03-3504-1,Деметра,demetra,КЭ,350 г/л флуроксипир,гербицид,АО Фирма «Август»,1025006038958,III,III,02.03.2022,01.03.2032,Действует,0
561-01-2338-1,Демитан,demitan,СК,200 г/л Феназахин,инсектицид,Гован Кроп Протекшен Лимитед,,II,III,25.07.2019,24.07.2029,Действует,0
018-08-4514-0,Деница,denitsa,Г,60 г/кг Метальдегид,моллюскоцид,АО «Щелково Агрохим»,1025006519427,III,-,11.04.2024,10.04.2027,Действует,0
082-03-4353-1,Дентайр,dentayr,ВР,40 г/л Имазамокс,гербицид,ООО «Интер Групп»,1084312000420,III,III,09.01.2024,08.01.2034,Действует,0
018-02-1860-1,Депозит,depozit,МЭ,40 г/л Флудиоксонил + 40 г/л Имазалил + 30 г/л Металаксил,фунгицид,АО «Щелково Агрохим»,1025006519427,III,-,10.04.2018,09.04.2028,Действует,1
018-02-3824-1,Депозит Суприм,depozit-suprim,МЭ,40 г/л Флудиоксонил + 40 г/л Имазалил + 15 г/л Мефеноксам,фунгицид,АО «Щелково Агрохим»,1025006519427,III,-,12.10.2022,01.03.2024,Действует,1
018-03-9867-0,Депримо,deprimo,МД,100 г/л Темботрион + 2 г/л йодосульфурон-метил-натрий + 40 г/л антидот ципросульфамид,гербицид,"АО ""ЩЕЛКОВО АГРОХИМ""",1025006519427,III,III,26.03.2026,25.03.2029,Действует,0
009-03-2762-1,Дерби 175,derbi-175,СК,100 г/л Флуметсулам + 75 г/л флорасулам,гербицид,ДАУ АГРОСАЕНСЕС ВЕРТРИБСГЕЗЕЛЬШАФ Т М.Б.Х.,,III,III,29.07.2020,28.07.2030,Действует,0
866-03-4648-0,Дерби КА,derbi-ka,СК,100 г/л Флуметсулам + 75 г/л флорасулам,гербицид,ООО Кортева Агрисаенс Рус,1106195008787,III,III,25.07.2024,24.07.2027,Действует,0
004(549)-02-5004-1,Дерозал Евро,derozal-evro,КС,500 г/л Карбендазим,фунгицид,"ООО НПО «РАХ», ООО «АгроХимИнвест»","1037706005050, 5137746013400",II,III,10.01.2020,09.01.2030,Действует,0
549-04-9930-0,Десикант Дибромид,desikant-dibromid,ВР,150 г/л Диквата дибромида (80 г/л в пересчете на дикват ион),десикант,"ООО ""АГРОХИМИНВЕСТ""",5137746013400,II,III,29.04.2026,28.04.2029,Действует,0
004(549)-04-5001-1,Десикант Экспертоф,desikant-ekspertof,ВР,150 г/л Дикват (дибромид),десикант,"ООО НПО «РАХ», ООО «АгроХимИнвест»","1037706005050, 5137746013400",III,III,18.05.2020,17.05.2030,Действует,0
046-04-2383-1,Десикат Супер,desikat-super,ВР,150 г/л Дикват (дибромид),десикант,ЗАО «ТПК «Техноэкспорт»,1025005325070,III,III,31.10.2024,30.10.2024,Не действует,0
046-04-4711-0,Десикат Супер,desikat-super,ВР,280 г/л Дикват (дибромид),десикант,ЗАО «ТПК «Техноэкспорт»,1025005325070,II,III,07.11.2024,06.11.2027,Не действует,0
046-04-5077-0,Десикат Супер,desikat-super,ВР,280 г/л Дикват (дибромид),десикант,ООО «Техноэкспорт»,1125042005175,II,III,29.08.2025,06.11.2027,Действует,0
201-03-1686-1,Десперадо,desperado,КС,480 г/л Мезотрион,гербицид,АРИСТА ЛАЙФСАЙЕНС С.А.С.,,III,III,23.01.2018,22.01.2028,Действует,0
002-03-476-1,Десфен-80,desfen-80,КЭ,80 г/л Десмедифам + 80 г/л фенмедифам,гербицид,ООО «АГРУСХИМ»,1057747562509,III,III,17.12.2014,16.12.2024,Не действует,0
1000-01-10008-0,Детер,deter,КС,250 г/л Клотианидин,инсектицид,БАСФ Агрикалчурал Солюшнс ЮС ООО,,III,-,10.06.2026,09.06.2029,Действует,0
033-07-2071-1,Детка,detka,ПС,"11 г/кг 6-бензиламинопурин + 0,5 г/кг тиамин",регулятор роста,ООО «ОРТОН»,1025004916573,III,-,06.03.2019,05.03.2029,Действует,1
178-02-9675-0,Дефенсор,defensor,КС,25 г/л Пираклостробин + 25 г/л Флудиоксонил,фунгицид,"ООО ""АГРО ЭКСПЕРТ ГРУП""",1027708006996,III,III,17.11.2025,16.11.2028,Действует,0
805-01-3621-1,Дефилигнум,defilignum,СК,10¹⁰ КОЕ/Мл Bacillus thuringiensis B-501,инсектицид,ООО «БИОТА»,1137746933125,IV,III,13.04.2022,12.04.2032,Действует,0
347-03-4747-0,Дефолт,defolt,ВР,360 г/л Глифосат кислоты (изопропиламинная соль),гербицид,ООО «АГРОИМПЭКС»,1157746689484,II,III,05.12.2024,04.12.2027,Действует,0
019-01-4977-0,Децис Эксперт,detsis-ekspert,КЭ,100 г/л Дельтаметрин,инсектицид,Байер КропСайенс АГ,,II,I,05.08.2025,04.08.2028,Действует,0
019-01-507-1,Децис Эксперт,detsis-ekspert,КЭ,100 г/л Дельтаметрин,инсектицид,Байер КропСайенс АГ,,III,II,28.01.2015,27.01.2025,Не действует,0
825-03-3692-1,Джанеро Элит,dzhanero-elit,МЭ,200 г/л Дикамба кислота,гербицид,РЕД СУРКОС С.А.,,II,III,23.05.2022,22.05.2032,Действует,0
677-03-3363-1,Джиндур,dzhindur,КЭ,960 г/л С-Метолахлор,гербицид,ООО ВОЯЖ АГРОКЕМИКАЛ,1172536044559,III,III,15.11.2021,14.11.2031,Действует,0
002-02-10078-0,Джокари,dzhokari,СК,250 г/л Пираклостробин + 150 г/л Боскалид,фунгицид,"ООО ""АГРУСХИМ""",1057747562509,III,III,18.08.2026,17.08.2029,Действует,0
018-02-9908-0,Джотто,dzhotto,КС,375 г/л Трифлоксистробин + 200 г/л Дифеноконазол,фунгицид,"АО ""ЩЕЛКОВО АГРОХИМ""",1025006519427,III,III,17.04.2026,16.04.2029,Действует,0
010-01-2153-1,Ди-68,di-68,КЭ,400 г/л Диметоат,инсектицид,ООО «ЛИСТЕРРА»,1057749556930,III,I,12.03.2019,11.03.2029,Действует,0
097-03-2962-1,Диакем,diakem,ВР,"344 г/л 2,4-Д + 120 г/л дикамба (диметиламинные соли)",гербицид,ООО «АГРус»,5087746677893,II,III,25.12.2020,24.12.2030,Действует,0
041-03-1867-1,Диален Супер,dialen-super,ВР,"344 г/л 2,4-Д + 120 г/л дикамба (диметиламинные соли)",гербицид,ООО «Сингента»,1037739325271,II,III,12.04.2018,11.04.2028,Действует,0
178-03-2213-1,Диамакс,diamaks,ВР,"344 г/л 2,4-Д + 120 г/л дикамба (диметиламинные соли)",гербицид,ООО «Агро Эксперт Груп»,1027708006996,II,III,07.05.2019,06.05.2029,Действует,0
050-03-4423-1,Диамисоль,diamisol,ВР,"600 г/л 2,4-Д (диметиламинная соль)",гербицид,ЗАО «ФМРус»,1097746208207,II,III,16.02.2024,15.02.2034,Действует,0
334-03-1559-1,Дианат,dianat,ВР,480 г/л Дикамба (диметиламинная соль),гербицид,БАСФ Корпорэйшн,,III,III,28.09.2017,27.09.2027,Действует,0
046-03-2689-1,Диастар,diastar,ВР,480 г/л Дикамба (диметиламинная соль),гербицид,ЗАО «ТПК «Техноэкспорт»,1025005325070,III,III,28.11.2017,27.11.2027,Не действует,1
046-03-5032-1,Диастар,diastar,ВР,480 г/л Дикамба (диметиламинная соль),гербицид,ООО «Техноэкспорт»,1125042005175,III,III,29.08.2025,27.11.2027,Действует,1
126-03-3580-1,Дибазон,dibazon,ВРК,320 г/л Бентазон + 160 г/л Ацифлуорфен,гербицид,ООО «Шанс»,1093668046812,III,III,01.04.2022,31.03.2032,Действует,0
046-03-2358-1,Дива,diva,КС,"550 г/л 2,4-Д (малолетучие эфиры С7-С9) + 7,4 г/л флорасулам",гербицид,"+ 7,4 г/л флорасулам) ЗАО «ТПК «Техноэкспорт»",1025005325070,II,III,24.12.2015,23.12.2025,Не действует,0
046-03-5055-1,Дива,diva,КС,"550 г/л 2,4-Д (малолетучие эфиры С7-С9) + 7,4 г/л флорасулам",гербицид,"+ 7,4 г/л флорасулам) ООО «Техноэкспорт»",1125042005175,II,III,29.08.2025,23.12.2025,Не действует,0
041-02-3013-1,Дивиденд Стар,dividend-star,КС,"6,3 г/л Ципроконазол + 30 г/л Дифеноконазол",фунгицид,ООО «Сингента»,1037739325271,III,-,09.02.2021,08.02.2031,Действует,0
041-01(02)-9791-0,Дивиденд Суприм,dividend-suprim,КС,"92,3 г/л Тиаметоксам + 36,92 г/л Дифеноконазол + 3,08 г/л Мефеноксам",фунгицид,"ООО ""СИНГЕНТА""",1037739325271,III,-,04.02.2026,03.02.2029,Действует,0
041-02-2541-1,Дивиденд Экстрим,dividend-ekstrim,КС,92 г/л Дифеноконазол + 23 г/л Мефеноксам,фунгицид,ООО «Сингента»,1037739325271,III,-,21.02.2020,20.02.2030,Действует,0
041-01-496-1,ДивидендСуприм,dividendsuprim,КС,"92,3 г/л Тиаметоксам + 36,92 г/л Дифеноконазол + 3,08 г/л Мефеноксам",инсектицид,ООО «Сингента»,1037739325271,III,-,30.12.2014,29.12.2024,Не действует,0
041-02-497-1,ДивидендСуприм,dividendsuprim,КС,"92,3 г/л Тиаметоксам + 36,92 г/л Дифеноконазол + 3,08 г/л Мефеноксам",фунгицид,ООО «Сингента»,1037739325271,III,-,30.12.2014,29.12.2024,Не действует,0
097-03-2907-1,Дикамбел,dikambel,ВР,480 г/л Дикамба (диметиламинная соль),гербицид,ООО «АГРус»,5087746677893,III,III,03.12.2020,02.12.2030,Действует,0
549-03-3164-1,Дикамерон,dikameron,ВР,267 г/л Клопиралид + 67 г/л пиклорам,гербицид,ООО «АгроХимИнвест»,5137746013400,III,III,27.05.2021,26.05.2031,Действует,0
607-03-3738-1,Дикамин-Д,dikamin-d,ВР,"600 г/л 2,4-Д (диметиламинная соль)",гербицид,Рейбоу Агросайенс Кфт.,,II,III,06.07.2020,05.07.2030,Действует,0
070-04-3460-1,Диквабис,dikvabis,ВР,280 г/л Дикват дибромида (150 г/л в пересчете на дикват ион),десикант,ООО «АГРОМИР»,1187746148424,III,III,29.12.2021,28.12.2031,Действует,0
063-04-4243-1,Дикват,dikvat,ВРК,150 (80) г/л Дикват дибромида (200 г/л в пересчете на дикват ион),десикант,г/л Дикват дибромида (200 г/л в пересчете на дикват ион)) ООО «ХИМАГРОМАРКЕТИН Г.РУ»,1023403447913,III,III,28.01.2023,29.10.2033,Действует,0
192-04-2681-1,Дикватерр Мега,dikvaterr-mega,ВР,200 г/л Дикват (дибромид),десикант,ООО ГК «ЗемлякоФФ»,1037724060560,III,III,20.05.2020,19.05.2030,Действует,0
424-04-2357-1,Дикватерр Супер,dikvaterr-super,ВР,150 г/л Дикват (дибромид),десикант,ООО «ГРАНУМ»,1147746366261,III,III,18.01.2019,19.09.2029,Действует,0
097-03-3835-1,Диклосоя,diklosoya,ВДГ,840 г/кг Диклосулам,гербицид,ООО «АГРус»,5087746677893,III,III,25.10.2022,24.10.2032,Действует,0
024-03-1318-1,Дикогерб Супер,dikogerb-super,ВРК,660 г/л МЦПА + 90 г/л дикамба (диметиламинные соли),гербицид,Нуфарм ГмбХ & КО КГ,,II,III,12.01.2017,11.01.2027,Действует,0
024-03-2471-1,Дикопур М,dikopur-m,ВР,750 г/л МЦПА (диметиламинная соль),гербицид,Нуфарм ГмбХ & КО КГ,,II,III,10.02.2020,09.02.2030,Действует,0
024-03-2584-1,Дикопур Топ,dikopur-top,ВР,"344 г/л 2,4-Д + 120 г/л дикамба (диметиламинные соли)",гербицид,Нуфарм ГмбХ & КО КГ,,II,III,10.03.2020,09.03.2030,Действует,0
126-04-4533-1,Дикошанс,dikoshans,ВР,279 (150) г/л Дикват дибромида (200 г/л в пересчете на дикват ион),десикант,г/л Дикват дибромида (200 г/л в пересчете на дикват ион)) ООО «Шанс»,1093668046812,III,III,25.04.2024,24.04.2034,Действует,0
082-03-4644-0,Диктатор,diktator,ВР,"150 (80,3) г/л Дикват дибромида (200 г/л в пересчете на дикват ион)",десикант,г/л Дикват дибромида (200 г/л в пересчете на дикват ион)) ООО «Интер Групп»,1084312000420,II,III,24.07.2024,23.07.2027,Действует,0
082-04-10028-0,Диктатор,diktator,ВР,"150 г/л Диквата дибромида (80,3 г/л в пересчете на дикват ион)",десикант,"ООО ""ИНТЕР ГРУПП""",1084312000420,II,III,26.06.2026,25.06.2029,Действует,0
966-01-4832-0,Дим Эксперт,dim-ekspert,КЭ,400 г/л Диметоат,инсектицид,ООО «КРОПЭКС»,1037706002773,III,I,25.03.2025,24.03.2028,Действует,0
653-01-4160-0,Димекс,dimeks,КЭ,400 г/л Диметоат,инсектицид,ООО «СЭЙФТИ ФИЛД КОРПОРЭЙШН»,1112310006104,III,I,20.07.2023,19.07.2026,Не действует,0
070-01-3374-1,Диметек,dimetek,КЭ,400 г/л Диметоат,инсектицид,ООО «АГРОМИР»,1187746148424,III,I,17.11.2021,16.11.2031,Действует,0
913-01-4468-1,Диметрон,dimetron,КЭ,400 г/л Диметоат,инсектицид,ООО ХИМСНАБ,1072312011617,II,I,20.03.2024,13.04.2027,Действует,0
023(396)-01-1257-1,Диметус,dimetus,КЭ,400 г/л Диметоат,инсектицид,"ООО «АНПП «Агрохим-XXI», Кингтай Кемикалз Ко., Лтд",1027700119710,III,I,26.10.2016,25.10.2026,Действует,0
278-01-4107-1,Димефос,dimefos,КЭ,400 г/л Диметоат,инсектицид,ООО ЭЛЛИПСАГРО,1142308002495,II,I,22.12.2014,21.12.2024,Не действует,0
379-01-2033-1,Димилин,dimilin,СП,250 г/кг Дифлубензурон,инсектицид,Ариста ЛайфСайенс Регистрейшнс Грейт Британ Лтд.,,III,II,30.10.2018,29.10.2028,Действует,0
041-02-1294-1,Динали,dinali,ДК,60 г/л Дифеноконазол + 30 г/л цифлуфенамид,фунгицид,ООО «Сингента»,1037739325271,III,III,12.12.2016,11.12.2026,Действует,0
699-03-3394-1,Диома,dioma,ВРК,33 г/л Имазамокс + 15 г/л Имазапир,гербицид,"«Шандонг Вейфанг Рейбоу Кемикал Ко., Лтд.",,III,III,06.12.2021,05.12.2031,Действует,0
085-01-782-1,Дипломат,diplomat,КЭ,50 г/л лямбда-цигалотрин,инсектицид,ООО «Ярило»,1083123001500,II,II,11.09.2015,10.09.2025,Не действует,0
085-01-9665-1,Дипломат,diplomat,КЭ,50 г/л лямбда-цигалотрин,инсектицид,ООО «Ярило»,1083123001500,II,I,10.11.2025,09.11.2035,Действует,0
046-03-9670-0,Диполь,dipol,ВГР,330 г/л Бентазон + 150 г/л фомесафен,гербицид,"ООО ""ТЕХНОЭКСПОРТ""",1125042005175,II,III,14.11.2025,13.11.2028,Действует,0
822-01-3716-1,Дисектис,disektis,П,800 г/кг Диоксид кремния,инсектицид,ООО «ПРОИЗВОДСТВЕННАЯ КОМПАНИЯ КВАНТ»,1095834000272,III,-,17.06.2022,16.06.2032,Действует,0
781-03-4362-1,Дискатор 600,diskator-600,КЭ,"600 г/л 2,4-Д кислоты (2-этилгексиловый эфир)",гербицид,Синтезия Кеми ГмбХ,,II,III,15.01.2024,14.01.2034,Действует,0
781-03-3411-1,Дискатор Форте,diskator-forte,КЭ,"410 г/л 2,4-Д кислоты (2-этилгексиловый эфир) + 5 г/л флорасулам + 50 г/л флуроксипир",гербицид,+ 5 г/л флорасулам + 50 г/л флуроксипир) Синтезия Кеми ГмбХ,,II,III,13.12.2021,12.12.2031,Действует,0
002-02-3369-1,Дискор,diskor,КЭ,250 г/л Дифеноконазол,фунгицид,ООО «АГРУСХИМ»,1057747562509,III,III,16.11.2021,15.11.2031,Действует,1
278-03-4104-1,Дисулам,disulam,СЭ,"300 г/л 2,4-Д кислоты (2-этилгексиловый эфир) + 6,25 г/л флорасулам",гербицид,"+ 6,25 г/л флорасулам) ООО ЭЛЛИПСАГРО",1142308002495,II,III,14.03.2016,13.03.2026,Не действует,0
866-02-4578-1,Дитан КА,ditan-ka,СП,800 г/кг Манкоцеб,фунгицид,ООО Кортева Агрисаенс Рус,1106195008787,II,III,21.05.2024,20.05.2034,Действует,0
009-02-2244-1,Дитан М-45,ditan-m-45,СП,800 г/кг Манкоцеб,фунгицид,ДАУ АГРОСАЕНСЕС ВЕРТРИБСГЕЗЕЛЬШАФ Т М.Б.Х.,,II,III,24.05.2019,23.05.2029,Действует,0
082-01-3658-1,Дитокс,ditoks,КЭ,400 г/л Диметоат,инсектицид,ООО «Интер Групп»,1084312000420,III,I,27.04.2022,26.04.2032,Действует,0
050-03-9628-0,Дифилайн,difilayn,КЭ,960 г/л С-Метолахлор,гербицид,АО «ФМРус»,1097746208207,III,III,10.10.2025,09.10.2028,Действует,0
050-03-988-1,Дифилайн,difilayn,КЭ,960 г/л С-Метолахлор,гербицид,ЗАО «ФМРус»,1097746208207,III,III,04.03.2016,03.03.2026,Не действует,0
262-01-2679-1,Дифломайт,diflomayt,СК,200 г/л Дифловидазин,инсектицид,«Агро-Кеми Кфт.»,,III,III,20.05.2020,19.05.2030,Действует,1
389-01-2210-1,Дифлуцид,diflutsid,СП,250 г/кг Дифлубензурон,инсектицид,ООО «АГРОПРОГРЕСС КЭМИКАЛС»,1157847140296,III,III,26.04.2019,25.04.2029,Действует,0
097-03-840-1,Дифронт,difront,КЭ,720 г/л Диметенамид-Р,гербицид,ООО «АГРус»,5087746677893,II,III,30.10.2015,29.10.2025,Не действует,0
192-02-4512-1,Дифферент,different,СЭ,350 г/л Дитианон,фунгицид,ООО ГК «ЗемлякоФФ»,1037724060560,II,III,10.04.2024,09.04.2034,Действует,0
586-02-9626-0,Дифюр Про,difyur-pro,КЭ,150 г/л Дифеноконазол + 150 г/л Пропиконазол,фунгицид,Глобакем НВ,,II,III,09.10.2025,08.10.2028,Действует,0
126-01-4044-1,Дишанс,dishans,КЭ,400 г/л Диметоат,инсектицид,ООО «Шанс»,1093668046812,III,III,21.03.2023,20.03.2033,Действует,0
126-01-9988-1,Дишанс Супер,dishans-super,КЭ,285 г/л Диметоат + 27 г/л лямбда-цигалотрин,инсектицид,"ООО ""ШАНС""",1093668046812,III,I,01.06.2026,31.05.2036,Действует,0
004(549)-03-5020-1,Длясои,dlyasoi,ВК,100 г/л Имазетапир,гербицид,"ООО НПО «РАХ», ООО «АгроХимИнвест»","1037706005050, 5137746013400",III,III,26.05.2020,25.05.2030,Действует,0
781-01-9848-0,Доберман Про,doberman-pro,КС,210 г/л Имидаклоприд + 105 г/л лямбда-цигалотрин + 57 г/л Тиаметоксам,инсектицид,Синтезия Кеми ГмбХ,,III,I,19.03.2026,18.03.2029,Действует,0
590-02-4190-1,Догода,dogoda,КЭ,125 г/л Дифеноконазол + 125 г/л Тебуконазол,фунгицид,ООО ФРАНДЕСА,1157746513055,II,III,14.09.2023,13.09.2033,Действует,0
033-07-3169-1,Дозреватель,dozrevatel,ВР,629 г/л 2-хлорэтилфосфоновая кислота,регулятор роста,ООО «ОРТОН»,1025004916573,III,III,28.05.2021,27.05.2031,Действует,1
012-01-1444-1,Доктор,doktor,ТБ,10 г/кг Тиаметоксам,инсектицид,ООО Фирма «Зеленая Аптека Садовода»,1037700040564,III,-,07.04.2017,06.04.2027,Действует,1
064-02-2893-1,Доктор Кроп,doktor-krop,КС,500 г/л Карбендазим,фунгицид,ООО «Химагромаркетинг»,1032305700008,II,III,23.11.2020,22.11.2030,Действует,0
909-01-4368-1,Доктор Харвест АгроМайт ПРО,doktor-harvest-agromayt-pro,ВР,30 г/л Пиретрины натуральные масляный экстракт,инсектицид,ОООПремьер,1122543012305,IV,I,17.01.2024,16.01.2034,Действует,0
909-01-10083-1,Доктор Харвест Белоцид,doktor-harvest-belotsid,ЭМВ,60 г/л Лимонен + 10 г/л Абамектин,инсектицид,"ООО ""ПРЕМЬЕР""",1122543012305,III,I,19.08.2026,18.08.2036,Действует,1
909-02-9755-1,Доктор Харвест Метоксин,doktor-harvest-metoksin,МКЭ,700 г/л Масло нима + 20 г/л эфирного масла гвоздики + 15 г/л 7-метокси-8-изопентенилкумарина + 60 г/л эмодин,фунгицид,"ООО ""ПРЕМЬЕР""",1122543012305,III,III,14.01.2026,13.01.2036,Действует,1
909-01-4367-1,Доктор Харвест Форте Про,doktor-harvest-forte-pro,МЭ,250 г/л Пиретрины натуральные масляный экстракт + 250 г/л Пиретрины натуральные масляный экстракт,инсектицид,ОООПремьер,1122543012305,IV,I,17.01.2024,16.01.2034,Действует,1
140-02-2553-1,Домарк,domark,МЭ,125 г/л тетраконазол,фунгицид,Изагро С.П.А.,,III,III,03.03.2020,02.03.2030,Действует,0
233-07-1772-1,Домоцвет,domotsvet,Р,"0,05 г/л Гидроксикоричная кислота",регулятор роста,ННПП «НЭСТ М»,1027739149580,III,III,30.03.2016,29.03.2026,Не действует,1
871-04-9707-0,Донат,donat,ВР,150 г/л Дикват дибромида (200 г/л в пересчете на дикват ион),десикант,Рейнбоу Агросайенсиз Кфт.,,II,III,04.12.2025,03.12.2028,Действует,0
002-03-3031-1,Допинг,doping,КЭ,80 г/л Клодинафоп-пропаргил + 20 г/л антидот -клоквинтосет-мексил,гербицид,ООО «АГРУСХИМ»,1057747562509,III,III,25.02.2021,24.02.2031,Действует,0
010-02-2162-1,Доспех,dospeh,КС,60 г/л Тебуконазол,фунгицид,ООО «ЛИСТЕРРА»,1057749556930,II,-,25.03.2019,24.03.2029,Действует,0
010-02-3002-1,Доспех 3,dospeh-3,КС,60 г/л Тиабендазол + 60 г/л Тебуконазол + 40 г/л Имазалил,фунгицид,ООО «ЛИСТЕРРА»,1057749556930,II,-,04.02.2021,03.02.2031,Действует,0
010(011)-01-1964-1,Доспех Квадра,dospeh-kvadra,КС,300 г/л Имидаклоприд + 30 г/л Тиабендазол + 30 г/л Тебуконазол + 20 г/л Имазалил,инсектицид,"ООО «ЛИСТЕРРА», ПАНАМА АГРОКЕМИКАЛС ИНК.",1057749556930,II,-,10.07.2018,09.07.2028,Действует,0
010(011)-02-1951-1,Доспех Квадра,dospeh-kvadra,КС,300 г/л Имидаклоприд + 30 г/л Тиабендазол + 30 г/л Тебуконазол + 20 г/л Имазалил,фунгицид,"ООО «ЛИСТЕРРА», ПАНАМА АГРОКЕМИКАЛС ИНК.",1057749556930,II,-,19.06.2018,18.06.2028,Действует,0
085-03-3320-1,Дракон,drakon,КЭ,140 г/л феноксапроп-П-этил + 90 г/л Клодинафоп-пропаргил + 60 г/л антидот мефенпир-диэтил,гербицид,ООО «Ярило»,1083123001500,III,III,27.09.2021,26.09.2031,Действует,0
085-03-3514-1,Дракон Супер 100,drakon-super-100,КЭ,100 г/л феноксапроп-П-этил + 27 г/л антидот мефенпир-диэтил,гербицид,ООО «Ярило»,1083123001500,II,III,04.03.2022,03.03.2032,Действует,0
085-03-3513-1,"Дракон Супер 7,5",drakon-super-7-5,КЭ,69 г/л феноксапроп-П-этил + 75 г/л антидот мефенпир-диэтил,гербицид,ООО «Ярило»,1083123001500,II,III,04.03.2022,03.03.2032,Действует,0
008-01-3303-1,Дракор,drakor,ВСК,50 г/л Клотианидин,инсектицид,ООО «Ваше хозяйство»,1025203566728,III,I,17.09.2021,16.09.2031,Действует,1
642-03-9898-0,Драфт,draft,ВР,540 г/л Глифосата кислота (калиевая соль),гербицид,"ООО ""ТЕТРА ХИМ""",1167746491681,II,III,09.04.2026,08.04.2029,Действует,0
297-03-663-1,Древер,drever,КЭ,91 г/л фенмедифам + 71 г/л Десмедифам + 112 г/л этофумезат,гербицид,ООО «Франдеса»,,III,III,25.05.2015,24.05.2025,Не действует,0
389-02-9654-1,Дрейк Плюс,dreyk-plyus,ВГ,600 г/кг Каптан + 40 г/кг Трифлоксистробин,фунгицид,ООО «АГРОПРОГРЕСС КЭМИКАЛС»,1157847140296,III,III,28.10.2025,27.10.2035,Действует,0
018-03-4466-1,Дротик,drotik,ККР,"400 г/л 2,4-Д (сложный 2-этилгексиловый эфир)",гербицид,АО «Щелково Агрохим»,1025006519427,II,III,19.03.2024,18.03.2034,Действует,0
041-03-3507-1,Дуал Голд,dual-gold,КЭ,960 г/л С-Метолахлор,гербицид,ООО «Сингента»,1037739325271,III,III,02.03.2022,01.03.2032,Действует,0
021-03-3531-1,Дублон,dublon,СК,40 г/л никосульфурон,гербицид,АО Фирма «Август»,1025006038958,III,III,18.03.2022,17.03.2032,Действует,0
021-03-2647-1,Дублон Голд,dublon-gold,ВДГ,600 г/кг никосульфурон + 150 г/кг тифенсульфурон-метил,гербицид,АО Фирма «Август»,1025006038958,III,III,14.04.2020,13.04.2030,Действует,0
021-03-4065-1,Дублон Супер,dublon-super,ВДГ,425 г/кг Дикамба (натриевая соль) + 125 г/кг никосульфурон,гербицид,+ 125 г/кг никосульфурон) АО Фирма «Август»,1025006038958,III,III,20.04.2023,19.04.2033,Действует,0
043(042)-03-2207-1,Дукат,dukat,ВДГ,750 г/кг триасульфурон,гербицид,"ООО «Сибагрохим», ООО «ФОРВАРД»","1025402493555, 1105476055277",III,III,19.04.2019,18.04.2029,Действует,0
126-03-1600-1,Душанс,dushans,КЭ,960 г/л С-Метолахлор,гербицид,ООО «Шанс»,1093668046812,III,III,21.11.2017,05.11.2024,Действует,0
126-03-9888-1,Душанс Голд,dushans-gold,СЭ,"312,5 г/л С-Метолахлор + 187,5 г/л тербутилазин",гербицид,"ООО ""ШАНС""",1093668046812,III,III,08.04.2026,07.04.2036,Действует,0
184(026)-02-3944-1,Дуэлянт,duelyant,КЭ,250 г/л Дифеноконазол + 250 г/л Пропиконазол,фунгицид,"ООО «Агрорус и Ко», Агрия АД",,II,III,12.01.2023,11.01.2033,Действует,0
014-02-4434-1,Дэлит Макс,delit-maks,КС,250 г/л Пираклостробин + 250 г/л флуксапироксад,фунгицид,«БАСФ СЕ»,,III,-,27.02.2017,26.02.2027,Действует,0
014-02-874-1,Дэлит Про,delit-pro,КС,200 г/л Пираклостробин,фунгицид,«БАСФ СЕ»,,III,-,01.12.2015,30.11.2025,Не действует,0
329-03-4397-1,Дюранор 480,dyuranor-480,ВР,480 г/л дикамба кислота (диметиламинная соль),гербицид,Альбау Юроп Сарл,,III,III,30.01.2024,29.01.2034,Действует,0
021-01-4448-1,Дюссак,dyussak,КЭ,50 г/л Эмамектин бензоат,инсектицид,АО Фирма «Август»,1025006038958,III,I,11.03.2024,10.03.2034,Действует,0
334-03-2534-1,Евро-Лайтнинг,evro-laytning,ВРК,33 г/л Имазамокс + 15 г/л Имазапир,гербицид,БАСФ Корпорэйшн,,III,III,19.02.2020,18.02.2030,Действует,0
224-03-774-1,Евро-Лайтнинг Плюс,evro-laytning-plyus,ВРК,"16,5 г/л Имазамокс + 7,5 г/л Имазапир",гербицид,БАСФ Агрокемикал Продактс Б.В.,,II,III,11.09.2015,10.09.2025,Не действует,0
085-03-4128-1,Евро-Ланг,evro-lang,ВРК,100 г/л Имазетапир + 100 г/л биоактиватор,гербицид,ООО «Ярило»,1083123001500,III,III,19.06.2023,18.06.2033,Действует,0
282-03-4887-1,Евро-Ленд,evro-lend,ВРК,33 г/л Имазамокс + 15 г/л Имазапир,гербицид,ООО «Яровит»,1103123004522,III,III,17.06.2025,16.06.2035,Действует,0
282-03-545-1,Евро-Ленд,evro-lend,ВРК,33 г/л Имазамокс + 15 г/л Имазапир,гербицид,ООО «Яровит»,1103123004522,III,III,06.02.2015,05.02.2025,Не действует,0
097-01-2844-1,Евродим,evrodim,КЭ,400 г/л Диметоат,инсектицид,ООО «АГРус»,5087746677893,III,I,16.10.2020,15.10.2030,Действует,0
002-01-911-1,Европир,evropir,КЭ,480 г/л Хлорпирифос,инсектицид,ООО «АГРУСХИМ»,1057747562509,III,I,21.12.2015,20.12.2025,Не действует,0
126-03-618-1,Еврошанс,evroshans,ВРК,33 г/л Имазамокс + 15 г/л Имазапир,гербицид,ООО «Шанс»,1093668046812,III,III,01.04.2015,31.03.2025,Не действует,0
126-03-3045-1,Еврошанс Плюс,evroshans-plyus,ВРК,"16,5 г/л Имазамокс + 7,5 г/л Имазапир",гербицид,ООО «Шанс»,1093668046812,III,III,04.03.2021,03.03.2031,Действует,0
126-03-9629-1,"Еврошанс, ВК",evroshans-vk,ВРК,33 г/л Имазамокс + 15 г/л Имазапир,гербицид,ООО «Шанс»,1093668046812,III,III,10.10.2025,09.10.2035,Действует,0
021-01-1818-1,Жукоед,zhukoed,СК,125 г/л Альфа-ципермeтрин + 100 г/л Имидаклоприд + 50 г/л Клотианидин,инсектицид,АО Фирма «Август»,1025006038958,III,I,05.02.2016,04.02.2026,Не действует,1
021-01-4782-1,Жукоед Био,zhukoed-bio,СК,240 г/л Спиносад,инсектицид,АО Фирма «Август»,1025006038958,III,I,23.01.2025,22.01.2035,Действует,1
186-07-4808-1,Завязь,zavyaz,КРП,"5,5 г/кг Гиббереллиновых кислот натриевые соли",регулятор роста,ООО «ОРТОН»,1025004916573,III,III,12.02.2025,11.02.2035,Действует,1
677-03-3093-1,Зазофен,zazofen,ВР,360 г/л Бентазон + 80 г/л Ацифлуорфен,гербицид,ООО ВОЯЖ АГРОКЕМИКАЛ,1172536044559,III,III,07.04.2021,06.04.2031,Действует,0
286-01-1157-1,Заман,zaman,ВРК,200 г/л Имидаклоприд,инсектицид,ООО «ТПК «РОСТИ»,1062312034223,III,I,18.07.2016,17.07.2026,Не действует,1
156-02-4321-1,Замир,zamir,ЭМВ,267 г/л Прохлораз + 133 г/л Тебуконазол,фунгицид,ООО «АДАМА РУС»,1062310039934,II,III,15.12.2023,14.12.2033,Действует,0
019-02-9872-0,Зантара,zantara,КЭ,166 г/л Тебуконазол + 50 г/л Биксафен,фунгицид,Байер КропСайенс АГ,,II,I,27.03.2026,26.03.2029,Действует,0
019-02-997-1,Зантара,zantara,КЭ,166 г/л Тебуконазол + 50 г/л Биксафен,фунгицид,Байер КропСайенс АГ,,II,III,04.03.2016,03.03.2026,Не действует,0
590(297)-02-2497-1,Зарница,zarnitsa,КС,"200 г/л Азоксистробин + 187,5 г/л эпоксиконазол",фунгицид,"ООО ФРАНДЕСА, ООО «Франдеса»",1157746513055,III,III,11.12.2019,10.12.2029,Действует,0
019-02-852-1,Зато,zato,ВДГ,500 г/кг Трифлоксистробин,фунгицид,Байер КропСайенс АГ,,III,III,09.11.2015,08.11.2025,Не действует,0
019-02-9820-0,Зато,zato,ВДГ,500 г/кг Трифлоксистробин,фунгицид,Байер КропСайенс АГ,,III,III,10.03.2026,09.03.2029,Действует,0
021-02-3505-1,Здоровая земля,zdorovaya-zemlya,ВКС,198 г/л Карбоксин + 198 г/л Тирам,фунгицид,АО Фирма «Август»,1025006038958,III,-,02.03.2022,01.03.2032,Действует,1
024-03-1581-1,Зеагран 350,zeagran-350,СЭ,250 г/л тербутилазин + 100 г/л бромоксинил (смесь эфиров октаноата и гептаноата),гербицид,Нуфарм ГмбХ & КО КГ,,II,III,30.10.2017,29.10.2027,Действует,0
033-07-549-1,Зеленец,zelenets,ВР,500 г/л 2-хлорэтилфосфоновая кислота,регулятор роста,ООО «ОРТОН»,1025004916573,II,III,09.02.2015,08.02.2025,Не действует,0
033-07-486-1,Зеленец-Л,zelenets-l,ВР,500 г/л 2-хлорэтилфосфоновая кислота,регулятор роста,ООО «ОРТОН»,1025004916573,III,III,23.12.2014,22.12.2024,Не действует,1
369-01-1123-1,Зеленый барьер,zelenyy-barer,СП,10⁸ КОЕ/г Beauveriabassiana,инсектицид,ООО «ФУНГИПАК»,1145030000664,IV,III,24.05.2016,23.05.2026,Не действует,0
009-03-2243-1,Зеллек-супер,zellek-super,КЭ,104 г/л Галоксифоп-П-метил,гербицид,ДАУ АГРОСАЕНСЕС ВЕРТРИБСГЕЗЕЛЬШАФ Т М.Б.Х.,,II,III,24.05.2019,23.05.2029,Действует,0
046-01-2938-1,Землин,zemlin,Г,50 г/кг Диазинон,инсектицид,ЗАО «ТПК «Техноэкспорт»,1025005325070,III,-,18.12.2020,17.12.2030,Не действует,1
046-01-5072-1,Землин,zemlin,Г,50 г/кг Диазинон,инсектицид,ООО «Техноэкспорт»,1125042005175,III,-,29.08.2025,17.12.2030,Действует,1
046-01-4133-1,Землин Форте,zemlin-forte,Г,5 г/кг Имидаклоприд,инсектицид,ЗАО «ТПК «Техноэкспорт»,1025005325070,III,-,05.07.2023,04.07.2033,Не действует,0
046-01-5056-1,Землин Форте,zemlin-forte,Г,5 г/кг Имидаклоприд,инсектицид,ООО «Техноэкспорт»,1125042005175,III,-,29.08.2025,04.07.2033,Действует,0
070-03-3462-1,Зенарил,zenaril,ВР,267 г/л Клопиралид + 67 г/л пиклорам,гербицид,ООО «АГРОМИР»,1187746148424,III,III,29.12.2021,28.12.2031,Действует,0
019-03-3929-1,Зенкор Ультра,zenkor-ultra,КС,600 г/л Метрибузин,гербицид,Байер КропСайенс АГ,,III,III,09.01.2023,08.01.2033,Действует,1
126-03-4545-1,Зенкошанс,zenkoshans,КС,600 г/л Метрибузин,гербицид,ООО «Шанс»,1093668046812,III,III,03.05.2024,04.07.2024,Действует,0
126-03-9739-1,Зенкошанс Голд,zenkoshans-gold,КЭ,707 г/л Просульфокарб + 100 г/л Метрибузин,гербицид,"ООО ""ШАНС""",1093668046812,III,III,19.12.2025,18.12.2035,Действует,0
021-03-2166-1,Зерномакс,zernomaks,КЭ,"500 г/л 2,4-Д кислота (2-этилгексиловый эфир)",гербицид,АО Фирма «Август»,1025006038958,II,III,27.03.2019,26.03.2029,Действует,0
126-07-4480-1,Зернорост,zernorost,К,250 г/л Тринексапак-этил,регулятор роста,ООО «Шанс»,1093668046812,II,III,25.03.2024,24.03.2034,Действует,0
085-01-1251-1,Зерноспас,zernospas,КЭ,400 г/л Пиримифос-метил + 10 г/л Бифентрин,инсектицид,ООО «Ярило»,1083123001500,II,-,18.10.2016,17.10.2026,Действует,0
184(026)-03-3537-0,Зеро,zero,ВР,360 г/л Глифосат кислоты (изопропиламинная соль),гербицид,"ООО «Агрорус и Ко», Агрия АД",,II,III,18.03.2022,17.03.2025,Не действует,0
184-03-4860-0,Зеро,zero,ВР,360 г/л Глифосат кислоты (изопропиламинная соль),гербицид,ООО «Агрорус и Ко»,,II,III,29.04.2025,28.04.2028,Действует,0
257-02-2822-1,Зерокс,zeroks,ВКР,3000 мг/л Коллоидное серебро,фунгицид,ООО «Нанобиотех»,,III,III,06.10.2020,05.10.2030,Действует,0
002-03-2634-1,Зета,zeta,ВРК,100 г/л Имазетапир,гербицид,ООО «АГРУСХИМ»,1057747562509,III,III,27.03.2020,26.03.2030,Действует,0
010-02-9875-0,Зивал,zival,КС,350 г/л Дитианон + 50 г/л Дифеноконазол,фунгицид,"ООО ""ЛИСТЕРРА""",1057749556930,II,III,27.03.2026,26.03.2029,Действует,0
010-02-9917-0,Зивал Про,zival-pro,КС,375 г/л Пириметанил + 40 г/л тетраконазол,фунгицид,"ООО ""ЛИСТЕРРА""",1057749556930,III,III,22.04.2026,21.04.2029,Действует,0
018-02-467-1,Зим 500,zim-500,КС,500 г/л Карбендазим,фунгицид,АО «Щелково Агрохим»,1025006519427,II,III,15.12.2014,14.12.2024,Не действует,0
018-02-4852-1,Зим 500,zim-500,КС,500 г/л г/л Карбендазим,фунгицид,АО «Щелково Агрохим»,1025006519427,II,III,23.04.2025,22.04.2035,Действует,0
126-02-4518-1,Зимошанс,zimoshans,КС,500 г/л Карбендазим,фунгицид,ООО «Шанс»,1093668046812,II,III,22.04.2024,21.04.2034,Действует,0
018-03-2134-1,Зингер,zinger,СП,600 г/кг Метсульфурон-метил,гербицид,АО «Щелково Агрохим»,1025006519427,III,III,04.03.2019,03.03.2029,Действует,0
184(026)-03-3453-1,Зино,zino,СП,700 г/кг Метрибузин,гербицид,"Агрия АД, ООО «Агрорус и Ко»",,III,III,27.12.2021,26.12.2031,Действует,0
570-03-3308-1,Злак Супер,zlak-super,КЭ,104 г/л Галоксифоп-П-метил,гербицид,ООО «КЛЕВЕР ГРУПП»,1172801001350,III,III,22.09.2021,21.09.2031,Действует,0
064-03-3547-1,Злакобой,zlakoboy,КЭ,240 г/л Клетодим,гербицид,ООО «Химагромаркетинг»,1032305700008,III,III,21.03.2022,20.03.2032,Действует,0
064-03-4934-1,Злакобой,zlakoboy,КЭ,240 г/л Клетодим,гербицид,ООО «Химагромаркетинг»,1032305700008,III,III,30.06.2025,29.06.2035,Не действует,0
097-03-2876-1,Злакосупер,zlakosuper,КЭ,104 г/л галоксифоп-Р-метил,гербицид,ООО «АГРус»,5087746677893,III,III,10.11.2020,09.11.2030,Действует,0
682(913)-03-4421-1,Злакофф,zlakoff,КЭ,240 г/л Клетодим,гербицид,"ООО ХИМСНАБ, ООО «НПК ХИМИЯ»","1072312011617, 1197746012199",III,III,19.02.2024,18.02.2034,Действует,0
424-03-2479-1,Злактерр,zlakterr,КЭ,240 г/л Клетодим,гербицид,ООО «ГРАНУМ»,1147746366261,III,III,20.11.2019,19.11.2029,Действует,0
126-02-3568-1,Знаток,znatok,ВДГ,500 г/кг Трифлоксистробин,фунгицид,ООО «Шанс»,1093668046812,III,III,25.03.2022,24.03.2032,Действует,0
010(011)-03-1564-1,Зодиак,zodiak,ВР,40 г/л Имазамокс,гербицид,"ООО «ЛИСТЕРРА», ПАНАМА АГРОКЕМИКАЛС ИНК.",1057749556930,III,III,25.12.2014,24.12.2024,Не действует,0
010(038)-03-4766-1,Зодиак,zodiak,ВР,40 г/л Имазамокс,гербицид,"ООО «ЛИСТЕРРА», ООО «АГРОКОМ»","1057749556930, 1077758212685",III,III,10.01.2025,09.01.2035,Действует,0
607-02-3742-1,Золтан,zoltan,КЭ,250 г/л Пропиконазол + 80 г/л Ципроконазол,фунгицид,Рейбоу Агросайенс Кфт.,,III,III,31.08.2021,30.08.2031,Действует,0
050(360)-03-1061-1,Зонатор,zonator,ВР,40 г/л Имазамокс,гербицид,"ЗАО «ФМРус», ООО «АГРОХИМИНВЕСТ","1097746208207, 1027743011207",III,III,07.04.2016,06.04.2026,Не действует,0
050-03-9678-0,Зонатор,zonator,ВР,40 г/л Имазамокс,гербицид,"АО ""ФМРус""",1097746208207,III,III,19.11.2025,18.11.2028,Действует,0
018-03-2793-1,Зонтран,zontran,ККР,250 г/л Метрибузин,гербицид,АО «Щелково Агрохим»,1025006519427,III,III,10.09.2020,09.09.2030,Действует,1
029-02-2859-1,Зорвек Энкантия,zorvek-enkantiya,СЭ,300 г/л Фамоксадон + 30 г/л Оксатиапипролин,фунгицид,ООО «Дюпон Наука и Технологии»,,III,III,28.10.2020,27.10.2030,Действует,0
866-02-4692-0,Зорвек Энкантия КА,zorvek-enkantiya-ka,СЭ,30 г/кг Оксатиапипролин + 300 г/кг Фамоксадон,фунгицид,ООО Кортева Агрисаенс Рус,1106195008787,III,III,09.10.2024,08.10.2027,Действует,0
012-01-2442-1,Зубр,zubr,ВРК,200 г/л Имидаклоприд,инсектицид,ООО Фирма «Зеленая Аптека Садовода»,1037700040564,III,I,10.12.2019,09.12.2029,Действует,1
023(395)-03-1255-1,Ибис,ibis,ЭМВ,"34,5 г/л антидот -клоквинтосет-мексил + 69 г/л феноксапроп-П-этил",гербицид,ООО «АНПП «Агрохим-XXI»,1027700119710,III,III,26.10.2016,25.10.2026,Действует,0
023(395)-03-1256-1,Ибис 100,ibis-100,КЭ,100 г/л феноксапроп-П-этил + 27 г/л антидот -клоквинтосет-мексил,гербицид,"ООО «АНПП «Агрохим-XXI», Агротекс ДМСС",1027700119710,III,III,26.10.2016,25.10.2026,Действует,0
192-02-3329-1,Идеал,ideal,КС,250 г/л Крезоксим-метил + 250 г/л эпоксиконазол,фунгицид,ООО ГК «ЗемлякоФФ»,1037724060560,III,III,06.10.2021,05.10.2031,Действует,0
021-01(02)-2603-1,Идикум,idikum,СК,"133 г/л Ипродион + 100 г/л Имидаклоприд + 6,7 г/л Дифеноконазол",инсектицид,АО Фирма «Август»,1025006038958,III,-,17.03.2020,16.03.2030,Действует,0
002-03-2720-1,Изобен,izoben,ВР,480 г/л Бентазон,гербицид,ООО «АГРУСХИМ»,1057747562509,III,III,30.06.2020,29.06.2030,Действует,0
018-06-2015-1,Изоцин БФК,izotsin-bfk,Г,2 г/л Бродифакум,родентицид,АО «Щелково Агрохим»,1025006519427,II,-,10.10.2018,09.10.2028,Действует,0
102-02-1243-1,Икарус,ikarus,ВКЭ,250 г/л Тебуконазол,фунгицид,«РОТАМ Лтд»,,II,III,04.10.2016,03.10.2026,Действует,0
018-03-1104-1,Илион,ilion,МД,90 г/л Клопиралид (2-этилгексиловый эфир) + 40 г/л Имазамокс,гербицид,+ 40 г/л Имазамокс) АО «Щелково Агрохим»,1025006519427,III,III,04.05.2016,25.07.2024,Не действует,0
018-03-9863-0,Илион,ilion,МД,90 г/л Клопиралид (2-этилгексиловый эфир) + 40 г/л Имазамокс,гербицид,"+ 40 г/л Имазамокс) АО ""ЩЕЛКОВО АГРОХИМ""",1025006519427,III,III,25.03.2026,24.03.2029,Действует,0
197-03-1374-1,Илот,ilot,ВР,40 г/л Имазамокс,гербицид,ООО «Агрохим ХХ1»,5067746338150,III,III,22.02.2017,21.02.2027,Действует,0
197-03-4905-0,Илот,ilot,ВР,40 г/л Имазамокс,гербицид,"ООО ""АГРОХИМ-XXI""",5067746338150,III,III,24.06.2025,23.06.2028,Действует,0
277-03-1024-1,Имазабел,imazabel,ВР,40 г/л Имазамокс,гербицид,ООО «БЕЛИН»,1127747077622,III,III,11.03.2016,10.03.2026,Не действует,0
126-03-4535-0,Имазошанс,imazoshans,ВР,40 г/л Имазамокс,гербицид,ООО «Шанс»,1093668046812,III,III,25.04.2024,26.07.2024,Действует,0
277-01-2184-1,Имидабел,imidabel,ВРК,200 г/л Имидаклоприд,инсектицид,ООО «БЕЛИН»,1127747077622,III,I,05.04.2019,04.04.2029,Действует,0
050-01-4568-1,Имидалит,imidalit,ТПС,500 г/л Имидаклоприд + 50 г/л Бифентрин,инсектицид,ЗАО «ФМРус»,1097746208207,III,-,22.05.2024,21.05.2034,Действует,0
561-01-3702-1,Имидан,imidan,ВДГ,400 г/кг Фосмет,инсектицид,Гован Кроп Протекшен Лимитед,,II,III,06.06.2022,05.06.2032,Действует,0
070-01-3348-1,Имидасид,imidasid,КС,600 г/л Имидаклоприд,инсектицид,ООО «АГРОМИР»,1187746148424,III,I,25.10.2021,24.10.2031,Действует,0
126-01-4616-1,Имидашанс,imidashans,ВРК,200 г/л Имидаклоприд,инсектицид,ООО «Шанс»,1093668046812,III,I,17.06.2024,16.06.2034,Действует,0
126-01-1500-1,Имидашанс Плюс,imidashans-plyus,СК,150 г/л Имидаклоприд + 50 г/л лямбда-цигалотрин,инсектицид,ООО «Шанс»,1093668046812,III,I,16.05.2017,22.04.2024,Действует,0
126-01(02)-246-1,Имидашанс Про,imidashans-pro,КС,140 г/л Имидаклоприд + 150 г/л пенцикурон,инсектицид,ООО «Шанс»,1093668046812,III,-,10.02.2014,09.02.2024,Не действует,0
126-01-4543-1,Имидашанс-С,imidashans-s,КС,600 г/л Имидаклоприд,инсектицид,ООО «Шанс»,1093668046812,III,-,03.05.2024,02.05.2034,Действует,0
184-01-2197-1,Имидж,imidzh,ВРК,200 г/л Имидаклоприд,инсектицид,"Агрия АД, ООО «Агрорус и Ко»",,III,I,11.04.2019,10.04.2029,Действует,0
184(040)-01-1478-1,Имидж Плюс,imidzh-plyus,КЭ,150 г/л Имидаклоприд + 75 г/л альфа-циперметрин,инсектицид,"ООО «Агрорус и Ко», Левей Маркетинг Актиенгезелльшафт",,II,I,24.04.2017,23.04.2027,Действует,0
018-01-2222-1,Имидор,imidor,ВРК,200 г/л Имидаклоприд,инсектицид,АО «Щелково Агрохим»,1025006519427,III,I,07.05.2019,06.05.2029,Действует,0
018-01-3536-1,Имидор Про,imidor-pro,КС,200 г/л Имидаклоприд,инсектицид,АО «Щелково Агрохим»,1025006519427,III,-,18.03.2022,17.03.2032,Действует,1
018-07-3032-1,Имидор Про,imidor-pro,КС,200 г/л Имидаклоприд,регулятор роста,АО «Щелково Агрохим»,1025006519427,III,-,25.02.2021,24.02.2031,Действует,0
018-01-4582-1,Имидор Экстра,imidor-ekstra,КС,200 г/л Имидаклоприд,инсектицид,АО «Щелково Агрохим»,1025006519427,III,I,23.05.2024,22.05.2034,Действует,0
010(011)-01(02)-1573-1,Имикар,imikar,КС,280 г/л Имидаклоприд + 80 г/л Тиабендазол,инсектицид,"ООО «ЛИСТЕРРА», ПАНАМА АГРОКЕМИКАЛС ИНК.",1057749556930,III,-,05.09.2016,04.09.2026,Не действует,0
002-01-4941-0,Имиприд,imiprid,ВРК,200 г/л Имидаклоприд,инсектицид,ООО «АГРУСХИМ»,1057747562509,III,I,03.07.2025,02.07.2028,Действует,1
097-01-559-1,Имиприд,imiprid,ВРК,200 г/л Имидаклоприд,инсектицид,ООО «АГРус»,5087746677893,III,I,16.02.2015,15.02.2025,Не действует,1
002-01-10053-0,Имиприд Дуо,imiprid-duo,КС,300 г/л Имидаклоприд + 100 г/л лямбда-цигалотрин,инсектицид,"ООО ""АГРУСХИМ""",1057747562509,III,I,29.07.2026,28.07.2029,Действует,1
002-03-4259-1,Имквант,imkvant,ВР,40 г/л Имазамокс,гербицид,ООО «АГРУСХИМ»,1057747562509,III,III,23.11.2023,22.11.2033,Действует,0
002-03-9727-0,Имквант Супер,imkvant-super,ВРК,33 г/л Имазамокс + 15 г/л Имазапир,гербицид,"ООО «АГРУСХИМ""",1057747562509,III,III,16.12.2025,15.12.2028,Действует,0
097-03-898-1,Имквант Супер,imkvant-super,ВРК,33 г/л Имазамокс + 15 г/л Имазапир,гербицид,ООО «АГРус»,5087746677893,III,III,16.12.2015,15.12.2025,Не действует,0
121-07-3951-1,Иммуноцитофит,immunotsitofit,Т,20 г/кг Этиловый эфир арахидоновой кислоты + 20 г/кг Этиловый эфир арахидоновой кислоты,регулятор роста,ЗАО «Агропромышленная компания Гинкго»,,IV,III,12.01.2023,11.01.2033,Действует,1
058-01-674-1,Импакт 500,impakt-500,КС,500 г/л Флутриафол,фунгицид,«КЕМИНОВА А/С»,,III,III,02.06.2015,01.06.2025,Не действует,0
058-02-4179-1,Импакт Супер,impakt-super,КС,225 г/л Тебуконазол + 75 г/л Флутриафол,фунгицид,«КЕМИНОВА А/С»,,II,III,14.08.2023,13.08.2033,Действует,0
278-03-4114-1,Импекс Дуо,impeks-duo,ВРК,33 г/л Имазамокс + 15 г/л Имазапир,гербицид,ООО ЭЛЛИПСАГРО,1142308002495,III,III,12.04.2017,11.04.2027,Действует,0
192-03-2309-1,Импульс,impuls,КС,480 г/л Флумиоксазин,гербицид,ООО ГК «ЗемлякоФФ»,1037724060560,II,III,07.10.2019,06.10.2029,Действует,0
192-03-10088-0,Импульс Макс,impuls-maks,КС,300 г/л Метрибузин + 67 г/л Флумиоксазин,гербицид,"ООО ГК ""ЗЕМЛЯКОФФ""",1037724060560,II,III,20.08.2026,19.08.2029,Действует,0
866-03-10050-0,Инари,inari,КС,17 г/л тиенкарбазон-метил + 15 г/л Флуметсулам + 15 г/л флорасулам + 102 г/л антидот клоквинтосет-мексила,гербицид,"ООО ""ПРИОРИТЕТ ГРУПП""",1152312010740,III,III,28.07.2026,27.07.2029,Действует,0
018-02-2300-1,Индиго,indigo,КС,345 г/л Меди сульфат трехосновный,фунгицид,АО «Щелково Агрохим»,1025006519427,III,III,01.07.2019,30.06.2029,Действует,1
617(082)-01-4564-1,Индоальф,indoalf,РП,200 г/кг Ацетамиприд,инсектицид,"ООО Грин Плант, ООО «Интер Групп»","1175029028790, 1084312000420",III,III,22.05.2024,21.05.2034,Действует,0
197(678)-03-3067-1,Индокарб,indokarb,КЭ,800 г/л Просульфокарб,гербицид,"ООО «Агрохим ХХ1», АгроЛайф Сайнс Корпорейшн",5067746338150,III,III,19.03.2021,18.03.2031,Действует,0
159-02-2388-1,Индофил М-45,indofil-m-45,СП,800 г/кг Манкоцеб,фунгицид,ИНДОФИЛ ИНДАСТРИЗ ЛИМИТЕД,,II,III,11.09.2019,10.09.2029,Действует,0
389-01-2841-1,Иноксифен,inoksifen,КЭ,100 г/л Пирипроксифен,инсектицид,ООО «АГРОПРОГРЕСС КЭМИКАЛС»,1157847140296,II,III,15.10.2020,14.10.2030,Действует,0
019-02-1218-1,Инпут,input,КЭ,300 г/л Спироксамин + 160 г/л Протиоконазол,фунгицид,Байер КропСайенс АГ,,II,III,05.09.2016,04.09.2026,Не действует,0
021-02-3198-1,Инсайд,insayd,СК,200 г/л флуазинам + 200 г/л Диметоморф,фунгицид,АО Фирма «Август»,1025006038958,III,III,05.07.2021,04.07.2031,Действует,1
041-01-2305-1,Инсегар,insegar,ВДГ,250 г/кг Феноксикарб,инсектицид,ООО «Сингента»,1037739325271,III,III,08.07.2019,07.07.2029,Действует,0
033-01(02)-3392-1,Инсектобактерин,insektobakterin,СП,10⁹ КОЕ/г Bacillus thuringiensisB-82 + 10⁹ КОЕ/г Bacillus subtilis B-76,инсектицид,ООО «ОРТОН»,1025004916573,III,III,03.12.2021,02.12.2031,Действует,1
966-01-4895-0,Инсектокарб,insektokarb,КЭ,150 г/л Индоксакарб,инсектицид,ООО «КРОПЭКС»,1037706002773,III,I,02.06.2025,01.06.2028,Действует,1
008-01-3332-1,Инсектор Супра,insektor-supra,КС,50 г/л Тиаметоксам,инсектицид,ООО «Ваше хозяйство»,1025203566728,III,I,08.10.2021,07.10.2031,Действует,1
430-1-2118-1,Инсетим,insetim,Ж,"2х10⁹ КОЕ/см³ Bacillus thuringiensis, subsp. Thuringiensis, ИПМ-1140",инсектицид,ООО «ПАРАДИГМА»,1132311008004,IV,II,22.02.2019,21.02.2029,Действует,1
018-02-4187-1,Инсигния,insigniya,МД,150 г/л Ципродинил + 140 г/л Флудиоксонил,фунгицид,АО «Щелково Агрохим»,1025006519427,III,III,31.08.2023,30.08.2033,Действует,0
041-01-4210-1,Инстиво,instivo,КС,350 г/л Тиаметоксам,инсектицид,ООО «Сингента»,1037739325271,III,-,26.09.2023,25.09.2033,Действует,0
149-01-4581-1,Инта-Вир,inta-vir,ТАБ,"37,5 г/л циперметрин",инсектицид,ООО «ФАСКО +»,1025006178614,III,I,21.05.2024,20.05.2034,Действует,1
328-01-812-1,Инта-Ц-М,inta-ts-m,ТАБ,29 г/кг циперметрин + 140 г/кг Малатион,инсектицид,ЗАО «ПРОМЭКС»,,III,I,20.10.2015,19.10.2025,Не действует,1
376-03-3706-1,Интермеццо,intermetstso,КС,480 г/л Мезотрион,гербицид,АГРОСАВА ДОО,,III,III,12.04.2017,11.04.2027,Действует,0
871-03-4075-1,Интерн,intern,КЭ,104 г/л Галоксифоп-П-метил,гербицид,Рейбоу Агросайенс Кфт.,,III,III,26.04.2023,25.04.2033,Действует,0
021-02-3078-1,Интрада,intrada,СК,250 г/л Азоксистробин,фунгицид,АО Фирма «Август»,1025006038958,III,III,30.03.2021,29.03.2031,Действует,0
070-01(02)-9843-0,Инфикс,infiks,КС,125 г/л Тиаметоксам + 25 г/л Флудиоксонил + 15 г/л Тебуконазол,фунгицид,"ООО ""АГРОМИР""",1187746148424,II,III,19.03.2026,18.03.2029,Действует,0
019-02-2311-1,Инфинито,infinito,КС,"62,5 г/л Флуопиколид + 625 г/л пропамокарб-гидрохлорид",фунгицид,Байер КропСайенс АГ,,III,III,15.07.2019,14.07.2029,Действует,0
014-02-2556-1,Иншур Перформ,inshur-perform,КС,80 г/л тритиконазол + 40 г/л Пираклостробин,фунгицид,«БАСФ СЕ»,,III,-,25.03.2020,24.03.2030,Действует,0
586-02-9983-0,Иппон,ippon,КС,400 г/л Пропамокарб гидрохлорид + 50 г/л цимоксанил,фунгицид,Глобакем НВ,,III,III,27.05.2026,26.05.2029,Действует,0
002-03-2775-1,Ирбис,irbis,ЭМВ,"34,5 г/л антидот -клоквинтосет-мексил + 69 г/л феноксапроп-П-этил",гербицид,ООО «АГРУСХИМ»,1057747562509,III,III,18.08.2020,17.08.2030,Действует,0
097-03-2760-1,Ирбис 100,irbis-100,КЭ,27 г/л антидот -клоквинтосет-мексил + 100 г/л феноксапроп-П-этил,гербицид,ООО «АГРус»,5087746677893,III,III,15.07.2020,14.07.2030,Действует,0
178-03-2993-1,Ирвин,irvin,СЭ,"312,5 г/л С-Метолахлор + 187,5 г/л тербутилазин",гербицид,ООО «Агро Эксперт Груп»,1027708006996,III,III,25.01.2021,24.01.2031,Действует,0
046-01-2708-1,Искра,iskra,ТАБ,21 г/кг циперметрин + 9 г/кг перметрин,инсектицид,ЗАО «ТПК «Техноэкспорт»,1025005325070,III,I,19.06.2020,18.06.2030,Не действует,1
046-01-5053-1,Искра,iskra,ТАБ,21 г/кг циперметрин + 9 г/кг перметрин,инсектицид,ООО «Техноэкспорт»,1125042005175,III,I,29.08.2025,18.06.2030,Действует,1
046-01-2709-1,Искра Золотая,iskra-zolotaya,ВРК,200 г/л Имидаклоприд,инсектицид,ЗАО «ТПК «Техноэкспорт»,1025005325070,III,I,19.06.2020,18.06.2030,Не действует,1
046-01-2719-1,Искра Золотая,iskra-zolotaya,ТАБ,25 г/кг Имидаклоприд,инсектицид,ЗАО «ТПК «Техноэкспорт»,1025005325070,III,III,30.06.2020,29.06.2030,Не действует,1
046-01-5042-1,Искра Золотая,iskra-zolotaya,ТАБ,25 г/кг Имидаклоприд,инсектицид,ООО «Техноэкспорт»,1125042005175,III,III,29.08.2025,29.06.2030,Действует,1
046-01-5043-1,Искра Золотая,iskra-zolotaya,ВРК,200 г/л Имидаклоприд,инсектицид,ООО «Техноэкспорт»,1125042005175,III,I,29.08.2025,18.06.2030,Действует,1
046-01-2710-1,Искра Золотая Просто,iskra-zolotaya-prosto,ВР,"0,1 г/л Имидаклоприд",инсектицид,ЗАО «ТПК «Техноэкспорт»,1025005325070,III,I,19.06.2020,18.06.2030,Не действует,1
046-01-5041-1,Искра Золотая Просто,iskra-zolotaya-prosto,ВР,"0,1 г/л Имидаклоприд",инсектицид,ООО «Техноэкспорт»,1125042005175,III,I,29.08.2025,18.06.2030,Действует,1
046-01-3587-1,Искра М,iskra-m,КЭ,525 г/л Малатион,инсектицид,ЗАО «ТПК «Техноэкспорт»,1025005325070,II,I,06.04.2022,05.04.2032,Не действует,0
046-01-5070-1,Искра М,iskra-m,КЭ,525 г/л Малатион,инсектицид,ООО «Техноэкспорт»,1125042005175,II,I,29.08.2025,05.04.2032,Действует,0
213-01-4704-1,К-Обиоль,k-obiol,КЭ,25 г/л Дельтаметрин,инсектицид,Байер САС,,II,-,05.11.2024,04.11.2034,Действует,0
014-02-2609-1,Кабрио Топ,kabrio-top,ВДГ,550 г/кг Метирам + 50 г/кг Пираклостробин,фунгицид,«БАСФ СЕ»,,II,III,18.03.2020,17.03.2030,Действует,0
516-03-2054-1,Кабуки,kabuki,КЭ,"26,5 г/л Пирафлуфен-этил",гербицид,"Нихон Нояку Ко., Лтд.",,II,III,12.11.2018,11.11.2028,Действует,0
018-02-3295-1,Кагатник,kagatnik,ВРК,300 г/л Бензойная кислота (в виде триэтаноламинной соли),фунгицид,АО «Щелково Агрохим»,1025006519427,III,III,17.09.2021,16.09.2031,Действует,1
085-03-3650-1,Кадет,kadet,ВР,"344 г/л 2,4-Д кислота (диметиламинная соль)",гербицид,ООО «Ярило»,1083123001500,II,III,25.04.2022,24.04.2032,Действует,0
126-02-9941-1,Кадуцей,kadutsey,КС,120 г/л Боскалид + 80 г/л Пираклостробин + 33 г/л Ципроконазол,фунгицид,"ООО ""ШАНС""",1093668046812,III,III,08.05.2026,07.05.2036,Действует,0
085-02-4129-1,Казим,kazim,КС,500 г/л Карбендазим,фунгицид,ООО «Ярило»,1083123001500,II,III,19.06.2023,18.06.2033,Действует,0
653-02-2911-1,Казимир,kazimir,КС,500 г/л Карбендазим,фунгицид,ООО «СЭЙФТИ ФИЛД КОРПОРЭЙШН»,1112310006104,II,III,07.12.2020,06.12.2030,Действует,0
178-03-2961-1,Кайен,kayen,ВДГ,500 г/кг тифенсульфурон-метил + 170 г/кг флорасулам,гербицид,ООО «Агро Эксперт Груп»,1027708006996,III,III,25.12.2020,24.12.2030,Действует,0
178-03-4526-1,Кайен Турбо,kayen-turbo,МД,75 г/л трибенурон-метил + 75 г/л тифенсульфурон-метил + 52 г/л Флуметсулам,гербицид,ООО «Агро Эксперт Груп»,1027708006996,III,III,25.04.2024,24.04.2034,Действует,0
181-01-4135-1,Кайзер,kayzer,КС,350 г/л Тиаметоксам,инсектицид,ООО «Тотус»,1104632010933,III,-,22.06.2023,21.06.2033,Действует,0
050-03-3815-0,Кайман,kayman,ВР,360 г/л Глифосат кислоты (изопропиламинная соль),гербицид,ЗАО «ФМРус»,1097746208207,II,III,05.10.2022,04.10.2025,Не действует,0
050-03-4917-0,Кайман,kayman,ВР,360 г/л Глифосат кислоты (изопропиламинная соль),гербицид,АО «ФМРус»,1097746208207,II,III,30.06.2025,29.06.2028,Действует,0
050(360)-03-3915-0,Кайман Форте,kayman-forte,ВДГ,687 г/кг Глифосат кислоты (изопропиламинная соль),гербицид,"ЗАО «ФМРус», ООО «АГРОХИМИНВЕСТ","1097746208207, 1027743011207",II,III,20.12.2022,19.12.2025,Не действует,0
050-03-4919-0,Кайман Форте,kayman-forte,ВДГ,687 г/кг Глифосат кислоты (изопропиламинная соль),гербицид,АО «ФМРус»,1097746208207,II,III,30.06.2025,29.06.2028,Действует,0
070-01-3461-1,Кайтокс,kaytoks,КС,350 г/л Тиаметоксам,инсектицид,ООО «АГРОМИР»,1187746148424,III,I,29.12.2021,28.12.2031,Действует,0
277-02-1347-1,Калибел,kalibel,КЭ,250 г/л Пропиконазол + 80 г/л Ципроконазол,фунгицид,ООО «БЕЛИН»,1127747077622,III,III,26.01.2017,25.01.2027,Действует,0
029-03-1197-1,Калибр,kalibr,ВДГ,500 г/кг тифенсульфурон-метил + 250 г/кг трибенурон-метил,гербицид,ООО «Дюпон Наука и Технологии»,,III,III,16.08.2016,15.08.2026,Не действует,0
489-03-3046-1,Калибр Дуо,kalibr-duo,ВДГ,500 г/кг тифенсульфурон-метил + 250 г/кг трибенурон-метил,гербицид,ООО «ЭфЭмСи»,1037706002773,III,III,05.03.2021,04.03.2031,Действует,0
489-03-2926-1,Калибр Дуо Голд,kalibr-duo-gold,ВДГ,375 г/кг тифенсульфурон-метил + 375 г/кг трибенурон-метил,гербицид,ООО «ЭфЭмСи»,1037706002773,III,III,16.12.2020,15.12.2030,Действует,0
126-01-3210-1,Калина,kalina,КС,480 г/л Тиаклоприд,инсектицид,ООО «Шанс»,1093668046812,II,II,13.07.2021,12.07.2031,Действует,0
019-01-1683-1,Калипсо,kalipso,КС,480 г/л Тиаклоприд,инсектицид,Байер КропСайенс АГ,,II,III,16.01.2018,15.01.2028,Действует,0
041-03-889-1,Каллисто,kallisto,КС,480 г/л Мезотрион,гербицид,ООО «Сингента»,1037739325271,III,III,11.12.2015,10.12.2025,Не действует,0
156-03-1927-1,Камаро,kamaro,СЭ,"6,25 г/л флорасулам + 300 г/л 2,4-Д (сложный 2-этилгексиловый эфир)",гербицид,ООО «АДАМА РУС»,1062310039934,II,III,28.05.2018,27.05.2028,Действует,0
677-03-3207-1,Камелин,kamelin,КЭ,480 г/л кломазон,гербицид,ООО ВОЯЖ АГРОКЕМИКАЛ,1172536044559,II,III,12.07.2021,11.07.2031,Действует,0
021-03-1785-1,Камелот,kamelot,СЭ,"312,5 г/л С-Метолахлор + 187,5 г/л тербутилазин",гербицид,АО Фирма «Август»,1025006038958,III,III,05.03.2018,03.03.2026,Действует,1
389-02-3076-1,Камертон Ультра,kamerton-ultra,СП,500 г/кг Каптан,фунгицид,ООО «АГРОПРОГРЕСС КЭМИКАЛС»,1157847140296,II,III,30.03.2021,29.03.2031,Действует,0
002-03-10025-1,Кандера,kandera,КЭ,480 г/л кломазон,гербицид,"ООО ""АГРУСХИМ""",1057747562509,II,III,26.06.2026,25.06.2036,Действует,0
699-07-4849-1,Кандопа,kandopa,КЭ,250 г/л Тринексапак-этил,регулятор роста,"«Шандонг Вейфанг Рейбоу Кемикал Ко., Лтд.",,II,III,10.04.2025,09.04.2035,Действует,0
082-03-1515-1,Канон,kanon,КЭ,104 г/л Галоксифоп-П-метил,гербицид,ООО «Интер Групп»,1084312000420,III,III,14.06.2017,13.06.2027,Действует,0
278-01-4110-1,Канонир Дуо,kanonir-duo,КС,300 г/л Имидаклоприд + 100 г/л лямбда-цигалотрин,инсектицид,ООО ЭЛЛИПСАГРО,1142308002495,II,I,14.03.2016,13.03.2026,Не действует,0
021-03-4662-0,Кантата,kantata,МД,100 г/л йодосульфурон-метил-натрия + 300 г/л антидот мефенпир-диэтила,гербицид,АО Фирма «Август»,1025006038958,II,III,05.09.2024,04.09.2027,Действует,0
156-02-3771-1,Кантик,kantik,КЭ,200 г/л Прохлораз + 150 г/л фенпропидин + 100 г/л Тебуконазол,фунгицид,ООО «АДАМА РУС»,1062310039934,II,III,29.07.2022,28.07.2032,Действует,0
018-02-2219-1,Кантор,kantor,ККР,200 г/л Ципродинил,фунгицид,АО «Щелково Агрохим»,1025006519427,II,III,06.05.2019,05.05.2029,Действует,0
014-02-3670-1,Кантус,kantus,ВДГ,500 г/кг Боскалид,фунгицид,«БАСФ СЕ»,,-,-,29.04.2022,28.04.2032,Действует,0
018-02-1103-1,Капелла,kapella,МЭ,120 г/л Пропиконазол + 60 г/л Флутриафол + 30 г/л Дифеноконазол,фунгицид,АО «Щелково Агрохим»,1025006519427,II,III,04.05.2016,11.06.2024,Не действует,0
018-02-9920-0,Капелла,kapella,МЭ,120 г/л Пропиконазол + 60 г/л Флутриафол + 30 г/л Дифеноконазол,фунгицид,"АО ""ЩЕЛКОВО АГРОХИМ""",1025006519427,II,III,23.04.2026,22.04.2029,Действует,0
018-02-4710-1,Каперанг,kaperang,КС,500 г/л Каптан,фунгицид,АО «Щелково Агрохим»,1025006519427,II,III,07.11.2024,06.11.2034,Действует,0
570-03-3465-1,Капилео,kapileo,КЭ,240 г/л Клетодим,гербицид,ООО «КЛЕВЕР ГРУПП»,1172801001350,III,III,30.12.2021,29.12.2031,Действует,0
019-03-3178-1,Капрено,kapreno,КС,345 г/л Темботрион + 68 г/л тиенкарбазон-метил + 134 г/л антидот изоксадифен-этил,гербицид,Байер КропСайенс АГ,,III,III,21.06.2021,20.06.2031,Действует,0
041-03-839-1,Каптора,kaptora,ВРК,33 г/л Имазамокс + 15 г/л Имазапир,гербицид,ООО «Сингента»,1037739325271,III,III,30.10.2015,29.10.2025,Не действует,0
041-03-9766-0,Каптора,kaptora,ВРК,33 г/л Имазамокс + 15 г/л Имазапир,гербицид,"ООО ""СИНГЕНТА""",1037739325271,III,III,20.01.2026,19.01.2029,Действует,0
041-03-2675-1,Каптора Плюс,kaptora-plyus,ВРК,"16,5 г/л Имазамокс + 7,5 г/л Имазапир",гербицид,ООО «Сингента»,1037739325271,II,III,18.05.2020,17.05.2030,Действует,0
015-02-3434-1,Карамба,karamba,КЭ,60 г/л Метконазол,фунгицид,БАСФ Агро Б.В.,,II,III,20.12.2021,19.12.2031,Действует,0
014-02-1594-1,Карамба Дуо,karamba-duo,КЭ,80 г/л Метконазол + 130 г/л Пираклостробин,фунгицид,«БАСФ СЕ»,,II,III,07.11.2017,06.11.2027,Действует,0
014-07-1595-1,Карамба Дуо,karamba-duo,К,130 г/л Пираклостробин + 80 г/л Метконазол,регулятор роста,«БАСФ СЕ»,,II,III,07.11.2017,06.11.2027,Действует,0
010-03-4095-1,Карамболь,karambol,СП,500 г/кг трифлусульфурон-метил,гербицид,ООО «ЛИСТЕРРА»,1057749556930,III,III,05.06.2023,04.06.2033,Действует,0
175-01-4953-0,Каратель,karatel,ВДГ,500 г/кг г/кг Клотианидин,инсектицид,ООО «МосАгро»,1057747879342,III,I,23.07.2025,22.07.2035,Действует,1
175-02-455-1,Каратель,karatel,ВДГ,500 г/кг Клотианидин,инсектицид,ООО «МосАгро»,1057747879342,III,I,24.11.2014,23.11.2024,Не действует,1
126-01-4022-1,Каратошанс,karatoshans,КЭ,50 г/л лямбда-цигалотрин,инсектицид,ООО «Шанс»,1093668046812,II,I,14.03.2023,09.08.2024,Действует,0
041-01-1770-1,Каратэ Зеон,karate-zeon,МКС,50 г/л лямбда-цигалотрин,инсектицид,ООО «Сингента»,1037739325271,III,I,26.02.2018,25.02.2028,Действует,0
018-01-3146-1,Карачар,karachar,КЭ,50 г/л лямбда-цигалотрин,инсектицид,АО «Щелково Агрохим»,1025006519427,III,I,18.05.2021,17.05.2031,Действует,1
097-02-2712-1,Карбезим,karbezim,КС,500 г/л Карбендазим,фунгицид,ООО «АГРус»,5087746677893,II,III,26.06.2020,25.06.2030,Действует,0
764-07-3293-1,Карбонадо,karbonado,Т,"6,2 г/кг Поли-бета-гидроксимасляная кислота",регулятор роста,ООО «СТАТУС»,1133443020480,III,III,16.09.2021,15.09.2031,Действует,1
197-01-2600-1,Карбофот,karbofot,КЭ,500 г/л Малатион,инсектицид,ООО «Агрохим ХХ1»,5067746338150,II,I,16.03.2020,15.03.2030,Действует,0
441-01-1513-1,Карбоцин,karbotsin,ТАБ,29 г/кг циперметрин + 140 г/кг Малатион,инсектицид,ООО «ПРОМТЕХ-СП»,1125042005032,III,I,31.05.2017,30.05.2027,Действует,1
941-02-9689-0,Кардинал 500,kardinal-500,КС,500 г/л Карбендазим,фунгицид,"ООО ""АС-АГРО""",1040204593934,II,III,25.11.2025,24.11.2028,Действует,0
"042(043,197)-02-2913-1",Кардон,kardon,КС,500 г/л Карбендазим,фунгицид,"ООО «ФОРВАРД», ООО «Сибагрохим», ООО «Агрохим ХХ1»","1105476055277, 1025402493555, 5067746338150",II,III,08.12.2020,07.12.2030,Действует,0
277-02-1777-1,Карзибел,karzibel,КС,500 г/л Карбендазим,фунгицид,ООО «БЕЛИН»,1127747077622,II,III,27.02.2018,26.02.2028,Действует,0
070-02-3675-1,Карзитек,karzitek,КС,500 г/л Карбендазим,фунгицид,ООО «АГРОМИР»,1187746148424,II,III,11.05.2022,10.05.2032,Действует,0
178-03-2919-1,Кари-Макс,kari-maks,СП,500 г/кг трифлусульфурон-метил,гербицид,ООО «Агро Эксперт Груп»,1027708006996,III,III,10.12.2020,09.12.2030,Действует,0
178-03-2430-1,Кари-Макс-Флюид,kari-maks-flyuid,МД,300 г/л трифлусульфурон-метил,гербицид,ООО «Агро Эксперт Груп»,1027708006996,III,III,16.10.2019,15.10.2029,Действует,0
041-02-3027-1,Кариал Флекс,karial-fleks,ВДГ,250 г/кг Мандипропамид + 180 г/кг цимоксанил,фунгицид,ООО «Сингента»,1037739325271,III,III,24.02.2021,23.02.2031,Действует,0
489-03-2029-1,Карибу Дуо Актив,karibu-duo-aktiv,ВДГ,"71,4 г/кг трифлусульфурон-метил + 714 г/кг Ленацил",гербицид,ООО «ЭфЭмСи»,1037706002773,III,III,25.10.2018,24.10.2028,Действует,0
489-03-2812-1,Карибу С,karibu-s,ВДГ,500 г/кг трифлусульфурон-метил,гербицид,ООО «ЭфЭмСи»,1037706002773,III,III,21.09.2020,20.09.2030,Действует,0
966-03-4896-0,Карибэкс С,karibeks-s,ВДГ,500 г/кг трифлусульфурон-метил,гербицид,ООО «КРОПЭКС»,1037706002773,III,III,02.06.2025,01.06.2028,Действует,0
603-03-3909-1,Каритори,karitori,ВДГ,850 г/кг Пироксасульфон,гербицид,Кумаи Кемикал Индастри Ко. Лтд.,,II,III,16.12.2022,15.12.2032,Действует,0
126-03-4021-1,Каришанс,karishans,ВДГ,500 г/кг трифлусульфурон-метил,гербицид,ООО «Шанс»,1093668046812,III,III,14.03.2023,13.03.2033,Действует,0
201-01-1488-1,Карповирусин,karpovirusin,СК,11013 гранул/л Вирус гранулеза яблонной плодожорки,инсектицид,АРИСТА ЛАЙФСАЙЕНС С.А.С.,,IV,III,02.05.2017,01.05.2027,Действует,1
097-03-2637-1,Карриджу,karridzhu,ВДГ,500 г/кг трифлусульфурон-метил,гербицид,ООО «АГРус»,5087746677893,III,III,31.03.2020,30.03.2030,Действует,0
653-03-4161-1,Картель,kartel,ВДГ,500 г/кг трифлусульфурон-метил,гербицид,ООО «СЭЙФТИ ФИЛД КОРПОРЭЙШН»,1112310006104,III,III,20.07.2023,19.07.2033,Действует,0
781-03-10125-0,Каскад,kaskad,ВДГ,750 г/кг трибенурон-метил,гербицид,Синтезия Кеми ГмбХ,,III,III,21.09.2026,20.09.2029,Действует,0
781-03-3410-1,Каскад Премиум,kaskad-premium,ВДГ,140 г/кг тифенсульфурон-метил + 410 г/кг трибенурон-метил + 200 г/кг флорасулам,гербицид,Синтезия Кеми ГмбХ,,III,III,13.12.2021,12.12.2031,Действует,0
781-03-9851-0,Каскад Экспресс,kaskad-ekspress,ВДГ,670 г/кг трибенурон-метил + 80 г/кг тифенсульфурон-метил,гербицид,Синтезия Кеми ГмбХ,,III,III,19.03.2026,18.03.2029,Действует,0
178-03-2736-1,Каспер,kasper,ВРК,40 г/л Имазамокс,гербицид,ООО «Агро Эксперт Груп»,1027708006996,III,III,07.07.2020,28.12.2021,Действует,0
018-03-2829-1,Кассиус,kassius,ВРП,250 г/кг римсульфурон,гербицид,АО «Щелково Агрохим»,1025006519427,III,III,08.10.2020,07.10.2030,Действует,0
682-01-4629-1,Кастра,kastra,КС,140 г/л Клотианидин + 100 г/л лямбда-цигалотрин,инсектицид,ООО «НПК ХИМИЯ»,1197746012199,II,I,04.07.2024,03.07.2034,Действует,0
353-02-1032-1,Касумин 2Л,kasumin-2l,ВР,20 г/л Касугамицин,фунгицид,"Хокко Кемикал Индастри Ко., Лтд",,III,III,14.03.2016,13.03.2026,Не действует,0
018-02-4724-1,Катрекс,katreks,КС,400 г/л Тирам,фунгицид,АО «Щелково Агрохим»,1025006519427,III,III,11.11.2024,10.11.2034,Действует,0
092-01-2136-1,Катфос,katfos,ТАБ,560 г/кг Алюминия фосфид,инсектицид,ООО «Русинвест»,1057746502604,I,-,04.03.2019,03.03.2029,Действует,0
586-04-4450-0,Квад-Глоб,kvad-glob,ВР,280 (150) г/л Дикват дибромида (200 г/л в пересчете на дикват ион),десикант,г/л Дикват дибромида (200 г/л в пересчете на дикват ион)) Глобакем НВ,,II,III,15.03.2024,14.03.2027,Действует,0
041-02-4430-1,Квадрис,kvadris,СК,250 г/л Азоксистробин,фунгицид,ООО «Сингента»,1037739325271,II,III,27.02.2017,26.02.2027,Действует,0
178-01-2653-1,Квартет,kvartet,КС,150 г/л Ацетамиприд + 100 г/л Прохлораз + 39 г/л Протиоконазол + 39 г/л Азоксистробин,инсектицид,ООО «Агро Эксперт Груп»,1027708006996,III,-,21.04.2020,20.04.2030,Действует,0
178-02-2654-1,Квартет,kvartet,КС,150 г/л Ацетамиприд + 100 г/л Прохлораз + 39 г/л Протиоконазол + 39 г/л Азоксистробин,фунгицид,ООО «Агро Эксперт Груп»,1027708006996,III,-,21.04.2020,20.04.2030,Действует,0
192-01(02)-4883-0,Квестор,kvestor,КС,300 г/л Тиаметоксам + 50 г/л тритиконазол,инсектицид,ООО ГК «ЗемлякоФФ»,1037724060560,III,-,09.06.2025,08.06.2028,Действует,0
192-02-687-1,Квестор,kvestor,КС,300 г/л Тиаметоксам + 50 г/л тритиконазол,инсектицид,ООО ГК «ЗемлякоФФ»,1037724060560,III,-,22.06.2015,21.06.2025,Не действует,0
192-01(02)-3683-1,Квестор Форте,kvestor-forte,КС,150 г/л Тиаметоксам + 25 г/л тритиконазол + 75 г/л Прохлораз,инсектицид,ООО ГК «ЗемлякоФФ»,1037724060560,II,-,16.05.2022,15.05.2032,Действует,0
070-03-3810-1,Квизурил,kvizuril,КЭ,40 г/л Квизалофоп-П-тефурил,гербицид,ООО «АГРОМИР»,1187746148424,III,III,04.10.2022,03.10.2032,Действует,0
021-03-4011-1,Квикстеп,kvikstep,МКЭ,130 г/л Клетодим + 80 г/л Галоксифоп-П-метил,гербицид,АО Фирма «Август»,1025006038958,III,III,14.03.2023,13.03.2033,Действует,0
148-01-4354-1,Квикфос,kvikfos,ТАБ,560 г/кг Алюминия фосфид,инсектицид,ООО «ЮПЛ»,1157746848490,I,-,10.01.2024,09.01.2034,Действует,0
334-03-1925-1,Кельвин Плюс,kelvin-plyus,ВДГ,424 г/кг Дикамба (натриевая соль) + 170 г/кг дифлуфензопир (натриевая соль) + 106 г/кг никосульфурон,гербицид,+ 170 г/кг дифлуфензопир (натриевая соль) + 106 г/кг никосульфурон) БАСФ Корпорэйшн,,III,III,23.05.2018,22.05.2028,Действует,0
021-03-3492-1,Кентавр,kentavr,ВДГ,700 г/кг Флукарбазон натрия,гербицид,АО Фирма «Август»,1025006038958,III,III,10.02.2022,09.02.2032,Действует,0
282-03-1023-1,Киборг,kiborg,КС,"312,5 г/л С-Метолахлор + 187,5 г/л тербутилазин",гербицид,ООО «Яровит»,1103123004522,III,III,11.03.2016,10.03.2026,Не действует,0
282-03-9919-0,Киборг,kiborg,КС,"312,5 г/л С-Метолахлор + 187,5 г/л тербутилазин",гербицид,ООО «Яровит»,1103123004522,III,III,23.04.2026,22.04.2029,Действует,0
024-03-1685-1,Кидека,kideka,КС,100 г/л Мезотрион,гербицид,Нуфарм ГмбХ & КО КГ,,III,III,22.01.2018,21.01.2028,Действует,0
962-06-4809-1,"Килмайс, ТБ",kilmays-tb,ТБ,"0,05 г/кг Бродифакум",родентицид,ООО НПО «Гарант»,,II,-,11.03.2025,10.03.2035,Действует,0
192-06-3351-1,Килрат Супер,kilrat-super,Г,"2,5 г/л Бродифакум",родентицид,ООО ГК «ЗемлякоФФ»,1037724060560,III,-,25.10.2021,24.10.2031,Действует,0
178-01-2614-1,Кинг Комби,king-kombi,КС,"100 г/л Ацетамиприд + 34 г/л Флудиоксонил + 8,3 г/л Ципроконазол",инсектицид,ООО «Агро Эксперт Груп»,1027708006996,III,-,19.03.2020,18.03.2030,Действует,0
178-02-2613-1,Кинг Комби,king-kombi,КС,"100 г/л Ацетамиприд + 34 г/л Флудиоксонил + 8,3 г/л Ципроконазол",фунгицид,ООО «Агро Эксперт Груп»,1027708006996,III,-,19.03.2020,28.12.2021,Действует,0
262-01-9609-0,Кинмикс,kinmiks,КЭ,50 г/л бета-циперметрин) Агро-Кеми Кфт. (Венгрия,инсектицид,Агро-Кеми Кфт. (Венгрия,,III,I,01.10.2025,30.09.2028,Действует,1
015-02-2337-1,Кинто Дуо,kinto-duo,КС,20 г/л тритиконазол + 60 г/л Прохлораз,фунгицид,БАСФ Агро Б.В.,,II,III,25.07.2019,24.07.2029,Действует,0
015-02-2659-1,Кинто Плюс,kinto-plyus,КС,"33,3 г/л флуксапироксад + 33,3 г/л тритиконазол + 33,3 г/л Флудиоксонил",фунгицид,БАСФ Агро Б.В.,,III,-,23.04.2020,22.04.2030,Действует,0
018-01-2221-1,Кинфос,kinfos,КЭ,300 г/л Диметоат + 40 г/л бета-циперметрин,инсектицид,АО «Щелково Агрохим»,1025006519427,III,I,07.05.2019,06.05.2029,Действует,0
018-01-3335-1,Кинфос Нео,kinfos-neo,КЭ,300 г/л Диметоат + 40 г/л альфа-циперметрин,инсектицид,АО «Щелково Агрохим»,1025006519427,III,I,19.10.2021,18.10.2031,Действует,0
653-01-2915-1,Кипер,kiper,КС,350 г/л Тиаметоксам,инсектицид,ООО «СЭЙФТИ ФИЛД КОРПОРЭЙШН»,1112310006104,III,-,09.12.2020,08.12.2030,Действует,0
126-03-9668-0,Кипкорн,kipkorn,ВДГ,700 г/кг никосульфурон,гербицид,"ООО ""ШАНС""",1093668046812,III,III,11.11.2025,10.11.2028,Действует,0
871-03-9708-0,Кирай,kiray,ВР,267 г/л Клопиралид + 67 г/л пиклорам,гербицид,Рейнбоу Агросайенсиз Кфт.,,III,III,04.12.2025,03.12.2028,Действует,0
197-01-3483-1,Кираса,kirasa,ВДГ,130 г/кг Индоксакарб + 400 г/кг Клотианидин,инсектицид,ООО «Агрохим ХХ1»,5067746338150,III,I,21.01.2022,20.01.2032,Действует,0
854(682)-03-4627-0,Кирасир,kirasir,СЭ,"410 г/л 2,4-Д кислоты (2-этилгексиловый эфир) + 7,4 г/л флорасулам",гербицид,"+ 7,4 г/л флорасулам) ООО Праймагро, ООО «НПК ХИМИЯ»","1195081032596, 1197746012199",II,III,02.07.2024,01.07.2027,Действует,0
178-02-2599-1,Клад,klad,КС,80 г/л Тиабендазол + 60 г/л Тебуконазол + 60 г/л Имазалил,фунгицид,ООО «Агро Эксперт Груп»,1027708006996,II,-,16.03.2020,15.03.2030,Действует,0
029-03-2097-1,Классик Форте,klassik-forte,ВДГ,"187,5 г/кг тифенсульфурон-метил + 187,5 г/кг хлоримурон-этил",гербицид,ООО «Дюпон Наука и Технологии»,,II,III,08.02.2019,07.02.2029,Действует,0
803-03-3780-1,Клегал,klegal,МКЭ,130 г/л Клетодим + 80 г/л галоксифоп-Р-метил,гербицид,ООО РЕГСЕРВИС,1160280059818,II,III,09.09.2022,08.09.2032,Действует,0
021-02-3060-1,Клеймор,kleymor,СК,200 г/л Флудиоксонил,фунгицид,АО Фирма «Август»,1025006038958,III,III,18.03.2021,26.12.2025,Действует,1
б/н Клео,Клео,kleo,ВДГ,750 г/кг Клопиралид,гербицид,"ООО «АНПП «Агрохим-XXI», ООО НПО «РАХ», ООО «Агрохим ХХ1»","1027700119710, 1037706005050",,,,,Действует,0
102-01-2165-1,Клеопатра,kleopatra,КЭ,18 г/л Абамектин,инсектицид,«РОТАМ Лтд»,,II,I,25.03.2019,24.03.2029,Действует,0
041-01-1039-1,Клерат,klerat,Г,"0,05 г/кг Бродифакум",родентицид,ООО «Сингента»,1037739325271,II,-,05.03.2016,14.03.2026,Не действует,0
070-03-3898-1,Клерк,klerk,КЭ,240 г/л Клетодим,гербицид,ООО «АГРОМИР»,1187746148424,III,III,02.12.2022,01.12.2032,Действует,0
004(549)-03-4096-1,Клетодим Плюс Микс,kletodim-plyus-miks,КЭ,240 г/л Клетодим,гербицид,"ООО НПО «РАХ», ООО «АгроХимИнвест»","1037706005050, 5137746013400",III,III,30.12.2021,29.12.2031,Действует,0
126-03-4061-1,Клетошанс,kletoshans,КЭ,240 г/л Клетодим,гербицид,ООО «Шанс»,1093668046812,III,III,07.04.2023,23.04.2026,Действует,0
046-03-4945-0,Клефопп,klefopp,КЭ,150 г/л Клетодим + 65 г/л хизалофоп-П-этил,гербицид,АО «ТПК «Техноэкспорт»,1025005325070,III,III,08.07.2025,07.07.2028,Не действует,1
046-03-4998-0,Клефопп,klefopp,КЭ,150 г/л Клетодим + 65 г/л хизалофоп-П-этил,гербицид,ООО «Техноэкспорт»,1125042005175,III,III,29.08.2025,07.07.2028,Действует,1
528-03-3617-1,Клик 500,klik-500,КС,500 г/л тербутилазин,гербицид,СИПКАМ ОКСОН С.П.А.,,III,III,12.04.2022,11.04.2032,Действует,0
046-01(02)-2039-1,Климат,klimat,серная дым,750 г/кг Сера,инсектицид,ЗАО «ТПК «Техноэкспорт»,1025005325070,II,-,18.02.2019,17.02.2029,Не действует,1
197-02-9928-0,Клинок,klinok,КС,180 г/л эпоксиконазол + 100 г/л Крезоксим-метил + 90 г/л Боскалид,фунгицид,"ООО ""АГРОХИМ-XXI""",5067746338150,III,III,29.04.2026,28.04.2029,Действует,0
021-03-3942-1,Клинч,klinch,ВДГ,750 г/кг пиклорам,гербицид,АО Фирма «Август»,1025006038958,III,III,12.01.2023,11.01.2033,Действует,1
050-01-3833-1,Клипер,kliper,КЭ,100 г/л Бифентрин,инсектицид,ЗАО «ФМРус»,1097746208207,III,I,21.10.2022,20.10.2032,Действует,0
070-03-9663-0,Кломатек,klomatek,КЭ,480 г/л кломазон,гербицид,"ООО ""АГРОМИР""",1187746148424,III,III,10.11.2025,09.11.2028,Действует,0
050(360)-01-1066-1,Клонрин,klonrin,КЭ,150 г/л Клотианидин + 100 г/л Зета-циперметрин,инсектицид,"ЗАО «ФМРус», ООО «АГРОХИМИНВЕСТ","1097746208207, 1027743011207",III,I,07.04.2016,06.04.2026,Не действует,0
050-01-9903-0,Клонрин,klonrin,КЭ,150 г/л Клотианидин + 100 г/л Зета-циперметрин,инсектицид,"АО ""ФМРус""",1097746208207,III,I,13.04.2026,12.04.2029,Действует,0
097-03-2861-1,Клопер 750,kloper-750,ВДГ,750 г/кг Клопиралид,гербицид,ООО «АГРус»,5087746677893,III,III,02.11.2020,01.11.2030,Действует,0
043(042)-03-3075-1,Клопэфир,klopefir,КЭ,"410 г/л 2,4-Д кислота + 40 г/л клопиралид (2-этилгексиловые эфиры)",гербицид,"ООО «ФОРВАРД», ООО «Сибагрохим»","1105476055277, 1025402493555",II,III,30.03.2021,29.03.2031,Действует,0
583-03-2463-1,Клордин,klordin,КЭ,480 г/л кломазон,гербицид,ООО МИР,1177746067916,III,III,08.11.2019,07.11.2029,Действует,0
050(360)-03-1058-1,Клорит,klorit,ВР,300 г/л Клопиралид,гербицид,"ЗАО «ФМРус», ООО «АГРОХИМИНВЕСТ","1097746208207, 1027743011207",III,III,07.04.2016,06.04.2026,Не действует,1
050-03-9952-0,Клорит,klorit,ВР,300 г/л Клопиралид,гербицид,"АО ""ФМРус""",1097746208207,III,III,18.05.2026,17.05.2029,Действует,0
002-01-4060-1,Клотиамет,klotiamet,ВДГ,500 г/кг Клотианидин,инсектицид,ООО «АГРУСХИМ»,1057747562509,III,I,04.04.2023,03.04.2033,Действует,1
002(023)-01-648-1,Клотиамет Дуо,klotiamet-duo,КС,100 г/л лямбда-цигалотрин + 140 г/л Клотианидин,инсектицид,"ООО «АГРУСХИМ», ООО «АНПП «Агрохим-XXI»","1057747562509, 1027700119710",II,I,27.04.2015,26.04.2025,Не действует,0
002-03-4901-0,Клотиамет Дуо,klotiamet-duo,КС,140 г/л Клотианидин + 100 г/л лямбда-цигалотрин,гербицид,ООО «АГРУСХИМ»,1057747562509,II,I,19.06.2025,18.06.2028,Действует,0
002-01-4408-1,Клотиамет Энерджи,klotiamet-enerdzhi,КС,"235,5 г/л Тиаметоксам + 235,5 г/л Клотианидин",инсектицид,ООО «АГРУСХИМ»,1057747562509,III,-,06.02.2024,11.09.2026,Действует,1
002(023)-01-471-1,Клотиамет-С,klotiamet-s,КС,350 г/л Клотианидин,инсектицид,"ООО «АГРУСХИМ», ООО «АНПП «Агрохим-XXI»","1057747562509, 1027700119710",III,I,15.12.2014,14.12.2024,Не действует,0
002-01-4791-1,Клотиамет-С,klotiamet-s,КС,350 г/л Клотианидин,инсектицид,ООО «АГРУСХИМ»,1057747562509,III,I,29.01.2025,28.08.2035,Действует,1
023-01-1363-1,Клотианидин Про,klotianidin-pro,КС,350 г/л Клотианидин,инсектицид,ООО «АНПП «Агрохим-XXI»,1027700119710,III,-,02.02.2017,01.02.2027,Действует,0
008-01-591-1,Клубнещит,klubneschit,КС,140 г/л Имидаклоприд + 150 г/л пенцикурон,инсектицид,ООО «Ваше хозяйство»,1025203566728,III,-,11.03.2015,10.03.2025,Не действует,1
126-02-9774-0,Коалиция,koalitsiya,КЭ,150 г/л Спироксамин + 125 г/л Тебуконазол + 110 г/л Азоксистробин,фунгицид,"ООО ""ШАНС""",1093668046812,II,III,22.01.2026,21.01.2029,Действует,0
021-02-3748-1,Кобальт,kobalt,КМЭ,400 г/л Пропиконазол,фунгицид,АО Фирма «Август»,1025006038958,II,III,08.07.2022,07.07.2032,Действует,0
184(026)-03-2289-1,Кобра,kobra,КЭ,330 г/л Пендиметалин,гербицид,"ООО «Агрорус и Ко», Агрия АД",,III,III,24.06.2019,23.06.2029,Действует,0
021-03-2837-1,Когорта,kogorta,ВГР,330 г/л Бентазон + 150 г/л фомесафен,гербицид,АО Фирма «Август»,1025006038958,II,III,13.10.2020,12.10.2030,Действует,0
297-01-1412-1,Койот,koyot,КС,600 г/л Имидаклоприд,инсектицид,ООО «Франдеса»,,III,-,15.03.2017,14.03.2027,Действует,0
178-01-3622-1,Койра,koyra,КС,250 г/л Фипронил,инсектицид,ООО «Агро Эксперт Груп»,1027708006996,III,III,13.04.2022,02.04.2024,Действует,0
021-01-4913-1,Коллайдер,kollayder,СК,200 г/л Хлорантранилипрол,инсектицид,АО Фирма «Август»,1025006038958,III,III,25.06.2025,24.04.2026,Действует,1
021-02-2590-1,Колосаль,kolosal,КЭ,250 г/л Тебуконазол,фунгицид,АО Фирма «Август»,1025006038958,II,III,13.03.2020,12.03.2030,Действует,0
021-02-3017-1,Колосаль Про,kolosal-pro,КМЭ,300 г/л Пропиконазол + 200 г/л Тебуконазол,фунгицид,АО Фирма «Август»,1025006038958,II,III,11.02.2021,10.02.2031,Действует,0
262-02-634-1,Колфуго Супер,kolfugo-super,КС,200 г/л Карбендазим,фунгицид,«Агро-Кеми Кфт.»,,II,III,16.04.2015,15.04.2025,Не действует,0
314-07-744-1,КомКат,komkat,ВРП,"0,025 г/л 24-эпибрассинолид",регулятор роста,ООО «АграФорУм Руссия»,,IV,III,04.08.2015,03.08.2025,Не действует,0
046-01-1863-1,Командор,komandor,ВРК,200 г/л Имидаклоприд,инсектицид,ЗАО «ТПК «Техноэкспорт»,1025005325070,III,I,10.04.2018,09.04.2028,Не действует,1
046-01-5061-1,Командор,komandor,ВРК,200 г/л Имидаклоприд,инсектицид,ООО «Техноэкспорт»,1125042005175,III,I,29.08.2025,09.04.2028,Действует,1
046-01-2713-1,Командор Макси,komandor-maksi,ВДГ,700 г/кг Имидаклоприд,инсектицид,ЗАО «ТПК «Техноэкспорт»,1025005325070,III,I,29.08.2025,25.06.2030,Не действует,1
046-01-5049-1,Командор Макси,komandor-maksi,ВДГ,700 г/кг Имидаклоприд,инсектицид,ООО «Техноэкспорт»,1125042005175,III,I,29.08.2025,25.06.2030,Действует,1
010(086)-03-3626-1,Команч,komanch,КЭ,480 г/л кломазон,гербицид,"ООО «ЛИСТЕРРА», ООО «АФД»","1057749556930, 1157746054201",II,III,13.04.2022,12.04.2032,Действует,0
085-02-2863-1,Комиссар,komissar,КЭ,300 г/л Пропиконазол + 200 г/л Тебуконазол,фунгицид,ООО «Ярило»,1083123001500,II,III,02.11.2020,01.11.2030,Действует,0
058-03-2927-1,Комманд,kommand,КЭ,480 г/л кломазон,гербицид,«КЕМИНОВА А/С»,,III,III,16.12.2020,15.12.2030,Действует,0
446-02-1525-1,Компакт,kompakt,КС,250 г/л Флутриафол,фунгицид,ООО «СФ-РЕГИСТРЭЙШН»,1142310001404,III,II,19.07.2017,18.07.2027,Действует,0
201-03-4150-1,Комрад,komrad,КЭ,112 г/л этофумезат + 91 г/л фенмедифам + 71 г/л Десмедифам,гербицид,АРИСТА ЛАЙФСАЙЕНС С.А.С.,,III,III,07.07.2023,06.07.2033,Действует,0
010-02-3047-1,Комфорт,komfort,КС,500 г/л Карбендазим,фунгицид,ООО «ЛИСТЕРРА»,1057749556930,II,III,05.03.2021,04.03.2031,Действует,0
010-01-3979-1,Конвент,konvent,КС,120 г/л Спиротетрамат + 70 г/л Клотианидин,инсектицид,ООО «ЛИСТЕРРА»,1057749556930,III,I,08.02.2023,07.02.2033,Действует,0
019-03-2832-1,Конвизо 1,konvizo-1,МД,50 г/л Форамсульфурон + 30 г/л тиенкарбазон-метил,гербицид,Байер КропСайенс АГ,,II,III,08.10.2020,07.10.2030,Действует,0
018-03-3995-1,Кондор,kondor,ВДГ,500 г/кг трифлусульфурон-метил,гербицид,АО «Щелково Агрохим»,1025006519427,III,III,02.03.2023,01.03.2033,Действует,0
018-03-3315-1,Кондор Форте,kondor-forte,МД,120 г/л трифлусульфурон-метил,гербицид,АО «Щелково Агрохим»,1025006519427,III,III,24.09.2021,23.09.2031,Действует,0
607-01-3732-1,Конрад,konrad,КС,600 г/л Имидаклоприд,инсектицид,Рейбоу Агросайенс Кфт.,,III,-,27.10.2014,26.10.2024,Не действует,0
871-01-4807-1,Конрад,konrad,КС,600 г/л Имидаклоприд,инсектицид,Рейнбоу Агросайенс Кфт.,,III,-,24.02.2025,18.03.2026,Действует,0
019-02-656-1,Консенто,konsento,КС,375 г/л Пропамокарб гидрохлорид + 75 г/л Фенамидон,фунгицид,Байер КропСайенс АГ,,III,-,30.04.2015,29.04.2025,Не действует,1
561-02-4379-1,Консенто Топ,konsento-top,КС,375 г/л Пропамокарб гидрохлорид + 75 г/л Фенамидон,фунгицид,Гован Кроп Протекшен Лимитед,,III,III,24.01.2024,23.01.2034,Действует,1
058-02-480-1,Консул,konsul,КС,125 г/л Флутриафол + 125 г/л Азоксистробин,фунгицид,«КЕМИНОВА А/С»,,II,III,18.12.2014,17.12.2024,Не действует,0
966-02-4940-0,Консьерж,konserzh,КС,125 г/л Флутриафол + 125 г/л Азоксистробин,фунгицид,ООО «КРОПЭКС»,1037706002773,II,III,01.06.2025,01.06.2028,Действует,0
085-01-4494-1,Контадор,kontador,ВРК,200 г/л Имидаклоприд,инсектицид,ООО «Ярило»,1083123001500,III,I,01.04.2024,31.03.2034,Действует,0
085-01-4492-1,Контадор Макси,kontador-maksi,КС,600 г/л Имидаклоприд,инсектицид,ООО «Ярило»,1083123001500,III,-,01.04.2024,31.03.2034,Действует,0
002-03-3664-1,Контакт,kontakt,ВДГ,700 г/кг Метрибузин,гербицид,ООО «АГРУСХИМ»,1057747562509,III,III,28.04.2022,27.04.2032,Действует,0
126-02-9889-1,Контрабас,kontrabas,КС,100 г/л Протиоконазол + 60 г/л Тебуконазол + 20 г/л Флуопирам,фунгицид,"ООО ""ШАНС""",1093668046812,II,-,08.04.2026,07.04.2036,Действует,0
б/н Конфибой,Конфибой,konfiboy,ВРК,200 г/л Имидаклоприд,инсектицид,"ООО «Агросодружество», ООО ИПРОХИМ, ООО «Агрохим ХХ1», ООО «Ипрохим», ООО «АГРОМИР» Курская область","1097746427195, 1163123061419, 5067746338150, 5087746217719, 1104619000012",III,I,21.05.2024,20.05.2034,Действует,0
231-01-1028-1,Конфиделин Супер,konfidelin-super,ВДГ,700 г/кг Имидаклоприд,инсектицид,ИП Тарасов Юрий ДмитриевичИП 314774607001433,,III,I,11.03.2016,10.03.2026,Не действует,1
019-01-2064-1,Конфидор Экстра,konfidor-ekstra,ВДГ,700 г/кг Имидаклоприд,инсектицид,Байер КропСайенс АГ,,III,I,31.01.2019,30.01.2029,Действует,1
018-03-4126-1,Концепт,kontsept,МД,38 г/л Имазамокс + 12 г/л хлоримурон-этил,гербицид,АО «Щелково Агрохим»,1025006519427,II,III,19.06.2023,18.06.2033,Действует,0
184(026)-02-4155-1,Копфорс Экстра,kopfors-ekstra,ВДГ,461 г/кг Меди гидроксид + 60 г/кг цимоксанила,фунгицид,"ООО «Агрорус и Ко», Агрия АД",,III,III,12.07.2023,11.07.2033,Действует,0
489-01-2630-1,Кораген,koragen,КС,200 г/л Хлорантранилипрол,инсектицид,ООО «ЭфЭмСи»,1037706002773,III,III,27.03.2020,26.03.2030,Действует,1
008-01-2131-1,Корадо,korado,ВРК,200 г/л Имидаклоприд,инсектицид,ООО «Ваше хозяйство»,1025203566728,III,I,04.03.2019,03.03.2029,Действует,1
543-01-2178-1,Корадо Лайт,korado-layt,КС,50 г/л Имидаклоприд,инсектицид,ООО ПАРТНЕР ЛПХ,1135257008204,III,I,02.04.2019,01.04.2029,Действует,1
126-03-9955-1,Корд,kord,КС,600 г/л Аклонифен,гербицид,"ООО ""ШАНС""",1093668046812,III,III,18.05.2026,17.05.2036,Действует,0
029-03-2095-1,Кордус,kordus,ВДГ,500 г/кг никосульфурон + 250 г/кг римсульфурон,гербицид,ООО «Дюпон Наука и Технологии»,,III,III,01.02.2019,31.01.2029,Действует,0
029-03-2718-1,Кордус Плюс,kordus-plyus,ВДГ,550 г/кг Дикамба + 92 г/кг никосульфурон + 23 г/кг римсульфурон,гербицид,ООО «Дюпон Наука и Технологии»,,III,III,17.08.2020,16.08.2030,Действует,0
866-03-4665-0,Кордус Плюс,kordus-plyus,ВДГ,550 г/кг Дикамба + 92 г/кг никосульфурон + 23 г/кг римсульфурон,гербицид,ООО Кортева Агрисаенс Рус,1106195008787,III,III,16.09.2024,15.09.2027,Действует,0
866-03-4042-1,Кордус Форте,kordus-forte,ВДГ,"510,42 г/кг Дикамба (натриевая соль) + 62,48 г/кг никосульфурон + 31,25 г/кг римсульфурон + 31,25 г/кг изоксадифен-этил",гербицид,"+ 62,48 г/кг никосульфурон + 31,25 г/кг римсульфурон + 31,25 г/кг изоксадифен-этил) ООО Кортева Агрисаенс Рус",1106195008787,III,III,29.03.2023,28.03.2033,Действует,0
018-07-1869-1,Коренник,korennik,СП,5 г/кг 4(индол-3ил) масляная кислота,регулятор роста,масляная кислота) АО «Щелково Агрохим»,1025006519427,III,-,12.04.2018,11.04.2028,Действует,1
021-07-3934-1,Корень Супер,koren-super,ВРГ,5 г/кг 4(индол-3ил) масляная кислота,регулятор роста,масляная кислота) АО Фирма «Август»,1025006038958,III,III,10.01.2023,09.01.2033,Действует,0
156-01-3502-1,Корморан,kormoran,КЭ,100 г/л Новалурон + 80 г/л Ацетамиприд,инсектицид,ООО «АДАМА РУС»,1062310039934,III,III,02.03.2022,29.02.2032,Действует,0
427-07-919-1,Корневин,kornevin,СП,5 г/кг 4(индол-3ил) масляная кислота,регулятор роста,масляная кислота) ООО «Агросинтез»,1027739092920,III,-,22.12.2015,21.12.2025,Не действует,1
018-03-2258-1,Корнеги,kornegi,СЭ,"250 г/л тербутилазин + 80 г/л 2,4-Д кислота (2-этилгексиловый эфир) + 30 г/л никосульфурон",гербицид,+ 30 г/л никосульфурон) АО «Щелково Агрохим»,1025006519427,II,III,31.05.2019,30.05.2029,Действует,0
018-03-4646-1,Корнеги Плюс,kornegi-plyus,МД,"250 г/л тербутилазин + 80 г/л 2,4-Д кислота (2-этилгексиловый эфир) + 40 г/л Клопиралид (2-этилгексиловый эфир) + 30 г/л никосульфурон",гербицид,+ 40 г/л Клопиралид (2-этилгексиловый эфир) + 30 г/л никосульфурон) АО «Щелково Агрохим»,1025006519427,II,III,25.07.2024,24.07.2034,Действует,0
012-07-3073-1,Корней,korney,С,5 г/кг 4(индол-3ил) масляная кислота,регулятор роста,масляная кислота) ООО Фирма «Зеленая Аптека Садовода»,1037700040564,III,III,25.03.2021,24.03.2031,Действует,1
046-07-3941-1,Корнерост М,kornerost-m,К,5 г/кг 4(индол-3ил) масляная кислота,регулятор роста,масляная кислота) ЗАО «ТПК «Техноэкспорт»,1025005325070,III,III,14.03.2019,13.03.2029,Не действует,1
046-07-5079-1,Корнерост М,kornerost-m,К,5 г/кг 4(индол-3ил) масляная кислота,регулятор роста,масляная кислота) ООО «Техноэкспорт»,1125042005175,III,III,29.08.2025,13.03.2029,Действует,1
008-07-1288-1,Корнестим,kornestim,С,5 г/кг 4(индол-3ил) масляная кислота,регулятор роста,масляная кислота) ООО «Ваше хозяйство»,1025203566728,III,III,12.12.2016,11.12.2026,Действует,1
002-03-4763-0,Корникос,kornikos,МД,40 г/л никосульфурон,гербицид,ООО «АГРУСХИМ»,1057747562509,III,III,23.12.2024,22.12.2027,Действует,0
097-03-630-1,Корникос,kornikos,КС,40 г/л никосульфурон,гербицид,ООО «АГРус»,5087746677893,III,III,13.04.2015,12.04.2025,Не действует,0
002-03-4435-0,Корнкордия,kornkordiya,МД,"75 г/л Мезотрион + 37,5 г/л никосульфурон + 96 г/л дикамба кислота (диметиламинная соль)",гербицид,ООО «АГРУСХИМ»,1057747562509,III,III,28.02.2024,27.02.2027,Действует,0
010-03-2161-1,Корректор,korrektor,ВР,300 г/л Клопиралид,гербицид,ООО «ЛИСТЕРРА»,1057749556930,III,III,25.03.2019,24.03.2029,Действует,0
184(026)-03-3056-1,Коррида,korrida,ВДГ,750 г/кг трибенурон-метил,гербицид,"ООО «Агрорус и Ко», Агрия АД",,III,III,30.03.2021,20.12.2023,Действует,0
021-03-2586-1,Корсар,korsar,ВРК,480 г/л Бентазон,гербицид,АО Фирма «Август»,1025006038958,III,III,12.03.2020,26.12.2025,Действует,0
021-03-2051-1,Корсар Супер,korsar-super,ВРК,400 г/л Бентазон + 25 г/л Имазамокс,гербицид,АО Фирма «Август»,1025006038958,III,III,12.11.2018,26.12.2025,Действует,0
356-01-1044-1,Кортлис,kortlis,ВРК,200 г/л Имидаклоприд,инсектицид,ООО «ПАРТНЁР ЛПХ»,1135257008204,III,I,18.03.2016,17.03.2026,Не действует,1
356-01-9931-1,Кортлис,kortlis,ВРК,200 г/л Имидаклоприд,инсектицид,"ООО ""ПАРТНЁР ЛПХ""",1135257008204,III,I,29.04.2026,28.04.2036,Действует,1
224-03-1120-1,Корум,korum,ВРК,"480 г/л Бентазон + 22,4 г/л Имазамокс",гербицид,БАСФ Агрокемикал Продактс Б.В.,,III,III,20.05.2016,19.05.2026,Не действует,0
224-03-9936-0,Корум,korum,ВРК,"480 г/л Бентазон + 22,4 г/л Имазамокс",гербицид,БАСФ Агрокемикал Продактс Б.В.,,III,III,30.04.2026,29.04.2029,Действует,0
504-02-1985-1,Косайд Супер,kosayd-super,ВДГ,350 г/л Меди гидроксид,фунгицид,КОСАЙД ЛЛС,,II,III,17.09.2018,16.09.2028,Действует,0
018-07-2500-1,Костандо,kostando,К,250 г/л Тринексапак-этил,регулятор роста,АО «Щелково Агрохим»,1025006519427,III,III,11.12.2019,10.12.2029,Действует,0
699-01-4707-1,Кофенрин Плюс,kofenrin-plyus,КС,50 г/л Бифентрин + 250 г/л Имидаклоприд,инсектицид,"«Шандонг Вейфанг Рейбоу Кемикал Ко., Лтд.",,III,I,05.11.2024,04.11.2034,Действует,0
699-01-10062-0,Кофенрин Экстра,kofenrin-ekstra,КС,100 г/л Клотианидин + 100 г/л Бифентрин,инсектицид,"«Шандонг Вейфанг Рейнбоу Кемикал Ко., Лтд.»",,III,I,05.08.2026,04.08.2029,Действует,0
126-01-10042-1,Крайт,krayt,КС,120 г/л Тиаметоксам + 60 г/л Фипронил + 22 г/л Бифентрин,инсектицид,"ООО ""ШАНС""",1093668046812,III,-,08.07.2026,07.07.2036,Действует,0
126-01-4045-0,Кракен,kraken,ВРК,200 г/л Имидаклоприд,инсектицид,ООО «Шанс»,1093668046812,III,I,27.03.2023,26.03.2026,Не действует,1
010-01-4768-1,Красицепс,krasitseps,КЭ,500 г/л Хлорпирифос + 50 г/л циперметрин,инсектицид,ООО «ЛИСТЕРРА»,1057749556930,II,I,10.01.2025,09.01.2035,Действует,0
"424(043,042)-03-2252-1",Кратерр,kraterr,КС,500 г/л Прометрин,гербицид,"ООО «ГРАНУМ», ООО «Сибагрохим», ООО «ФОРВАРД»","1147746366261, 1025402493555, 1105476055277",II,III,30.05.2019,29.05.2029,Действует,0
058-01-4338-1,Крафт,kraft,ВЭ,36 г/кг Абамектин,инсектицид,«КЕМИНОВА А/С»,,II,I,12.01.2024,11.01.2034,Действует,0
021-02-1740-1,Кредо,kredo,СК,500 г/л Карбендазим,фунгицид,АО Фирма «Август»,1025006038958,II,III,09.07.2015,08.07.2025,Не действует,0
021-02-4880-0,Кредо,kredo,СК,500 г/л г/л Карбендазим,фунгицид,АО Фирма «Август»,1025006038958,II,III,02.06.2025,01.06.2028,Действует,0
389-02-3563-1,Крезаксин,krezaksin,ВДГ,500 г/кг Крезоксим-метил,фунгицид,ООО «АГРОПРОГРЕСС КЭМИКАЛС»,1157847140296,III,III,22.03.2022,21.03.2032,Действует,0
342-07-2099-1,"Крезацин, КРП",krezatsin-krp,ТАБ,950 г/кг Ортокрезоксиуксусной кислоты (триэтаноламмониевая соль),регулятор роста,ООО «Флора-ЛиК»,1055000504118,IV,III,06.02.2019,05.02.2029,Действует,1
459-07-1645-1,Крезолан,krezolan,ВР,480 г/л Ортокрезоксиуксусной кислоты (триэтаноламмониевая соль),регулятор роста,ООО НТП «Тетра»,1086670009612,IV,III,12.12.2017,11.12.2027,Действует,0
021-03-2017-1,Крейцер,kreytser,ВДГ,650 г/кг никосульфурон + 60 г/кг тифенсульфурон-метил + 40 г/кг флорасулам,гербицид,АО Фирма «Август»,1025006038958,III,III,10.10.2018,09.10.2028,Действует,0
008-07-1585-1,Крепень,krepen,ВР,600 г/л Хлормекватхлорид,регулятор роста,ООО «Ваше хозяйство»,1025203566728,III,III,07.11.2017,06.11.2027,Действует,1
126-03-3982-1,Крепошанс,kreposhans,МД,25 г/л Пеноксулам,гербицид,ООО «Шанс»,1093668046812,III,III,09.02.2023,08.02.2033,Действует,0
764-07-3298-1,"Крептон, КРП",krepton-krp,ВРКАП,100 г/кг Ортокрезоксиуксусной кислоты (триэтаноламмониевая соль),регулятор роста,ООО «СТАТУС»,1133443020480,III,III,17.09.2021,16.09.2031,Действует,1
178-02-3365-1,Крестраж,krestrazh,КЭ,80 г/л Протиоконазол + 160 г/л Тебуконазол,фунгицид,ООО «Агро Эксперт Груп»,1027708006996,II,III,16.11.2021,15.11.2031,Действует,0
046-03-4530-1,Кригер,kriger,ВР,267 г/л Клопиралид + 67 г/л пиклорам,гербицид,ЗАО «ТПК «Техноэкспорт»,1025005325070,II,III,23.04.2024,22.04.2034,Не действует,0
046-03-5071-1,Кригер,kriger,ВР,267 г/л Клопиралид + 67 г/л пиклорам,гербицид,ООО «Техноэкспорт»,1125042005175,II,III,29.08.2025,22.04.2034,Действует,0
010-02-2867-1,Кристалл,kristall,КС,160 г/л эпоксиконазол + 100 г/л Пираклостробин + 90 г/л Боскалид,фунгицид,ООО «ЛИСТЕРРА»,1057749556930,III,III,02.11.2020,06.02.2024,Действует,0
018-03-10066-0,Кронверк,kronverk,ВК,"500 г/л МЦПА кислоты (смесь диметиламинной, калиевой, натриевой солей)",гербицид,"АО ""ЩЕЛКОВО АГРОХИМ""",1025006519427,II,III,06.08.2026,05.08.2029,Действует,0
966-01-4893-0,Кропаген,kropagen,КС,200 г/л Хлорантранилипрол,инсектицид,ООО «КРОПЭКС»,1037706002773,III,II,02.06.2025,01.06.2028,Действует,1
966-02-4892-0,Кропгард,kropgard,КС,"37,5 г/л флутриафола + 25 г/л Тиабендазол + 15 г/л Имазалил",гербицид,ООО «КРОПЭКС»,1037706002773,III,III,02.06.2025,01.06.2028,Действует,0
966-03-4834-0,Кропресс,kropress,ВДГ,750 г/кг трибенурон-метил,гербицид,ООО «КРОПЭКС»,1037706002773,III,III,25.03.2025,24.03.2028,Действует,0
699-03-4319-1,Кроприш,kroprish,КЭ,150 г/л Флуазифоп-П-бутил,гербицид,"«Шандонг Вейфанг Рейбоу Кемикал Ко., Лтд.",,II,III,15.12.2023,14.12.2033,Действует,0
966-03-4831-0,Кропстар,kropstar,ВДГ,750 г/кг трибенурон-метил,гербицид,ООО «КРОПЭКС»,1037706002773,III,III,25.03.2025,24.03.2028,Действует,0
966-03-4891-0,Кропстар Мега,kropstar-mega,ВДГ,500 г/кг трибенурон-метил + 250 г/кг тифенсульфурон-метил,гербицид,ООО «КРОПЭКС»,1037706002773,III,III,02.06.2025,01.06.2028,Действует,0
021-09-1822-1,Кротомет,krotomet,Г,150 г/кг Аlliumsativum,репеллент,АО Фирма «Август»,1025006038958,IV,-,30.12.2015,29.12.2025,Не действует,1
126-01-3574-1,Кругозор,krugozor,КС,600 г/л Тиаметоксам,инсектицид,ООО «Шанс»,1093668046812,III,-,29.03.2022,26.08.2024,Действует,0
041-01-2974-1,Круйзер,kruyzer,КС,600 г/л Тиаметоксам,инсектицид,ООО «Сингента»,1037739325271,II,-,13.01.2021,12.01.2031,Действует,0
041-01-873-1,Круйзер,kruyzer,КС,350 г/л Тиаметоксам,инсектицид,ООО «Сингента»,1037739325271,III,-,27.11.2015,26.11.2025,Не действует,0
041-01-9719-0,Круйзер,kruyzer,КС,350 г/л Тиаметоксам,инсектицид,"ООО ""СИНГЕНТА""",1037739325271,III,III,10.12.2025,09.12.2028,Действует,0
041-07-4165-1,Круйзер,kruyzer,КС,600 г/л Тиаметоксам,инсектицид,ООО «Сингента»,1037739325271,II,-,21.07.2023,20.07.2033,Действует,0
041-01(02)-2548-1,Круйзер Рапс,kruyzer-raps,КС,"280 г/л Тиаметоксам + 32,3 г/л Мефеноксам + 8 г/л флудиоксонила",инсектицид,ООО «Сингента»,1037739325271,III,-,28.02.2020,27.02.2030,Действует,0
178-03-646-1,Круцифер,krutsifer,ВР,267 г/л Клопиралид + 67 г/л пиклорам,гербицид,ООО «Агро Эксперт Груп»,1027708006996,III,III,23.04.2015,22.04.2025,Не действует,0
178-03-4828-1,"Круцифер, ВР",krutsifer-vr,ВР,267 г/л Клопиралид + 67 г/л пиклорам,гербицид,ООО «Агро Эксперт Груп»,1027708006996,III,III,21.03.2025,20.03.2035,Действует,0
010-02-2808-1,Крёз,krez,КС,100 г/л Крезоксим-метил + 200 г/л Боскалид,фунгицид,ООО «ЛИСТЕРРА»,1057749556930,III,III,17.09.2020,16.09.2030,Действует,0
590(297)-03-3540-1,Ксиор,ksior,КС,100 г/л Флуметсулам + 75 г/л флорасулам,гербицид,"ООО ФРАНДЕСА, ООО «Франдеса»",1157746513055,III,III,18.03.2022,22.07.2024,Действует,0
070-03-4802-1,Кугард,kugard,МД,75 г/л Мезотрион + 30 г/л никосульфурон,гербицид,ООО «АГРОМИР»,1187746148424,III,III,06.02.2025,05.02.2035,Действует,0
900-07-4298-1,Кудос,kudos,ВДГ,100 г/кг прогексадион кальция,регулятор роста,Файн Агрокемикалс Лтд.,,III,III,11.12.2023,10.12.2033,Действует,0
021-02-1744-1,Кумир,kumir,СК,345 г/л Меди сульфат трехосновный,фунгицид,АО Фирма «Август»,1025006038958,III,III,03.02.2015,02.02.2025,Не действует,0
021-02-4737-1,Кумир,kumir,СК,345 г/л Меди сульфат трехосновный,фунгицид,АО Фирма «Август»,1025006038958,III,III,27.11.2024,26.11.2034,Действует,0
014-02-1779-1,Кумулус ДФ,kumulus-df,ВДГ,800 г/кг Сера,фунгицид,«БАСФ СЕ»,,III,III,27.02.2018,26.02.2028,Действует,0
184(026)-01-2273-1,Кунгфу,kungfu,КЭ,50 г/л лямбда-цигалотрин,инсектицид,"Агрия АД, ООО «Агрорус и Ко»",,III,I,17.06.2019,16.06.2029,Действует,0
184(040)-01-1160-1,Кунгфу Супер,kungfu-super,КС,141 г/л Тиаметоксам + 106 г/л лямбда-цигалотрин,инсектицид,"ООО «Агрорус и Ко», Левей Маркетинг Актиенгезелльшафт",,III,I,18.07.2016,17.07.2026,Не действует,0
184-01-10048-0,Кунгфу Супер,kungfu-super,КС,141 г/л Тиаметоксам + 106 г/л лямбда-цигалотрин,инсектицид,"ООО ""АГРОРУС И КО""",1037739582825,III,I,27.07.2026,26.07.2029,Действует,0
018-03-2195-1,Купаж,kupazh,ВДГ,750 г/кг тифенсульфурон-метил,гербицид,АО «Щелково Агрохим»,1025006519427,III,III,11.04.2019,10.04.2029,Действует,0
389-02-2067-1,Купидон Голд,kupidon-gold,СП,770 г/кг Меди гидроокись,фунгицид,ООО «АГРОПРОГРЕСС КЭМИКАЛС»,1157847140296,III,III,01.02.2019,31.01.2029,Действует,0
056-02-1952-1,Куприкол,kuprikol,КОЛР,200 г/л Хлорокись меди,фунгицид,ФГУП АО «КНИТИ-ВТ»,,III,III,26.06.2018,25.06.2028,Действует,0
024-02-1301-1,Купроксат,kuproksat,КС,345 г/л Меди сульфат трехосновный,фунгицид,Нуфарм ГмбХ & КО КГ,,III,III,12.12.2016,11.12.2026,Действует,0
012-02-3844-1,Купролюкс,kuprolyuks,СП,"689,5 г/кг Меди хлорокись + 42 г/кг цимоксанил",фунгицид,ООО Фирма «Зеленая Аптека Садовода»,1037700040564,III,III,29.11.2022,28.11.2032,Действует,1
141-06-3336-1,Курант,kurant,Г,"2,5 г/л Бродифакум",родентицид,"ООО «Ярило» II/-085-06-3803-1 23.09.2022 22.09.2032 Раттикум, Концентрат, Г (2,5 г/кг Бродифакум) ООО «Валбрента Кемикалс»",1083123001500,I,-,23.09.2022,22.09.2032,Действует,0
029-02-2069-1,Курзат Р,kurzat-r,СП,"689,5 г/кг Хлорокись меди + 42 г/кг цимоксанил",фунгицид,ООО «Дюпон Наука и Технологии»,,III,III,08.02.2019,07.02.2029,Действует,1
866-02-4726-0,Курзат Р КА,kurzat-r-ka,СП,"689,5 г/кг Хлорокись меди + 42 г/кг цимоксанил",фунгицид,ООО Кортева Агрисаенс Рус,1106195008787,III,III,26.11.2024,25.11.2027,Действует,1
064-01-3548-1,Куррито,kurrito,КС,106 г/л лямбда-цигалотрин + 141 г/л Тиаметоксам,инсектицид,ООО «Химагромаркетинг»,1032305700008,III,I,21.03.2022,20.03.2032,Действует,0
446-03-1540-1,Курсар,kursar,ВР,40 г/л Имазамокс,гербицид,ООО «СФ-РЕГИСТРЭЙШН»,1142310001404,III,III,11.08.2017,10.08.2027,Действует,0
156-02-1926-1,Кустодия,kustodiya,КС,200 г/л Тебуконазол + 120 г/л Азоксистробин,фунгицид,ООО «АДАМА РУС»,1062310039934,II,III,28.05.2018,27.05.2028,Действует,0
971-03-4988-0,Кэйталин,keytalin,ВР,540 г/л Глифосат кислоты (калиевая соль),гербицид,"ООО ""ПРОЛАЙН""",1230200002020,II,III,13.08.2025,12.08.2028,Действует,0
971-03-4980-0,Кэйталин Экстра,keytalin-ekstra,ВДГ,687 г/кг Глифосат кислоты (изопропиламинная соль),гербицид,"ООО ""ПРОЛАЙН""",1230200002020,II,III,05.08.2025,04.08.2028,Действует,0
082-02-10082-0,Кэнсел,kensel,КС,250 г/л Флутриафол,фунгицид,"ООО ""ИНТЕР ГРУПП""",1084312000420,III,III,18.08.2026,17.08.2029,Действует,0
082-02-1031-1,Кэнсел,kensel,КС,250 г/л Флутриафол,фунгицид,ООО «Интер Групп»,1084312000420,III,III,14.03.2016,13.03.2026,Не действует,0
097-03-1849-1,Лабрадор,labrador,КЭ,720 г/л Пропизохлор,гербицид,ООО «АГРус»,5087746677893,II,III,30.03.2018,29.03.2028,Действует,0
101-02-4351-1,Лавибакт,lavibakt,Ж,10⁹ КОЕ/см³ Lactobacillus plantarum B 1101,фунгицид,ООО «БИОМ-ПРО»,1075009002254,III,III,09.01.2024,08.01.2034,Действует,0
590(297)-03-3539-1,Ладон про,ladon-pro,КЭ,720 г/л Пропизохлор,гербицид,"ООО ФРАНДЕСА, ООО «Франдеса»",1157746513055,II,III,18.03.2022,22.07.2024,Действует,0
021-03-1725-1,Лазурит,lazurit,СП,700 г/кг Метрибузин,гербицид,АО Фирма «Август»,1025006038958,III,III,21.11.2017,20.11.2027,Действует,1
021-03-3066-1,Лазурит Супер,lazurit-super,КНЭ,270 г/л Метрибузин,гербицид,АО Фирма «Август»,1025006038958,III,III,19.03.2021,18.03.2031,Действует,1
021-03-3720-1,Лазурит Т,lazurit-t,СП,700 г/кг Метрибузин,гербицид,АО Фирма «Август»,1025006038958,III,III,23.06.2022,22.06.2032,Действует,1
021-03-2652-1,Лазурит Ультра,lazurit-ultra,СК,600 г/л Метрибузин,гербицид,АО Фирма «Август»,1025006038958,III,III,23.04.2020,22.04.2030,Действует,1
148-03(04)-3599-1,Лайфлайн,layflayn,ВР,280 г/л Глюфосинат аммоний,гербицид,ООО «ЮПЛ»,1157746848490,III,III,08.04.2022,07.04.2032,Действует,0
184(026)-03-3494-1,Лама,lama,КЭ,69 г/л феноксапроп-П-этил + 75 г/л антидот мефенпир-диэтил,гербицид,"ООО «Агрорус и Ко», Агрия АД",,III,III,10.02.2022,09.02.2032,Действует,0
б/н Лама 100,Лама 100,lama-100,КЭ,100 г/л феноксапроп-П-этил + 27 г/л антидот -клоквинтосет-мексил,гербицид,Агрия АД,,,,,,Действует,0
019-02-2016-1,Ламадор,lamador,КС,250 г/л Протиоконазол + 150 г/л Тебуконазол,фунгицид,Байер КропСайенс АГ,,II,-,10.10.2018,09.10.2028,Действует,0
019-02-4278-0,Ламадор Про,lamador-pro,КС,100 г/л Протиоконазол + 60 г/л Тебуконазол + 20 г/л Флуопирам,фунгицид,Байер КропСайенс АГ,,II,-,30.11.2023,29.11.2026,Действует,0
085-03-3016-1,Ламбада,lambada,СЭ,"300 г/л 2,4-Д (сложный 2-этилгексиловый эфир) + 6,25 г/л флорасулам",гербицид,"+ 6,25 г/л флорасулам) ООО «Ярило»",1083123001500,II,III,11.02.2021,10.02.2031,Действует,0
971-04(03)-9770-0,Ламонд,lamond,ВР,373 г/л Дикват дибромида (200 г/л в пересчете на дикват ион),гербицид,"ООО ""ПРОЛАЙН""",1230200002020,II,III,21.01.2026,20.01.2029,Действует,0
642-03-2918-1,Ланкастер,lankaster,КЭ,240 г/л Клетодим,гербицид,ООО ТетраХим,1167746491681,III,III,09.12.2020,08.12.2030,Действует,0
029-01-808-1,Ланнат,lannat,СП,250 г/кг Метомил,инсектицид,ООО «Дюпон Наука и Технологии»,,II,I,20.10.2015,19.10.2025,Не действует,0
009-03-2795-1,Ланцелот 450,lantselot-450,ВДГ,300 г/кг Аминопиралид + 150 г/кг флорасулам,гербицид,ДАУ АГРОСАЕНСЕС ВЕРТРИБСГЕЗЕЛЬШАФ Т М.Б.Х.,,III,III,14.09.2020,13.09.2030,Действует,0
021-02-4538-1,Ланцея,lantseya,КМЭ,125 г/л Протиоконазол + 100 г/л Пикоксистробин,фунгицид,АО Фирма «Август»,1025006038958,III,III,03.05.2024,02.05.2034,Действует,0
489-03-2951-1,Ларен Мет Про,laren-met-pro,ВДГ,600 г/кг Метсульфурон-метил,гербицид,ООО «ЭфЭмСи»,1037706002773,III,III,22.12.2020,21.12.2030,Действует,0
029-03-1199-1,Ларен Про,laren-pro,ВДГ,600 г/кг Метсульфурон-метил,гербицид,ООО «Дюпон Наука и Технологии»,,III,III,16.08.2016,15.08.2026,Не действует,0
010-07-3391-1,Лариксифол,lariksifol,ВЭ,50 г/л Дигидрокверцетин,регулятор роста,ООО «ЛИСТЕРРА»,1057749556930,III,III,02.12.2021,01.12.2031,Действует,0
278-02-4109-1,Ларимар,larimar,ТКС,80 г/л Тиабендазол + 60 г/л Тебуконазол,фунгицид,ООО ЭЛЛИПСАГРО,1142308002495,II,-,23.12.2014,22.12.2024,Не действует,0
050-03-2967-1,Ларт,lart,ВР,480 г/л Дикамба (диметиламинная соль),гербицид,ЗАО «ФМРус»,1097746208207,III,III,30.12.2020,29.12.2030,Действует,0
082-01-3049-1,Лассо,lasso,КЭ,50 г/л лямбда-цигалотрин,инсектицид,ООО «Интер Групп»,1084312000420,II,I,15.03.2021,14.03.2031,Действует,0
021-03-4006-1,Ластик Топ,lastik-top,МКЭ,90 г/л феноксапроп-П-этил + 60 г/л Клодинафоп-пропаргил + 40 г/л антидот -клоквинтосет-мексил,гербицид,АО Фирма «Август»,1025006038958,III,III,07.03.2023,06.03.2033,Действует,0
021-03-2972-1,Ластик Экстра,lastik-ekstra,КЭ,70 г/л феноксапроп-П-этил + 40 г/л антидот -клоквинтосет-мексил,гербицид,АО Фирма «Август»,1025006038958,III,III,11.01.2021,10.01.2031,Действует,0
019-03-2868-1,Лаудис,laudis,ВДГ,200 г/кг Темботрион + 100 г/кг антидот изоксадифен-этила,гербицид,Байер КропСайенс АГ,,III,III,18.11.2020,17.11.2030,Действует,0
010-03-3582-1,Левират,levirat,КЭ,"550 г/л 2,4-Д (малолетучие эфиры С7-С9)",гербицид,ООО «ЛИСТЕРРА»,1057749556930,II,III,01.04.2022,31.03.2032,Действует,0
086(197)-03-1332-1,Легат,legat,КЭ,240 г/л Клетодим,гербицид,"ООО «АФД», ООО «Агрохим ХХ1»","1157746054201, 5067746338150",III,III,19.01.2017,18.01.2027,Действует,0
781-03-4503-1,Леггеро Форте,leggero-forte,КЭ,240 г/л Клодинафоп-пропаргил + 60 г/л антидот -клоквинтосет-мексил,гербицид,Синтезия Кеми ГмбХ,,II,III,29.03.2024,28.03.2034,Действует,0
774-03-3375-1,Легенда,legenda,МД,75 г/л Мезотрион + 30 г/л никосульфурон,гербицид,Кемихистор Кфт.,,III,III,17.11.2021,16.11.2031,Действует,0
178-03-3981-1,Легион,legion,КЭ,240 г/л Клетодим,гербицид,ООО «Агро Эксперт Груп»,1027708006996,II,III,09.02.2023,08.02.2033,Действует,0
178-03-2598-1,Легион Комби,legion-kombi,КЭ,240 г/л Клетодим,гербицид,ООО «Агро Эксперт Груп»,1027708006996,II,III,16.03.2020,21.01.2022,Действует,0
023(197)-03-4594-1,Легионер,legioner,КЭ,150 г/л Флуазифоп-П-бутил,гербицид,"ООО «АНПП «Агрохим-XXI», ООО «Агрохим ХХ1»","1027700119710, 5067746338150",II,III,06.06.2024,05.06.2034,Действует,0
085(086)-03-598-1,Лемур,lemur,КЭ,40 г/л Квизалофоп-П-тефурил,гербицид,"ООО «Ярило», ООО «АФД»","1083123001500, 1157746054201",III,III,13.03.2015,12.03.2025,Не действует,0
546-03-2194-1,Лентагран 600,lentagran-600,КЭ,600 г/л Пиридат,гербицид,Бельхим Кроп Протекшн Н.В./С.А.,,II,III,09.04.2019,08.04.2029,Действует,0
435-01-1492-1,Лепидобактоцид,lepidobaktotsid,Ж,"10х10⁹ спор/г Bacillus thuringiensis, var. kurstaki Z-52(спорово-кристаллический комплекс)",инсектицид,ООО НПП «ЭКОСЕРВИС С»,1022300522199,IV,III,04.05.2017,03.05.2027,Действует,0
034-01-2882-1,Лепидоцид,lepidotsid,СК,10х10⁹ спор/Мл Bacillusthuringiensissubsp. kurstakiZ-52 (споро-кристаллическийкомплекс),инсектицид,ООО ПО «Сиббиофарм»,1035404721780,IV,III,14.12.2020,13.12.2030,Действует,1
034-01-2886-1,Лепидоцид,lepidotsid,П,60х10⁹ спор/г Bacillusthuringiensissubsp. kurstakiZ-52 (споро-кристаллическийкомплекс),инсектицид,ООО ПО «Сиббиофарм»,1035404721780,IV,III,10.12.2020,09.12.2030,Действует,1
242-01-1570-1,Лептоцид,leptotsid,Ж,"10⁹ КОЕ/Мл Bacillus thuringiensis, var. Thuringiensis, штамм В-501",инсектицид,ООО «Инвиво»,1082323000495,IV,III,30.10.2017,29.10.2027,Действует,0
126-03-4534-1,Лерашанс,lerashans,ВР,267 г/л Клопиралид + 67 г/л пиклорам,гербицид,ООО «Шанс»,1093668046812,III,III,25.04.2024,24.04.2034,Действует,0
021-02-3404-1,Либертадор,libertador,СК,160 г/л Циазофамид,фунгицид,АО Фирма «Август»,1025006038958,III,III,08.12.2021,26.12.2025,Действует,1
178-03-1400-1,Лигат,ligat,КЭ,150 г/л Клетодим + 65 г/л хизалофоп-П-этил,гербицид,ООО «Агро Эксперт Груп»,1027708006996,II,III,06.03.2017,07.06.2018,Действует,0
178-03-9601-1,Лигат,ligat,КЭ,150 г/л Клетодим + 65 г/л хизалофоп-П-этил,гербицид,ООО «Агро Эксперт Груп»,1027708006996,II,III,24.09.2025,23.09.2035,Действует,0
046-03-1272-1,Лидер,lider,КЭ,91 г/л фенмедифам + 112 г/л этофумезат + 71 г/л Десмедифам,гербицид,ЗАО «ТПК «Техноэкспорт»,1025005325070,III,III,14.11.2016,13.11.2026,Не действует,0
046-03-5044-1,Лидер,lider,КЭ,91 г/л фенмедифам + 112 г/л этофумезат + 71 г/л Десмедифам,гербицид,ООО «Техноэкспорт»,1125042005175,III,III,29.08.2025,13.11.2026,Действует,0
024-03-2819-1,Линтаплант,lintaplant,ВК,"500 г/л МЦПА кислоты (смесь диметиламинной, калиевой, натриевой солей)",гербицид,Нуфарм ГмбХ & КО КГ,,II,III,29.09.2020,28.09.2030,Действует,0
041-03-4804-1,Линтур,lintur,ВДГ,659 г/кг Дикамба кислота (натриевая соль) + 41 г/кг триасульфурон,гербицид,+ 41 г/кг триасульфурон) ООО «Сингента»,1037739325271,III,III,11.02.2025,10.02.2035,Действует,1
041-03-490-1,Линтур,lintur,ВДГ,659 г/кг Дикамба (натриевая соль) + 41 г/кг триасульфурон,гербицид,+ 41 г/кг триасульфурон) ООО «Сингента»,1037739325271,III,III,24.12.2014,23.12.2024,Не действует,1
653-03-4185-1,Лира,lira,КЭ,40 г/л Квизалофоп-П-тефурил,гербицид,ООО «СЭЙФТИ ФИЛД КОРПОРЭЙШН»,1112310006104,III,III,17.08.2023,16.08.2033,Действует,0
041-01-2682-1,Лирум,lirum,СК,60 г/л Циантранилипрол + 18 г/л Абамектин,инсектицид,ООО «Сингента»,1037739325271,III,I,21.05.2020,20.05.2030,Действует,0
041-03-2668-1,Листего Про,listego-pro,ВР,50 г/л Имазамокс,гербицид,ООО «Сингента»,1037739325271,II,III,28.04.2020,27.04.2030,Действует,0
586-03-3875-1,Логано,logano,КС,480 г/л Мезотрион,гербицид,Глобакем НВ,,III,III,14.11.2022,13.11.2032,Действует,0
041-03-1696-1,Логран,logran,ВДГ,750 г/кг триасульфурон,гербицид,ООО «Сингента»,1037739325271,III,III,31.01.2018,30.01.2028,Действует,0
699-03-9884-1,Локсуфон Экстра,loksufon-ekstra,ВДГ,850 г/кг Пироксасульфон,гербицид,"«Шандонг Вейфанг Рейбоу Кемикал Ко., Лтд.»",,II,-,01.04.2026,31.03.2036,Действует,0
018-01-1057-1,Локустин,lokustin,КС,125 г/л Дифлубензурон + 110 г/л Имидаклоприд,инсектицид,АО «Щелково Агрохим»,1025006519427,III,I,07.04.2016,06.04.2026,Не действует,0
018-01-9830-0,Локустин,lokustin,КС,125 г/л Дифлубензурон + 110 г/л Имидаклоприд,инсектицид,"АО ""ЩЕЛКОВО АГРОХИМ""",1025006519427,III,I,13.03.2026,12.03.2029,Действует,0
156-03-4310-1,Лонган,longan,ВР,300 г/л Клопиралид,гербицид,ООО «АДАМА РУС»,1062310039934,II,III,12.12.2023,11.12.2033,Действует,0
192(424)-03-2550-1,Лонтерр,lonterr,ВДГ,750 г/кг Клопиралид,гербицид,"ООО ГК «ЗемлякоФФ», ООО «ГРАНУМ»","1037724060560, 1147746366261",III,III,02.03.2020,01.03.2030,Действует,0
009-03-1253-1,Лонтрел гранд,lontrel-grand,ВДГ,750 г/кг Клопиралид,гербицид,ДАУ АГРОСАЕНСЕС ВЕРТРИБСГЕЗЕЛЬШАФ Т М.Б.Х.,,III,III,21.10.2016,20.10.2026,Действует,0
866-03-4670-0,Лонтрел гранд КА,lontrel-grand-ka,ВДГ,750 г/кг Клопиралид,гербицид,ООО Кортева Агрисаенс Рус,1106195008787,III,III,20.09.2024,19.09.2027,Действует,0
009-03-1235-1,Лонтрел-300,lontrel-300,ВР,300 г/л Клопиралид,гербицид,ДАУ АГРОСАЕНСЕС ВЕРТРИБСГЕЗЕЛЬШАФ Т М.Б.Х.,,III,III,21.09.2016,20.09.2026,Не действует,0
018-03-2800-1,Лорнет,lornet,ВР,300 г/л Клопиралид,гербицид,АО «Щелково Агрохим»,1025006519427,III,III,16.09.2020,15.09.2030,Действует,1
142-04-3958-1,Лост,lost,ВР,150 г/л Диквата дибромида (80 г/л в пересчете на дикват ион),десикант,ООО «АГРОБЮРО РУС»,5077746795748,III,III,20.01.2023,25.04.2024,Действует,0
781-03-10118-0,Луберон,luberon,ВДГ,630 г/кг трибенурон-метил + 120 г/кг флорасулам,гербицид,Синтезия Кеми ГмбХ,,III,III,10.09.2026,09.09.2029,Действует,0
781-03-10127-0,Луберон Макс,luberon-maks,ВДГ,450 г/кг трибенурон-метил + 210 г/кг Амидосульфурон + 90 г/кг флорасулам,гербицид,Синтезия Кеми ГмбХ,,III,III,21.09.2026,20.09.2029,Действует,0
019-02-4979-0,Луна Транквилити,luna-trankviliti,КС,125 г/л Флуопирам + 375 г/л Пириметанил,фунгицид,Байер КропСайенс АГ,,III,III,05.08.2025,04.08.2028,Действует,0
019-02-574-1,Луна Транквилити,luna-trankviliti,КС,125 г/л Флуопирам + 375 г/л Пириметанил,фунгицид,Байер КропСайенс АГ,,III,III,02.03.2015,01.03.2025,Не действует,0
019-02-2037-1,Луна Экспириенс,luna-ekspiriens,КС,200 г/л Флуопирам + 200 г/л Тебуконазол,фунгицид,Байер КропСайенс АГ,,II,III,02.11.2018,01.11.2028,Действует,0
606-03-3746-1,Люгер,lyuger,СЭ,"300 г/л 2,4-Д кислоты (2-этилгексиловый эфир) + 6,25 г/л флорасулам",гербицид,"+ 6,25 г/л флорасулам) Рейнбоу Кропсайенсиз Кфт.",,II,III,17.09.2015,16.09.2025,Не действует,0
886-03-9882-0,Люгер,lyuger,СЭ,"300 г/л 2,4-Д кислота (2-этилгексиловый эфир) + 6,25 г/л флорасулам",гербицид,"+ 6,25 г/л флорасулам) Рейнбоу Кропсайенсиз Кфт.",,II,III,31.03.2026,30.03.2029,Действует,0
041-03-3487-1,Люмакс,lyumaks,СЭ,"375 г/л С-Метолахлор + 125 г/л тербутилазин + 37,5 г/л Мезотрион",гербицид,ООО «Сингента»,1037739325271,III,III,24.01.2022,23.01.2032,Действует,0
029-01-2241-1,Люмипоса,lyumiposa,ТС,625 г/л Циантранилипрол,инсектицид,ООО «Дюпон Наука и Технологии»,,III,-,24.05.2019,23.05.2029,Действует,0
866-01-4613-1,Люмипоса КА,lyumiposa-ka,ТС,625 г/л Циантранилипрол,инсектицид,ООО Кортева Агрисаенс Рус,1106195008787,III,-,14.06.2024,13.06.2034,Действует,0
029-02-2826-1,Люмисена,lyumisena,ТС,200 г/л Оксатиапипролин,фунгицид,ООО «Дюпон Наука и Технологии»,,III,-,08.10.2020,07.10.2030,Действует,0
866-02-4757-0,Люмисена КА,lyumisena-ka,ТС,200 г/л Оксатиапипролин,фунгицид,ООО Кортева Агрисаенс Рус,1106195008787,III,-,23.12.2024,22.12.2027,Действует,0
869-02-4253-1,Люмифлекс,lyumifleks,ТС,452 г/л Ипконазол,фунгицид,ЮПЛ Холдингс Кооператив Ю.А.,,III,-,13.11.2023,12.11.2033,Действует,0
041-01-2538-1,Люфокс,lyufoks,КЭ,75 г/л Феноксикарб + 30 г/л Люфенурон,инсектицид,ООО «Сингента»,1037739325271,II,III,03.03.2020,02.03.2030,Действует,0
004(549)-01-5024-1,Лямбда-С,lyambda-s,КЭ,50 г/л лямбда-цигалотрин,инсектицид,"ООО НПО «РАХ», ООО «АгроХимИнвест»","1037706005050, 5137746013400",III,I,20.03.2020,19.03.2030,Действует,0
389-01-4294-1,Мабет,mabet,КЭ,18 г/л Абамектин,инсектицид,ООО «АГРОПРОГРЕСС КЭМИКАЛС»,1157847140296,III,I,11.12.2023,10.12.2033,Действует,0
156-01-2854-1,Маврик,mavrik,ВЭ,240 г/л Тау-флювалинат,инсектицид,ООО «АДАМА РУС»,1062310039934,III,III,26.10.2020,25.10.2030,Действует,0
156-02-4473-1,Маганик,maganik,КЭ,175 г/л Протиоконазол + 125 г/л Дифеноконазол,фунгицид,ООО «АДАМА РУС»,1062310039934,III,III,20.03.2024,19.03.2034,Действует,0
148-01-2000-1,Магна,magna,ТАБ,660 г/кг Магния фосфид,инсектицид,ООО «ЮПЛ»,1157746848490,I,-,25.09.2018,24.09.2028,Действует,0
192-02-4877-1,Магнат Тотал,magnat-total,КС,25 г/л флудиоксанил + 50 г/л тритиконазол,фунгицид,ООО ГК «ЗемлякоФФ»,1037724060560,III,-,27.05.2025,26.05.2035,Действует,0
192-02-631-1,Магнат Тотал,magnat-total,КС,25 г/л Флудиоксонил + 50 г/л тритиконазол,фунгицид,ООО ГК «ЗемлякоФФ»,1037724060560,III,-,13.04.2015,12.04.2025,Не действует,0
041-02-1668-1,Магнелло,magnello,КЭ,100 г/л Тебуконазол + 250 г/л Дифеноконазол,фунгицид,ООО «Сингента»,1037739325271,II,III,25.12.2017,24.12.2027,Действует,0
010-03-4929-1,Магнификус,magnifikus,МД,100 г/л Амидосульфурон + 25 г/л йодосульфурон-метил-натрий + 250 г/л антидот мефенпир-диэтил,гербицид,ООО «ЛИСТЕРРА»,1057749556930,III,III,25.06.2025,24.06.2035,Действует,0
092-01-2135-1,Магнифос,magnifos,ТАБ,660 г/кг Магния фосфид,инсектицид,ООО «Русинвест»,1057746502604,I,-,04.03.2019,03.03.2029,Действует,0
021-03-1798-1,Магнум,magnum,ВДГ,600 г/кг Метсульфурон-метил,гербицид,АО Фирма «Август»,1025006038958,III,III,21.11.2017,20.11.2027,Действует,1
021-03-3532-1,Магнум Супер,magnum-super,ВДГ,450 г/кг трибенурон-метил + 300 г/кг Метсульфурон-метил,гербицид,АО Фирма «Август»,1025006038958,III,III,18.03.2022,17.03.2032,Действует,0
057-01-2020-1,Магтоксин,magtoksin,ТАБ,660 г/кг Магния фосфид,инсектицид,Детиа Дегеш ГмбХ,,I,-,18.10.2018,17.10.2028,Действует,0
057-01-2021-1,Магтоксин,magtoksin,пластины/л,560 г/кг Магния фосфид,инсектицид,Детиа Дегеш ГмбХ,,I,-,18.10.2018,17.10.2028,Действует,0
178-03-2917-1,Маис,mais,СТС,250 г/кг римсульфурон,гербицид,ООО «Агро Эксперт Груп»,1027708006996,III,III,09.12.2020,08.12.2030,Действует,0
019-03-2409-1,МайсТер,mayster,ВДГ,10 г/кг йодосульфурон-метил-натрий + 300 г/кг Форамсульфурон + 300 г/кг антидот изоксадифен-этил,гербицид,Байер КропСайенс АГ,,III,III,20.09.2019,19.09.2029,Действует,0
019-03-4081-1,МайсТер Пауэр,mayster-pauer,МД,"31,5 г/л Форамсульфурон + 1 г/л йодосульфурон-метил-натрий + 10 г/л тиенкарбазон-метил + 15 г/л антидот ципросульфамид",гербицид,Байер КропСайенс АГ,,II,III,17.05.2023,16.05.2033,Действует,0
018-01-9985-0,Маклауд,maklaud,КС,250 г/л Метомил + 20 г/л лямбда-цигалотрин,инсектицид,"АО ""ЩЕЛКОВО АГРОХИМ""",1025006519427,II,I,28.05.2026,27.05.2029,Действует,0
866-03-9997-0,Макой,makoy,КЭ,90 г/л феноксапроп-П-этил + 90 г/л Клодинафоп-пропаргил + 40 г/л антидот мефенпир-диэтил,гербицид,"ООО ""ПРИОРИТЕТ ГРУПП""",1152312010740,III,III,03.06.2026,02.06.2029,Действует,0
192-03-3277-1,Макси Злак,maksi-zlak,КЭ,120 г/л Клетодим,гербицид,ООО ГК «ЗемлякоФФ»,1037724060560,III,III,31.08.2021,30.08.2031,Действует,0
041-02-4335-0,Максим,maksim,КС,25 г/л Флудиоксонил,фунгицид,ООО «Сингента»,1037739325271,III,-,25.12.2023,24.12.2026,Действует,1
041-02-1018-1,Максим 480,maksim-480,КС,480 г/л Флудиоксонил,фунгицид,ООО «Сингента»,1037739325271,III,-,09.03.2016,08.03.2026,Не действует,0
041-02-9999-0,Максим 480,maksim-480,КС,480 г/л Флудиоксонил,фунгицид,"ООО ""СИНГЕНТА""",1037739325271,III,-,04.06.2026,03.06.2029,Действует,0
014-02-2628-1,Максим Адванс,maksim-advans,КС,"150 г/л Тиабендазол + 25, г/л Флудиоксонил + 20 г/л Мефеноксам",фунгицид,ООО «Сингента»,1037739325271,III,-,26.03.2020,25.03.2030,Действует,0
041-02-2077-1,Максим Голд,maksim-gold,КС,25 г/л Флудиоксонил + 10 г/л Мефеноксам,фунгицид,ООО «Сингента»,1037739325271,III,-,29.01.2019,28.01.2029,Действует,0
012-02-4653-1,Максим Дачник,maksim-dachnik,КС,25 г/л Флудиоксонил,фунгицид,ООО Фирма «Зеленая Аптека Садовода»,1037700040564,III,III,09.08.2024,08.08.2034,Действует,0
041-02-872-1,Максим Кватро,maksim-kvatro,КС,"15 г/л Азоксистробин + 300 г/л Тиабендазол + 37,5 г/л Флудиоксонил + 30 г/л Мефеноксам",фунгицид,ООО «Сингента»,1037739325271,III,-,27.11.2015,26.11.2025,Не действует,0
041-02-9701-0,Максим Кватро,maksim-kvatro,КС,"300 г/л Тиабендазол + 37,5 г/л Флудиоксонил + 30 г/л мефеноксама + 15 г/л Азоксистробин",фунгицид,ООО «Сингента»,1037739325271,III,-,03.12.2025,03.12.2028,Действует,0
041-02-3992-1,Максим Плюс,maksim-plyus,КС,25 г/л Дифеноконазол + 25 г/л Флудиоксонил,фунгицид,ООО «Сингента»,1037739325271,III,-,01.03.2023,28.02.2033,Действует,0
041-02-4164-1,Максим Форте,maksim-forte,КС,25 г/л Флудиоксонил + 15 г/л Тебуконазол + 10 г/л Азоксистробин,фунгицид,ООО «Сингента»,1037739325271,II,-,21.07.2023,20.07.2033,Действует,0
041-02-1338-1,Максим Экстрим,maksim-ekstrim,КС,"18,7 г/л Флудиоксонил + 6,25 г/л Ципроконазол",фунгицид,ООО «Сингента»,1037739325271,III,-,25.01.2017,24.01.2027,Действует,0
966-01-4973-0,Малатэкс,malateks,КЭ,570 г/л Малатион,инсектицид,ООО «КРОПЭКС»,1037706002773,II,I,05.08.2025,04.08.2028,Действует,0
010-03-1577-1,Малахит,malahit,ВДГ,700 г/кг Метамитрон,гербицид,ООО «ЛИСТЕРРА»,1057749556930,III,III,30.10.2017,29.10.2027,Действует,0
201-02-4596-1,Малвин,malvin,ВДГ,800 г/кг Каптан,фунгицид,АРИСТА ЛАЙФСАЙЕНС С.А.С.,,II,III,07.06.2024,06.06.2034,Действует,0
004(549)-03-5019-1,Малибу,malibu,ВДГ,120 г/л трифлусульфурон-метил,гербицид,"ООО НПО «РАХ», ООО «АгроХимИнвест»","1037706005050, 5137746013400",III,III,08.05.2023,20.12.2030,Действует,0
866-03-9996-0,Мамай,mamay,ВР,480 г/л Глифосата кислота (изопропиламинная соль),гербицид,"ООО ""ПРИОРИТЕТ ГРУПП""",1152312010740,II,III,03.06.2026,02.06.2029,Действует,0
021-01-3102-1,Мамба,mamba,КЭ,150 г/л Альфа-ципермeтрин,инсектицид,АО Фирма «Август»,1025006038958,II,I,09.04.2021,08.04.2031,Действует,0
148-02-2526-1,Манзат,manzat,ВДГ,750 г/кг Манкоцеб,фунгицид,ООО «ЮПЛ»,1157746848490,II,III,22.01.2020,21.01.2030,Действует,0
010-02-3818-1,Манифест,manifest,ВДГ,640 г/кг Манкоцеб + 40 г/кг Мефеноксам,фунгицид,ООО «ЛИСТЕРРА»,1057749556930,II,III,07.10.2022,06.10.2032,Действует,0
102-02-1548-1,Манкодим,mankodim,СП,600 г/кг Манкоцеб + 90 г/кг Диметоморф,фунгицид,«РОТАМ Лтд»,,III,III,20.09.2017,19.09.2027,Действует,0
184(026)-02-2256-1,Манкоцеб,mankotseb,СП,800 г/кг Манкоцеб,фунгицид,"ООО «Агрорус и Ко», Агрия АД",,II,III,31.05.2019,30.05.2029,Действует,0
197-03-1373-1,Мантра,mantra,ВРК,33 г/л Имазамокс + 15 г/л Имазапир,гербицид,ООО «Агрохим ХХ1»,5067746338150,III,III,22.02.2017,21.02.2027,Действует,0
159-02-1025-1,Манфил,manfil,СП,800 г/кг Манкоцеб,фунгицид,ИНДОФИЛ ИНДАСТРИЗ ЛИМИТЕД,,II,III,11.03.2016,10.03.2026,Не действует,0
402-03-4797-1,МарафонСоя,marafonsoya,ВР,250 г/л фомесафен,гербицид,ООО «АГРОТЕХИНВЕСТ»,1112801009727,III,III,03.02.2025,02.02.2035,Действует,0
192-03-1284-1,Мариус,marius,КС,700 г/л Метамитрон,гербицид,ООО ГК «ЗемлякоФФ»,1037724060560,II,III,12.12.2016,11.12.2026,Действует,0
192-03-9953-1,Мариус,marius,КС,700 г/л Метамитрон,гербицид,"ООО ГК ""ЗЕМЛЯКОФФ""",1037724060560,II,III,18.05.2026,17.05.2036,Действует,0
082-03-4349-1,Маркос,markos,ВР,33 г/л Имазамокс + 50 г/л Имазетапир,гербицид,ООО «Интер Групп»,1084312000420,III,III,09.01.2024,08.01.2034,Действует,0
015-01-722-1,Масай,masay,СП,200 г/кг Тебуфенпирад,инсектицид,БАСФ Агро Б.В.,,III,III,29.07.2015,28.07.2025,Не действует,0
156-02-4522-1,Мастеркоп,masterkop,КС,259 г/л Меди сульфат,фунгицид,ООО «АДАМА РУС»,1062310039934,III,II,03.05.2024,02.05.2034,Действует,0
021-01-2672-1,МатринБио,matrinbio,ВР,5 г/л Матрин,инсектицид,АО Фирма «Август»,1025006038958,III,III,13.05.2020,12.05.2030,Действует,1
021-01-4440-1,МатринБио БАУ,matrinbio-bau,ВР,"0,025 г/л Матрин",инсектицид,АО Фирма «Август»,1025006038958,III,III,05.03.2024,04.03.2034,Действует,1
366-07-1113-1,Матрица Роста,matritsa-rosta,ВРК,150 г/л Полидиаллилдиметиламмоний хлорид,регулятор роста,ООО «ФОРМУЛА АГРЭКО»,1127747295500,III,III,05.05.2016,04.05.2026,Не действует,1
041-01-4413-0,Матч,match,КЭ,50 г/л Люфенурон,инсектицид,ООО «Сингента»,1037739325271,III,III,15.02.2024,14.02.2027,Действует,0
866-03-10049-0,Маузер,mauzer,СЭ,"280 г/л 2,4-Д кислота (2-этилгексиловый эфир) + 30 г/л Клопиралид (2-этилгексиловый эфир) + 12 г/л флорасулам",гербицид,"+ 30 г/л Клопиралид (2-этилгексиловый эфир) + 12 г/л флорасулам) ООО ""ПРИОРИТЕТ ГРУПП""",1152312010740,II,III,27.07.2026,26.07.2029,Действует,0
278-02-494-1,Маэстро,maestro,КЭ,250 г/л Пропиконазол + 80 г/л Ципроконазол,фунгицид,"ООО ""АГРОХИМИЧЕСКИЕ ТЕХНОЛОГИИ""",1144632004582,III,-,26.12.2014,25.12.2024,Не действует,0
082-03-1393-1,Мегалит,megalit,ВР,267 г/л Клопиралид + 67 г/л пиклорам,гербицид,ООО «Интер Групп»,1084312000420,III,III,06.03.2017,05.03.2027,Действует,0
010-03(04)-3761-1,Мегаполис,megapolis,ВР,150 г/л Глюфосинат аммоний,гербицид,ООО «ЛИСТЕРРА»,1057749556930,II,III,15.07.2022,14.07.2032,Действует,0
144-01-568-1,Медвегон,medvegon,Г,40 г/кг Диазинон,инсектицид,ЗАО «НКФ РЭТ»,,III,-,20.02.2015,19.02.2025,Не действует,1
046-01-3041-1,Медветокс,medvetoks,Г,50 г/кг Диазинон,инсектицид,ЗАО «ТПК «Техноэкспорт»,1025005325070,III,-,03.03.2021,02.03.2031,Не действует,1
046-01-5045-1,Медветокс,medvetoks,Г,50 г/кг Диазинон,инсектицид,ООО «Техноэкспорт»,1125042005175,III,-,29.08.2025,02.03.2031,Действует,1
046-01-4181-1,Медветокс Форте,medvetoks-forte,Г,5 г/кг Имидаклоприд,инсектицид,ЗАО «ТПК «Техноэкспорт»,1025005325070,III,-,14.08.2023,13.08.2033,Не действует,0
046-01-5060-1,Медветокс Форте,medvetoks-forte,Г,5 г/кг Имидаклоприд,инсектицид,ООО «Техноэкспорт»,1125042005175,III,-,29.08.2025,13.08.2033,Действует,0
018-02-4498-1,Медея,medeya,МЭ,50 г/л Дифеноконазол + 30 г/л Флутриафол,фунгицид,АО «Щелково Агрохим»,1025006519427,III,III,01.04.2024,31.03.2034,Действует,1
018-01-4170-1,Медоуз,medouz,МД,200 г/л Ацетамиприд,инсектицид,АО «Щелково Агрохим»,1025006519427,III,III,21.08.2023,20.08.2033,Действует,0
097-03-2353-1,Мезокорн,mezokorn,КС,480 г/л Мезотрион,гербицид,ООО «АГРус»,5087746677893,III,III,23.08.2019,22.08.2029,Действует,0
082-03-10093-0,Мезофлор,mezoflor,МД,"100 г/л Мезотрион + 40 г/л никосульфурон + 4,5 г/л флорасулам",гербицид,"ООО ""ИНТЕР ГРУПП""",1084312000420,III,III,21.08.2026,20.08.2029,Действует,0
010-03-2809-1,Меис,meis,КС,480 г/л Мезотрион,гербицид,ООО «ЛИСТЕРРА»,1057749556930,III,III,17.09.2020,16.09.2030,Действует,0
018-01-1989-1,Мекар,mekar,МЭ,18 г/л Абамектин,инсектицид,АО «Щелково Агрохим»,1025006519427,II,I,25.09.2018,18.01.2024,Действует,0
547-07-3294-1,Мелафен,melafen,ВР,10-4 г/л Меламиновая соль бис(оксиметил) фосфиновой кислоты,регулятор роста,фосфиновой кислоты) ООО «НПО «БИОХИМСЕРВИС»,1101690004261,IV,III,16.09.2021,15.09.2031,Действует,1
446-03-1539-1,Мелион,melion,КС,40 г/л никосульфурон,гербицид,ООО «СФ-РЕГИСТРЭЙШН»,1142310001404,III,III,11.08.2017,10.08.2027,Действует,0
653-01-2960-1,Мелория,meloriya,КС,141 г/л Тиаметоксам + 106 г/л лямбда-цигалотрин,инсектицид,ООО «СЭЙФТИ ФИЛД КОРПОРЭЙШН»,1112310006104,II,I,25.12.2020,24.12.2030,Действует,0
085-03-4140-1,Меридиан,meridian,ВР,267 г/л Клопиралид + 67 г/л пиклорам,гербицид,ООО «Ярило»,1083123001500,III,III,29.06.2023,28.06.2033,Действует,0
213-03-1208-1,Мерлин,merlin,ВДГ,750 г/кг Изоксафлютол,гербицид,Байер САС,,II,-,05.09.2016,04.09.2026,Не действует,0
019-03-2038-1,Мерлин Флекс,merlin-fleks,КС,240 г/л Изоксафлютол + 240 г/л антидот ципросульфамид,гербицид,Байер КропСайенс АГ,,II,III,02.11.2018,01.11.2028,Действует,0
156-02-2999-1,Мерпан,merpan,СП,500 г/кг Каптан,фунгицид,ООО «АДАМА РУС»,1062310039934,III,III,28.01.2021,27.01.2031,Действует,0
018-02-3491-1,Мессер,messer,МЭ,25 г/л Флудиоксонил + 210 г/л Мефеноксам,фунгицид,АО «Щелково Агрохим»,1025006519427,II,-,09.02.2022,08.02.2032,Действует,0
014-07-1182-1,Мессидор,messidor,К,50 г/л прогексадион кальция + 300 г/л мепикват-хлорид,регулятор роста,«БАСФ СЕ»,,III,III,01.08.2016,31.07.2026,Не действует,0
130-03-3184-1,МетАлт,metalt,ВДГ,600 г/кг Метсульфурон-метил,гербицид,ООО «Резерв»,1082224012738,III,III,17.06.2021,16.06.2031,Действует,0
495-02-1941-1,Метабактерин,metabakterin,СП,"10¹⁰ КОЕ/г MethylobacteriumextorquensNVDBKMB-2879 D + 0,5 г/кг ВалидамицинStreptomyceshygroscopicussubsp, «limoneus» ВКПМАС-1966 + 10¹⁰ КОЕ/г BacillussubtilisВКПМВ-2 918 ИПМ-215 + 0,5 г/кг ВалидамицинStreptomyceshygroscopicussubsp, «limoneus» ВКПМАС-1966",фунгицид,ООО «Фермлаб»,1117746291497,III,III,31.05.2018,30.05.2028,Действует,0
117-22-1518-1,Метабром-РФО,metabrom-rfo,Газ,980 г/кг Метилбромид,инсектицид,ФГУП «Республиканский фумигационный отряд»,,I,-,31.07.2017,30.07.2027,Действует,0
196-01-3937-1,Метавайт,metavayt,Ж,"10⁷ КОЕ/Мл Metarhiziumanisopliae штамм 3873/18Л + 10⁸ КОЕ/Мл Beauveriabassiana штамм 119/ЛТ + 10⁹ КОЕ/Мл Bacillusthuringiensisvar. thuringiensis штамм БФ/15Л + 10⁵ КОЕ/Мл Streptomycessp., штамм Н/15",инсектицид,ООО «ОРГАНИК ЛАЙН»,1115027001154,III,III,10.01.2023,09.01.2033,Действует,1
021-02-4273-1,Метаксил,metaksil,СП,640 г/кг Манкоцеб + 80 г/кг Металаксил,фунгицид,АО Фирма «Август»,1025006038958,II,III,29.11.2023,28.11.2033,Действует,0
018-02-4263-1,Метамил МЦ,metamil-mts,ВДГ,640 г/кг Манкоцеб + 80 г/кг Металаксил,фунгицид,АО «Щелково Агрохим»,1025006519427,II,III,23.11.2023,22.11.2033,Действует,0
002-03-3975-1,Метамир,metamir,КС,700 г/л Метамитрон,гербицид,ООО «АГРУСХИМ»,1057747562509,II,III,02.02.2023,01.02.2033,Действует,0
242-01-416-1,Метаризин,metarizin,Ж,10⁸ КОЕ/Мл Metarhizium anisopliae Р-72,инсектицид,ООО «Инвиво»,1082323000495,IV,III,23.09.2014,22.09.2024,Не действует,1
050(360)-03-1059-1,Метарон,metaron,ВДГ,700 г/кг Метамитрон,гербицид,"ЗАО «ФМРус», ООО «АГРОХИМИНВЕСТ","1097746208207, 1027743011207",III,III,07.04.2016,06.04.2026,Не действует,0
607-03-3728-1,Метас,metas,ВР,40 г/л Имазамокс,гербицид,Рейбоу Агросайенс Кфт.,,III,III,26.07.2017,25.07.2027,Действует,0
148-03-4409-1,Метафол,metafol,СК,700 г/л Метамитрон,гербицид,ООО «ЮПЛ»,1157746848490,III,III,06.02.2024,05.02.2034,Действует,0
082-03-9751-0,Метафор,metafor,ВДГ,600 г/кг Метсульфурон-метил,гербицид,"ООО ""ИНТЕР ГРУПП""",1084312000420,III,III,12.01.2026,11.01.2029,Действует,0
126-02-1195-1,Меташанс,metashans,СП,640 г/кг Манкоцеб + 80 г/кг Металаксил,фунгицид,ООО «Шанс»,1093668046812,II,III,15.08.2016,14.08.2026,Не действует,0
063-02-2088-1,Метеор,meteor,СП,770 г/кг Меди гидроокись,фунгицид,ООО «ХИМАГРОМАРКЕТИН Г.РУ»,1023403447913,II,III,01.02.2019,31.01.2029,Действует,0
010-03-2904-1,Меткий,metkiy,МД,75 г/л Мезотрион + 30 г/л никосульфурон,гербицид,ООО «ЛИСТЕРРА»,1057749556930,III,III,02.12.2020,01.12.2030,Действует,0
002-03-4938-1,Метметил,metmetil,ВДГ,600 г/кг Метсульфурон-метил,гербицид,ООО «АГРУСХИМ»,1057747562509,III,III,02.07.2025,01.07.2035,Действует,0
097-03-554-1,Метметил,metmetil,ВДГ,600 г/кг Метсульфурон-метил,гербицид,ООО «АГРус»,5087746677893,III,III,12.02.2015,11.02.2025,Не действует,0
б/н Метолс,Метолс,metols,КЭ,960 г/л С-Метолахлор,гербицид,"ООО «АГРОИМПЭКС», ООО «Ипрохим», ООО НПО «РАХ»","1157746689484, 5087746217719, 1037706005050",III,III,26.05.2017,25.05.2027,Действует,0
050(360)-01-2978-1,Метомакс,metomaks,КС,250 г/л Метомил + 25 г/л бифентрина,инсектицид,"ЗАО «ФМРус», ООО «АГРОХИМИНВЕСТ","1097746208207, 1027743011207",II,I,15.01.2021,25.03.2024,Действует,0
389-01-3671-1,Метонат,metonat,СП,250 г/кг Метомил,инсектицид,ООО «АГРОПРОГРЕСС КЭМИКАЛС»,1157847140296,II,I,15.02.2016,14.02.2026,Не действует,0
389-01-9891-0,Метонат,metonat,СП,250 г/кг Метомил,инсектицид,"ООО ""АГРОПРОГРЕСС КЭМИКАЛС""",1157847140296,II,I,08.04.2026,07.04.2029,Действует,0
050-03-4920-1,Метрибут,metribut,КС,500 г/л Метрибузин,гербицид,АО «ФМРус»,1097746208207,III,III,30.06.2025,29.06.2035,Действует,0
322-03-1202-1,Метрифар 70,metrifar-70,ВГ,700 г/кг Метрибузин,гербицид,Ариста ЛайфСайенс Бенилюкс СПРЛ,,III,III,22.08.2016,21.08.2026,Не действует,0
322-03-4718-1,Метрифар 70,metrifar-70,ВГ,700 г/кг Метрибузин,гербицид,Ариста ЛайфСайенс Бенилюкс СПРЛ,,III,III,22.08.2016,21.08.2026,Не действует,0
467-07-1697-1,Мивал-Агро,mival-agro,КРП,760 г/кг Ортокрезоксиуксусной кислоты триэтаноламмониевая соль + 190 г/кг 1-хлорметилсилатран,регулятор роста,ООО «АГРОСИЛ»,1057746544107,IV,III,31.01.2018,30.01.2028,Действует,1
094-02-10069-0,Мигива,migiva,КС,200 г/л Ипфлуфеноквин,фунгицид,"Ниппон Сода Ко., Лтд",,III,III,07.08.2026,06.08.2029,Действует,0
010-03-3469-1,Мидас,midas,СЭ,"410 г/л 2,4-Д кислота (сложный 2-этилгексиловый эфир) + 15 г/л флорасулам",гербицид,+ 15 г/л флорасулам) ООО «ЛИСТЕРРА»,1057749556930,II,III,13.01.2022,12.01.2032,Действует,0
139-02-4477-1,Микозар,mikozar,СП,"5х10¹⁰ КОЕ/г Bacillussubtilis, штамм В-10 ВИЗР, Bacillus subtilis, штамм М-22 ВИЗР, Trichoderma harzianum, Штамм ВИЗР-18",фунгицид,ООО Управляющая компания «АБТ-групп»,,III,-,22.03.2024,21.03.2034,Действует,0
817-07-3677-1,Микромецен,mikrometsen,ВР,"0,0001 г/л Натриевая соль бис(оксиметил) фосфиновой кислоты",регулятор роста,фосфиновой кислоты) ООО «ЭКОХИМКОНСАЛТИН Г»,1031625404030,IV,III,11.05.2022,10.05.2032,Действует,0
148-02-4864-1,Микротиол Специаль,mikrotiol-spetsial,ВДГ,800 г/кг Сера,фунгицид,ООО «ЮПЛ»,1157746848490,III,III,05.05.2025,04.05.2035,Действует,0
148-02-854-1,Микротиол Специаль,mikrotiol-spetsial,ВДГ,800 г/кг Сера,фунгицид,ООО «ЮПЛ»,1157746848490,III,III,06.02.2015,05.02.2025,Не действует,0
197(023)-02-3182-1,МиксФил,miksfil,КС,150 г/л Азоксистробин + 120 г/л Протиоконазол,фунгицид,"ООО «Агрохим ХХ1», ООО «АНПП «Агрохим-XXI»","5067746338150, 1027700119710",III,-,16.06.2021,15.06.2031,Действует,0
617-02-9937-0,Миксам Голд,miksam-gold,КС,25 г/л Флудиоксонил + 10 г/л Мефеноксам,фунгицид,"ООО ""ГРИН ПЛАНТ""",1175029028790,III,-,05.05.2026,04.05.2029,Действует,0
528-02-2114-1,Миксанил,miksanil,КС,375 г/л хлороталонил + 50 г/л цимоксанил,фунгицид,СИПКАМ ОКСОН С.П.А.,,II,III,21.02.2019,20.02.2029,Действует,0
041-03-2979-1,Милагро Плюс,milagro-plyus,МД,50 г/л никосульфурон + 220 г/л Дикамба (натриевая соль),гербицид,ООО «Сингента»,1037739325271,III,III,18.01.2021,17.01.2031,Действует,0
278-03-4106-1,Милафорт,milafort,КС,40 г/л никосульфурон,гербицид,ООО ЭЛЛИПСАГРО,1142308002495,III,III,22.12.2014,21.12.2024,Не действует,0
066-02-3553-1,Милдикат,mildikat,КС,250 г/л Фосфит натрия + 25 г/л Циазофамид,фунгицид,ИСК Биосаенсис Юроп Н.В.,,III,III,21.03.2022,20.03.2032,Действует,0
085-03-4329-1,Милена,milena,КС,40 г/л никосульфурон,гербицид,ООО «Ярило»,1083123001500,III,III,21.12.2023,20.12.2033,Действует,0
023-03-908-1,Минотавр,minotavr,ВДГ,700 г/кг Метамитрон,гербицид,ООО «АНПП «Агрохим-XXI»,1027700119710,III,III,21.12.2015,20.12.2025,Не действует,0
197-02-3769-1,Минхати,minhati,КС,250 г/л Флутриафол,фунгицид,ООО «Агрохим ХХ1»,5067746338150,III,III,22.07.2022,16.02.2024,Действует,0
041-02-3556-1,Миравис,miravis,СК,200 г/л Пидифлуметофен,фунгицид,ООО «Сингента»,1037739325271,II,III,22.03.2022,03.03.2026,Действует,0
041-02-4551-0,Миравис Дуо,miravis-duo,СК,125 г/л Дифеноконазол + 75 г/л Пидифлуметофен,фунгицид,ООО «Сингента»,1037739325271,II,III,02.05.2024,01.05.2027,Действует,0
041-02-3557-1,Миравис Нео,miravis-neo,СЭ,125 г/л Пропиконазол + 100 г/л Азоксистробин + 75 г/л Пидифлуметофен,фунгицид,ООО «Сингента»,1037739325271,II,III,22.03.2022,21.03.2032,Действует,0
041-02-4009-1,Миравис Эйс,miravis-eys,СЭ,150 г/л Пидифлуметофен + 125 г/л Пропиконазол,фунгицид,ООО «Сингента»,1037739325271,II,III,09.03.2023,08.03.2033,Действует,0
126-03-9662-0,Мисо,miso,МЭ,222 г/л фомесафен + 75 г/л кломазон,гербицид,"ООО ""ШАНС""",1093668046812,III,III,06.11.2025,05.11.2028,Действует,0
018-02-2802-1,Мистерия,misteriya,МЭ,80 г/л Пираклостробин + 80 г/л Тебуконазол + 40 г/л Дифеноконазол,фунгицид,АО «Щелково Агрохим»,1025006519427,II,III,16.09.2020,16.01.2024,Действует,0
156-03-3632-1,Мистраль Топ,mistral-top,КС,480 г/л Метрибузин,гербицид,ООО «АДАМА РУС»,1062310039934,III,III,15.04.2022,14.04.2032,Действует,0
389-02-3564-1,Митар,mitar,ВДГ,800 г/кг Тирам,фунгицид,ООО «АГРОПРОГРЕСС КЭМИКАЛС»,1157847140296,III,III,22.03.2022,21.03.2032,Действует,0
018-03-2807-1,Митрон,mitron,КС,700 г/л Метамитрон,гербицид,АО «Щелково Агрохим»,1025006519427,III,III,16.09.2020,15.09.2030,Действует,0
021-03-2604-1,Миура,miura,КЭ,125 г/л хизалофоп-П-этил,гербицид,АО Фирма «Август»,1025006038958,III,III,17.03.2020,16.03.2030,Действует,1
082-01-9846-0,Мичман,michman,КС,350 г/л Тиаметоксам,инсектицид,"ООО ""ИНТЕР ГРУПП""",1084312000420,III,-,19.03.2026,18.03.2029,Действует,0
019-01-1232-1,Мовенто Энерджи,movento-enerdzhi,КС,120 г/л Имидаклоприд + 120 г/л Спиротетрамат,инсектицид,Байер КропСайенс АГ,,III,I,19.09.2016,18.09.2026,Не действует,1
041-07-2326-1,Моддус,moddus,К,250 г/л Тринексапак-этил,регулятор роста,ООО «Сингента»,1037739325271,III,III,24.07.2019,23.07.2029,Действует,0
041-07-10117-0,Моддус Форте,moddus-forte,МЭ,250 г/л Тринексапак-этил,регулятор роста,"ООО ""СИНГЕНТА""",1037739325271,III,III,09.09.2026,08.09.2029,Действует,0
192-03-10019-0,Модерн,modern,КЭ,"412 г/л 2,4-Д кислота (сложный 2-этилгексиловый эфир) + 80 г/л никосульфурон + 8 г/л флорасулам",гербицид,"+ 80 г/л никосульфурон + 8 г/л флорасулам) ООО ГК ""ЗЕМЛЯКОФФ""",1037724060560,II,III,18.06.2026,17.06.2029,Действует,0
192-03-1068-1,Модерн,modern,КЭ,"412 г/л 2,4-Д (сложный 2-этилгексиловый эфир) + 80 г/л никосульфурон + 8 г/л флорасулам",гербицид,+ 80 г/л никосульфурон + 8 г/л флорасулам) ООО ГК «ЗемлякоФФ»,1037724060560,II,III,08.04.2016,07.04.2026,Не действует,0
192-03-3966-1,Модерн Премиум,modern-premium,МД,"38 г/л никосульфурон + 75 г/л Мезотрион + 2,4 г/л флорасулам",гербицид,ООО ГК «ЗемлякоФФ»,1037724060560,III,III,24.01.2023,23.01.2033,Действует,0
019-01-2794-1,Модесто,modesto,КС,400 г/л Клотианидин + 80 г/л бета-цифлутрин,инсектицид,Байер КропСайенс АГ,,III,-,11.09.2020,10.09.2030,Действует,0
019-01(02)-10039-0,Модесто Плюс,modesto-plyus,КС,300 г/л Клотианидин + 120 г/л Флуопиколид + 90 г/л флуоксастробин,инсектицид,Байер КропСайенс АГ,,III,-,07.07.2026,06.07.2029,Действует,0
019-02-1151-1,Модесто Плюс,modesto-plyus,КС,300 г/л Клотианидин + 120 г/л Флуопиколид + 90 г/л флуоксастробин,инсектицид,Байер КропСайенс АГ,,III,-,11.07.2016,10.07.2026,Не действует,0
1012-03-10091-0,Мозогранд,mozogrand,ВР,540 г/л Глифосат кислоты (калиевая соль),гербицид,"ООО ""ГК ""ПОЛЕХИМ""",1135658040870,II,III,20.08.2026,19.08.2029,Действует,0
159-02-1026-1,Моксимэйт,moksimeyt,СП,640 г/кг Манкоцеб + 80 г/кг цимоксанил,фунгицид,ИНДОФИЛ ИНДАСТРИЗ ЛИМИТЕД,,II,III,11.03.2016,10.03.2026,Не действует,0
021-01-3034-1,Молетокс,moletoks,КЭ,50 г/л Эсфенвалерат,инсектицид,АО Фирма «Август»,1025006038958,III,I,25.02.2021,24.02.2031,Действует,1
046-01-4281-1,Молния,molniya,КЭ,50 г/л лямбда-цигалотрин,инсектицид,ЗАО «ТПК «Техноэкспорт»,1025005325070,II,I,04.12.2023,03.12.2033,Не действует,0
046-01-5029-1,Молния,molniya,КЭ,50 г/л лямбда-цигалотрин,инсектицид,ООО «Техноэкспорт»,1125042005175,II,I,29.08.2025,03.12.2033,Действует,0
046-01-3116-1,Молния Дуо,molniya-duo,КС,106 г/л лямбда-цигалотрин + 141 г/л Тиаметоксам,инсектицид,ЗАО «ТПК «Техноэкспорт»,1025005325070,III,I,19.04.2021,18.04.2031,Не действует,0
046-01-5035-1,Молния Дуо,molniya-duo,КС,106 г/л лямбда-цигалотрин + 141 г/л Тиаметоксам,инсектицид,ООО «Техноэкспорт»,1125042005175,III,I,29.08.2025,18.04.2031,Действует,0
046-01-3584-1,Молния Экстра,molniya-ekstra,КЭ,250 г/л циперметрин,инсектицид,ЗАО «ТПК «Техноэкспорт»,1025005325070,III,I,04.04.2022,26.02.2027,Не действует,1
046-01-5030-1,Молния Экстра,molniya-ekstra,КЭ,250 г/л циперметрин,инсектицид,ООО «Техноэкспорт»,1125042005175,III,I,29.08.2025,26.02.2027,Действует,1
050(360)-04-1116-1,Молоток,molotok,В,150 г/л Дикват (дибромид) + 150 г/л Дикват (дибромид),десикант,"+ 150 г/л Дикват (дибромид)) ЗАО «ФМРус», ООО «АГРОХИМИНВЕСТ","1097746208207, 1027743011207",III,III,13.05.2016,12.05.2026,Не действует,0
050-03-9683-0,Молоток,molotok,ВР,280 г/л Диквата дибромида (150 г/л в пересчете на дикват ион),гербицид,"АО ""ФМРус""",1097746208207,III,III,20.11.2025,19.11.2028,Действует,0
178-03-3879-0,Момус,momus,ВРК,"500 г/л МЦПА кислоты (смесь диметиламинной, калиевой, натриевой солей)",гербицид,ООО «Агро Эксперт Груп»,1027708006996,II,III,22.11.2022,21.11.2025,Не действует,0
178-03-4995-1,Момус,momus,ВРК,"500 г/л МЦПА кислоты (смесь диметиламинной, калиевой, натриевой солей)",гербицид,ООО «Агро Эксперт Груп»,1027708006996,II,III,28.08.2025,27.08.2035,Действует,0
184(040)-01-1271-1,Монарх,monarh,ВДГ,800 г/кг Фипронил,инсектицид,"ООО «Агрорус и Ко», Левей Маркетинг Актиенгезелльшафт",,II,I,10.11.2016,09.11.2026,Действует,0
082-03-1309-1,Монолит,monolit,ВДГ,750 г/кг Клопиралид,гербицид,ООО «Интер Групп»,1084312000420,III,III,16.12.2016,15.12.2026,Действует,0
178-03-3906-1,Мономакс,monomaks,ВР,480 г/л Дикамба (диметиламинная соль),гербицид,ООО «Агро Эксперт Груп»,1027708006996,III,III,13.12.2022,12.12.2032,Действует,0
021-03-1704-1,Морион,morion,СК,500 г/л Изопротурон + 100 г/л Дифлюфеникан,гербицид,АО Фирма «Август»,1025006038958,III,III,19.04.2017,18.04.2027,Действует,0
021-03-3103-1,Мортира,mortira,ВДГ,750 г/кг трибенурон-метил,гербицид,"АО ФИРМА ""АВГУСТ""",1025006038958,III,III,09.04.2021,08.04.2031,Действует,0
141-06-3437-1,Морторат,mortorat,Г,"0,05 г/кг Бродифакум",родентицид,ООО «Валбрента Кемикалс»,,II,-,22.12.2021,21.12.2031,Действует,0
094-01-1159-1,Моспилан,mospilan,РП,200 г/кг Ацетамиприд,инсектицид,"Ниппон Сода Ко., Лтд",,III,III,18.07.2016,17.07.2026,Не действует,1
021-03-3288-1,Мохофф,mohoff,МКЭ,525 г/л Пеларгоновая кислота,гербицид,АО Фирма «Август»,1025006038958,III,III,08.08.2021,07.08.2031,Действует,1
699-03-9810-0,Мощь,mosch,ВРК,"500 г/л МЦПА кислоты (смесь диметиламинной, калиевой, натриевой солей)",гербицид,"«Шандонг Вейфанг Рейнбоу Кемикал Ко., Лтд.»",,II,III,05.03.2026,04.03.2029,Действует,0
021-01-4775-1,Муравьед Био,muraved-bio,СК,10 г/л Спиносад,инсектицид,АО Фирма «Август»,1025006038958,III,-,10.01.2025,09.01.2035,Действует,1
046-01-3040-1,Муравьин,muravin,Г,50 г/кг Диазинон,инсектицид,ЗАО «ТПК «Техноэкспорт»,1025005325070,III,-,03.03.2021,02.03.2031,Не действует,0
046-01-5075-1,Муравьин,muravin,Г,50 г/кг Диазинон,инсектицид,ООО «Техноэкспорт»,1125042005175,III,-,29.08.2025,02.03.2031,Действует,0
046-01-3439-1,Муравьин Форте,muravin-forte,Г,5 г/кг Имидаклоприд,инсектицид,ЗАО «ТПК «Техноэкспорт»,1025005325070,III,-,11.01.2022,10.01.2032,Не действует,1
046-01-5065-1,Муравьин Форте,muravin-forte,Г,5 г/кг Имидаклоприд,инсектицид,ООО «Техноэкспорт»,1125042005175,III,-,29.08.2025,10.01.2032,Действует,1
742-03-3242-1,Мурал,mural,ВР,480 г/л Дикамба (диметиламинная соль),гербицид,ГАЛЕНИКА-ФИТОФАР МАЦИЯ А.Д.,,III,III,22.07.2021,21.07.2031,Действует,0
021-01-2606-1,Мухоед,muhoed,Г,40 г/кг Диазинон,инсектицид,АО Фирма «Август»,1025006038958,III,-,17.03.2020,16.03.2030,Действует,1
019-03-3480-1,Мушкет Плюс,mushket-plyus,МД,"285,2 г/л 2,4-Д (2-этилгексиловый эфир) + 5 г/л йодосульфурон-метил-натрия + 25 г/л антидот мефенпир-диэтила",гербицид,+ 5 г/л йодосульфурон-метил-натрия + 25 г/л антидот мефенпир-диэтила) Байер КропСайенс АГ,,II,III,19.01.2022,18.01.2032,Действует,0
126-01-9856-1,Мушкетер,mushketer,КС,200 г/л Хлорантранилипрол,инсектицид,"ООО ""ШАНС""",1093668046812,III,III,20.03.2026,19.03.2036,Действует,0
010-03-3241-1,Мэр,mer,КС,480 г/л Метрибузин,гербицид,ООО «ЛИСТЕРРА»,1057749556930,III,III,22.07.2021,21.07.2031,Действует,0
042-03-4950-0,Навиет,naviet,КЭ,960 г/л С-Метолахлор,гербицид,ООО «ФОРВАРД»,1105476055277,III,III,23.07.2025,22.07.2028,Действует,0
178-01(02)-3957-1,Нагайна,nagayna,КС,390 г/л Клотианидин + 40 г/л Тиабендазол + 30 г/л Тебуконазол,инсектицид,ООО «Агро Эксперт Груп»,1027708006996,II,-,20.01.2023,19.01.2033,Действует,0
126-03-2504-1,Наношанс,nanoshans,ВР,480 г/л Бентазон,гербицид,ООО «Шанс»,1093668046812,III,III,12.12.2019,11.12.2029,Действует,0
126-03-4850-0,Наношанс Супер,nanoshans-super,ВРК,"420 г/л Бентазон + 20,5 г/л Имазамокс",гербицид,ООО «Шанс»,1093668046812,III,III,23.04.2025,22.04.2028,Действует,0
004(549)-03-5018-0,Напалм-480,napalm-480,ВР,480 г/л Глифосат кислоты (изопропиламинная соль),гербицид,"ООО НПО «РАХ», ООО «АгроХимИнвест»","1037706005050, 5137746013400",II,III,13.07.2022,12.07.2025,Не действует,0
549-03-4947-0,Напалм-480,napalm-480,ВР,480 г/л Глифосат кислоты (изопропиламинная соль),гербицид,ООО «АГРОХИМИНВЕСТ,1027743011207,III,III,07.07.2025,06.07.2028,Действует,0
549-03-4854-0,Напалм-540,napalm-540,ВР,540 г/л Глифосат кислоты (калиевая соль),гербицид,ООО «АгроХимИнвест»,5137746013400,II,III,25.04.2025,24.04.2028,Действует,0
102-03-1547-1,Нарвал,narval,КС,40 г/л никосульфурон,гербицид,«РОТАМ Лтд»,,III,III,20.09.2017,19.09.2027,Действует,0
148-02-3379-1,Наутиль,nautil,ВДГ,680 г/кг Манкоцеб + 50 г/кг цимоксанил,фунгицид,ООО «ЮПЛ»,1157746848490,II,III,18.11.2021,17.11.2031,Действует,0
021-03-3459-1,Нексус,neksus,ВР,240 г/л фомесафен,гербицид,АО Фирма «Август»,1025006038958,II,III,28.12.2021,27.12.2031,Действует,0
825-05-3758-1,Нематофагин-Микопро,nematofagin-mikopro,Г,3х10⁶ спор/г штамм Arthrobotrys oligospora F-1303,нематицид,ООО Микопро,1135476142152,III,-,15.07.2022,14.07.2032,Действует,0
178-03-2666-1,Нерта,nerta,КС,500 г/л Изопротурон + 100 г/л Дифлюфеникан,гербицид,ООО «Агро Эксперт Груп»,1027708006996,III,III,24.04.2020,23.04.2030,Действует,0
085-07-2125-1,Нертус ПлантаПег,nertus-plantapeg,Ж,500 г/л Полиэтиленгликоль-1500 + 300 г/л полиэтиленгликоль-400 + 4 г/л гуминовые кислоты (калиевые соли),регулятор роста,ООО «Ярило»,1083123001500,IV,III,22.02.2019,21.02.2029,Действует,0
277-03-488-1,Никобел,nikobel,КС,40 г/л никосульфурон,гербицид,ООО «БЕЛИН»,1127747077622,III,III,24.12.2014,23.12.2024,Не действует,0
607-03-3731-1,Никос,nikos,КС,40 г/л никосульфурон,гербицид,Рейбоу Агросайенс Кфт.,,III,III,17.09.2015,16.09.2025,Не действует,0
871-03-10000-0,Никос,nikos,КС,40 г/л никосульфурон,гербицид,Рейнбоу Агросайенсиз Кфт.,,III,III,04.06.2026,03.06.2029,Действует,0
376-03-3705-1,Никосав,nikosav,МД,40 г/л никосульфурон,гербицид,АГРОСАВА ДОО,,III,III,08.11.2016,07.11.2026,Действует,0
066-03-434-1,Ниссин,nissin,КС,40 г/л никосульфурон,гербицид,ИСК Биосаенсис Юроп Н.В.,,III,III,21.10.2014,20.10.2024,Не действует,0
066-03-462-1,Ниссин Экстра,nissin-ekstra,МД,60 г/л никосульфурон,гербицид,ИСК Биосаенсис Юроп Н.В.,,III,III,15.12.2014,14.12.2024,Не действует,0
094-01-1333-1,Ниссоран,nissoran,СК,250 г/л Гекситиазокс,инсектицид,"Ниппон Сода Ко., Лтд",,III,III,19.01.2017,18.01.2027,Действует,0
900-07-4297-1,Новагиб,novagib,Р,"10 г/л Гиббереллиновые кислоты А4, А7",регулятор роста,Файн Агрокемикалс Лтд.,,III,III,11.12.2023,10.12.2033,Действует,0
010-01-4039-1,Новацет,novatset,КЭ,100 г/л Новалурон + 80 г/л Ацетамиприд,инсектицид,ООО «ЛИСТЕРРА»,1057749556930,II,III,17.03.2023,16.03.2033,Действует,0
184(026)-01-3935-1,Новинс,novins,КС,480 г/л Дифлубензурон,инсектицид,"ООО «Агрорус и Ко», Агрия АД",,II,III,10.01.2023,20.08.2026,Действует,0
128-07-4761-1,Новосил,novosil,ВЭ,100 г/л Тритерпеновые кислоты,регулятор роста,ООО НПП «Биохимзащита»,,III,III,23.12.2024,22.12.2034,Действует,1
192-02-10031-0,Новус-Ф,novus-f,КС,120 г/л Флутриафол + 250 г/л Карбендазим,фунгицид,"ООО ГК ""ЗЕМЛЯКОФФ""",1037724060560,II,III,30.06.2026,29.06.2029,Действует,0
192-02-1015-1,Новус-Ф,novus-f,КС,120 г/л Флутриафол + 250 г/л Карбендазим,фунгицид,ООО ГК «ЗемлякоФФ»,1037724060560,II,III,09.03.2016,25.12.2025,Не действует,0
133-03-843-1,Номини,nomini,СК,400 г/л Биспирибак натрия,гербицид,"Кумиаи Кемикал Индастри Ко., Лтд.",,III,III,30.10.2015,29.10.2025,Не действует,0
603-03-2537-1,Номини Суприм,nomini-suprim,СЭ,100 г/л Метамифоп + 40 г/л Биспирибак натрия,гербицид,Кумаи Кемикал Индастри Ко. Лтд.,,III,III,19.02.2020,18.02.2030,Действует,0
548-02-2737-1,Нопас,nopas,ВЭ,300 г/л Эфирные масла тимьяна и перечной мяты,фунгицид,ООО «КОППЕРТ РУС»,1157746216297,III,-,27.08.2020,26.08.2030,Действует,0
224-03-3827-1,Нопасаран,nopasaran,КС,375 г/л Метазахлор + 25 г/л Имазамокс,гербицид,БАСФ Агрокемикал Продактс Б.В.,,III,III,19.10.2022,18.10.2032,Действует,0
224-03-1203-1,Нопасаран Ультра,nopasaran-ultra,КС,250 г/л Квинмерак + 35 г/л Имазамокс,гербицид,БАСФ Агрокемикал Продактс Б.В.,,III,III,22.08.2016,21.08.2026,Не действует,0
017-02-637-1,Нор-Би,nor-bi,СП,500 г/кг Беномил,фунгицид,ПЕТЕРС & БУРГ Кфт.,,II,III,16.04.2015,15.04.2025,Не действует,0
141-06-3560-1,Норат,norat,Г,"0,05 г/кг Бромадиолон",родентицид,ООО «Валбрента Кемикалс»,,II,-,22.03.2022,21.03.2032,Действует,1
063-03-4588-1,Норвел,norvel,КЭ,50 г/л хизалофоп-П-этил,гербицид,ООО «ХИМАГРОМАРКЕТИН Г.РУ»,1023403447913,II,III,24.05.2024,23.05.2034,Действует,0
021-03-3059-1,НордСтрим,nordstrim,ВДГ,350 г/кг пиклорам + 200 г/кг трибенурон-метил + 80 г/кг флорасулам,гербицид,АО Фирма «Август»,1025006038958,III,III,18.03.2021,17.03.2031,Действует,0
086-03-2235-1,Норман,norman,ВДГ,750 г/кг трибенурон-метил,гербицид,ООО «АФД»,1157746054201,III,III,23.05.2019,22.05.2029,Действует,0
192-02-4840-1,Нортон Про,norton-pro,СЭ,200 г/л Тебуконазол + 100 г/л Протиоконазол,фунгицид,ООО ГК «ЗемлякоФФ»,1037724060560,II,III,28.03.2025,27.03.2035,Действует,0
197(023)-01-3482-1,Нунчак,nunchak,КЭ,500 г/л Фенитротион,инсектицид,"ООО «Агрохим ХХ1», ООО «АНПП «Агрохим-XXI»","5067746338150, 1027700119710",III,I,21.01.2022,20.01.2032,Действует,0
277-01-4902-0,Нурбел,nurbel,КЭ,500 г/л Хлорпирифос + 50 г/л циперметрин,инсектицид,ООО «БЕЛИН»,1127747077622,III,I,19.06.2025,18.06.2028,Действует,0
277-01-556-1,Нурбел,nurbel,КЭ,500 г/л Хлорпирифос + 50 г/л циперметрин,инсектицид,ООО «БЕЛИН»,1127747077622,II,I,13.02.2015,12.02.2025,Не действует,0
063-01-1453-1,Нуримет Экстра,nurimet-ekstra,КЭ,500 г/л Хлорпирифос + 50 г/л циперметрин,инсектицид,ООО «ХИМАГРОМАРКЕТИН Г.РУ»,1023403447913,II,I,12.04.2017,11.04.2027,Действует,0
064-01-4175-1,Ньюстар Экстра,nyustar-ekstra,КЭ,100 г/л Альфа-ципермeтрин,инсектицид,ООО «Химагромаркетинг»,1032305700008,III,I,14.08.2023,13.08.2033,Действует,0
004(549)-03-5012-1,Нэо,neo,ВДГ,750 г/кг никосульфурон,гербицид,"ООО НПО «РАХ», ООО «АгроХимИнвест»","1037706005050, 5137746013400",III,III,29.06.2020,28.06.2030,Действует,0
184(026)-03-4295-1,ОГРН -,ogrn,,,гербицид,ООО «Агрорус и Ко»,,III,III,11.12.2023,10.12.2033,Действует,0
б/н ОГРН 5067746338150,ОГРН 5067746338150,ogrn-5067746338150,,,гербицид,ООО «АгроХимИнвест»,"5067746338150, 5137746013400",III,III,22.05.2019,21.05.2029,Действует,0
033-07-1377-1,ОбеpeгЪ,obepeg,Р,"0,15 г/л Арахидоновая кислота",регулятор роста,ООО «ОРТОН»,1025004916573,III,III,27.02.2017,26.02.2027,Действует,1
019-01-1233-1,Оберон Рапид,oberon-rapid,КС,"11,4 г/л Абамектин + 228,6 г/л Спиромезифен",инсектицид,Байер КропСайенс АГ,,III,I,19.09.2016,18.09.2026,Не действует,0
429-07-3627-1,Обстактин,obstaktin,ВР,75 г/л Альфа-нафтилуксусная кислота,регулятор роста,ООО «Агросинтез»,1027739092920,III,III,13.04.2022,12.04.2032,Действует,0
778-07-3841-1,Обстормон,obstormon,ВР,75 г/л 1-нафтилуксусная кислота,регулятор роста,ООО «ИНТЕГРАЦИЯ»,1177746516210,III,III,26.10.2022,25.10.2032,Действует,0
178-03-2955-1,Овен,oven,КЭ,20 г/л антидот -клоквинтосет-мексил + 80 г/л Клодинафоп-пропаргил,гербицид,ООО «Агро Эксперт Груп»,1027708006996,III,III,24.12.2020,23.12.2030,Действует,0
018-03-2965-1,Овсюген Супер,ovsyugen-super,КЭ,140 г/л феноксапроп-П-этил + 47 г/л антидот -клоквинтосет-мексил,гербицид,АО «Щелково Агрохим»,1025006519427,III,III,30.12.2020,29.12.2030,Действует,0
018-03-2964-1,Овсюген Экспресс,ovsyugen-ekspress,КЭ,140 г/л феноксапроп-П-этил + 35 г/л антидот -клоквинтосет-мексил,гербицид,АО «Щелково Агрохим»,1025006519427,III,III,30.12.2020,29.12.2030,Действует,0
021-03-3472-1,Одиссей,odissey,ВГР,40 г/л Имазетапир + 30 г/л Имазамокс,гербицид,АО Фирма «Август»,1025006038958,III,III,13.01.2022,03.03.2026,Действует,0
528-01-4201-1,Ойкос,oykos,КЭ,26 г/л Азадирахтин,инсектицид,СИПКАМ ОКСОН С.П.А.,,III,III,15.09.2023,14.09.2033,Действует,0
018-03-4851-0,Октава,oktava,МД,"60 г/л никосульфурон + 3,6 г/л флорасулам",гербицид,АО «Щелково Агрохим»,1025006519427,III,III,23.04.2025,22.04.2028,Действует,0
018-03-645-1,Октава,oktava,МД,"60 г/л никосульфурон + 3,6 г/л флорасулам",гербицид,АО «Щелково Агрохим»,1025006519427,III,III,23.04.2015,22.04.2025,Не действует,0
116-03-9681-0,Октапон Экстра,oktapon-ekstra,КЭ,"500 г/л 2,4-Д кислоты (2-этилгексиловый эфир)",гербицид,ООО «АХК-Агро»,1030204614340,II,III,20.11.2025,19.11.2028,Действует,0
068(116)-03-605-1,Октапон экстра,oktapon-ekstra,КЭ,"500 г/л 2,4-Д (2-этилгексиловый эфир)",гербицид,"ГБУ РБ «НИТИГ АН РБ», ООО «АХК-Агро»",1030204614340,II,III,23.03.2015,22.03.2025,Не действует,0
068(116)-03-655-1,Октапон-супер,oktapon-super,КЭ,"470 г/л 2,4-Д (2-этилгексиловый эфир и диметилалкиламинная соль)",гербицид,"ГБУ РБ «НИТИГ АН РБ», ООО «АХК-Агро»",1030204614340,II,III,30.03.2015,29.03.2025,Не действует,0
116-03-9682-0,Октапон-супер,oktapon-super,КЭ,"630 г/л 2,4-Д кислоты (470 г/л 2,4-Д (2-этилгексиловый эфир)) + 160 г/л 2,4-Д кислоты (диметилалкиламинная соль)",гербицид,"+ 160 г/л 2,4-Д кислоты (диметилалкиламинная соль)) ООО «АХК-Агро»",1030204614340,II,III,20.11.2025,19.11.2028,Действует,0
116-03-3889-1,Октасулам,oktasulam,СЭ,"300 г/л 2,4-Д кислоты (2-этилгексиловый эфир) + 6,25 г/л флорасулам",гербицид,"+ 6,25 г/л флорасулам) ООО «АХК-Агро»",1030204614340,II,III,29.11.2022,28.11.2032,Действует,0
068(116)-03-659-1,Октиген,oktigen,КЭ,"419,75 г/л 2,4-Д (2-этилгексиловый эфир) + 5,25 г/л хлорсульфурон (диэтилэтаноламинная соль)",гербицид,"+ 5,25 г/л хлорсульфурон (диэтилэтаноламинная соль)) ГБУ РБ «НИТИГ АН РБ», ООО «АХК-Агро»",1030204614340,II,III,12.05.2015,11.05.2025,Не действует,0
347-03-4823-1,"Октимет Д, КЭ",oktimet-d-ke,КЭ,"564 г/л 2,4-Д кислоты (2-этилгексиловый эфир)",гербицид,ООО «АГРОИМПЭКС»,1157746689484,II,III,18.03.2025,17.03.2035,Действует,0
082-03-1642-1,Олимп,olimp,ВДГ,500 г/кг трифлусульфурон-метил,гербицид,ООО «Интер Групп»,1084312000420,III,III,12.12.2017,11.12.2027,Действует,0
193-01-2264-1,Омайт,omayt,ВЭ,570 г/л Пропаргит,инсектицид,Ариста ЛайфСайенс Грейт Британ Лтд.,,II,III,03.06.2019,02.06.2029,Действует,0
063-01-2413-1,Оперкот,operkot,КЭ,50 г/л лямбда-цигалотрин,инсектицид,ООО «ХИМАГРОМАРКЕТИН Г.РУ»,1023403447913,II,I,30.09.2019,29.09.2029,Действует,0
063-01-10007-0,Оперкот Акро,operkot-akro,КС,300 г/л Имидаклоприд + 100 г/л лямбда-цигалотрин,инсектицид,ООО«ХИМАГРО-МАРК ЕТИНГ.РУ»,1023403447913,II,I,10.06.2026,09.06.2029,Действует,0
063-01-1766-1,Оперкот Акро,operkot-akro,КС,300 г/л Имидаклоприд + 100 г/л лямбда-цигалотрин,инсектицид,ООО «ХИМАГРОМАРКЕТИН Г.РУ»,1023403447913,II,I,22.02.2018,21.02.2028,Действует,0
021-02-1739-1,Оплот,oplot,ВСК,90 г/л Дифеноконазол + 45 г/л Тебуконазол,фунгицид,АО Фирма «Август»,1025006038958,II,-,03.02.2015,02.02.2025,Не действует,0
021-02-4754-0,Оплот,oplot,ВСК,90 г/л Дифеноконазол + 45 г/л Тебуконазол,фунгицид,АО Фирма «Август»,1025006038958,II,-,16.12.2024,15.12.2027,Действует,0
021-02-1801-1,Оплот Трио,oplot-trio,ВСК,90 г/л Дифеноконазол + 45 г/л Тебуконазол + 40 г/л Азоксистробин,фунгицид,АО Фирма «Август»,1025006038958,II,-,10.03.2016,09.03.2026,Не действует,0
021-02-9793-0,Оплот Трио,oplot-trio,ВСК,90 г/л Дифеноконазол + 45 г/л Тебуконазол + 40 г/л Азоксистробин,фунгицид,"АО ФИРМА ""АВГУСТ""",1025006038958,II,III,04.02.2026,03.02.2029,Действует,0
038-03-444-1,Опричник,oprichnik,СЭ,"300 г/л 2,4-Д кислоты (2-этилгексиловый эфир) + 6,25 г/л флорасулам",гербицид,"+ 6,25 г/л флорасулам) ООО «АГРОКОМ»",1077758212685,II,III,28.10.2014,27.10.2024,Не действует,0
038-03-4595-1,Опричник,oprichnik,СЭ,"300 г/л 2,4-Д (сложный 2-этилгексиловый эфир) + 6,25 г/л флорасулам",гербицид,"+ 6,25 г/л флорасулам) ООО «АГРОКОМ»",1077758212685,II,III,07.06.2024,06.06.2034,Действует,0
014-02-3496-1,Оптимо,optimo,КЭ,200 г/л Пираклостробин,фунгицид,«БАСФ СЕ»,,III,III,11.02.2022,10.02.2032,Действует,0
063-03-2783-1,Оптимум,optimum,ВРК,480 г/л Дикамба (диметиламинная соль),гербицид,ООО «ХИМАГРОМАРКЕТИН Г.РУ»,1023403447913,III,III,09.09.2020,08.09.2030,Действует,0
010-01-3109-1,Орбита,orbita,КЭ,25 г/л Дельтаметрин,инсектицид,ООО «ЛИСТЕРРА»,1057749556930,II,I,23.04.2021,22.04.2031,Действует,0
010-01-2905-1,Орбита Люкс,orbita-lyuks,КЭ,400 г/л Фенитротион + 50 г/л Дельтаметрин,инсектицид,ООО «ЛИСТЕРРА»,1057749556930,II,I,02.12.2020,01.12.2030,Действует,0
014-02-660-1,Орвего,orvego,КС,225 г/л Диметоморф + 300 г/л Аметоктрадин,фунгицид,«БАСФ СЕ»,,III,III,12.05.2015,11.05.2025,Не действует,0
222-02-1425-1,Оргамика С,orgamika-s,Ж,"5×10⁹ КОЕ/Мл Bacillus amyloliquefaciens, штамм OPS-32",фунгицид,ООО «ОРГАНИК ПАРК»,1127746020918,IV,III,29.03.2017,28.03.2027,Действует,0
173-02-4900-0,Оргамика С+,orgamika-s,Ж,"не менее 5×10⁹ КОЕ/см³ Bacillus amyloliquefaciens, штамм OPS-32",фунгицид,ООО «ОРГАНИК ПАРК»,1127746020918,IV,III,06.06.2025,05.06.2028,Действует,0
173-02-2477-1,Оргамика Ф,orgamika-f,Ж,"10⁸ КОЕ/Мл Trichoderma asperellum, штамм OPF-19",фунгицид,ООО «ОРГАНИК ПАРК»,1127746020918,III,III,20.11.2019,19.11.2029,Действует,1
192-01-1371-1,Органза,organza,КС,100 г/л Ацетамиприд + 100 г/л лямбда-цигалотрин,инсектицид,ООО ГК «ЗемлякоФФ»,1037724060560,II,II,21.02.2017,26.12.2025,Действует,0
021-02-2610-1,Ордан,ordan,СП,689 г/кг Меди хлорокись + 42 г/кг цимоксанил,фунгицид,АО Фирма «Август»,1025006038958,III,III,19.03.2020,18.03.2030,Действует,1
021-02-4272-1,Ордан МЦ,ordan-mts,СП,640 г/кг Манкоцеб + 80 г/кг цимоксанил,фунгицид,АО Фирма «Август»,1025006038958,II,III,01.12.2023,30.11.2033,Действует,0
971-03-4943-1,Орель,orel,ВР,40 г/л Имазамокс,гербицид,"ООО ""ПРОЛАЙН""",1230200002020,III,III,02.07.2025,01.07.2035,Действует,0
278-03-4102-1,Ореол,oreol,КЭ,104 г/л Галоксифоп-П-метил,гербицид,ООО ЭЛЛИПСАГРО,1142308002495,III,III,05.11.2019,04.11.2029,Действует,0
254(551)-03-2234-1,Оризан,orizan,МСК,60 г/л Бенсульфурон-метил,гербицид,"ООО «БИОКЕФАРМ РУС», ООО «КОНЦЕРН ХИМПРОМ»","1097746641981, 1082308002700",III,III,22.05.2019,21.05.2029,Действует,0
178-03-1399-1,Орикс,oriks,КЭ,90 г/л феноксапроп-П-этил + 60 г/л Клодинафоп-пропаргил + 60 г/л антидот -клоквинтосет-мексил,гербицид,ООО «Агро Эксперт Груп»,1027708006996,III,III,06.03.2017,13.12.2022,Действует,0
046-03-4357-0,Орион,orion,КЭ,104 г/л Галоксифоп-П-метил,гербицид,ЗАО «ТПК «Техноэкспорт»,1025005325070,III,III,11.01.2024,10.01.2027,Не действует,0
046-03-5062-0,Орион,orion,КЭ,104 г/л Галоксифоп-П-метил,гербицид,ООО «Техноэкспорт»,1125042005175,III,III,29.08.2025,10.01.2027,Действует,0
178-03-2665-1,Орлан,orlan,МК,250 г/л Метазахлор + 63 г/л Квинмерак,гербицид,ООО «Агро Эксперт Груп»,1027708006996,III,III,24.04.2020,23.04.2030,Действует,0
041-02-4517-0,Орондис Ультра,orondis-ultra,СК,250 г/л Мандипропамид + 30 г/л Оксатиапипролин,фунгицид,ООО «Сингента»,1037739325271,III,III,22.04.2024,21.04.2027,Действует,0
041-02-10113-0,Орондис Эво,orondis-evo,СК,250 г/л Азоксистробин + 12 г/л Оксатиапипролин,фунгицид,"ООО ""СИНГЕНТА""",1037739325271,III,III,03.09.2026,02.09.2029,Действует,0
782-01-3960-1,Ортус,ortus,СК,50 г/л Фенпироксимат,инсектицид,Ничино Юроп Ко. Лтд.,,III,III,20.01.2023,19.01.2033,Действует,0
015-02-4178-0,Осирис,osiris,КЭ,"37,5 г/л эпоксиконазол + 27,5 г/л Метконазол",фунгицид,БАСФ Агро Б.В.,,II,III,14.08.2023,13.08.2026,Не действует,0
192-02-3551-1,Оскар,oskar,КЭ,125 г/л Пираклостробин + 125 г/л Тебуконазол,фунгицид,ООО ГК «ЗемлякоФФ»,1037724060560,II,III,21.03.2022,20.03.2032,Действует,0
590(297)-01-2509-1,Острог,ostrog,МК,100 г/л Альфа-ципермeтрин,инсектицид,"ООО «Франдеса», ООО ФРАНДЕСА",1157746513055,III,I,30.12.2019,29.12.2029,Действует,0
012-03-4554-1,Отличник,otlichnik,МКЭ,60 г/л хизалофоп-П-этил,гербицид,ООО Фирма «Зеленая Аптека Садовода»,1037700040564,III,III,03.05.2024,02.05.2034,Действует,0
769-01-3326-1,Отрава Доктор Харвест,otrava-doktor-harvest,ВР,50 г/л Экстракт натуральных пиретринов,инсектицид,«РУССКИЙ ПИРЕТРУМ»,1192375070755,IV,I,05.10.2021,04.10.2031,Действует,1
178-03-4531-1,Оцелот,otselot,КЭ,100 г/л феноксапроп-П-этил + 27 г/л антидот клоквинтосет-мексил,гербицид,ООО «Агро Эксперт Груп»,1027708006996,III,III,25.04.2024,24.04.2034,Действует,0
178-03-4843-1,Оцелот Плюс,otselot-plyus,КЭ,"69 г/л феноксапроп-П-этил + 34,5 г/л антидот -клоквинтосет-мексил",гербицид,ООО «Агро Эксперт Груп»,1027708006996,III,III,09.04.2025,08.04.2035,Действует,0
178-03-613-1,Оцелот Плюс,otselot-plyus,КЭ,"34,5 г/л антидот -клоквинтосет-мексил + 69 г/л феноксапроп-П-этил",гербицид,ООО «Агро Эксперт Груп»,1027708006996,III,III,30.03.2015,29.03.2025,Не действует,0
197-05-3517-1,Палица,palitsa,Г,50 г/кг Оксамил,нематицид,ООО «Агрохим ХХ1»,5067746338150,II,I,05.03.2022,04.03.2032,Действует,0
586-07-3312-1,Палко,palko,К,250 г/л Паклобутразол,регулятор роста,Глобакем НВ,,III,III,23.09.2021,22.09.2031,Действует,0
866-03-4260-1,Паллас КА,pallas-ka,МД,45 г/л Пироксулам + 90 г/л клоквинтосет-мексил,гербицид,ООО «ПРИОРИТЕТ ГРУПП»,1152312010740,II,III,17.11.2023,16.11.2033,Действует,0
653-03-2903-1,Пальмира,palmira,СЭ,"300 г/л 2,4-Д (сложный 2-этилгексиловый эфир) + 6,25 г/л флорасулам",гербицид,"+ 6,25 г/л флорасулам) ООО «СЭЙФТИ ФИЛД КОРПОРЭЙШН»",1112310006104,II,III,02.12.2020,01.12.2030,Действует,0
002-01-9948-1,Памперо,pampero,КС,200 г/л Хлорантранилипрол,инсектицид,"ООО ""АГРУСХИМ""",1057747562509,III,III,13.05.2026,12.05.2036,Действует,1
082-03-4770-1,Паноксон,panokson,КЭ,"35 г/л феноксапроп-П-этил + 22,5 г/л Пиноксаден + 11,25 г/л антидот -клоквинтосет-мексил",гербицид,ООО «Интер Групп»,1084312000420,II,III,10.01.2025,09.01.2035,Действует,0
869-03-4066-1,Пантера,pantera,КЭ,40 г/л Квизалофоп-П-тефурил,гербицид,ЮПЛ Холдингс Кооператив Ю.А.,,III,III,21.04.2023,20.04.2033,Действует,0
278-01-4112-1,Панцирь,pantsir,КС,600 г/л Тиаметоксам,инсектицид,ООО ЭЛЛИПСАГРО,1142308002495,III,-,30.03.2017,29.03.2027,Действует,0
021-03-4485-0,Парадокс,paradoks,ВРК,120 г/л Имазамокс,гербицид,АО Фирма «Август»,1025006038958,III,III,29.03.2024,28.03.2027,Действует,0
699-03-10041-0,Парарег,parareg,ВРК,33 г/л Имазамокс + 15 г/л Имазапир,гербицид,"Шандонг Вейфанг Рейнбоу Кемикал Ко., Лтд.",,III,III,07.07.2026,06.07.2029,Действует,0
018-02-10027-1,Парео,pareo,КС,500 г/л Каптан,фунгицид,"АО ""ЩЕЛКОВО АГРОХИМ""",1025006519427,II,III,26.06.2026,25.06.2036,Действует,0
184(026)-03-4149-1,Парсек,parsek,ВР,40 г/л Имазамокс,гербицид,"ООО «Агрорус и Ко», Агрия АД",,III,III,07.07.2023,06.07.2033,Действует,0
010-01-2638-1,Патрий,patriy,КЭ,250 г/л циперметрин,инсектицид,ООО «ЛИСТЕРРА»,1057749556930,III,I,01.04.2020,31.03.2030,Действует,0
010-03-2464-1,Патрон,patron,ВДГ,500 г/кг тифенсульфурон-метил + 250 г/кг трибенурон-метил,гербицид,ООО «ЛИСТЕРРА»,1057749556930,III,III,20.11.2019,19.11.2029,Действует,0
148-02-2376-1,Пеннкоцеб,pennkotseb,СП,800 г/кг Манкоцеб,фунгицид,ООО «ЮПЛ»,1157746848490,II,III,09.09.2019,08.09.2029,Действует,0
085-02-4141-1,Пеон,peon,КЭ,250 г/л Пропиконазол,фунгицид,ООО «Ярило»,1083123001500,II,III,29.06.2023,28.06.2033,Действует,0
041-02-1970-1,Пергадо Зокс,pergado-zoks,ВДГ,250 г/л Мандипропамид + 240 г/л Зоксамид,фунгицид,ООО «Сингента»,1037739325271,III,III,23.07.2018,22.07.2028,Действует,0
528-02-4086-1,Персео,perseo,КС,68 г/л Азоксистробин + 233 г/л хлороталонил,фунгицид,СИПКАМ ОКСОН С.П.А.,,II,III,22.05.2023,21.05.2033,Действует,0
010-03-9796-0,Перфектус,perfektus,ВДГ,750 г/кг тифенсульфурон-метил,гербицид,ООО «ЛИСТЕРРА»,1057749556930,III,III,12.02.2026,11.02.2029,Действует,0
665-03-2977-1,Пивам,pivam,ВРК,100 г/л Имазетапир,гербицид,ООО АМУРАГРОХИМЦЕНТР,1022800507080,III,III,13.01.2021,12.01.2031,Действует,0
334-03-2414-1,Пивот,pivot,ВК,100 г/л Имазетапир,гербицид,БАСФ Агрокемикал Продактс Б.В.,,III,III,24.09.2019,23.09.2029,Действует,0
041-03-2307-1,Пик,pik,ВДГ,750 г/кг Просульфурон,гербицид,ООО «Сингента»,1037739325271,III,III,08.07.2019,07.07.2029,Действует,0
966-01-4888-0,Пиклоприд,pikloprid,КС,480 г/л Тиаклоприд,инсектицид,ООО «КРОПЭКС»,1037706002773,II,III,02.06.2025,01.06.2028,Действует,0
699-02-3680-1,Пикокарб,pikokarb,СК,"625 г/л Пропамокарб гидрохлорид + 62,5 г/л Флуопиколид",фунгицид,"«Шандонг Вейфанг Рейбоу Кемикал Ко., Лтд.",,III,III,13.05.2022,12.05.2032,Действует,0
018-03-2321-1,Пиксель,piksel,МД,90 г/кг тифенсульфурон-метил + 24 г/кг Флуметсулам + 18 г/кг флорасулам,гербицид,АО «Щелково Агрохим»,1025006519427,III,III,18.07.2019,17.07.2029,Действует,0
014-02-2870-1,Пиктор,piktor,КС,200 г/л Димоксистробин + 200 г/л Боскалид,фунгицид,«БАСФ СЕ»,,II,III,02.11.2020,01.11.2030,Действует,0
014-02-3123-1,Пиктор Актив,piktor-aktiv,КС,250 г/л Пираклостробин + 150 г/л Боскалид,фунгицид,«БАСФ СЕ»,,III,III,21.04.2021,20.04.2031,Действует,0
021-03-1692-1,Пилот,pilot,ВСК,700 г/л Метамитрон,гербицид,АО Фирма «Август»,1025006038958,III,III,28.11.2017,27.11.2027,Действует,0
010-03-3976-1,ПиноКвинто,pinokvinto,КЭ,"50 г/л Пиноксаден + 12,5 г/л антидот -клоквинтосет-мексил",гербицид,ООО «ЛИСТЕРРА»,1057749556930,III,III,02.02.2023,01.02.2033,Действует,0
866-03-4965-0,Пинофен,pinofen,КЭ,50 г/л г/л Пиноксаден + 50 г/л г/л феноксапроп-П-этил + 70 г/л г/л антидот -клоквинтосет-мексил,гербицид,ООО «ПРИОРИТЕТ ГРУПП»,1152312010740,III,III,28.07.2025,27.07.2035,Действует,0
021-01-1899-1,Пиноцид,pinotsid,СК,125 г/л Альфа-ципермeтрин + 100 г/л Имидаклоприд + 50 г/л Клотианидин,инсектицид,АО Фирма «Август»,1025006038958,III,I,28.04.2018,27.04.2028,Действует,1
018-03-3535-1,Пинта,pinta,МД,50 г/л Флуметсулам + 36 г/л флорасулам,гербицид,АО «Щелково Агрохим»,1025006519427,III,III,18.03.2022,17.03.2032,Действует,0
014-03-1636-1,Пирамин Турбо,piramin-turbo,КС,520 г/л хлоридазон,гербицид,«БАСФ СЕ»,,III,III,07.12.2017,06.12.2027,Действует,0
184(026)-03-2842-1,Пиранья,piranya,КЭ,240 г/л Оксифлуорфен,гербицид,"ООО «Агрорус и Ко», Агрия АД",,III,III,16.10.2020,15.10.2030,Действует,0
070-02-3399-1,Пирафикс,pirafiks,КЭ,250 г/л Пираклостробин,фунгицид,ООО «АГРОМИР»,1187746148424,III,III,07.12.2021,06.12.2031,Действует,0
070-02-9912-0,Пирафикс Про,pirafiks-pro,КС,250 г/л Пираклостробин + 150 г/л Боскалид,фунгицид,"ООО ""АГРОМИР""",1187746148424,III,III,21.04.2026,20.04.2029,Действует,0
018-01-2801-1,Пирелли,pirelli,КЭ,400 г/л Хлорпирифос + 20 г/л Бифентрин,инсектицид,АО «Щелково Агрохим»,1025006519427,II,I,16.09.2020,15.09.2030,Действует,0
172-01-1121-1,Пиригрэн 50,pirigren-50,Ж,50 г/л Пиримифос-метил,инсектицид,СОЖАМ САС,,III,-,20.05.2016,19.05.2026,Не действует,0
389-02-3573-1,Пириметан,pirimetan,КС,400 г/л Пириметанил,фунгицид,ООО «АГРОПРОГРЕСС КЭМИКАЛС»,1157847140296,III,III,28.03.2022,27.03.2032,Действует,0
156-01-3984-1,Пиринекс Супер,pirineks-super,КЭ,400 г/л Хлорпирифос + 20 г/л Бифентрин,инсектицид,ООО «АДАМА РУС»,1062310039934,II,I,15.02.2023,14.02.2033,Действует,0
201-02-4550-1,Пирус,pirus,КС,400 г/л Пириметанил,фунгицид,АРИСТА ЛАЙФСАЙЕНС С.А.С.,,III,III,07.05.2024,06.05.2034,Действует,0
322-02-4714-1,Пирус,pirus,КС,400 г/л Пириметанил,фунгицид,Ариста ЛайфСайенс Бенилюкс СПРЛ,,III,III,07.05.2024,06.05.2034,Действует,0
050-02-4935-1,Пируэт,piruet,КС,500 г/л хлороталонил + 55 г/л пираклостробина,фунгицид,АО «ФМРус»,1097746208207,II,III,30.06.2025,29.06.2035,Действует,0
010-01-2824-1,Питомец,pitomets,КС,150 г/л Тиаметоксам + 150 г/л альфа-циперметрин,инсектицид,ООО «ЛИСТЕРРА»,1057749556930,III,I,06.10.2020,05.10.2030,Не действует,0
010-01-4985-0,Питомец,pitomets,КС,150 г/л Тиаметоксам + 150 г/л Альфа-ципермeтрин,инсектицид,ООО «ЛИСТЕРРА»,1057749556930,III,I,07.08.2025,06.08.2028,Действует,0
021-03-3522-1,Питон,piton,КЭ,720 г/л Пропизохлор,гербицид,АО Фирма «Август»,1025006038958,II,III,14.03.2022,13.03.2032,Действует,0
184-02-4859-1,Пифон,pifon,КС,250 г/л г/л Пираклостробин + 150 г/л г/л Боскалид,фунгицид,ООО «Агрорус и Ко»,,II,III,29.04.2025,28.04.2035,Действует,0
192-02-10089-1,Плагин,plagin,КС,350 г/л Мефеноксам,фунгицид,"ООО ГК ""ЗЕМЛЯКОФФ""",1037724060560,III,-,20.08.2026,19.08.2036,Действует,0
734-07-3223-1,Плантарел,plantarel,ВР,"0,5 г/л Коллоидное серебро + 0,5 г/л полигексаметиленбигуанид гидрохлорид",регулятор роста,ООО «ХЭБАРАГИ»,1167746577217,III,III,15.07.2021,14.07.2031,Действует,1
021-02-4358-1,Плантенол Нео,plantenol-neo,ВДГ,500 г/кг Ципродинил,фунгицид,АО Фирма «Август»,1025006038958,III,III,12.01.2024,11.01.2034,Действует,1
032-03-4675-1,Пледж,pledzh,СП,500 г/кг Флумиоксазин,гербицид,Сумитомо Кемикал Агро Юроп С.А.С.,,II,III,25.09.2024,24.09.2034,Действует,0
021-03-2651-1,Плектор,plektor,ВДГ,750 г/кг Диклосулам,гербицид,АО Фирма «Август»,1025006038958,III,III,20.04.2020,19.04.2030,Действует,0
041-02-4283-0,Пленарис,plenaris,КС,200 г/л Оксатиапипролин,фунгицид,ООО «Сингента»,1037739325271,III,-,04.12.2023,03.12.2026,Действует,0
041-01-1295-1,Пленум,plenum,ВДГ,500 г/кг Пиметрозин,инсектицид,ООО «Сингента»,1037739325271,III,III,12.12.2016,11.12.2026,Действует,0
008-07-443-1,Плодостим,plodostim,К,"5,5 г/кг Гиббереллиновых кислот натриевые соли",регулятор роста,ООО «Ваше хозяйство»,1025203566728,III,III,28.10.2014,27.10.2024,Не действует,1
021-03-3571-1,Плуггер,plugger,ВДГ,625 г/кг трибенурон-метил + 125 г/кг Метсульфурон-метил,гербицид,АО Фирма «Август»,1025006038958,III,III,28.03.2022,27.03.2032,Действует,0
126-03-9710-0,Подиумакс,podiumaks,МКЭ,125 г/л Галоксифоп-П-метил + 60 г/л Квизалофоп-П-тефурил,гербицид,"ООО ""ШАНС""",1093668046812,III,III,05.12.2025,04.12.2028,Действует,0
064-03-2874-1,Подмарин,podmarin,КЭ,"300 г/л 2,4-Д кислоты (2-этилгексиловый эфир) + 6,25 г/л флорасулам",гербицид,"+ 6,25 г/л флорасулам) ООО «Химагромаркетинг»",1032305700008,II,III,10.11.2020,09.11.2030,Действует,0
064-03-4923-1,Позитив Плюс,pozitiv-plyus,КС,500 г/л Прометрин,гербицид,ООО «Химагромаркетинг»,1032305700008,III,III,23.06.2025,22.06.2035,Действует,0
064-03-714-1,Позитив Плюс,pozitiv-plyus,КС,500 г/л Прометрин,гербицид,ООО «Химагромаркетинг»,1032305700008,III,-,21.07.2015,20.07.2025,Не действует,0
231-01-1115-1,Покровитель,pokrovitel,КС,140 г/л Имидаклоприд + 150 г/л пенцикурон,инсектицид,ИП Тарасов Юрий ДмитриевичИП 314774607001433,,III,-,03.06.2016,02.06.2026,Не действует,1
170-02-3828-1,Полар 50,polar-50,ВГ,500 г/кг Комплекс полиоксинов,фунгицид,Гадот Агро Лтд.,,III,III,07.09.2016,06.09.2026,Не действует,0
018-02-4082-1,Поларис,polaris,МЭ,100 г/л Прохлораз + 25 г/л Имазалил + 15 г/л Тебуконазол,фунгицид,АО «Щелково Агрохим»,1025006519427,II,-,22.05.2023,21.05.2033,Действует,0
018-01(02)-3768-1,Поларис Кватро,polaris-kvatro,СМЭ,150 г/л Ацетамиприд + 100 г/л Прохлораз + 20 г/л Тебуконазол + 15 г/л Пираклостробин,инсектицид,АО «Щелково Агрохим»,1025006519427,II,-,22.07.2022,21.07.2032,Действует,0
871-03-4224-1,Полгар,polgar,КЭ,100 г/л феноксапроп-П-этил + 27 г/л антидот мефенпир-диэтил,гербицид,Рейбоу Агросайенс Кфт.,,III,III,19.10.2023,18.10.2033,Действует,0
017-03-1417-1,Полгар 7.5,polgar-7-5,КЭ,69 г/л феноксапроп-П-этил + 75 г/л антидот мефенпир-диэтил,гербицид,ПЕТЕРС & БУРГ Кфт.,,III,III,17.03.2017,16.03.2027,Действует,0
178-03-4525-1,Полиан,polian,МД,225 г/л трибенурон-метил + 76 г/л тифенсульфурон-метил,гербицид,ООО «Агро Эксперт Груп»,1027708006996,III,III,25.04.2024,24.04.2034,Действует,0
126-02-4189-1,Полидок,polidok,ВДГ,700 г/кг Метирам,фунгицид,ООО «Шанс»,1093668046812,II,III,06.09.2023,05.09.2033,Действует,0
014-02-1648-1,Полирам ДФ,poliram-df,ВДГ,700 г/кг Метирам,фунгицид,«БАСФ СЕ»,,II,III,12.12.2017,11.12.2027,Действует,0
010-04-3485-1,Полис,polis,В,280 (150) г/л Дикват дибромида (200 г/л в пересчете на дикват ион),десикант,г/л Дикват дибромида (200 г/л в пересчете на дикват ион)) ООО «ЛИСТЕРРА»,1057749556930,III,III,21.01.2022,15.02.2024,Действует,0
682(854)-03-4632-1,Поллукс,polluks,ЭМВ,"34,5 г/л антидот -клоквинтосет-мексил + 69 г/л феноксапроп-П-этил",гербицид,"ООО «НПК ХИМИЯ», ООО «Праймагро»",1197746012199,III,III,08.07.2024,07.07.2034,Действует,0
010-02-4932-0,Полпред,polpred,КС,500 г/л флуазинам,фунгицид,ООО «ЛИСТЕРРА»,1057749556930,III,III,27.06.2025,26.06.2028,Действует,0
586-02-4217-1,Помарикс,pomariks,КС,336 г/л Пириметанил + 133 г/л Флудиоксонил,фунгицид,Глобакем НВ,,II,III,06.10.2023,05.10.2033,Действует,0
1000-01-9962-0,Пончо,poncho,КС,600 г/л Клотианидин,инсектицид,БАСФ Агрикалчурал Солюшнс ЮС ООО,,III,-,20.05.2026,21.05.2029,Действует,0
334-01-2791-1,Пончо,poncho,КС,600 г/л Клотианидин,инсектицид,БАСФ Корпорэйшн,,III,-,23.10.2015,22.10.2025,Не действует,0
019-01-2817-1,Пончо Бета,poncho-beta,КС,400 г/л Клотианидин + 53 г/л бета-цифлутрин,инсектицид,Байер КропСайенс АГ,,III,-,13.10.2020,12.10.2030,Действует,0
334-01-4344-0,Пончо Вотиво,poncho-votivo,КС,508 г/л Клотианидин + 102 г/л Bacillus firmus( I-1582),инсектицид,БАСФ Корпорэйшн,,III,-,28.12.2023,27.12.2026,Действует,0
699-03-4314-1,Поптрин,poptrin,КС,500 г/л Прометрин,гербицид,"«Шандонг Вейфанг Рейбоу Кемикал Ко., Лтд.",,III,III,14.12.2023,13.12.2033,Действует,0
018-01-4868-0,Порфир,porfir,КС,200 г/л г/л Хлорантранилипрол,инсектицид,АО «Щелково Агрохим»,1025006519427,III,III,15.05.2025,14.05.2028,Действует,1
012-01-2615-1,Почин,pochin,Г,50 г/кг Диазинон,инсектицид,ООО Фирма «Зеленая Аптека Садовода»,1037700040564,III,-,19.03.2020,18.03.2030,Действует,1
012-01-4694-1,Почин-М,pochin-m,Г,20 г/кг Имидаклоприд,инсектицид,ООО Фирма «Зеленая Аптека Садовода»,1037700040564,I,-,17.10.2024,16.10.2034,Действует,1
005-07-2101-1,Почкорост,pochkorost,П,10 г/кг 6-бензиламинопурин,регулятор роста,АО Фирма «Август»,1025006038958,III,III,07.02.2019,06.02.2029,Действует,1
101-02-4366-1,Пралин Экстра,pralin-ekstra,СП,"10¹⁰ КОЕ/г Bacillussubtilis, В1018",фунгицид,ООО «БИОМ-ПРО»,1075009002254,III,III,17.01.2024,16.01.2034,Не действует,0
101-02-4986-1,Пралин Экстра,pralin-ekstra,Ж,2Х10⁹ КОЕ/см³ Bacillussubtilis B1018,фунгицид,ООО «БИОМ-ПРО»,1075009002254,III,III,07.08.2025,06.08.2035,Действует,0
019-02-3930-1,Превикур Энерджи,previkur-enerdzhi,ВК,530 г/л Пропамокарб + 310 г/л фосэтил,фунгицид,Байер КропСайенс АГ,,III,III,09.01.2023,08.01.2033,Действует,1
699-02-4041-1,Прегард,pregard,КС,500 г/л флуазинам,фунгицид,"«Шандонг Вейфанг Рейбоу Кемикал Ко., Лтд.",,III,III,20.03.2023,19.03.2033,Действует,0
015-02-844-1,Премис Двести,premis-dvesti,КС,200 г/л тритиконазол,фунгицид,БАСФ Агро Б.В.,,III,-,30.10.2015,29.10.2025,Не действует,0
192-03-2865-1,Премьер 300,premer-300,ВР,300 г/л Клопиралид,гербицид,ООО ГК «ЗемлякоФФ»,1037724060560,III,III,02.11.2020,01.11.2030,Действует,0
006-03-710-1,Премьера,premera,СЭ,"6,25 г/л флорасулам + 300 г/л 2,4-Д кислоты (2-этилгексиловый эфир)",гербицид,ОАО «Группа компаний «Агропром-МДТ»,,II,III,20.07.2015,19.07.2025,Не действует,0
089-01-2641-1,Препарат 30 Плюс,preparat-30-plyus,ММЭ,760 г/кг Вазелиновое масло,инсектицид,ООО НПФ «Собер»,,III,III,06.04.2020,05.04.2030,Действует,1
019-01-2400-1,Престиж,prestizh,КС,140 г/л Имидаклоприд + 150 г/л пенцикурон,инсектицид,Байер КропСайенс АГ,,III,-,18.09.2019,17.09.2029,Действует,1
019-02-2401-1,Престиж,prestizh,КС,140 г/л Имидаклоприд + 150 г/л пенцикурон,фунгицид,Байер КропСайенс АГ,,III,-,18.09.2019,17.09.2029,Действует,1
561-01-4296-1,Престиж Топ,prestizh-top,КС,150 г/л пенцикурон + 140 г/л Имидаклоприд,инсектицид,Гован Кроп Протекшен Лимитед,,III,-,11.12.2023,10.12.2033,Действует,1
192-03-1016-1,Префект,prefekt,ВДГ,500 г/кг римсульфурон,гербицид,ООО ГК «ЗемлякоФФ»,1037724060560,III,III,09.03.2016,08.03.2026,Не действует,0
014-02-1635-1,Приаксор,priaksor,КЭ,150 г/л Пираклостробин + 75 г/л флуксапироксад,фунгицид,«БАСФ СЕ»,,III,III,07.12.2017,06.12.2027,Действует,0
015-02-4487-0,Приаксор Макс,priaksor-maks,КЭ,200 г/л Пираклостробин + 125 г/л пропиконазола + 30 г/л флуксапироксад,фунгицид,БАСФ Агро Б.В.,,II,III,29.03.2024,28.03.2027,Действует,0
021-02-3071-1,Приам,priam,КЭ,250 г/л Ципродинил,фунгицид,АО Фирма «Август»,1025006038958,II,III,25.03.2021,24.03.2031,Действует,0
184(026)-02-2298-1,Привент,privent,СП,250 г/кг Триадимефон,фунгицид,"ООО «Агрорус и Ко», Агрия АД",,III,III,01.07.2019,30.06.2029,Действует,0
653-03-3763-1,Приклад,priklad,ВДГ,750 г/кг Клопиралид,гербицид,ООО «СЭЙФТИ ФИЛД КОРПОРЭЙШН»,1112310006104,II,-,15.07.2022,14.07.2032,Действует,0
009-03-2154-1,Прима,prima,СЭ,"6,25 г/л флорасулам + 300 г/л 2,4-Д (сложный 2-этилгексиловый эфир)",гербицид,ДАУ АГРОСАЕНСЕС ВЕРТРИБСГЕЗЕЛЬШАФ Т М.Б.Х.,,II,III,12.03.2019,11.03.2029,Действует,0
866-03-4614-1,Прима КА,prima-ka,СЭ,"300 г/л 2,4-Д (сложный 2-этилгексиловый эфир) + 6,25 г/л флорасулам",гербицид,"+ 6,25 г/л флорасулам) ООО Кортева Агрисаенс Рус",1106195008787,II,III,14.06.2024,13.06.2034,Действует,0
009-03-2707-1,Прима Форте 195,prima-forte-195,СЭ,"180 г/л 2,4-Д (2-этилгексиловый эфир) + 10 г/л Аминопиралид + 5 г/л флорасулам",гербицид,+ 10 г/л Аминопиралид + 5 г/л флорасулам) ДАУ АГРОСАЕНСЕС ВЕРТРИБСГЕЗЕЛЬШАФ Т М.Б.Х.,,II,III,19.06.2020,18.06.2030,Действует,0
866-03-4615-0,Прима Форте КА,prima-forte-ka,СЭ,"180 г/л 2,4-Д (2-этилгексиловый эфир) + 10 г/л Аминопиралид + 5 г/л флорасулам",гербицид,+ 10 г/л Аминопиралид + 5 г/л флорасулам) ООО Кортева Агрисаенс Рус,1106195008787,II,III,14.06.2024,13.06.2027,Действует,0
197-03-1383-1,Примавера,primavera,СЭ,"300 г/л 2,4-Д (2-этилгексиловый эфир) + 6,25 г/л флорасулам",гербицид,"+ 6,25 г/л флорасулам) ООО «Агрохим ХХ1»",5067746338150,II,III,06.03.2017,05.03.2027,Действует,0
018-03-4660-0,Примадонна,primadonna,СЭ,"200 г/л 2,4-Д (сложный 2-этилгексиловый эфир) + 3,7 г/л флорасулам",гербицид,"+ 3,7 г/л флорасулам) АО «Щелково Агрохим»",1025006519427,II,III,30.08.2024,29.08.2027,Действует,0
018-03-4610-1,Примадонна Супер,primadonna-super,ККР,"200 г/л 2,4-Д (сложный 2-этилгексиловый эфир) + 5 г/л флорасулам",гербицид,+ 5 г/л флорасулам) АО «Щелково Агрохим»,1025006519427,II,III,13.06.2024,12.06.2034,Действует,0
063-03-2784-1,Приоритет,prioritet,КС,40 г/л никосульфурон,гербицид,ООО «ХИМАГРОМАРКЕТИН Г.РУ»,1023403447913,III,III,09.09.2020,08.09.2030,Действует,0
038(954)-03-4739-1,Прицел,pritsel,КЭ,125 г/л Протиоконазол + 80 г/л Ципроконазол,фунгицид,"ООО «АГРОКОМ», ООО «АП Протекшен»","1077758212685, 1077203028528",III,III,27.11.2024,26.11.2034,Действует,0
126-03-677-1,Пришанс,prishans,СЭ,"300 г/л 2,4-Д (сложный 2-этилгексиловый эфир) + 6,25 г/л флорасулам",гербицид,"+ 6,25 г/л флорасулам) ООО «Шанс»",1093668046812,II,III,08.06.2015,07.06.2025,Не действует,0
126-03-9866-1,Пришанс,prishans,СЭ,"300 г/л 2,4-Д кислота (сложный 2-этилгексиловый эфир) + 6,25 г/л флорасулам",гербицид,"+ 6,25 г/л флорасулам) ООО ""ШАНС""",1093668046812,II,III,26.03.2026,25.03.2036,Действует,0
126-03-4658-1,Пришанс Супер,prishans-super,СЭ,"285 г/л 2,4-Д (сложный 2-этилгексиловый эфир) + 30,5 г/л флуроксипир + 11,5 г/л флорасулам",гербицид,"+ 30,5 г/л флуроксипир + 11,5 г/л флорасулам) ООО «Шанс»",1093668046812,II,III,30.08.2024,29.08.2034,Действует,0
971-02-9763-0,ПроТэб,proteb,КМЭ,300 г/л Пропиконазол + 200 г/л Тебуконазол,фунгицид,"ООО ""ПРОЛАЙН""",1230200002020,II,III,19.01.2026,18.01.2029,Действует,0
921-07-4467-1,ПроФреш,profresh,П,30 г/кг 1-метилциклопропен,регулятор роста,ООО ПРОФРЕШГРУПП,1225000040880,III,-,19.03.2024,18.03.2034,Действует,0
064-03-4622-1,ПроФус,profus,КЭ,720 г/л Пропизохлор,гербицид,ООО «Химагромаркетинг»,1032305700008,II,-,24.06.2024,23.06.2034,Действует,0
126-02-9713-0,Проазоксил,proazoksil,МЭ,148 г/л Прохлораз + 33 г/л Азоксистробин + 27 г/л Тебуконазол,фунгицид,"ООО ""ШАНС""",1093668046812,II,III,09.12.2025,08.12.2028,Действует,0
046-02-5073-1,Провизор,provizor,СК,250 г/л Азоксистробин,фунгицид,ООО «ПСК Техноэкспорт»,1125042005175,III,III,29.08.2025,09.03.2030,Действует,1
021-01-2700-1,Провотокс,provotoks,Г,40 г/кг Диазинон,инсектицид,АО Фирма «Август»,1025006038958,III,-,08.06.2020,07.06.2030,Действует,1
046-02-3850-1,Прогноз,prognoz,КЭ,250 г/л Пропиконазол,фунгицид,ЗАО «ТПК «Техноэкспорт»,1025005325070,III,III,01.11.2022,31.10.2032,Не действует,1
046-02-5040-1,Прогноз,prognoz,КЭ,250 г/л Пропиконазол,фунгицид,ООО «Техноэкспорт»,1125042005175,III,III,29.08.2025,31.10.2032,Действует,1
019-02-2441-1,Прозаро,prozaro,КЭ,125 г/л Тебуконазол + 125 г/л Протиоконазол,фунгицид,Байер КропСайенс АГ,,II,III,25.10.2019,24.10.2029,Действует,0
019-02-880-1,Прозаро Квантум,prozaro-kvantum,КЭ,80 г/л Протиоконазол + 160 г/л Тебуконазол,фунгицид,Байер КропСайенс АГ,,II,III,10.12.2015,09.12.2025,Не действует,0
б/н Прозаро Квантум,Прозаро Квантум,prozaro-kvantum,КЭ,80 г/л Протиоконазол + 160 г/л Тебуконазол,фунгицид,Байер КропСайенс АГ,,II,III,10.03.2026,09.03.2029,Действует,0
041-01-4238-1,Проклэйм,prokleym,ВРГ,50 г/л Эмамектин бензоат,инсектицид,ООО «Сингента»,1037739325271,III,I,27.10.2023,26.10.2033,Действует,0
041-02-3036-1,Проклэйм Фит,prokleym-fit,ВДГ,400 г/кг Люфенурон + 50 г/кг Эмамектин бензоат,фунгицид,ООО «Сингента»,1037739325271,III,I,02.03.2021,01.03.2031,Действует,0
699-03-10040-0,Прокор Экстра,prokor-ekstra,ВДГ,840 г/кг Диклосулам,гербицид,"Шандонг Вейфанг Рейнбоу Кемикал Ко., Лтд.",,III,III,07.07.2026,06.07.2029,Действует,0
050(360)-01-1067-1,Прокроп,prokrop,КЭ,450 г/л Пиримифос-метил + 20 г/л Бифентрин,инсектицид,"ЗАО «ФМРус», ООО «АГРОХИМИНВЕСТ","1097746208207, 1027743011207",III,-,07.04.2016,06.04.2026,Не действует,0
050-01-9767-1,Прокроп,prokrop,КЭ,450 г/л Пиримифос-метил + 20 г/л Бифентрин,инсектицид,"АО ""ФМРус""",1097746208207,III,III,20.01.2026,19.01.2036,Действует,0
046-02-3111-1,Проксима,proksima,КС,25 г/л Флудиоксонил + 15 г/л Тебуконазол + 10 г/л Азоксистробин,фунгицид,ЗАО «ТПК «Техноэкспорт»,1025005325070,II,-,15.04.2021,14.04.2031,Не действует,0
046-02-5052-1,Проксима,proksima,КС,25 г/л Флудиоксонил + 15 г/л Тебуконазол + 10 г/л Азоксистробин,фунгицид,ООО «Техноэкспорт»,1125042005175,II,-,29.08.2025,14.04.2031,Действует,0
"197(134,010)-03-2293-1",Прокул,prokul,КЭ,720 г/л Пропизохлор,гербицид,"ООО «ЛИСТЕРРА», ООО «Агрохим ХХ1», ООО «РАНГОЛИ»","1057749556930, 5067746338150, 1157746217848",II,III,01.07.2019,30.06.2029,Действует,0
032-07-4976-1,Пролиант,proliant,ВГ,400 г/кг гиббереллиновая кислота А3,регулятор роста,Сумитомо Кемикал Агро Юроп С.А.С.,,IV,III,05.08.2025,04.08.2035,Действует,0
278-03-4111-1,Промекс,promeks,КС,500 г/л Прометрин,гербицид,ООО ЭЛЛИПСАГРО,1142308002495,III,III,12.04.2017,11.04.2027,Действует,0
010(154)-03-2677-1,Променад,promenad,СК,500 г/л Прометрин,гербицид,"ООО «ЛИСТЕРРА», ООО «РУСЮРОФАРМ»",1057749556930,III,III,18.05.2020,17.05.2030,Действует,0
023-03-1248-1,Промет,promet,КС,500 г/л Прометрин,гербицид,ООО «АНПП «Агрохим-XXI»,1027700119710,III,III,05.10.2016,04.10.2026,Действует,0
085-03-4801-1,Прометей,prometey,ВДГ,750 г/кг трибенурон-метил,гербицид,ООО «Ярило»,1083123001500,III,III,03.02.2025,02.02.2035,Действует,0
085-03-577-1,Прометей,prometey,ВДГ,750 г/кг трибенурон-метил,гербицид,ООО «Ярило»,1083123001500,III,III,02.03.2015,01.03.2025,Не действует,0
184(026)-03-2457-1,Прометрин,prometrin,СК,500 г/л Прометрин,гербицид,"ООО «Агрорус и Ко», Агрия АД",,III,III,06.11.2019,05.11.2029,Действует,0
277-03-2139-1,Промобел,promobel,КС,500 г/л Прометрин,гербицид,ООО «БЕЛИН»,1127747077622,III,III,04.03.2019,03.03.2029,Действует,0
178-01-4524-1,Промэкс,promeks,КЭ,125 г/л Индоксакарб + 50 г/л лямбда-цигалотрин,инсектицид,ООО «Агро Эксперт Груп»,1027708006996,II,I,25.04.2024,24.04.2034,Действует,0
653-02-4162-1,Проназол Про,pronazol-pro,КЭ,300 г/л Пропиконазол + 200 г/л Тебуконазол,фунгицид,ООО «СЭЙФТИ ФИЛД КОРПОРЭЙШН»,1112310006104,II,III,20.07.2023,19.07.2033,Действует,0
017-03-3451-1,Пронто,pronto,КЭ,720 г/л Пропизохлор,гербицид,ПЕТЕРС & БУРГ Кфт.,,II,III,27.12.2021,26.12.2031,Действует,0
192-02-3133-1,Пропи Плюс,propi-plyus,КЭ,250 г/л Пропиконазол,фунгицид,ООО ГК «ЗемлякоФФ»,1037724060560,III,III,26.05.2021,25.05.2031,Действует,0
126-02-3999-1,ПропиШанс,propishans,КЭ,250 г/л Пропиконазол,фунгицид,ООО «Шанс»,1093668046812,III,III,03.03.2023,02.03.2033,Действует,0
126-02-4544-1,Пропишанс Супер,propishans-super,КЭ,250 г/л Пропиконазол + 80 г/л Ципроконазол,фунгицид,ООО «Шанс»,1093668046812,III,III,03.05.2024,02.05.2034,Действует,0
126-02-2187-1,Пропишанс Универсал,propishans-universal,КМЭ,300 г/л Пропиконазол + 200 г/л Тебуконазол,фунгицид,ООО «Шанс»,1093668046812,II,III,05.04.2019,27.02.2024,Действует,0
201-03-3918-0,Пропонит,proponit,КЭ,720 г/л Пропизохлор,гербицид,АРИСТА ЛАЙФСАЙЕНС С.А.С.,,II,III,21.12.2022,20.12.2025,Не действует,0
201-03-9786-1,Пропонит,proponit,КЭ,720 г/л Пропизохлор,гербицид,Ариста ЛайфСайенс С.А.С.,,II,III,30.01.2026,29.01.2036,Действует,0
201-03-1090-1,Пропонит Дуо,proponit-duo,КЭ,720 г/л Пропизохлор + 30 г/л кломазон,гербицид,АРИСТА ЛАЙФСАЙЕНС С.А.С.,,II,III,21.04.2016,20.04.2026,Не действует,0
201-03-9757-0,Пропонит Дуо,proponit-duo,КЭ,720 г/л Пропизохлор + 30 г/л кломазон,гербицид,Ариста ЛайфСайенс С.А.С.,,II,III,15.01.2026,14.01.2029,Действует,0
019-02-1543-1,Пропульс,propuls,СЭ,125 г/л Флуопирам + 125 г/л Протиоконазол,фунгицид,Байер КропСайенс АГ,,III,III,29.08.2017,28.08.2027,Действует,0
570-03-2405-1,Пропус,propus,ВР,40 г/л Имазамокс,гербицид,ООО «КЛЕВЕР ГРУПП»,1172801001350,III,III,19.09.2019,18.09.2029,Действует,0
033-07-1375-1,Проросток,prorostok,Р,"0,015 г/л Арахидоновая кислота",регулятор роста,ООО «ОРТОН»,1025004916573,III,III,27.02.2017,26.02.2027,Действует,1
178-02-3481-1,Протазокс,protazoks,КС,200 г/л Азоксистробин + 125 г/л Протиоконазол + 60 г/л Дифеноконазол,фунгицид,ООО «Агро Эксперт Груп»,1027708006996,III,III,21.01.2022,20.01.2032,Действует,0
018-02-3008-1,Протего Макс,protego-maks,МЭ,75 г/л Протиоконазол + 25 г/л Пираклостробин + 25 г/л Тебуконазол,фунгицид,АО «Щелково Агрохим»,1025006519427,II,-,09.02.2021,08.02.2031,Действует,0
064-03-4010-1,Протеже,protezhe,КЭ,90 г/л феноксапроп-П-этил + 60 г/л Клодинафоп-пропаргил + 40 г/л антидот -клоквинтосет-мексил,гербицид,ООО «Химагромаркетинг»,1032305700008,III,III,09.03.2023,08.03.2033,Действует,0
178-02-1365-1,Протект,protekt,КС,25 г/л Флудиоксонил,фунгицид,ООО «Агро Эксперт Груп»,1027708006996,III,-,09.02.2017,21.05.2018,Действует,0
178-02-4527-1,Протект Комби,protekt-kombi,СЭ,"55 г/л Пираклостробин + 48 г/л Протиоконазол + 37,5 г/л флудиоксанил + 10 г/л Тебуконазол",фунгицид,ООО «Агро Эксперт Груп»,1027708006996,II,-,24.04.2024,23.04.2034,Действует,0
178-02-1387-1,Протект Форте,protekt-forte,ВСК,30 г/л Флудиоксонил + 40 г/л Флутриафол,фунгицид,ООО «Агро Эксперт Груп»,1027708006996,III,III,06.03.2017,21.05.2018,Действует,0
586-02-4733-0,Протендо,protendo,КЭ,300 г/л Протиоконазол,фунгицид,Глобакем НВ,,II,III,26.11.2024,25.11.2027,Действует,0
019-01-1589-1,Протеус,proteus,МД,100 г/л Тиаклоприд + 10 г/л Дельтаметрин,инсектицид,Байер КропСайенс АГ,,II,II,07.11.2017,06.11.2027,Действует,0
097(002)-02-2635-1,Профи,profi,КЭ,250 г/л Пропиконазол,фунгицид,"ООО «АГРус», ООО «АГРУСХИМ»","5087746677893, 1057747562509",III,III,31.03.2020,30.03.2030,Действует,1
097-02-2759-1,Профи Супер,profi-super,КЭ,250 г/л Пропиконазол + 80 г/л Ципроконазол,фунгицид,ООО «АГРус»,5087746677893,III,III,15.07.2020,14.07.2030,Действует,0
097-02-3484-1,Профи Форте,profi-forte,КМЭ,300 г/л Пропиконазол + 200 г/л Тебуконазол,фунгицид,ООО «АГРус»,5087746677893,II,III,21.01.2022,20.01.2032,Действует,0
050-02-9600-1,Профикс,profiks,КЭ,250 г/л Пропиконазол,фунгицид,АО «ФМРус»,1097746208207,II,III,24.09.2025,23.09.2035,Действует,0
021-01-2703-1,Профилактин Био,profilaktin-bio,ВЭ,"658 г/л Вазелиновое масло + 2,2 г/л Матрин",инсектицид,АО Фирма «Август»,1025006038958,III,III,18.06.2020,17.06.2030,Действует,1
021-01-2322-1,Профилактин Лайт,profilaktin-layt,ВЭ,658 г/л Вазелиновое масло,инсектицид,АО Фирма «Август»,1025006038958,III,III,24.07.2019,23.07.2029,Действует,1
012-02-2111-1,Профит Голд,profit-gold,ВДГ,250 г/кг Фамоксадон + 250 г/кг цимоксанил,фунгицид,ООО Фирма «Зеленая Аптека Садовода»,1037700040564,III,III,06.02.2019,05.02.2029,Действует,1
184(026)-02-4154-1,Процессор,protsessor,КС,400 г/л Пропамокарб гидрохлорид + 50 г/л цимоксанил,фунгицид,"ООО «Агрорус и Ко», Агрия АД",,III,III,12.07.2023,11.07.2033,Действует,0
173-02-4898-0,Псевдобактерин 3+,psevdobakterin-3,Ж,не менее 2×10⁹ КОЕ/см³ Pseudomonasaureofaciens штамм В-2391 Д,фунгицид,ООО «ОРГАНИК ПАРК»,1127746020918,III,III,06.06.2025,05.06.2028,Действует,0
176-01-436-1,Псевдобактерин-2,psevdobakterin-2,Ж,"2×10⁹ КОЕ/Мл Pseudomonas aureofaciens, штамм BS 1393",фунгицид,ФГБУН ИБФМим.Г.К.Скрябина РАН,,IV,III,27.10.2014,26.10.2024,Не действует,0
176-01-437-1,Псевдобактерин-2,psevdobakterin-2,ПС,"5×10¹¹ КОЕ/Мл Pseudomonas aureofaciens, штамм BS 1393",фунгицид,ФГБУН ИБФМим.Г.К.Скрябина РАН,,IV,III,27.10.2014,26.10.2024,Не действует,0
222-02-1426-1,Псевдобактерин-3,psevdobakterin-3,Ж,"2×10⁹ КОЕ/Мл Pseudomonas aureofaciens, штамм ВКМ В-2391Д",фунгицид,ООО «ОРГАНИК ПАРК»,1127746020918,III,III,29.03.2017,28.03.2027,Действует,0
018-02-4689-1,Пуаро,puaro,КС,40 г/л Пираклостробин + 40 г/л Флудиоксонил,фунгицид,АО «Щелково Агрохим»,1025006519427,III,-,08.10.2024,07.10.2034,Действует,0
528-02-3802-1,Пугил 500,pugil-500,КС,500 г/л хлороталонил,фунгицид,СИПКАМ ОКСОН С.П.А.,,II,III,23.09.2022,22.09.2032,Действует,0
699-03-4215-1,Пузат Экстра,puzat-ekstra,ВДГ,700 г/кг Имазетапир,гербицид,"«Шандонг Вейфанг Рейбоу Кемикал Ко., Лтд.",,II,III,06.10.2023,05.10.2033,Действует,0
046-03-3693-1,Пульмакс,pulmaks,ВРК,120 г/л Имазамокс,гербицид,ЗАО «ТПК «Техноэкспорт»,1025005325070,III,III,23.05.2022,22.05.2032,Не действует,0
046-03-5034-1,Пульмакс,pulmaks,ВРК,120 г/л Имазамокс,гербицид,АО «ТПК «Техноэкспорт»,1025005325070,III,III,29.08.2025,22.05.2032,Действует,0
063-03-2885-1,Пульс-Стар,puls-star,ВРК,120 г/л Имазамокс,гербицид,ООО «ХИМАГРОМАРКЕТИН Г.РУ»,1023403447913,III,III,18.11.2020,17.11.2030,Действует,0
334-03-2185-1,Пульсар,pulsar,ВР,40 г/л Имазамокс,гербицид,БАСФ Агрокемикал Продактс Б.В.,,III,III,05.04.2019,04.04.2029,Действует,0
224-03-1432-1,Пульсар Плюс,pulsar-plyus,ВР,25 г/л Имазамокс,гербицид,БАСФ Агрокемикал Продактс Б.В.,,III,III,30.03.2017,29.03.2027,Действует,0
224-03-3043-1,Пульсар Старт,pulsar-start,ВРК,120 г/л Имазамокс,гербицид,БАСФ Агрокемикал Продактс Б.В.,,III,-,05.03.2021,04.03.2031,Действует,0
019-03-10056-1,Пума Супер 100,puma-super-100,КЭ,100 г/л феноксапроп-П-этил + 27 г/л антидот мефенпир-диэтил,гербицид,Байер КропСайенс АГ,,III,III,03.08.2026,02.08.2036,Действует,0
019-03-904-1,Пума Супер 100,puma-super-100,КЭ,100 г/л феноксапроп-П-этил + 27 г/л антидот мефенпир-диэтил,гербицид,Байер КропСайенс АГ,,III,III,16.12.2015,15.12.2025,Не действует,0
019-03-881-1,Пума Супер 7.5,puma-super-7-5,ЭМВ,69 г/л феноксапроп-П-этил + 75 г/л антидот мефенпир-диэтил,гербицид,Байер КропСайенс АГ,,III,III,10.12.2015,09.12.2025,Не действует,0
019-03-9623-1,Пума Супер 7.5,puma-super-7-5,ЭМВ,69 г/л феноксапроп-П-этил + 75 г/л антидот мефенпир-диэтила,гербицид,Байер КропСайенс АГ,,III,III,09.10.2025,08.10.2035,Действует,0
062-02-3026-1,Рабона,rabona,СЭ,250 г/л Прохлораз + 50 г/л Крезоксим-метил + 50 г/л Тебуконазол,фунгицид,ООО «АЛЬФАХИМГРУПП»,,II,-,03.03.2021,02.03.2031,Действует,0
033-01-2093-1,Разряд,razryad,Г,5 г/л Имидаклоприд,инсектицид,ООО «ОРТОН»,1025004916573,III,II,01.02.2019,31.01.2029,Действует,1
070-01-3798-1,Раймир,raymir,КЭ,500 г/л Хлорпирифос + 50 г/л циперметрин,инсектицид,ООО «АГРОМИР»,1187746148424,II,I,19.09.2022,18.09.2032,Действует,0
019-02-2063-1,Раксил Ультра,raksil-ultra,КС,120 г/л Тебуконазол,фунгицид,Байер КропСайенс АГ,,II,-,04.03.2019,03.03.2029,Действует,0
178-02-2176-1,Раксон,rakson,КС,60 г/л Тебуконазол,фунгицид,ООО «Агро Эксперт Груп»,1027708006996,II,III,02.04.2019,15.02.2024,Действует,0
021-02-4515-0,Ракурс,rakurs,СК,240 г/л эпоксиконазол + 160 г/л Ципроконазол,фунгицид,АО Фирма «Август»,1025006038958,III,III,11.04.2024,10.04.2027,Действует,0
021-02-9607-0,Ралли,ralli,СК,200 г/л Боскалид + 100 г/л Пираклостробин,фунгицид,АО Фирма «Август»,1025006038958,III,III,01.10.2025,30.09.2028,Действует,1
085-02-3839-1,Раназол Ультра,ranazol-ultra,КС,120 г/л Тебуконазол,фунгицид,ООО «Ярило»,1083123001500,II,-,26.10.2022,25.10.2032,Действует,0
134-03-1342-1,Ранголи Галситил,rangoli-galsitil,КЭ,104 г/л Галоксифоп-П-метил,гербицид,ООО «РАНГОЛИ»,1157746217848,III,III,25.01.2017,24.01.2027,Действует,0
134-03-1423-1,Ранголи-Базорон,rangoli-bazoron,ВР,480 г/л Бентазон,гербицид,ООО «РАНГОЛИ»,1157746217848,III,III,28.03.2017,27.03.2027,Действует,0
134-03-1995-1,Ранголи-Гильотина,rangoli-gilotina,ВДГ,700 г/кг Метрибузин,гербицид,ООО «РАНГОЛИ»,1157746217848,III,III,25.09.2018,24.09.2028,Действует,0
134-03-4088-0,Ранголи-Глифосат 480,rangoli-glifosat-480,ВР,480 г/л Глифосат кислоты (изопропиламинная соль),гербицид,ООО «РАНГОЛИ»,1157746217848,II,III,23.05.2023,22.05.2026,Не действует,0
134-03-9975-0,Ранголи-Глифосат 480,rangoli-glifosat-480,ВР,480 г/л Глифосат кислоты (изопропиламинная соль),гербицид,ООО «РАНГОЛИ»,1157746217848,II,III,25.05.2026,24.05.2029,Действует,0
134-03-1768-1,Ранголи-Дон,rangoli-don,КЭ,960 г/л С-Метолахлор,гербицид,ООО «РАНГОЛИ»,1157746217848,III,III,22.02.2018,21.02.2028,Действует,0
134-01-1910-1,Ранголи-Дункан,rangoli-dunkan,КЭ,400 г/л Диметоат,инсектицид,ООО «РАНГОЛИ»,1157746217848,II,I,11.05.2018,10.05.2028,Действует,0
134-01-1343-1,Ранголи-Имидоклоприд,rangoli-imidokloprid,ВРК,200 г/л Имидаклоприд,инсектицид,ООО «РАНГОЛИ»,1157746217848,III,-,25.01.2017,24.01.2027,Действует,0
134-02-1406-1,Ранголи-Курсор,rangoli-kursor,КЭ,250 г/л Дифеноконазол,фунгицид,ООО «РАНГОЛИ»,1157746217848,III,III,10.03.2017,09.03.2027,Действует,1
134-03-1408-1,Ранголи-Метамитрон,rangoli-metamitron,КС,700 г/л Метамитрон,гербицид,ООО «РАНГОЛИ»,1157746217848,III,III,10.03.2017,09.03.2027,Действует,0
134-01-1996-1,Ранголи-Норил,rangoli-noril,КЭ,500 г/л Хлорпирифос + 50 г/л циперметрин,инсектицид,ООО «РАНГОЛИ»,1157746217848,III,I,25.09.2018,24.09.2028,Действует,0
134-03-1866-1,Ранголи-Прадо,rangoli-prado,ВРК,100 г/л Имазетапир,гербицид,ООО «РАНГОЛИ»,1157746217848,III,III,10.04.2018,09.04.2028,Действует,0
134-04-1205-1,Ранголи-Реголон,rangoli-regolon,В,"150 (80,3 в пересчете на диквата ион) г/л Дикват (дибромид)",десикант,г/л Дикват (дибромид)) ООО «РАНГОЛИ»,1157746217848,III,III,03.01.2016,04.09.2026,Не действует,0
134-03-1909-1,Ранголи-Таргон-С,rangoli-targon-s,КЭ,50 г/л хизалофоп-П-этил,гербицид,ООО «РАНГОЛИ»,1157746217848,III,III,11.05.2018,10.05.2028,Действует,0
134-03-2299-1,Ранголи-Тиран,rangoli-tiran,ВДГ,250 г/кг римсульфурон,гербицид,ООО «РАНГОЛИ»,1157746217848,III,III,01.07.2019,30.06.2029,Действует,0
134-03-1750-1,Ранголи-Трибенурон,rangoli-tribenuron,ВДГ,750 г/кг трибенурон-метил,гербицид,ООО «РАНГОЛИ»,1157746217848,III,III,09.02.2018,08.02.2028,Действует,0
134-02-1329-1,Ранголи-Ципрос,rangoli-tsipros,КЭ,250 г/л Пропиконазол + 80 г/л Ципроконазол,фунгицид,ООО «РАНГОЛИ»,1157746217848,III,III,17.01.2017,16.01.2027,Действует,0
869-02-4089-1,Ранкона 450,rankona-450,ТС,452 г/л Ипконазол,фунгицид,ЮПЛ Холдингс Кооператив Ю.А.,,III,-,23.05.2023,22.05.2033,Действует,0
066-01-868-1,Ранман Топ,ranman-top,КС,160 г/л Циазофамид,фунгицид,ИСК Биосаенсис Юроп Н.В.,,II,III,26.11.2015,25.11.2025,Не действует,0
066-02-9725-1,Ранман Топ,ranman-top,КС,160 г/л Циазофамид,фунгицид,ИСК Биосайенсис Юроп,,II,III,11.12.2025,10.12.2035,Действует,0
070-02-10073-0,Рапан,rapan,КЭ,60 г/л Метконазол,фунгицид,"ООО ""АГРОМИР""",1187746148424,II,III,14.08.2026,13.08.2029,Действует,0
184(026)-02-3030-1,Рапид Голд,rapid-gold,СП,640 г/кг Манкоцеб + 80 г/кг цимоксанил,фунгицид,"ООО «Агрорус и Ко», Агрия АД",,II,III,25.02.2021,24.02.2031,Действует,0
184(026)-02-3880-1,Рапид Голд Плюс,rapid-gold-plyus,СП,290 г/кг Меди хлорокись + 120 г/кг Манкоцеб + 40 г/кг цимоксанил,фунгицид,"ООО «Агрорус и Ко», Агрия АД",,II,III,23.11.2022,22.11.2032,Действует,0
184(026)-02-3945-1,Рапид Дуэт,rapid-duet,СП,600 г/кг Манкоцеб + 90 г/кг Диметоморф,фунгицид,"ООО «Агрорус и Ко», Агрия АД",,II,III,12.01.2023,11.01.2033,Действует,0
184(026)-02-3928-1,Рапид Микс,rapid-miks,СП,640 г/кг Манкоцеб + 80 г/кг Металаксил,фунгицид,"ООО «Агрорус и Ко», Агрия АД",,II,III,29.12.2022,28.12.2032,Действует,0
082-03-3604-1,Рапира,rapira,КЭ,"564 г/л 2,4-Д (2-этилгексиловый эфир)",гербицид,ООО «Интер Групп»,1084312000420,II,III,14.04.2022,13.04.2032,Действует,0
023(197)-03-1904-1,РапсАгро,rapsagro,ВР,267 г/л Клопиралид + 67 г/л пиклорам,гербицид,"ООО «АНПП «Агрохим-XXI», ООО «Агрохим ХХ1»","1027700119710, 5067746338150",III,III,08.05.2018,07.05.2028,Действует,0
002-03-3974-1,Рапсан,rapsan,ВР,267 г/л Клопиралид + 67 г/л пиклорам,гербицид,ООО «АГРУСХИМ»,1057747562509,III,III,02.02.2023,01.02.2033,Действует,0
126-03-9956-1,Рапсодия,rapsodiya,КС,250 г/л Квинмерак + 35 г/л Имазамокс,гербицид,"ООО ""ШАНС""",1093668046812,III,III,18.05.2026,17.05.2036,Действует,0
141-06-3542-1,Раттидион,rattidion,Г,"0,05 г/кг Бромадиолон",родентицид,ООО «Валбрента Кемикалс»,,II,-,18.03.2022,17.03.2032,Действует,1
085-03-3949-0,Рауль,raul,ВР,360 г/л Глифосат кислоты (изопропиламинная соль),гербицид,ООО «Ярило»,1083123001500,II,III,12.01.2023,11.01.2026,Не действует,0
090-03-1299-1,Раундап,raundap,Гель,"7,2 г/л Глифосат кислоты (изопропиламинная соль)",гербицид,Фирма Монсанто Европа С.А.,,III,III,12.12.2016,11.12.2026,Действует,1
021-02-2611-1,Раёк,raek,КЭ,250 г/л Дифеноконазол,фунгицид,АО Фирма «Август»,1025006038958,III,III,19.03.2020,18.03.2030,Действует,1
014-03-1470-1,Ребелл Т,rebell-t,КС,60 г/л Квинмерак + 360 г/л хлоридазон,гербицид,«БАСФ СЕ»,,III,III,19.04.2017,18.04.2027,Действует,0
038-03-9998-0,Ревизор,revizor,ВР,540 г/л глифосата кислоты (калиевая соль),гербицид,ООО «АГРОКОМ»,1077758212685,II,III,03.06.2026,02.06.2029,Действует,0
015-02-3896-1,Ревиона,reviona,КС,75 г/л Мефентрифлуконазол,гербицид,БАСФ Агро Б.В.,,III,III,02.12.2022,01.12.2032,Действует,0
041-02-3558-1,Ревус,revus,КС,250 г/л Мандипропамид,фунгицид,ООО «Сингента»,1037739325271,III,III,22.03.2022,21.03.2032,Действует,1
041-02-4805-0,Ревус Топ,revus-top,СК,250 г/л Мандипропамид + 250 г/л Дифеноконазол,фунгицид,ООО «Сингента»,1037739325271,III,III,11.02.2025,10.02.2028,Действует,0
041-02-503-1,Ревус Топ,revus-top,СК,250 г/л Дифеноконазол + 250 г/л Мандипропамид,фунгицид,ООО «Сингента»,1037739325271,III,III,26.01.2015,25.01.2025,Не действует,0
014-07-1150-1,Регалис Плюс,regalis-plyus,ВДГ,100 г/кг прогексадион кальция,регулятор роста,«БАСФ СЕ»,,III,III,13.09.2016,12.09.2026,Не действует,0
015-01-1638-1,Регент,regent,ВДГ,800 г/кг Фипронил,инсектицид,БАСФ Агро Б.В.,,II,I,07.12.2017,06.12.2027,Действует,0
278-04-4105-1,Регистан,registan,ВРК,200 г/л Дикват (дибромид),десикант,ООО ЭЛЛИПСАГРО,1142308002495,III,III,25.12.2024,24.12.2024,Не действует,0
041-04-1019-1,Реглон Форте,reglon-forte,ВР,200 г/л Дикват (дибромид),гербицид,ООО «Сингента»,1037739325271,II,III,09.03.2016,08.03.2026,Не действует,0
041-04-4479-0,Реглон Эйр,reglon-eyr,ВР,"373,5 г/л Дикват дибромида (200 г/л в пересчете на дикват ион)",десикант,ООО «Сингента»,1037739325271,III,III,28.03.2024,27.03.2027,Действует,0
427(175)-07-1711-1,Регулар,regular,ВРП,950 г/л Даминозид,регулятор роста,"ООО «Агросинтез», ООО «МосАгро»","1027739092920, 1057747879342",III,II,31.01.2018,30.01.2028,Действует,1
097-04-3137-1,Регулят Супер,regulyat-super,ВР,280 (150) г/л Дикват дибромида (200 г/л в пересчете на дикват ион),десикант,г/л Дикват дибромида (200 г/л в пересчете на дикват ион)) ООО «АГРус»,5087746677893,III,III,21.05.2021,20.05.2031,Действует,0
019-02-2068-1,Редиго М,redigo-m,КС,100 г/л Протиоконазол + 20 г/л Металаксил,фунгицид,Байер КропСайенс АГ,,III,-,29.01.2019,18.03.2024,Действует,0
019-02-10038-0,Редиго Про,redigo-pro,КС,150 г/л Протиоконазол + 20 г/л Тебуконазол,фунгицид,Байер КропСайенс АГ,,II,-,07.07.2026,06.07.2029,Действует,0
019-02-1152-1,Редиго Про,redigo-pro,КС,150 г/л Протиоконазол + 20 г/л Тебуконазол,фунгицид,Байер КропСайенс АГ,,III,-,11.07.2016,24.01.2024,Не действует,0
043(042)-02-2267-1,Редут,redut,КС,60 г/л Тебуконазол,фунгицид,ООО «Сибагрохим»,1025402493555,II,-,10.06.2019,09.06.2029,Действует,0
446-04-1524-1,Результат Супер,rezultat-super,ВР,150 г/л Дикват (дибромид),десикант,ООО «СФ-РЕГИСТРЭЙШН»,1142310001404,III,III,11.07.2017,10.07.2027,Действует,0
156-03-2789-1,Рейсер,reyser,КЭ,250 г/л Флурохлоридона,гербицид,ООО «АДАМА РУС»,1062310039934,II,III,01.09.2020,31.08.2030,Действует,0
043(042)-02-3086-1,Рекрут,rekrut,КС,400 г/л Ципроконазол,фунгицид,"ООО «Сибагрохим», ООО «ФОРВАРД»","1025402493555, 1105476055277",III,III,01.04.2021,31.03.2031,Действует,0
014-02-3657-1,Рекс Плюс,reks-plyus,СЭ,84 г/л эпоксиконазол + 250 г/л Фенпропиморф,фунгицид,«БАСФ СЕ»,,III,III,27.04.2022,26.04.2032,Действует,0
014-02-845-1,Рекс Плюс,reks-plyus,СЭ,84 г/л эпоксиконазол + 250 г/л Фенпропиморф,фунгицид,«БАСФ СЕ»,,III,III,30.10.2015,29.10.2025,Не действует,0
014-02-789-1,Рекс С,reks-s,КС,125 г/л эпоксиконазол,фунгицид,«БАСФ СЕ»,,III,III,05.10.2015,04.10.2025,Не действует,0
082-03-4621-0,Ректон,rekton,ВР,280 (150 г/л) г/л Дикват дибромида (200 г/л в пересчете на дикват ион),десикант,г/л Дикват дибромида (200 г/л в пересчете на дикват ион)) ООО «Интер Групп»,1084312000420,II,III,24.06.2024,23.06.2027,Действует,0
406-01-2014-1,Рембек,rembek,Г,5 г/кг Имидаклоприд,инсектицид,ООО «АгроМаг»,1133123015244,III,-,10.10.2018,09.10.2028,Действует,1
018-03-4553-1,Репер,reper,ККР,100 г/л Клопиралид (2-этилгексиловый эфир) + 15 г/л флуроксипир,гербицид,+ 15 г/л флуроксипир) АО «Щелково Агрохим»,1025006519427,II,III,03.05.2024,02.05.2034,Действует,0
018-03-3211-1,Репер Трио,reper-trio,МД,267 г/л Клопиралид (сложный 2-этилгексиловый эфир) + 80 г/л пиклорам + 17 г/л Аминопиралид,гербицид,+ 80 г/л пиклорам + 17 г/л Аминопиралид) АО «Щелково Агрохим»,1025006519427,II,III,13.07.2021,12.07.2031,Действует,0
283-02-3206-1,Респекта,respekta,Ж,"5 млрд/Мл Bacillus amyloliquefaciens + 0,5 млрд/Мл Pseudomonasaureofaciens",фунгицид,ООО СХП «НИВА»,1149102116426,III,-,08.07.2021,07.07.2031,Действует,0
041-02-3719-1,Рессиви,ressivi,КС,375 г/л Ацибензолар-С-метил,фунгицид,ООО «Сингента»,1037739325271,III,-,23.06.2022,22.06.2032,Действует,0
252-07-4667-1,Ретацел,retatsel,ВК,750 г/л Хлормекватхлорид,регулятор роста,«Лучебны заводы Драсловка» а.с.,,III,III,18.09.2024,17.09.2034,Действует,0
082-03-3048-1,Рефери,referi,ВГР,351 г/л Дикамба кислоты (диэтилэтаноламмониевая соль),гербицид,ООО «Интер Групп»,1084312000420,III,III,15.03.2021,14.03.2031,Действует,0
021-02-9992-0,Реюнион,reyunion,СК,400 г/л Тирам,фунгицид,ВЗСП,1025006038958,III,III,02.06.2026,01.06.2029,Действует,0
041-02-2078-1,Риас,rias,КЭ,150 г/л Дифеноконазол + 150 г/л Пропиконазол,фунгицид,ООО «Сингента»,1037739325271,III,III,29.01.2019,24.03.2026,Действует,0
075-07-877-1,Рибав-Экстра,ribav-ekstra,Р,"0,00196 г/л L-глутаминовая кислота + 0,00152 г/л L-аланин",регулятор роста,ЗАО «Сельхозэкосервис»,,IV,III,09.12.2015,08.12.2025,Не действует,1
1002-03-9980-0,Ривет,rivet,ВР,480 г/л Бентазон,гербицид,"Синокем Агро Ко., ЛТД",9131010113220,III,III,26.05.2026,25.05.2029,Действует,0
018-02-9715-0,Ривьера,rivera,МЭ,80 г/л Пираклостробин + 80 г/л Тебуконазол + 40 г/л Дифеноконазол,фунгицид,"АО ""ЩЕЛКОВО АГРОХИМ""",1025006519427,II,III,09.12.2025,08.12.2028,Действует,0
682-04-4969-0,Ригель Форте,rigel-forte,ВР,240 (128 г/л в пересчете на диквата ион) г/л Дикват (дибромид),десикант,г/л Дикват (дибромид)) ООО «НПК ХИМИЯ»,1197746012199,II,III,05.07.2025,04.08.2028,Действует,0
041-02-1769-1,Ридомил Голд МЦ,ridomil-gold-mts,ВДГ,640 г/кг Манкоцеб + 40 г/кг Мефеноксам,фунгицид,ООО «Сингента»,1037739325271,II,III,26.02.2018,25.02.2028,Действует,0
041-02-2980-1,Ридомил Голд Р,ridomil-gold-r,ВДГ,142 г/кг Медь оксихлорид + 20 г/кг Мефеноксам,фунгицид,ООО «Сингента»,1037739325271,III,III,18.01.2021,17.01.2031,Действует,0
010-02-9841-0,Ризет,rizet,КС,200 г/л Пикоксистробин + 80 г/л Ципроконазол,фунгицид,ООО «ЛИСТЕРРА»,1057749556930,III,III,18.03.2026,17.03.2029,Действует,0
249-02-297-1,Ризоплан,rizoplan,Ж,"1×10⁹ КОЕ/Мл Pseudomonasfluorescens, штамм АР-33",фунгицид,ООО «БИОПЕСТИЦИДЫ»,,III,III,31.03.2014,30.03.2024,Не действует,0
018-03-4911-1,Ризотто,rizotto,МД,300 г/л Цигалофоп-бутил + 18 г/л Биспирибак натрия,гербицид,АО «Щелково Агрохим»,1025006519427,III,III,25.06.2025,24.06.2035,Действует,0
085-03-4493-1,Риманол,rimanol,ВДГ,250 г/кг римсульфурон,гербицид,ООО «Ярило»,1083123001500,III,III,01.04.2024,31.03.2034,Действует,0
446-03-1528-1,Римлин,rimlin,ВДГ,250 г/кг римсульфурон,гербицид,ООО «СФ-РЕГИСТРЭЙШН»,1142310001404,III,III,26.07.2017,25.07.2027,Действует,0
004(549)-03-5010-1,Римус,rimus,ВДГ,250 г/кг римсульфурон,гербицид,"ООО НПО «РАХ», ООО «АгроХимИнвест»","1037706005050, 5137746013400",III,III,23.04.2020,22.04.2030,Действует,0
010(197)-03-3120-1,Римэкс,rimeks,ВДГ,250 г/кг римсульфурон,гербицид,"ООО «ЛИСТЕРРА», ООО «Агрохим ХХ1»","1057749556930, 5067746338150",III,III,21.04.2021,20.04.2031,Действует,0
062-01-4212-1,Ринг Экстра,ring-ekstra,КС,200 г/л Альфа-ципермeтрин,инсектицид,ООО «АЛЬФАХИМГРУПП»,,III,I,27.09.2023,26.09.2033,Действует,0
050-03-4861-1,Рисовод,risovod,МД,125 г/л Цигалофоп-бутил + 50 г/л Пеноксулам + 35 г/л Бенсульфурон-метил,гербицид,"АО ""ФМРус""",1097746208207,III,III,29.04.2025,28.04.2035,Действует,0
018-03-3284-1,Ристайл,ristayl,МД,190 г/л Цигалофоп-бутил + 50 г/л Биспирибак натрия,гербицид,АО «Щелково Агрохим»,1025006519427,III,III,03.09.2021,02.09.2031,Действует,0
051-02-1647-1,Ровраль,rovral,СП,500 г/кг Ипродион,фунгицид,ФМС Кемикал,,III,-,12.12.2017,11.12.2027,Действует,0
178-01-2216-1,Рогор-С,rogor-s,КЭ,400 г/л Диметоат,инсектицид,ООО «Агро Эксперт Груп»,1027708006996,III,I,07.05.2019,06.05.2029,Действует,0
297(042)-03-1240-1,Родимич,rodimich,ВР,40 г/л Имазамокс,гербицид,"ООО «Франдеса», ООО «ФОРВАРД»",1105476055277,III,III,27.09.2016,26.09.2026,Действует,0
023(412)-02-1344-1,Ромбус,rombus,КС,250 г/л Азоксистробин,фунгицид,"ООО «АНПП «Агрохим-XXI», Шанхай Е-Тонг Кемикал Ко., Лтд.",1027700119710,III,II,25.01.2017,24.01.2027,Действует,0
б/н Ромул,Ромул,romul,ВДГ,250 г/кг римсульфурон,гербицид,"ООО «Сибагрохим», ООО «ФОРВАРД», ООО «АГРУСХИМ»","1025402493555, 1105476055277, 1057747562509",III,III,23.04.2020,22.04.2030,Действует,0
021-02-9925-0,Рондаш,rondash,МЭ,40 г/л Азоксистробин + 40 г/л Металаксил + 25 г/л Флудиоксонил,фунгицид,"АО ФИРМА ""АВГУСТ""",1025006038958,III,-,24.04.2026,23.04.2029,Действует,0
142-03-1873-1,Рондо,rondo,КЭ,240 г/л Клетодим,гербицид,ООО «АГРОБЮРО РУС»,5077746795748,III,III,16.04.2018,15.04.2028,Действует,0
178-02-3686-1,Ронилан,ronilan,КС,125 г/л Дифеноконазол + 150 г/л Азоксистробин,фунгицид,ООО «Агро Эксперт Груп»,1027708006996,III,III,19.05.2022,18.05.2032,Действует,0
286-01-1641-1,Рофатокс,rofatoks,Г,5 г/кг Имидаклоприд,инсектицид,ООО «ТПК «РОСТИ»,1062312034223,III,-,07.12.2017,06.12.2027,Действует,1
008-01-1664-1,Рубеж,rubezh,Г,5 г/кг Имидаклоприд,инсектицид,ООО «Ваше хозяйство»,1025203566728,III,-,18.12.2017,17.12.2027,Действует,1
070-03-3878-0,Рузмин,ruzmin,ВР,360 г/л Глифосат кислоты (изопропиламинная соль),гербицид,ООО «АГРОМИР»,1187746148424,II,III,16.11.2022,15.11.2025,Не действует,0
778-07-3842-1,Рутамон,rutamon,ВР,500 г/л Аммоний диметилфосфорнокислый диметилди(2-гидроксиэтил),регулятор роста,ООО «ИНТЕГРАЦИЯ»,1177746516210,III,III,26.10.2022,25.10.2032,Действует,1
021-07-1688-1,Рэгги,reggi,ВРК,750 г/л Хлормекватхлорид,регулятор роста,АО Фирма «Август»,1025006038958,III,III,27.02.2015,26.02.2025,Не действует,0
021-07-4836-1,Рэгги,reggi,ВРК,750 г/л Хлормекватхлорид,регулятор роста,АО Фирма «Август»,1025006038958,III,III,26.03.2025,25.03.2035,Действует,1
699-03-3866-1,Рэйнзон Плюс,reynzon-plyus,ВРК,320 г/л Бентазон + 160 г/л Ацифлуорфен,гербицид,"«Шандонг Вейфанг Рейбоу Кемикал Ко., Лтд.",,III,III,10.11.2022,09.11.2032,Действует,0
286-03-551-1,САНТИ,santi,ВР,360 г/л Глифосат кислоты (изопропиламинная соль),гербицид,ООО «ТПК «РОСТИ»,1062312034223,III,III,12.02.2015,11.02.2025,Не действует,1
197-01-3501-1,Сабля,sablya,КС,350 г/л Тиаметоксам,инсектицид,ООО «Агрохим ХХ1»,5067746338150,III,-,02.03.2022,29.02.2032,Действует,0
070-01-3851-1,Сайдор,saydor,ВРК,200 г/л Имидаклоприд,инсектицид,ООО «АГРОМИР»,1187746148424,III,I,29.11.2022,28.11.2032,Действует,0
058-01-4339-1,Сайрен,sayren,КЭ,480 г/л Хлорпирифос,инсектицид,«КЕМИНОВА А/С»,,III,I,15.01.2024,14.01.2034,Действует,0
018-07-2179-1,Сальдо,saldo,ВР,20 г/л 6-бензиладенин,регулятор роста,АО «Щелково Агрохим»,1025006519427,III,III,02.04.2019,01.04.2029,Действует,1
029-03-1198-1,Сальса,salsa,ВДГ,750 г/кг Этаметсульфурон-метил,гербицид,ООО «Дюпон Наука и Технологии»,,III,III,16.08.2016,15.08.2026,Не действует,0
489-03-2873-1,Сальса Про,salsa-pro,ВДГ,750 г/кг Этаметсульфурон-метил,гербицид,ООО «ЭфЭмСи»,1037706002773,III,III,03.11.2020,02.11.2030,Действует,0
002-01-3083-1,Самум,samum,КЭ,50 г/л лямбда-цигалотрин,инсектицид,ООО «АГРУСХИМ»,1057747562509,III,I,01.04.2021,31.03.2031,Действует,0
699-03-10057-0,Санворд Экстра,sanvord-ekstra,ВДГ,750 г/кг Изоксафлютол,гербицид,"Шандонг Вейфанг Рейнбоу Кемикал Ко., Лтд.",,II,III,03.08.2026,02.08.2029,Действует,0
699-03-4282-1,Сангейт Экстра,sangeyt-ekstra,ВДГ,510 г/кг Флумиоксазин,гербицид,"«Шандонг Вейфанг Рейбоу Кемикал Ко., Лтд.",,II,III,04.12.2023,03.12.2033,Действует,0
070-03-9644-1,Санимокс,sanimoks,ВРК,33 г/л Имазамокс + 15 г/л Имазапир,гербицид,"ООО ""АГРОМИР""",1187746148424,III,III,20.10.2025,19.10.2035,Действует,0
126-02-3620-1,Санитар,sanitar,ВДГ,250 г/кг цимоксанил + 250 г/кг Фамоксадон,фунгицид,ООО «Шанс»,1093668046812,III,III,13.04.2022,12.04.2032,Действует,1
234-01-1993-1,Санмайт,sanmayt,СП,200 г/кг Пиридабен,инсектицид,Ниссан Кемикал Корпорейшн,,II,III,02.11.2015,01.11.2025,Не действует,0
234-01-9827-0,Санмайт,sanmayt,СП,200 г/кг Пиридабен,инсектицид,Ниссан Кемикал Корпорейшн,,II,I,12.03.2026,11.03.2029,Действует,0
781-02-9860-0,Сансэр,sanser,КС,381 г/л Тебуконазол + 117 г/л Флутриафол,фунгицид,Синтезия Кеми ГмбХ,,II,III,25.03.2026,24.03.2029,Действует,0
781-02-3660-1,Сансэр Ультра,sanser-ultra,КС,317 г/л Тебуконазол + 93 г/л Флутриафол + 90 г/л Азоксистробин,фунгицид,Синтезия Кеми ГмбХ,,II,III,27.04.2022,26.04.2032,Действует,0
966-07-4890-0,Сантрейн,santreyn,КЭ,250 г/л Тринексапак-этил,регулятор роста,ООО «КРОПЭКС»,1037706002773,III,III,02.02.2025,01.06.2028,Действует,0
018-03-2320-1,Санфло,sanflo,ВДГ,750 г/кг трибенурон-метил,гербицид,АО «Щелково Агрохим»,1025006519427,III,III,18.07.2019,17.07.2029,Действует,0
178-01-10014-0,Саона,saona,СЭ,100 г/л Хлорантранилипрол + 50 г/л лямбда-цигалотрин,инсектицид,"ООО ""АГРО ЭКСПЕРТ ГРУП""",1027708006996,II,I,15.06.2026,14.06.2029,Действует,0
058-01-583-1,Сапресс,sapress,К,250 г/л Тринексапак-этил,регулятор роста,«КЕМИНОВА А/С»,,III,III,04.03.2015,03.03.2025,Не действует,0
082-03-4769-0,Сапфир,sapfir,ВРК,100 г/л Имазетапир,гербицид,ООО «Интер Групп»,1084312000420,III,III,10.01.2025,09.01.2028,Действует,0
063-03-2398-1,Сарацин,saratsin,СП,600 г/кг Метсульфурон-метил,гербицид,ООО «ХИМАГРОМАРКЕТИН Г.РУ»,1023403447913,II,III,16.09.2019,15.09.2029,Действует,0
102-01-2019-1,Сарейп,sareyp,КЭ,18 г/л Абамектин,инсектицид,«РОТАМ Лтд»,,II,I,10.10.2018,09.10.2028,Действует,0
617-03-9823-0,Саркози,sarkozi,КС,40 г/л никосульфурон,гербицид,"ООО ""ГРИН ПЛАНТ""",1175029028790,III,III,11.03.2026,10.03.2029,Действует,0
178-03-2202-1,Сармат,sarmat,КС,500 г/л Прометрин,гербицид,ООО «Агро Эксперт Груп»,1027708006996,III,III,12.04.2019,11.04.2029,Действует,0
307-02-719-1,Сарфун,sarfun,СК,500 г/л Карбендазим,фунгицид,Ц ЦИЭХ Сажина Акционерное Общество,,II,III,21.07.2015,20.07.2025,Не действует,0
082-02-9784-0,Сатурас,saturas,КС,45 г/л Протиоконазол + 15 г/л Тебуконазол + 40 г/л Флудиоксонил,фунгицид,"ООО ""ИНТЕР ГРУПП""",1084312000420,II,-,29.01.2026,28.01.2029,Действует,0
854(038)-03-4630-0,Саунар,saunar,ВДГ,750 г/кг трибенурон-метил,гербицид,"ООО Праймагро, ООО «АГРОКОМ»","1195081032596, 1077758212685",III,III,08.07.2024,07.07.2027,Действует,0
021-03(04)-3998-1,Сахара,sahara,КЭ,480 г/л карфентразон-этил,десикант,АО Фирма «Август»,1025006038958,III,III,03.03.2023,02.03.2033,Действует,0
297-03-671-1,Сварог,svarog,СЭ,"300 г/л 2,4-Д кислоты (2-этилгексиловый эфир) + 6,25 г/л флорасулам",гербицид,"+ 6,25 г/л флорасулам) ООО «Франдеса»",,II,III,27.05.2015,26.05.2025,Не действует,0
297-03-9698-0,Сварог,svarog,СЭ,"300 г/л 2,4-Д кислоты (2-этилгексиловый эфи) + 6,25 г/л флорасулама), СЭ (300 г/л 2,4-Д (2-этилгексиловый эфир) + 6,25 г/л флорасулама",гербицид,"+ 6,25 г/л флорасулама), СЭ (300 г/л 2,4-Д (2-этилгексиловый эфир) + 6,25 г/л флорасулама) ООО «Франдеса»",,II,III,01.12.2025,30.11.2028,Действует,0
642-02-9785-0,Свеклоспас,sveklospas,СП,700 г/кг Гимексазол,фунгицид,"ООО ""ТЕТРА ХИМ""",1167746491681,II,III,30.01.2026,29.01.2029,Действует,0
041-02-2642-1,Свитч,svitch,ВДГ,375 г/кг Ципродинил + 250 г/кг Флудиоксонил,фунгицид,ООО «Сингента»,1037739325271,III,III,06.04.2020,05.04.2030,Действует,0
021-03-4552-1,Себринг,sebring,СК,350 г/л Метамитрон + 150 г/л этофумезат,гербицид,АО Фирма «Август»,1025006038958,III,III,03.05.2024,02.05.2034,Действует,0
489-03-1902-1,Сегмент,segment,ВДГ,500 г/кг Азимсульфурон,гербицид,ООО «ЭфЭмСи»,1037706002773,III,III,03.05.2018,02.05.2028,Действует,0
064-04-4623-1,Сейнер,seyner,ВРК,374 (200) г/л Дикват дибромида (200 г/л в пересчете на дикват ион),десикант,г/л Дикват дибромида (200 г/л в пересчете на дикват ион)) ООО «Химагромаркетинг»,1032305700008,III,III,24.06.2024,23.06.2034,Действует,0
019-03-2073-1,Секатор Турбо,sekator-turbo,МД,100 г/л Амидосульфурон + 25 г/л йодосульфурон-метил-натрий + 250 г/л мефенпир-диэтил,гербицид,Байер КропСайенс АГ,,III,III,31.01.2019,30.01.2029,Действует,0
010(011)-03-1616-1,Секира Дуэт,sekira-duet,КС,160 г/л Десмедифам + 160 г/л фенмедифам,гербицид,"ООО «ЛИСТЕРРА», ПАНАМА АГРОКЕМИКАЛС ИНК.",1057749556930,III,III,05.09.2016,04.09.2026,Не действует,0
010-03-3229-1,Секира Элит,sekira-elit,КЭ,112 г/л этофумезат + 91 г/л фенмедифам + 71 г/л Десмедифам,гербицид,ООО «ЛИСТЕРРА»,1057749556930,III,III,23.07.2021,22.07.2031,Действует,0
126-01-4495-1,Сектор,sektor,КЭ,500 г/л Хлорпирифос + 50 г/л циперметрин,инсектицид,ООО «Шанс»,1093668046812,III,I,01.04.2024,31.03.2034,Действует,0
913-03-4469-1,Секунда,sekunda,КЭ,160 г/л Десмедифам + 160 г/л фенмедифам,гербицид,ООО ХИМСНАБ,1072312011617,III,III,20.03.2024,07.11.2027,Действует,0
201-03-4847-1,Селект,selekt,КЭ,120 г/л Клетодим,гербицид,АРИСТА ЛАЙФСАЙЕНС С.А.С.,,III,III,10.04.2025,09.04.2035,Действует,0
201-03-534-1,Селект,selekt,КЭ,120 г/л Клетодим,гербицид,АРИСТА ЛАЙФСАЙЕНС С.А.С.,,III,III,03.02.2015,02.02.2025,Не действует,0
002-03-2404-1,Селектор,selektor,КЭ,240 г/л Клетодим,гербицид,ООО «АГРУСХИМ»,1057747562509,III,III,19.09.2019,18.09.2029,Действует,0
653-03-3753-1,Селена,selena,КЭ,960 г/л С-Метолахлор,гербицид,ООО «СЭЙФТИ ФИЛД КОРПОРЭЙШН»,1112310006104,III,III,13.07.2022,12.07.2032,Действует,0
041-01(02)-842-1,Селест Макс,selest-maks,КС,125 г/л Тиаметоксам + 25 г/л Флудиоксонил + 15 г/л Тебуконазол,инсектицид,ООО «Сингента»,1037739325271,II,-,30.10.2015,29.10.2025,Не действует,0
041-02-9779-0,Селест Макс,selest-maks,КС,125 г/л Тиаметоксам + 25 г/л Флудиоксонил + 15 г/л Тебуконазол,фунгицид,"ООО ""СИНГЕНТА""",1037739325271,II,-,26.01.2026,25.01.2029,Действует,0
041-01(02)-4007-1,Селест Топ,selest-top,КС,"25 г/л Дифеноконазол + 262,5 г/л Тиаметоксам + 25 г/л Флудиоксонил",инсектицид,ООО «Сингента»,1037739325271,II,-,07.03.2023,06.03.2033,Действует,0
051-01-2151-1,Семафор,semafor,ТПС,200 г/л Бифентрин,инсектицид,ФМС Кемикал,,III,-,06.03.2019,05.03.2029,Действует,0
010(535)-01-2646-1,Сенсей,sensey,КЭ,50 г/л лямбда-цигалотрин,инсектицид,"ООО «ЛИСТЕРРА», АО «Группа компаний «ПРОАГРО»","1057749556930, 1157746875109",III,I,13.04.2020,12.04.2030,Действует,0
018-01(02)-3725-1,Сера 400,sera-400,КС,400 г/л Сера,фунгицид,АО «Щелково Агрохим»,1025006519427,III,III,05.07.2022,04.07.2032,Действует,1
046-01(02)-5059-1,Сера 400,sera-400,КС,400 г/л Сера,инсектицид,"АО «Щелково Агрохим» III/III 018-01(02)-3725-1 05.07.2022 04.07.2032 Климат, серная дымовая шашка, серная дым (750 г/кг Сера) ООО «Техноэкспорт»","1025006519427, 1125042005175",II,-,05.07.2022,04.07.2032,Действует,1
1017-02(01)-10111-1,Сера 900,sera-900,ВСК,900 г/л Сера,фунгицид,"ООО ""НФЗР""",1217700222068,III,III,02.09.2026,02.09.2036,Действует,1
699-03-4373-0,Серапен,serapen,КЭ,100 г/л Пиноксаден + 25 г/л антидот -клоквинтосет-мексил,гербицид,"«Шандонг Вейфанг Рейбоу Кемикал Ко., Лтд.",,III,III,30.01.2024,29.01.2027,Действует,0
699-03-4396-0,Серапен Плюс,serapen-plyus,КЭ,"45 г/л Пиноксаден + 5 г/л флорасулам + 11,5 г/л антидот клоквинтосет-мексил",гербицид,"«Шандонг Вейфанг Рейбоу Кемикал Ко., Лтд.",,III,III,30.01.2024,29.01.2027,Действует,0
780-02-3408-1,Серенада АСО,serenada-aso,КС,"1х10⁹ КОЕ/Мл Bacillus amyloliquefaciens, штамм QST-713) Байер АГ (Германия",фунгицид,Байер АГ (Германия,,III,III,10.12.2021,09.12.2031,Действует,0
014-02-1508-1,Серкадис,serkadis,КС,300 г/л флуксапироксад,фунгицид,«БАСФ СЕ»,,III,III,24.05.2017,23.05.2027,Действует,0
015-02-1468-1,Серкадис Плюс,serkadis-plyus,КС,75 г/л флуксапироксад + 50 г/л Дифеноконазол,фунгицид,БАСФ Агро Б.В.,,III,III,19.04.2017,18.04.2027,Действует,0
085-03-4256-1,Серп,serp,ВРК,100 г/л Имазетапир,гербицид,ООО «Ярило»,1083123001500,III,III,16.11.2023,15.11.2033,Действует,0
008-02-3238-1,Серпень,serpen,КС,42 г/л Пенконазол + 800 г/л Сера,фунгицид,ООО «Ваше хозяйство»,1025203566728,III,III,21.07.2021,20.07.2031,Действует,1
062-01-1837-1,Серф-Экстра,serf-ekstra,ТКС,600 г/л Имидаклоприд,инсектицид,ООО «АЛЬФАХИМГРУПП»,,III,-,22.03.2018,21.03.2028,Действует,0
014-02-4529-0,Сигнум,signum,ВДГ,267 г/кг Боскалид + 67 г/кг Пираклостробин,фунгицид,«БАСФ СЕ»,,III,III,25.04.2024,24.04.2027,Действует,0
156-01-563-1,Сидоприд,sidoprid,ТС,600 г/л Имидаклоприд,инсектицид,ООО «АДАМА РУС»,1062310039934,II,-,19.02.2015,18.02.2025,Не действует,0
010-03-4389-1,Сиквел,sikvel,ВР,250 г/л фомесафен,гербицид,ООО «ЛИСТЕРРА»,1057749556930,II,III,26.01.2024,25.01.2034,Действует,0
042(099)-03-4130-1,Сикурс,sikurs,ВР,480 г/л Бентазон,гербицид,"ООО «ФОРВАРД», ООО СЗР МАСТЕР","1105476055277, 1216100024678",III,III,27.04.2017,26.04.2027,Действует,0
008-02-3711-1,Силар,silar,ВР,250 г/л Полидиметилдиаллиламмония хлорид,фунгицид,ООО «Ваше хозяйство»,1025203566728,III,III,08.06.2022,07.06.2032,Действует,1
871-03-9734-0,Силард,silard,ВДГ,750 г/кг Клопиралид,гербицид,Рейнбоу Агросайенсиз Кфт.,,II,III,18.12.2025,17.12.2028,Действует,0
324-07-2045-1,"Силацин, КРП",silatsin-krp,ТАБ,950 г/кг хлорметилсилатран,регулятор роста,ООО «Флора-ЛиК»,1055000504118,III,III,06.11.2018,05.11.2028,Действует,1
085-03-3948-0,Силач,silach,ВР,540 г/л Глифосат кислоты (калиевая соль),гербицид,ООО «Ярило»,1083123001500,II,III,12.01.2023,11.01.2026,Не действует,0
085-03-9971-0,Силач,silach,ВР,540 г/л Глифосат кислоты (калиевая соль),гербицид,"ООО ""ЯРИЛО""",1083123001500,II,III,25.05.2026,24.05.2029,Действует,0
070-03-4620-0,Силимакс,silimaks,МКЭ,90 г/л феноксапроп-П-этил + 60 г/л Клодинафоп-пропаргил + 40 г/л антидот -клоквинтосет-мексил,гербицид,ООО «АГРОМИР»,1187746148424,III,III,24.06.2024,23.06.2027,Действует,0
322-01-4719-1,Силлит,sillit,КС,400 г/л Додин,фунгицид,Ариста ЛайфСайенс Бенилюкс СПРЛ,,II,III,27.04.2016,26.04.2026,Не действует,0
322-02-1100-1,Силлит,sillit,КС,400 г/л Додин,фунгицид,Ариста ЛайфСайенс Бенилюкс СПРЛ,,II,III,27.04.2016,26.04.2026,Не действует,0
021-03-1783-1,Симба,simba,КЭ,960 г/л С-Метолахлор,гербицид,АО Фирма «Август»,1025006038958,III,III,18.04.2016,17.04.2026,Не действует,0
021-03-9876-0,Симба,simba,КЭ,960 г/л С-Метолахлор,гербицид,"АО ФИРМА ""АВГУСТ""",1025006038958,III,III,27.03.2026,26.03.2029,Действует,0
004(549)-03-2947-1,Синбетан 22,sinbetan-22,КЭ,160 г/л Десмедифам + 160 г/л фенмедифам,гербицид,"ООО НПО «РАХ», ООО «АгроХимИнвест»","1037706005050, 5137746013400",III,III,21.12.2020,20.12.2030,Действует,0
004(549)-03-4098-1,Синбетан Эксперт ОФ,sinbetan-ekspert-of,КЭ,112 г/л этофумезат + 91 г/л фенмедифам + 71 г/л Десмедифам,гербицид,"ООО НПО «РАХ», ООО «АгроХимИнвест»","1037706005050, 5137746013400",III,III,24.02.2021,23.02.2031,Действует,0
021-02-2593-1,Синклер,sinkler,СК,75 г/л Флудиоксонил,фунгицид,АО Фирма «Август»,1025006038958,III,-,13.03.2020,23.05.2024,Действует,1
178-02-3852-1,Синтрон,sintron,КЭ,120 г/л Протиоконазол + 90 г/л Пираклостробин,фунгицид,ООО «Агро Эксперт Груп»,1027708006996,II,III,02.11.2022,01.11.2032,Действует,0
234-03-4649-1,Сириус,sirius,СП,100 г/кг Пиразосульфурон-этил,гербицид,Ниссан Кемикал Корпорейшн,,III,III,26.07.2024,25.07.2034,Действует,0
021-01-3721-1,Сирокко,sirokko,КЭ,400 г/л Диметоат,инсектицид,АО Фирма «Август»,1025006038958,III,I,24.06.2022,23.06.2032,Действует,0
528-03-3700-1,Сиртаки,sirtaki,МКС,360 г/л кломазон,гербицид,СИПКАМ ОКСОН С.П.А.,,III,III,06.06.2022,05.06.2032,Действует,0
173-02-4796-0,Системика М,sistemika-m,Ж,1-5×10⁹ КОЕ/Мл Bacillus mojavensis штамм PS 17,фунгицид,ООО «ОРГАНИК ПАРК»,1127746020918,IV,III,30.01.2025,29.01.2028,Действует,0
014-02-562-1,Систива,sistiva,КС,333 г/л флуксапироксад,фунгицид,«БАСФ СЕ»,,III,-,19.02.2015,18.02.2025,Не действует,0
019-02-3830-1,Скайвэй,skayvey,КЭ,100 г/л Протиоконазол + 100 г/л Тебуконазол + 75 г/л Биксафен,фунгицид,Байер КропСайенс АГ,,II,III,21.10.2022,20.10.2032,Действует,0
699-02-9686-0,Скайстар,skaystar,КС,200 г/л Азоксистробин + 80 г/л Ципроконазол,фунгицид,"«Шандонг Вейфанг Рейнбоу Кемикал Ко., Лтд.»",,II,III,24.11.2025,23.11.2028,Действует,0
021-01-3397-1,Скарабей,skarabey,СЭ,300 г/л Дифлубензурон + 88 г/л Эсфенвалерат,инсектицид,АО Фирма «Август»,1025006038958,III,I,07.12.2021,06.12.2031,Действует,1
018-02-3007-1,Скарлет,skarlet,МЭ,100 г/л Имазалил + 60 г/л Тебуконазол,фунгицид,АО «Щелково Агрохим»,1025006519427,II,III,09.02.2021,08.02.2031,Действует,0
781-03-4405-1,Скаут,skaut,КЭ,30 г/л антидот -клоквинтосет-мексил + 140 г/л феноксапроп-П-этил,гербицид,Синтезия Кеми ГмбХ,,II,III,06.02.2024,05.02.2034,Действует,0
781-03-3409-1,Скаут Ультра,skaut-ultra,КЭ,"170 г/л феноксапроп-П-этил + 48,5 г/л Клодинафоп-пропаргил + 57 г/л антидот -клоквинтосет-мексил",гербицид,Синтезия Кеми ГмбХ,,III,III,13.12.2021,12.12.2031,Действует,0
058-03-713-1,Сквош,skvosh,КС,240 г/л никосульфурон,гербицид,«КЕМИНОВА А/С»,,III,III,21.07.2015,20.07.2025,Не действует,0
041-02-4371-0,Скор,skor,КЭ,250 г/л Дифеноконазол,фунгицид,ООО «Сингента»,1037739325271,III,III,23.01.2024,22.01.2027,Действует,1
126-02-614-1,Скорошанс,skoroshans,КЭ,250 г/л Дифеноконазол,фунгицид,ООО «Шанс»,1093668046812,III,III,30.03.2015,04.07.2024,Не действует,0
126-02-9631-1,Скорошанс,skoroshans,КЭ,250 г/л Дифеноконазол,фунгицид,ООО «Шанс»,1093668046812,III,III,10.10.2025,09.10.2035,Действует,0
085-04-4222-1,Скорпион,skorpion,ВР,150 (80) г/л Дикват дибромида (200 г/л в пересчете на дикват ион),десикант,г/л Дикват дибромида (200 г/л в пересчете на дикват ион)) ООО «Ярило»,1083123001500,II,III,17.01.2023,18.10.2033,Действует,0
085-04-4223-1,Скорпион Форте,skorpion-forte,ВР,280 (150) г/л Дикват дибромида (200 г/л в пересчете на дикват ион),десикант,г/л Дикват дибромида (200 г/л в пересчете на дикват ион)) ООО «Ярило»,1083123001500,II,III,19.10.2023,18.10.2033,Действует,0
126-02-3456-1,Скорый,skoryy,КЭ,250 г/л Дифеноконазол,фунгицид,ООО «Шанс»,1093668046812,III,III,28.12.2021,27.12.2031,Действует,1
178-03-4842-1,Скрин,skrin,КС,700 г/л Метамитрон,гербицид,ООО «Агро Эксперт Груп»,1027708006996,III,III,04.04.2025,03.04.2035,Действует,0
178-03-617-1,Скрин,skrin,КС,700 г/л Метамитрон,гербицид,ООО «Агро Эксперт Груп»,1027708006996,III,III,01.04.2015,31.03.2025,Не действует,0
018-01-9916-0,Скутер,skuter,МЭ,50 г/л Эмамектин бензоат + 50 г/л лямбда-цигалотрин,инсектицид,"АО ""ЩЕЛКОВО АГРОХИМ""",1025006519427,III,I,21.04.2026,20.04.2029,Действует,0
021-01-3601-1,Скутум,skutum,СК,250 г/л Фипронил,инсектицид,АО Фирма «Август»,1025006038958,II,I,07.04.2022,06.04.2032,Действует,0
018-08-4305-1,Слизнегон,sliznegon,Г,60 г/кг Метальдегид,моллюскоцид,АО «Щелково Агрохим»,1025006519427,III,-,11.12.2023,10.12.2033,Действует,1
021-08-2660-1,Слизнеед Нео,slizneed-neo,Г,30 г/кг Метальдегид,моллюскоцид,АО Фирма «Август»,1025006038958,III,-,23.04.2020,22.04.2030,Действует,1
141-08-3578-1,Слизнякофф,sliznyakoff,Г,60 г/кг Метальдегид,моллюскоцид,ООО «Валбрента Кемикалс»,,II,-,31.03.2022,30.03.2032,Действует,1
070-03-3825-1,Слоузен,slouzen,ВДГ,500 г/кг римсульфурон + 250 г/кг тифенсульфурон-метил,гербицид,ООО «АГРОМИР»,1187746148424,III,III,29.10.2022,28.10.2032,Действует,0
781-03-4924-1,Смарагд Форте,smaragd-forte,КЭ,140 г/л феноксапроп-П-этил + 70 г/л антидот -клоквинтосет-мексил,гербицид,Синтезия Кеми ГмбХ,,III,III,23.06.2025,22.06.2035,Действует,0
741-07-3240-1,СмартФреш ПроТабс,smartfresh-protabs,ТАБ,20 г/кг 1-метилциклопропен,регулятор роста,АГРОФРЕШ Инк.,,III,-,21.07.2021,20.07.2031,Действует,0
050-03-4921-1,Смилодон,smilodon,КЭ,60 г/л Пиноксаден + 15 г/л антидот -клоквинтосет-мексил,гербицид,АО «ФМРус»,1097746208207,II,III,30.06.2025,29.06.2035,Действует,0
184(026)-01-4422-0,Снейк,sneyk,РП,200 г/кг Ацетамиприд,инсектицид,"Агрия АД, ООО «Агрорус и Ко»",,III,III,20.02.2024,19.02.2027,Действует,0
178-03-1340-1,Сойл,soyl,ВДГ,700 г/кг Метрибузин,гербицид,ООО «Агро Эксперт Груп»,1027708006996,III,III,25.01.2017,01.07.2019,Действует,0
178-03-2909-1,Сойл Флюид,soyl-flyuid,КС,600 г/л Метрибузин,гербицид,ООО «Агро Эксперт Груп»,1027708006996,III,III,03.12.2020,02.12.2030,Действует,0
085-03-2657-1,Сокол,sokol,КЭ,104 г/л Галоксифоп-П-метил,гербицид,ООО «Ярило»,1083123001500,III,III,22.04.2020,21.04.2030,Действует,0
699-01-3609-1,Солам,solam,КС,106 г/л лямбда-цигалотрин + 141 г/л Тиаметоксам,инсектицид,"«Шандонг Вейфанг Рейбоу Кемикал Ко., Лтд.",,III,I,20.04.2022,19.04.2032,Действует,0
178-02-2671-1,Соланум,solanum,СП,600 г/кг Манкоцеб + 90 г/кг Диметоморф,фунгицид,ООО «Агро Эксперт Груп»,1027708006996,II,III,12.05.2020,11.05.2030,Действует,0
178-02-9696-0,Соланум Флюид,solanum-flyuid,МД,400 г/л Манкоцеб + 60 г/л Диметоморф,фунгицид,"ООО ""АГРО ЭКСПЕРТ ГРУП""",1027708006996,II,III,01.12.2025,30.11.2028,Действует,0
019-02-4277-0,Солигор,soligor,КЭ,224 г/л Спироксамин + 148 г/л Тебуконазол + 53 г/л Протиоконазол,фунгицид,Байер КропСайенс АГ,,II,III,30.11.2023,29.11.2026,Действует,0
046-03-2384-1,Солист,solist,ВРК,100 г/л Имазетапир,гербицид,ЗАО «ТПК «Техноэкспорт»,1025005325070,III,III,06.03.2017,05.03.2027,Не действует,0
046-03-5037-1,Солист,solist,ВРК,100 г/л Имазетапир,гербицид,ООО «Техноэкспорт»,1125042005175,III,III,29.08.2025,05.03.2027,Действует,0
036-03-3380-1,Соната Супер,sonata-super,КЭ,104 г/л Галоксифоп-П-метил,гербицид,ООО «Амурагрохим»,1022800507080,III,III,18.11.2021,17.11.2031,Действует,0
085-03-3684-1,Сонхус,sonhus,ВДГ,750 г/кг Клопиралид,гербицид,ООО «Ярило»,1083123001500,II,III,17.05.2022,16.05.2032,Действует,0
"248(042,297)-03-1310-1",Сотейра,soteyra,ВРК,33 г/л Имазамокс + 15 г/л Имазапир,гербицид,"ООО «Франдеса», ООО «Краснодарский биоцентр», ООО «ФОРВАРД»","1082323000430, 1105476055277",III,III,21.12.2016,20.12.2026,Действует,0
971-03-4951-0,Софт,soft,КЭ,125 г/л г/л хизалофоп-П-этил,гербицид,"ООО ""ПРОЛАЙН""",1230200002020,III,III,23.07.2025,22.07.2028,Действует,0
012-09-3065-1,Сочва,sochva,Г,"8 г/л Водорастворимые вещества, получаемые при перолизе древесины",репеллент,ООО Фирма «Зеленая Аптека Садовода»,1037700040564,IV,III,18.03.2021,17.03.2031,Действует,1
569-07-2387-1,Спад Ник Гранулы,spad-nik-granuly,Г,1000 г/кг Хлорпрофам,регулятор роста,Ацето Экгрикалчерал Кемикалз Корпорейшн,,III,III,11.09.2019,10.09.2029,Действует,0
569-07-4237-1,Спад-Ник,spad-nik,Р,500 г/л Хлорпрофам,регулятор роста,Ацето Экгрикалчерал Кемикалз Корпорейшн,,III,-,26.10.2023,25.10.2033,Действует,0
021-02-9687-0,Спайк,spayk,СК,400 г/л Пропамокарб гидрохлорид + 50 г/л цимоксанил,фунгицид,"АО ФИРМА ""АВГУСТ""",1025006038958,III,III,24.11.2025,23.11.2028,Действует,1
528-01-3552-1,Спарвиэро,sparviero,МКС,100 г/л лямбда-цигалотрин,инсектицид,СИПКАМ ОКСОН С.П.А.,,II,I,21.03.2022,20.03.2032,Действует,0
018-01-4315-1,Спарринг,sparring,МД,150 г/л Тиаметоксам + 90 г/л Фипронил,инсектицид,АО «Щелково Агрохим»,1025006519427,II,I,15.12.2023,09.12.2025,Действует,0
126-03-9744-1,Спарта,sparta,ВДГ,375 г/кг тифенсульфурон-метил + 135 г/кг Метсульфурон-метил,гербицид,"ООО ""ШАНС""",1093668046812,III,II,22.12.2025,21.12.2035,Действует,0
586-01-4795-1,Спатаро,spataro,СК,100 г/л Спиротетрамат,инсектицид,Глобакем НВ,,III,III,29.01.2025,28.01.2035,Действует,0
699-01-4481-1,Сперамет,speramet,МД,150 г/л Спиротетрамат,инсектицид,"«Шандонг Вейфанг Рейбоу Кемикал Ко., Лтд.",,III,III,29.03.2024,28.03.2034,Действует,0
941(942)-03-4635-1,Спецназ 750,spetsnaz-750,ВДГ,750 г/кг трибенурон-метил,гербицид,"ООО АС-Агро, ООО НПП Институт синергетических препаратов и микроудобрений","1040204593934, 1150280015302",III,III,18.07.2024,17.07.2034,Действует,0
682-03-4638-0,Спика,spika,КЭ,108 г/л Галоксифоп-П-метил,гербицид,ООО «НПК ХИМИЯ»,1197746012199,III,III,22.07.2024,21.07.2027,Действует,0
192-03-644-1,Спикер,spiker,КЭ,422 г/л Дикамба (диметиламинная соль) + 18 г/л флорасулам,гербицид,+ 18 г/л флорасулам) ООО ГК «ЗемлякоФФ»,1037724060560,III,III,21.04.2015,20.04.2025,Не действует,0
866-01-4186-1,Спинтор КА,spintor-ka,СК,240 г/л Спиносад,инсектицид,ООО Кортева Агрисаенс Рус,1106195008787,III,I,21.08.2023,20.08.2033,Действует,0
041-02-9789-1,Спирале,spirale,КЭ,375 г/л фенпропидин + 100 г/л Дифеноконазол,фунгицид,"ООО ""СИНГЕНТА""",1037739325271,II,III,03.02.2026,02.02.2036,Действует,0
021-02-4486-0,Спирит,spirit,СК,240 г/л Азоксистробин + 160 г/л эпоксиконазол,фунгицид,АО Фирма «Август»,1025006038958,II,III,29.03.2024,28.03.2027,Действует,0
033-02-447-1,Споробактерин,sporobakterin,СП,"10⁸ КОЕ/г Bacillussubtilis + 10⁶ КОЕ/г Trichoderma viride, штамм 4097",фунгицид,ООО «ОРТОН»,1025004916573,IV,III,31.10.2014,30.10.2024,Не действует,1
058-04-2878-1,Спотлайт Плюс,spotlayt-plyus,МЭ,60 г/л карфентразон-этил,десикант,«КЕМИНОВА А/С»,,III,III,16.11.2020,15.11.2030,Действует,0
018-03-3920-0,Спрут,sprut,ВР,360 г/л Глифосат кислоты (изопропиламинная соль),гербицид,АО «Щелково Агрохим»,1025006519427,II,III,27.12.2022,26.12.2025,Не действует,0
018-03-9895-0,Спрут,sprut,ВР,360 г/л Глифосата кислота (изопропиламинная соль),гербицид,"АО ""ЩЕЛКОВО АГРОХИМ""",1025006519427,II,III,08.04.2026,07.04.2029,Действует,0
018-03-4269-0,Спрут Экстра,sprut-ekstra,ВР,540 г/л Глифосат кислоты (калиевая соль),гербицид,АО «Щелково Агрохим»,1025006519427,II,III,29.11.2023,28.11.2026,Действует,0
024-07-2583-1,Стабилан,stabilan,ВР,460 г/л Хлормекватхлорид,регулятор роста,Нуфарм ГмбХ & КО КГ,,II,III,10.03.2020,09.03.2030,Действует,0
018-02-10081-1,Стаккато,stakkato,Ж,1х109 КОЕ/Мл Bacillus amyloliquefaciens 133 (ВКПМ В-11986),фунгицид,"АО ""ЩЕЛКОВО АГРОХИМ""",1025006519427,III,III,18.08.2026,17.08.2036,Действует,1
043(042)-03-2119-1,Сталкер,stalker,ВДГ,750 г/кг трибенурон-метил,гербицид,"ООО «Сибагрохим», ООО «ФОРВАРД»","1025402493555, 1105476055277",III,III,22.02.2019,21.02.2029,Действует,0
015-02-3110-1,Стандак Топ,standak-top,КС,250 г/л Фипронил + 225 г/л Тиофанат - метил + 25 г/л Пираклостробин,инсектицид,БАСФ Агро Б.В.,,II,-,15.04.2021,14.04.2031,Действует,0
192-03-4475-1,Статус Голд,status-gold,ВДГ,300 г/кг трибенурон-метил + 350 г/кг тифенсульфурон-метил + 100 г/кг флорасулам,гербицид,ООО ГК «ЗемлякоФФ»,1037724060560,III,III,29.03.2024,26.12.2025,Действует,0
192-03-4474-1,Статус Крос,status-kros,СЭ,45 г/л Пиноксаден + 5 г/л флорасулам + 12 г/л антидот -клоквинтосет-мексил,гербицид,ООО ГК «ЗемлякоФФ»,1037724060560,III,III,30.03.2024,29.03.2034,Действует,0
192-03-1086-1,Статус Макс,status-maks,ВДГ,500 г/кг тифенсульфурон-метил + 250 г/кг трибенурон-метил + 80 г/кг флорасулам,гербицид,ООО ГК «ЗемлякоФФ»,1037724060560,III,III,18.04.2016,17.04.2026,Не действует,0
192-03-3709-1,Статус Фло,status-flo,КЭ,"418 г/л 2,4-Д (сложный 2-этилгексиловый эфир) + 12 г/л флорасулам",гербицид,+ 12 г/л флорасулам) ООО ГК «ЗемлякоФФ»,1037724060560,II,III,08.06.2022,07.06.2032,Действует,0
014-03-2686-1,Стеллар Плюс,stellar-plyus,ВРК,160 г/л Дикамба (натриевая соль) + 50 г/л топрамезон,гербицид,+ 50 г/л топрамезон) «БАСФ СЕ»,,II,III,28.05.2020,27.05.2030,Действует,0
021-02-4365-1,Стерлинг,sterling,ВСК,40 г/л Протиоконазол + 30 г/л Дифеноконазол,фунгицид,АО Фирма «Август»,1025006038958,III,-,16.01.2024,15.01.2034,Действует,0
139-02-3162-1,Стернифаг,sternifag,СП,"10¹⁰ КОЕ/г Trichoderma harzianum, штамм ВКМ F-4099D",фунгицид,ООО Управляющая компания «АБТ-групп»,,IV,III,27.05.2021,26.05.2031,Действует,0
021-01-3340-1,Стилет,stilet,МД,100 г/л Индоксакарб + 40 г/л Абамектин,инсектицид,АО Фирма «Август»,1025006038958,II,I,21.10.2021,20.10.2031,Действует,0
021-02-10006-0,Стилус,stilus,СК,125 г/л Дитианон,фунгицид,"АО ФИРМА ""АВГУСТ""",1025006038958,III,III,10.06.2026,09.06.2029,Действует,1
792-07-3533-1,Стиммунол ЕФ,stimmunol-ef,Ж,"0,68 г/л L-лейцин + 8,84 г/л L-аргинин + 0,3 г/л L-пролин",регулятор роста,ООО «ЭКОПРОЕКТ-НТ»,1103610000229,IV,III,18.03.2022,17.03.2032,Действует,0
389-07-4829-1,Стиморос,stimoros,ВК,100 г/л 6-бензиладенин,регулятор роста,ООО «АГРОПРОГРЕСС КЭМИКАЛС»,1157847140296,III,III,13.03.2025,12.03.2035,Действует,0
639-07-3214-1,Стимулэйт,stimuleyt,Ж,"0,09 г/л 6-фурфуриламинопурин + 0,05 г/л гиббереллиновая кислота А3 + 0,05 г/л 4(индол-3ил) масляная кислота",регулятор роста,"масляная кислота) Столлер Интерпрайсис, Инк.",,IV,III,13.07.2021,12.07.2031,Действует,0
004-02-5023-1,Стингер,stinger,КС,60 г/л Тебуконазол,фунгицид,ООО НПО «РАХ»,1037706005050,II,-,03.04.2017,02.04.2027,Действует,0
004(549)-02-5014-1,Стингер Трио,stinger-trio,КС,80 г/л Тиабендазол + 60 г/л Тебуконазол + 60 г/л Имазалил,фунгицид,"ООО НПО «РАХ», ООО «АгроХимИнвест»","1037706005050, 5137746013400",II,-,17.12.2020,16.12.2030,Действует,0
021-03-4513-1,Стингрей,stingrey,КЭ,"50 г/л Пиноксаден + 12,5 г/л антидот -клоквинтосет-мексил",гербицид,АО Фирма «Август»,1025006038958,III,III,10.04.2024,09.04.2034,Действует,0
008-01-673-1,Стожар,stozhar,РП,20 г/кг Ацетамиприд,инсектицид,ООО «Ваше хозяйство»,1025203566728,III,II,02.06.2015,01.06.2025,Не действует,1
192-07-10105-0,Стоик,stoik,ВР,720 г/л Этефон,регулятор роста,"ООО ГК ""ЗЕМЛЯКОФФ""",1037724060560,II,III,28.08.2026,27.08.2029,Действует,0
015-03-3290-1,Стомп Профессионал,stomp-professional,МКС,455 г/л Пендиметалин,гербицид,БАСФ Агро Б.В.,,III,III,10.09.2021,09.09.2031,Действует,0
177-08-3524-1,СтопУлит,stopulit,Г,30 г/кг Метальдегид,моллюскоцид,Арксада Лтд,,III,-,08.08.2016,07.08.2026,Не действует,1
178-02-1339-1,Страйк Форте,strayk-forte,КС,225 г/л Тебуконазол + 75 г/л Флутриафол,фунгицид,ООО «Агро Эксперт Груп»,1027708006996,II,III,25.01.2017,01.04.2020,Действует,0
042(275)-03-822-1,Стратег,strateg,КС,40 г/л никосульфурон,гербицид,"ООО «ФОРВАРД», ООО «АГРОДИМ»","1105476055277, 1136449005351",III,III,28.10.2015,27.10.2025,Не действует,0
014-03-1337-1,Стратос Ультра,stratos-ultra,КЭ,100 г/л Циклоксидим,гербицид,«БАСФ СЕ»,,III,III,20.01.2017,19.01.2027,Действует,0
112-02-2356-1,Стрекар,strekar,КС,25 г/л Фитобактериомицин + 70 г/л Карбендазим,фунгицид,ООО «Фармбиомедсервис»,,II,III,28.08.2019,27.08.2029,Действует,0
012-03-776-1,Стриж,strizh,ВДГ,687 г/кг Глифосат кислоты (изопропиламинная соль),гербицид,ООО Фирма «Зеленая Аптека Садовода»,1037700040564,III,III,11.09.2015,10.09.2025,Не действует,1
148-03-1601-1,Стрим,strim,КЭ,960 г/л С-Метолахлор,гербицид,ООО «ЮПЛ»,1157746848490,III,III,21.11.2017,20.11.2027,Действует,0
082-01-1489-1,Стрит,strit,КС,600 г/л Имидаклоприд,инсектицид,ООО «Интер Групп»,1084312000420,III,-,02.05.2017,15.02.2024,Действует,0
014-02-3566-1,Строби,strobi,ВДГ,500 г/кг Крезоксим-метил,фунгицид,«БАСФ СЕ»,,III,III,23.03.2022,22.03.2032,Действует,0
064-02-10063-0,Стробитек,strobitek,ВДГ,500 г/кг Крезоксим-метил,фунгицид,ООО «Химагромаркетинг»,1032305700008,III,III,05.08.2026,04.08.2029,Действует,0
064-02-1221-1,Стробитек,strobitek,ВДГ,500 г/кг Крезоксим-метил,фунгицид,ООО «Химагромаркетинг»,1032305700008,III,III,05.09.2016,04.09.2026,Не действует,0
064-02-2894-1,Стробитек Мульти,strobitek-multi,КС,150 г/л Пропиконазол + 125 г/л Крезоксим-метил,фунгицид,ООО «Химагромаркетинг»,1032305700008,II,III,23.11.2020,22.11.2030,Действует,0
126-02-2047-1,Стробишанс Про,strobishans-pro,СК,200 г/л Азоксистробин + 80 г/л Ципроконазол,фунгицид,ООО «Шанс»,1093668046812,II,III,09.11.2018,08.11.2028,Действует,0
869-01-4870-1,Стэйт,steyt,МКС,250 г/л г/л лямбда-цигалотрин,инсектицид,ЮПЛ Холдингс Кооператив Ю.А.,,II,I,26.05.2025,25.05.2035,Действует,0
021-07-4994-0,Стэнли,stenli,КЭ,250 г/л Тринексапак-этил,регулятор роста,АО Фирма «Август»,1025006038958,III,III,27.08.2025,26.08.2028,Действует,0
893-02-9735-1,Сублимза,sublimza,Ж,"1Х10⁷ спор/Мл Trichoderma afroharzianum, штамм Th2RI99",фунгицид,"РИЗОБАКТЕР ФРАНС САС, Франция",,III,III,18.12.2025,17.12.2035,Действует,0
156-03-3029-1,Султан,sultan,СК,500 г/л Метазахлор,гербицид,ООО «АДАМА РУС»,1062310039934,III,III,24.02.2021,23.02.2031,Действует,0
032-01-2058-1,Суми-альфа,sumi-alfa,КЭ,50 г/л Эсфенвалерат,инсектицид,Сумитомо Кемикал Агро Юроп С.А.С.,,III,I,16.11.2018,15.11.2028,Действует,1
032-01-2057-1,Сумитион,sumition,КЭ,500 г/л Фенитротион,инсектицид,Сумитомо Кемикал Агро Юроп С.А.С.,,III,I,16.11.2018,15.11.2028,Действует,0
021-02(01)-10005-0,Супер Макс,super-maks,ВСК,125 г/л Тиаметоксам + 25 г/л Флудиоксонил + 15 г/л Тебуконазол,инсектицид,"АО ФИРМА ""АВГУСТ""",1025006038958,II,-,10.06.2026,09.06.2029,Действует,0
322-01-4715-1,Суперкилл,superkill,КЭ,500 г/л Хлорпирифос + 50 г/л циперметрин,инсектицид,Ариста ЛайфСайенс Бенилюкс СПРЛ,,III,I,01.09.2015,31.08.2025,Не действует,0
322-01-947-1,Суперкилл,superkill,КЭ,500 г/л Хлорпирифос + 50 г/л циперметрин,инсектицид,Ариста ЛайфСайенс Бенилюкс СПРЛ,,III,I,01.09.2015,31.08.2025,Не действует,0
999-01-9982-0,Суперкилл,superkill,КЭ,500 г/л Хлорпирифос + 50 г/л циперметрин,инсектицид,Ариста ЛайфСайенс Бенилюкс СРЛ,,III,I,27.05.2026,26.05.2029,Действует,0
178-03-2347-1,Суперкорн,superkorn,МД,"150 г/л Мезотрион + 60 г/л никосульфурон + 11,25 г/л тифенсульфурон-метил",гербицид,ООО «Агро Эксперт Груп»,1027708006996,III,III,15.08.2019,14.08.2029,Действует,0
002-03-2181-1,Суперстар,superstar,ВДГ,750 г/кг трибенурон-метил,гербицид,ООО «АГРУСХИМ»,1057747562509,III,III,02.04.2019,01.04.2029,Не действует,0
002-03-4856-0,Суперстар,superstar,ВДГ,750 г/кг трибенурон-метил,гербицид,ООО «АГРУСХИМ»,1057747562509,III,III,25.04.2025,24.04.2028,Действует,0
002-03-4454-1,Суперстар Голд,superstar-gold,ВДГ,375 г/кг трибенурон-метил + 375 г/кг тифенсульфурон-метил,гербицид,ООО «АГРУСХИМ»,1057747562509,III,III,12.03.2024,11.03.2034,Действует,0
586-02-9946-0,Суррендер,surrender,ВСК,100 г/л Флудиоксонил,фунгицид,Глобакем НВ,,III,-,13.05.2026,12.05.2029,Действует,0
021-03(04)-1700-1,Суховей,suhovey,ВР,150 г/л Дикват (дибромид),гербицид,АО Фирма «Август»,1025006038958,III,III,28.10.2015,12.09.2019,Не действует,0
021-03(04)-9729-0,Суховей,suhovey,ВР,280 г/л Диквата дибромида (150 г/л в пересчете на дикват ион),гербицид,"АО ФИРМА ""АВГУСТ""",1025006038958,III,III,17.12.2025,16.12.2028,Действует,0
019-02-819-1,Сфера макс,sfera-maks,КС,375 г/л Трифлоксистробин + 160 г/л Ципроконазол,фунгицид,Байер КропСайенс АГ,,III,III,23.10.2015,22.10.2025,Не действует,0
019-02-9624-0,Сфера макс,sfera-maks,КС,375 г/л Трифлоксистробин + 160 г/л Ципроконазол,фунгицид,Байер КропСайенс АГ,,III,III,09.10.2025,08.10.2028,Действует,0
023(197)-02-2495-1,Сфинкс,sfinks,КС,60 г/л Тебуконазол,фунгицид,"ООО «АНПП «Агрохим-XXI», ООО «Агрохим ХХ1»","1027700119710, 5067746338150",II,-,10.12.2019,09.12.2029,Действует,0
019-01(02)-3932-1,Сценик Комби,stsenik-kombi,КС,"250 г/л Клотианидин + 37,5 г/л флуоксастробин + 37,5 г/л Протиоконазол + 5 г/л Тебуконазол",инсектицид,Байер КропСайенс АГ,,II,-,09.01.2023,08.01.2033,Действует,0
021-01-2605-1,Сэмпай,sempay,КЭ,50 г/л Эсфенвалерат,инсектицид,АО Фирма «Август»,1025006038958,III,I,17.03.2020,16.03.2030,Действует,0
021-02-1694-1,ТМТД,tmtd,ВСК,400 г/л Тирам,фунгицид,АО Фирма «Август»,1025006038958,III,-,22.11.2017,21.11.2027,Действует,0
050-02-2818-1,ТМТД,tmtd,ТПС,400 г/л Тирам,фунгицид,ЗАО «ФМРус»,1097746208207,III,-,28.09.2020,27.09.2030,Действует,0
095-02-3450-1,ТМТД-плюс,tmtd-plyus,КС,400 г/л Тирам,фунгицид,ЗАО «Агрозащита»,1020203223006,III,-,27.12.2021,26.12.2031,Действует,0
560-01-3216-1,ТабаМин,tabamin,ВРК,2 г/л Никотин,инсектицид,ЗАО «КОСТРОМСКОЙ ХИМЗАВОД»,1024400511970,III,III,16.07.2021,15.07.2031,Действует,1
560-01-2332-1,Табазол,tabazol,П,6 г/кг Никотин,инсектицид,ЗАО «КОСТРОМСКОЙ ХИМЗАВОД»,1024400511970,III,III,25.07.2019,24.07.2029,Действует,1
560-01-2328-1,Табачная пыль,tabachnaya-pyl,П,12 г/кг Никотин,инсектицид,ЗАО «КОСТРОМСКОЙ ХИМЗАВОД»,1024400511970,III,III,24.07.2019,23.07.2029,Действует,1
085-03-4227-1,Табезон,tabezon,ВР,480 г/л Бентазон,гербицид,ООО «Ярило»,1083123001500,III,III,23.10.2023,22.10.2033,Действует,0
005-01-2072-1,Табу,tabu,ВСК,500 г/л Имидаклоприд,инсектицид,АО Фирма «Август»,1025006038958,III,-,07.02.2019,29.12.2022,Действует,1
021-01-1804-1,Табу Нео,tabu-neo,СК,100 г/л Клотианидин + 400 г/л Имидаклоприд,инсектицид,АО Фирма «Август»,1025006038958,III,-,21.04.2015,20.04.2025,Не действует,0
021-01-4845-0,Табу Нео,tabu-neo,СК,400 г/л Имидаклоприд + 100 г/л Клотианидин,инсектицид,АО Фирма «Август»,1025006038958,III,-,09.04.2025,08.04.2028,Действует,0
021-01-1898-1,Табу Супер,tabu-super,СК,400 г/л Имидаклоприд + 100 г/л Фипронил,инсектицид,АО Фирма «Август»,1025006038958,III,-,28.04.2018,10.12.2025,Действует,0
018-01-2827-1,Тагор,tagor,КЭ,400 г/л Диметоат,инсектицид,АО «Щелково Агрохим»,1025006519427,III,I,08.10.2020,07.10.2030,Действует,0
082-03-4323-1,Тайгер,tayger,ЭМВ,"69 г/л феноксапроп-П-этил + 34,5 г/л антидот -клоквинтосет-мексил",гербицид,ООО «Интер Групп»,1084312000420,III,III,18.12.2023,17.12.2033,Действует,0
082-03-10086-1,Тайгер 100,tayger-100,КЭ,100 г/л феноксапроп-П-этил + 27 г/л антидот клоквинтосет-мексил,гербицид,"ООО ""ИНТЕР ГРУПП""",1084312000420,II,III,19.08.2026,18.08.2036,Действует,0
082-03-1069-1,Тайгер 100,tayger-100,КЭ,27 г/л антидот -клоквинтосет-мексил + 100 г/л феноксапроп-П-этил,гербицид,ООО «Интер Групп»,1084312000420,III,III,11.04.2016,10.04.2026,Не действует,0
042(275)-03-1669-1,Тайпан,taypan,КЭ,40 г/л антидот мефенпир-диэтил + 90 г/л феноксапроп-П-этил + 90 г/л Клодинафоп-пропаргил,гербицид,"ООО «ФОРВАРД», ООО «АГРОДИМ»","1105476055277, 1136449005351",III,III,25.12.2017,24.12.2027,Действует,0
021-01-2480-1,Тайра,tayra,КЭ,480 г/л Хлорпирифос,инсектицид,АО Фирма «Август»,1025006038958,II,I,21.11.2019,20.11.2029,Действует,0
178-01-3853-1,Такер,taker,КС,600 г/кг Клотианидин,инсектицид,ООО «Агро Эксперт Груп»,1027708006996,III,-,02.11.2022,01.11.2032,Действует,0
297(042)-03-1586-1,Талака 100,talaka-100,КЭ,100 г/л феноксапроп-П-этил + 27 г/л антидот мефенпир-диэтил,гербицид,"ООО «Франдеса», ООО «ФОРВАРД»",1105476055277,III,III,07.11.2017,06.11.2027,Действует,0
021-02-1800-1,Талант,talant,СК,500 г/л хлороталонил,фунгицид,АО Фирма «Август»,1025006038958,II,III,19.04.2017,18.04.2027,Действует,0
029-02-1036-1,Талендо Экстра,talendo-ekstra,КЭ,160 г/л Проквиназид + 80 г/л тетраконазол,фунгицид,ООО «Дюпон Наука и Технологии»,,II,III,14.03.2016,13.03.2026,Не действует,0
866-02-4721-0,Талендо Экстра КА,talendo-ekstra-ka,КА,160 г/л Проквиназид + 80 г/л тетраконазол,фунгицид,ООО Кортева Агрисаенс Рус,1106195008787,II,III,11.11.2024,10.11.2027,Действует,0
742-03-3337-1,Талисман,talisman,МД,40 г/л никосульфурон,гербицид,ГАЛЕНИКА-ФИТОФАР МАЦИЯ А.Д.,,III,III,19.10.2021,18.10.2031,Действует,0
029-02-319-1,Талиус,talius,КЭ,200 г/л Проквиназид,фунгицид,ООО «Дюпон Наука и Технологии»,,II,III,13.04.2015,12.04.2025,Не действует,0
590(297)-03-3699-1,Таллер,taller,ВДГ,750 г/кг трибенурон-метил,гербицид,"ООО ФРАНДЕСА, ООО «Франдеса»",1157746513055,III,III,06.06.2022,05.06.2032,Действует,0
197-03-4451-1,Тальвар,talvar,КЭ,240 г/л Клетодим,гербицид,ООО «Агрохим ХХ1»,5067746338150,III,III,12.03.2024,11.03.2034,Действует,0
389-02-4483-1,Тангер,tanger,КС,400 г/л Додин,фунгицид,ООО «АГРОПРОГРЕСС КЭМИКАЛС»,1157847140296,II,III,29.03.2024,28.03.2034,Действует,0
058-03-475-1,Тандем,tandem,ВДГ,600 г/кг трибенурон-метил + 200 г/кг флорасулам,гербицид,«КЕМИНОВА А/С»,,III,III,17.12.2014,16.12.2024,Не действует,0
590(297)-03-3561-1,Танит,tanit,МД,20 г/л тифенсульфурон-метил,гербицид,"ООО ФРАНДЕСА, ООО «Франдеса»",1157746513055,III,III,29.03.2022,28.03.2032,Действует,0
866-02-4725-0,Танос КА,tanos-ka,ВДГ,250 г/кг Фамоксадон + 250 г/кг цимоксанил,фунгицид,ООО Кортева Агрисаенс Рус,1106195008787,III,III,26.11.2024,25.11.2027,Действует,1
126-02-2511-1,Таношанс,tanoshans,ВДГ,250 г/кг Фамоксадон + 250 г/кг цимоксанил,фунгицид,ООО «Шанс»,1093668046812,III,III,06.02.2020,05.02.2030,Действует,0
021-01-2484-1,Танрек,tanrek,ВРК,200 г/л Имидаклоприд,инсектицид,АО Фирма «Август»,1025006038958,III,I,11.12.2019,10.12.2029,Действует,0
018-03-2281-1,Танто,tanto,ККР,320 г/л Ацифлуорфен,гербицид,АО «Щелково Агрохим»,1025006519427,II,III,18.06.2019,17.06.2029,Действует,0
178-03-2212-1,Тапир,tapir,ВК,100 г/л Имазетапир,гербицид,ООО «Агро Эксперт Груп»,1027708006996,III,III,07.05.2019,06.05.2029,Действует,0
178-03-2597-1,Тапир Гибрид,tapir-gibrid,МК,50 г/л Имазетапир + 20 г/л Имазапир,гербицид,ООО «Агро Эксперт Груп»,1027708006996,III,III,16.03.2020,15.03.2030,Действует,0
126-03-578-1,Тапирошанс,tapiroshans,ВРК,100 г/л Имазетапир,гербицид,ООО «Шанс»,1093668046812,III,III,02.03.2015,01.03.2025,Не действует,0
126-03-9642-0,Тапирошанс,tapiroshans,ВРК,100 г/л Имазетапир,гербицид,"ООО ""ШАНС""",1093668046812,III,II,20.10.2025,19.10.2028,Действует,0
050-01-4975-1,Таран,taran,ВЭ,100 г/л Зета-циперметрин,инсектицид,"АО ""ФМРус""",1097746208207,III,I,05.08.2025,04.08.2035,Действует,0
050-01-992-1,Таран,taran,ВЭ,100 г/л Зета-циперметрин,инсектицид,ЗАО «ФМРус»,1097746208207,III,I,28.04.2015,27.04.2025,Не действует,0
234-03-2005-1,Тарга Супер,targa-super,КЭ,"51,6 г/л хизалофоп-П-этил",гербицид,Ниссан Кемикал Корпорейшн,,III,III,12.12.2016,11.12.2026,Действует,0
178-03-2629-1,Таргет Супер,target-super,КЭ,"51,6 г/л хизалофоп-П-этил",гербицид,ООО «Агро Эксперт Груп»,1027708006996,III,III,26.03.2020,25.03.2030,Действует,0
642-03-3936-0,Тачдаун,tachdaun,ВР,540 г/л Глифосат кислоты (калиевая соль),гербицид,ООО ТетраХим,1167746491681,II,III,10.01.2023,09.01.2026,Не действует,0
853-02-4576-1,Тачигарен,tachigaren,СП,700 г/кг Гимексазол,фунгицид,"Мицуи Кемикалс Агро, Инк.",,II,-,22.05.2024,11.01.2033,Действует,0
853-02-4674-1,Тачигарен,tachigaren,Р,440 г/л Гимексазол,фунгицид,"Мицуи Кемикалс Агро, Инк.",,II,-,25.09.2024,24.09.2034,Действует,0
018-01-1919-1,Твинго,tvingo,КС,180 г/л Дифлубензурон + 45 г/л Имидаклоприд,инсектицид,АО «Щелково Агрохим»,1025006519427,III,I,21.05.2018,20.05.2028,Действует,1
018-01-3283-1,Твинго Евро,tvingo-evro,МД,180 г/л Дифлубензурон + 45 г/л Ацетамиприд,инсектицид,АО «Щелково Агрохим»,1025006519427,III,III,03.09.2021,02.09.2031,Действует,1
010-07-4584-1,Теафол,teafol,ВР,750 г/л Хлормекватхлорид,регулятор роста,ООО «ЛИСТЕРРА»,1057749556930,II,III,23.05.2024,22.05.2034,Действует,0
148-02-2105-1,Тебаз Про,tebaz-pro,СК,200 г/л Азоксистробин + 250 г/л Тебуконазол,фунгицид,ООО «ЮПЛ»,1157746848490,II,III,18.02.2019,17.02.2029,Действует,0
046-02-4350-0,Тебалин,tebalin,ТКС,100 г/л Имазалил + 60 г/л Тебуконазол,фунгицид,ЗАО «ТПК «Техноэкспорт»,1025005325070,II,-,09.01.2024,08.01.2027,Не действует,0
046-02-5028-0,Тебалин,tebalin,ТКС,100 г/л Имазалил + 60 г/л Тебуконазол,фунгицид,ООО «Техноэкспорт»,1125042005175,II,-,29.08.2025,08.01.2027,Действует,0
018-02-1832-1,Тебу 60,tebu-60,МЭ,60 г/л Тебуконазол,фунгицид,АО «Щелково Агрохим»,1025006519427,II,-,14.03.2018,13.03.2028,Действует,0
063-02-2238-1,Тебузан,tebuzan,ТКС,60 г/л Тебуконазол,фунгицид,ООО «ХИМАГРОМАРКЕТИН Г.РУ»,1023403447913,II,-,18.06.2019,17.06.2029,Действует,0
085-02-4327-1,Тебузил,tebuzil,ТКС,100 г/л Имазалил + 60 г/л Тебуконазол,фунгицид,ООО «Ярило»,1083123001500,II,-,20.12.2023,19.12.2033,Действует,0
148-02-855-1,Тебузол,tebuzol,ВЭ,250 г/л Тебуконазол,фунгицид,ООО «ЮПЛ»,1157746848490,II,III,04.03.2015,03.03.2025,Не действует,0
097-02-2970-1,Тебуконазол,tebukonazol,КС,60 г/л Тебуконазол,фунгицид,ООО «АГРус»,5087746677893,II,-,11.01.2021,10.01.2031,Действует,0
050(360)-02-4375-1,Тебумет,tebumet,КС,100 г/л Дифеноконазол + 50 г/л Метконазол,фунгицид,"ЗАО «ФМРус», ООО «АГРОХИМИНВЕСТ","1097746208207, 1027743011207",II,III,24.01.2024,23.01.2034,Действует,0
018-01-2113-1,Тейя,teyya,КС,480 г/л Тиаклоприд,инсектицид,АО «Щелково Агрохим»,1025006519427,II,III,21.02.2019,20.02.2029,Действует,0
376-03-3707-1,Телус,telus,КЭ,960 г/л С-Метолахлор,гербицид,АГРОСАВА ДОО,,III,III,06.12.2016,05.12.2026,Действует,0
019-02-3024-1,Тельдор,teldor,ВДГ,500 г/кг Фенгексамид,фунгицид,Байер КропСайенс АГ,,III,III,19.02.2021,18.02.2031,Действует,0
021-01-4984-0,Тема,tema,СК,222 г/л Спиродиклофен + 18 г/л Абамектин,инсектицид,"АО ФИРМА ""АВГУСТ""",,III,I,05.08.2025,04.08.2028,Действует,0
010-01(02)-3400-1,Темифлю,temiflyu,КС,"280 г/л Тиаметоксам + 32,3 г/л Мефеноксам + 8 г/л флудиоксонила",инсектицид,ООО «ЛИСТЕРРА»,1057749556930,III,-,07.12.2021,06.12.2031,Действует,0
066-01-1229-1,Теппеки,teppeki,ВГ,500 г/кг Флоникамид,инсектицид,ИСК Биосаенсис Юроп Н.В.,,III,III,15.09.2016,14.09.2026,Не действует,0
192-02-1134-1,Терапевт Про,terapevt-pro,КС,125 г/л эпоксиконазол + 125 г/л Крезоксим-метил + 80 г/л Дифеноконазол,фунгицид,ООО ГК «ЗемлякоФФ»,1037724060560,III,III,27.06.2016,26.06.2026,Не действует,0
192-02-9934-0,Терапевт Про,terapevt-pro,КС,125 г/л Крезоксим-метил + 125 г/л эпоксиконазол + 80 г/л Дифеноконазол,фунгицид,"ООО ГК ""ЗЕМЛЯКОФФ""",1037724060560,III,III,30.04.2026,29.04.2029,Действует,0
158-03-4465-1,Тердок,terdok,КЭ,80 г/л Клодинафоп-пропаргил + 20 г/л антидот -клоквинтосет-мексил,гербицид,АО АгроБест Груп Тарым Илачлары Тохумджулук Ималат-Итхалат Ихраджат Санайи ве Тиджарет Лимитед Ширкети,,II,III,07.04.2017,06.04.2027,Действует,0
184(026)-03-2862-1,Террагард,terragard,СЭ,"312,5 г/л С-Метолахлор + 187,5 г/л тербутилазин",гербицид,"ООО «Агрорус и Ко», Агрия АД",,III,III,02.11.2020,01.11.2030,Действует,0
192(424)-01-2787-1,Террадим,terradim,КЭ,400 г/л Диметоат,инсектицид,"ООО ГК «ЗемлякоФФ», ООО «ГРАНУМ»","1037724060560, 1147746366261",III,I,28.08.2020,27.08.2030,Действует,0
038-03-2396-1,Террамет,terramet,ВДГ,600 г/кг Метсульфурон-метил,гербицид,ООО «АГРОКОМ»,1077758212685,III,III,16.09.2019,15.09.2029,Действует,0
424-02-1421-1,Террасил,terrasil,КС,60 г/л Тебуконазол,фунгицид,ООО «ГРАНУМ»,1147746366261,II,-,21.03.2017,20.03.2027,Действует,0
424-02-3588-1,Террасил Форте,terrasil-forte,КС,80 г/л Тебуконазол + 80 г/л Флутриафол,фунгицид,ООО «ГРАНУМ»,1147746366261,II,-,06.04.2022,05.04.2032,Действует,0
424-03-2510-1,Террастар,terrastar,ВДГ,750 г/кг трибенурон-метил,гербицид,ООО «ГРАНУМ»,1147746366261,II,III,26.12.2019,25.12.2029,Действует,0
021-02-1802-1,Терция,tertsiya,СК,60 г/л Прохлораз + 20 г/л тритиконазол + 10 г/л Азоксистробин,фунгицид,АО Фирма «Август»,1025006038958,III,-,10.11.2016,09.11.2026,Действует,0
184(026)-04-4560-1,Тесло,teslo,ВР,280 (150) г/л Дикват дибромида (200 г/л в пересчете на дикват ион),десикант,г/л Дикват дибромида (200 г/л в пересчете на дикват ион)) ООО «Агрорус и Ко»,,III,III,07.05.2024,06.05.2034,Действует,0
178-03-4029-1,Теспиан,tespian,КЭ,"50 г/л Пиноксаден + 12,5 г/л антидот клоквинтосет-мексил",гербицид,ООО «Агро Эксперт Груп»,1027708006996,III,III,15.03.2023,14.03.2033,Действует,0
018-02-9921-0,Тесса,tessa,МЭ,150 г/л Пираклостробин + 70 г/л Пропиконазол + 45 г/л Дифеноконазол,фунгицид,"АО ""ЩЕЛКОВО АГРОХИМ""",1025006519427,III,III,23.04.2026,22.04.2029,Действует,0
101(008)-02-3940-1,Тетрис,tetris,СП,4×10⁶ КОЕ/г Trichoderma virideF2001 + 3×10⁶ КОЕ/г Trichoderma harzianum F 2009 + 3×10⁶ КОЕ/г Trichoderma longibrachiatum F 2124,фунгицид,"ООО «БИОМ-ПРО», ООО «Ваше хозяйство»","1075009002254, 1025203566728",IV,III,10.01.2023,09.01.2033,Действует,1
018-01-697-1,Тефлутрин,teflutrin,МКС,200 г/л Тефлутрин,инсектицид,АО «Щелково Агрохим»,1025006519427,II,-,15.07.2015,14.07.2025,Не действует,0
018-01-9602-1,Тефлутрин,teflutrin,МКС,200 г/л Тефлутрин,инсектицид,АО «Щелково Агрохим»,1025006519427,II,-,25.09.2025,25.09.2035,Действует,0
661-01-4054-1,Тиальф,tialf,КС,200 г/л Тиаметоксам + 100 г/л альфа-циперметрин,инсектицид,ООО «ПРИОРИТЕТ ГРУПП»,1152312010740,III,I,30.03.2023,18.03.2026,Действует,0
050(360)-01-2777-1,Тиамакс,tiamaks,КС,240 г/л Тиаметоксам,инсектицид,"ООО «АГРОХИМИНВЕСТ, ЗАО «ФМРус»","1027743011207, 1097746208207",III,I,21.08.2020,20.08.2030,Действует,0
004(549)-01-4099-1,Тиара,tiara,КС,350 г/л Тиаметоксам,инсектицид,"ООО НПО «РАХ», ООО «АгроХимИнвест»","1037706005050, 5137746013400",III,I,13.09.2022,12.09.2032,Действует,0
021-02-4671-1,Тиацин Био,tiatsin-bio,МЭ,240 г/л Масло чайного дерева,фунгицид,АО Фирма «Август»,1025006038958,IV,III,23.09.2024,22.09.2034,Действует,0
021-02-4445-1,Тиацин Био БАУ,tiatsin-bio-bau,МЭ,"2,4 г/л Масло чайного дерева",фунгицид,АО Фирма «Август»,1025006038958,IV,III,06.03.2024,05.03.2034,Действует,0
586-01(02)-10064-0,Тибари,tibari,ТКС,350 г/л Имидаклоприд + 25 г/л Дифеноконазол + 25 г/л Флудиоксонил,инсектицид,Глобакем НВ,,III,-,05.08.2026,04.08.2029,Действует,0
017-01-715-1,Тибор,tibor,КЭ,300 г/л Диметоат + 40 г/л бета-циперметрин,инсектицид,ПЕТЕРС & БУРГ Кфт.,,III,I,21.07.2015,20.07.2025,Не действует,0
360-03-3925-1,Тигран Экстра,tigran-ekstra,КЭ,90 г/л феноксапроп-П-этил + 45 г/л Клодинафоп-пропаргил + 34 г/л антидот -клоквинтосет-мексил,гербицид,ООО «АГРОХИМИНВЕСТ,1027743011207,III,III,28.12.2022,27.12.2032,Действует,0
010-03-3625-1,Тигрис,tigris,ВР,480 г/л Бентазон,гербицид,ООО «ЛИСТЕРРА»,1057749556930,III,III,13.04.2022,12.04.2032,Действует,0
041-02-912-1,Тилт,tilt,КЭ,250 г/л Пропиконазол,фунгицид,ООО «Сингента»,1037739325271,III,III,22.12.2015,21.12.2025,Не действует,0
041-02-2669-1,Тилт Турбо,tilt-turbo,КЭ,450 г/л фенпропидин + 125 г/л Пропиконазол,фунгицид,ООО «Сингента»,1037739325271,II,III,28.04.2020,27.04.2030,Действует,0
682-01-10120-0,Тиль Про,til-pro,КС,350 г/л Тиаметоксам,инсектицид,ООО «НПК ХИМИЯ»,1197746012199,III,-,17.09.2026,16.09.2029,Действует,0
424(042)-01-1845-1,Тиматерр,timaterr,КС,350 г/л Тиаметоксам,инсектицид,"ООО «ГРАНУМ», ООО «ФОРВАРД»","1147746366261, 1105476055277",II,I,30.03.2018,29.03.2028,Действует,0
699-03-4318-1,Тимспрей,timsprey,СЭ,"300 г/л 2,4-Д (2-этилгексиловый эфир) + 6,25 г/л флорасулам",гербицид,"+ 6,25 г/л флорасулам) «Шандонг Вейфанг Рейбоу Кемикал Ко., Лтд.",,II,III,15.12.2023,14.12.2033,Действует,0
010-02-2424-1,Тимус,timus,КЭ,250 г/л Пропиконазол,фунгицид,ООО «ЛИСТЕРРА»,1057749556930,III,III,10.10.2019,09.10.2029,Действует,0
050-02-2833-1,Тир,tir,ТПС,400 г/л Тирам + 25 г/л Тебуконазол,фунгицид,ЗАО «ФМРус»,1097746208207,II,-,09.10.2020,08.10.2030,Действует,0
021-02-2626-1,Тирада,tirada,СК,400 г/л Тирам + 30 г/л Дифеноконазол,фунгицид,АО Фирма «Август»,1025006038958,III,III,25.03.2020,24.03.2030,Действует,0
126-02-3698-1,Тирам,tiram,ВСК,400 г/л Тирам,фунгицид,ООО «Шанс»,1093668046812,III,-,31.05.2022,30.05.2032,Действует,0
010-03-3917-1,Тираназор,tiranazor,КЭ,"550 г/л 2,4-Д кислоты (2-этилгексиловый эфир) + 7,4 г/л флорасулам",гербицид,"+ 7,4 г/л флорасулам) ООО «ЛИСТЕРРА»",1057749556930,II,III,20.12.2022,19.12.2032,Действует,0
063-03-1566-1,Тирон,tiron,ВДГ,700 г/кг Метрибузин,гербицид,ООО «ХИМАГРОМАРКЕТИН Г.РУ»,1023403447913,III,III,03.10.2017,02.10.2027,Действует,0
184(040)-02-1504-1,Титан,titan,КЭ,250 г/л Пропиконазол,фунгицид,"Левей Маркетинг Актиенгезелльшафт, ООО «Агрорус и Ко»",,III,III,22.05.2017,21.05.2027,Действует,0
018-02-1864-1,Титул 390,titul-390,ККР,390 г/л Пропиконазол,фунгицид,АО «Щелково Агрохим»,1025006519427,III,III,10.04.2018,09.04.2028,Действует,0
018-02-2499-1,Титул Дуо,titul-duo,ККР,200 г/л Пропиконазол + 200 г/л Тебуконазол,фунгицид,АО «Щелково Агрохим»,1025006519427,II,III,11.12.2019,10.12.2029,Действует,0
018-02-2811-1,Титул Трио,titul-trio,ККР,80 г/л Ципроконазол + 160 г/л Тебуконазол + 80 г/л Пропиконазол,фунгицид,АО «Щелково Агрохим»,1025006519427,II,III,21.09.2020,20.09.2030,Действует,0
029-03-249-1,Титус,titus,СТС,250 г/кг римсульфурон,гербицид,ООО «Дюпон Наука и Технологии»,,III,III,10.02.2014,09.02.2024,Не действует,0
029-03-1928-1,Титус Плюс,titus-plyus,ВДГ,"699 г/кг Дикамба (диметиламинная соль) + 32,5 г/кг римсульфурон",гербицид,"+ 32,5 г/кг римсульфурон) ООО «Дюпон Наука и Технологии»",,III,III,28.05.2018,27.05.2028,Действует,0
002-03-3129-1,Тифенс,tifens,ВДГ,750 г/кг тифенсульфурон-метил,гербицид,ООО «АГРУСХИМ»,1057747562509,III,III,29.04.2021,28.04.2031,Действует,0
097-03-3378-1,Тифенс Классик,tifens-klassik,ВДГ,"187,5 г/кг тифенсульфурон-метил + 187,5 г/кг хлоримурон-этил",гербицид,ООО «АГРус»,5087746677893,II,III,18.11.2021,17.11.2031,Действует,0
004(549)-03-5013-1,Тифи,tifi,ВДГ,750 г/кг тифенсульфурон-метил,гербицид,"ООО НПО «РАХ», ООО «АгроХимИнвест»","1037706005050, 5137746013400",III,III,13.12.2022,12.12.2032,Действует,0
197-03-1764-1,ТифилАгро,tifilagro,ВДГ,750 г/кг тифенсульфурон-метил,гербицид,ООО «Агрохим ХХ1»,5067746338150,III,III,16.02.2018,15.02.2028,Действует,0
617-03-4138-1,Тифитерр,tifiterr,ВДГ,750 г/кг тифенсульфурон-метил,гербицид,ООО Грин Плант,1175029028790,III,III,20.06.2023,19.06.2033,Действует,0
278-03-4101-1,Толазин,tolazin,СЭ,"312,5 г/л С-Метолахлор + 187,5 г/л тербутилазин",гербицид,ООО ЭЛЛИПСАГРО,1142308002495,III,III,05.11.2019,04.11.2029,Действует,0
033-07-961-1,Томатон,tomaton,Р,"2,5 г/л 4-хлорфеноксиуксусная кислота",регулятор роста,ООО «ОРТОН»,1025004916573,III,III,04.02.2016,03.02.2026,Не действует,1
018-03(04)-4645-1,Тонгара,tongara,ВР,280 (150 г/л в пересчёте на дикват ион) г/л Дикват (дибромид),гербицид,г/л Дикват (дибромид)) АО «Щелково Агрохим»,1025006519427,III,III,25.07.2024,24.07.2034,Действует,0
018-04-778-1,Тонгара,tongara,ВР,280 г/л Дикват (дибромид) + 280 г/л Дикват (дибромид),десикант,+ 280 г/л Дикват (дибромид)) АО «Щелково Агрохим»,1025006519427,II,III,29.08.2024,28.08.2024,Не действует,0
010-02-3212-1,Тонус,tonus,ВДГ,250 г/кг Фамоксадон + 250 г/кг цимоксанил,фунгицид,ООО «ЛИСТЕРРА»,1057749556930,III,III,13.07.2021,12.07.2031,Действует,0
041-02-3023-1,Топаз,topaz,КЭ,100 г/л Пенконазол,фунгицид,ООО «Сингента»,1037739325271,III,III,17.02.2021,16.02.2031,Действует,0
041-03-2532-1,Топик,topik,КЭ,80 г/л Клодинафоп-пропаргил + 20 г/л антидот -клоквинтосет-мексил,гербицид,ООО «Сингента»,1037739325271,III,III,17.02.2020,16.02.2030,Действует,0
699-03-4322-1,Топкама,topkama,ВДГ,700 г/кг Метрибузин,гербицид,"«Шандонг Вейфанг Рейбоу Кемикал Ко., Лтд.",,III,III,18.12.2023,17.12.2033,Действует,0
094-01-469-1,Топсин-М,topsin-m,СП,700 г/кг Тиофанат -метил,фунгицид,"Ниппон Сода Ко., Лтд",,II,III,15.12.2014,14.12.2024,Не действует,0
094-02-1622-1,Топсин-М,topsin-m,КС,500 г/л Тиофанат - метил,фунгицид,"Ниппон Сода Ко., Лтд",,II,III,21.11.2017,20.11.2027,Действует,0
038-03-2110-1,Топтун,toptun,КЭ,"550 г/л 2,4-Д (малолетучие эфиры С7-С9)",гербицид,ООО «АГРОКОМ»,1077758212685,II,III,06.02.2019,05.02.2029,Действует,0
038-03-450-1,Топтун 100,toptun-100,КЭ,100 г/л феноксапроп-П-этил + 27 г/л антидот мефенпир-диэтил,гербицид,ООО «АГРОКОМ»,1077758212685,III,III,17.11.2014,16.11.2024,Не действует,0
б/н Топтун 100,Топтун 100,toptun-100,КЭ,27 г/л антидот мефенпир-диэтил + 100 г/л феноксапроп-П-этил,гербицид,ООО «ЛИСТЕРРА»,1057749556930,III,III,26.11.2024,25.11.2034,Действует,0
009-03-2935-1,Топшот 113,topshot-113,МД,"100 г/л Цигалофоп-бутил + 13,33 г/л Пеноксулам",гербицид,ДАУ АГРОСАЕНСЕС ВЕРТРИБСГЕЗЕЛЬШАФ Т М.Б.Х.,,III,III,17.12.2020,16.12.2030,Действует,0
446-01-1523-1,Тореадор Макси,toreador-maksi,КС,600 г/л Имидаклоприд,инсектицид,ООО «СФ-РЕГИСТРЭЙШН»,1142310001404,III,-,11.07.2017,10.07.2027,Действует,0
148-01-2028-1,Торег,toreg,КЭ,50 г/л лямбда-цигалотрин,инсектицид,ООО «ЮПЛ»,1157746848490,II,I,25.10.2018,24.10.2028,Действует,0
021-03-4287-0,Торнадо,tornado,ВР,360 г/л Глифосат кислоты (изопропиламинная соль),гербицид,АО Фирма «Август»,1025006038958,II,III,04.12.2023,03.12.2026,Действует,0
021-03-4288-0,Торнадо 500,tornado-500,ВР,500 г/л Глифосат кислоты (изопропиламинная соль),гербицид,"АО ФИРМА ""АВГУСТ""",1025006038958,II,III,04.12.2023,03.12.2026,Действует,0
021-03-3983-0,Торнадо 540,tornado-540,ВР,540 г/л Глифосат кислоты (калиевая соль),гербицид,"АО ФИРМА ""АВГУСТ""",1025006038958,II,III,11.02.2023,10.02.2026,Не действует,0
021-03-9768-0,Торнадо 540,tornado-540,ВР,540 г/л Глифосат кислоты (калиевая соль),гербицид,"АО ФИРМА ""АВГУСТ""",1025006038958,II,III,21.01.2026,20.01.2029,Действует,0
197-03-9813-0,Торпеда,torpeda,ВДГ,500 г/кг тифенсульфурон-метил + 170 г/кг флорасулам,гербицид,"ООО ""АГРОХИМ-XXI""",5067746338150,III,II,05.03.2026,04.03.2029,Действует,0
178-03-3623-0,Тотал,total,ВР,360 г/л Глифосат кислоты (изопропиламинная соль),гербицид,ООО «Агро Эксперт Груп»,1027708006996,II,III,13.04.2022,12.04.2025,Не действует,0
178-03-3603-0,Тотал 480,total-480,ВР,480 г/л Глифосат кислоты (калиевая соль),гербицид,ООО «Агро Эксперт Груп»,1027708006996,II,III,07.04.2022,06.04.2025,Не действует,0
178-03-4827-0,"Тотал 480, ВР",total-480-vr,ВР,480 г/л Глифосат кислоты (калиевая соль),гербицид,ООО «Агро Эксперт Груп»,1027708006996,II,III,19.03.2025,18.03.2028,Действует,0
178-03-4826-0,"Тотал, ВР",total-vr,ВР,360 г/л Глифосат кислоты (изопропиламинная соль),гербицид,ООО «Агро Эксперт Груп»,1027708006996,II,III,19.03.2025,18.03.2028,Действует,0
002-01-10037-0,Трамонтана,tramontana,МД,100 г/л Индоксакарб + 40 г/л Абамектин,инсектицид,"ООО ""АГРУСХИМ""",1057747562509,III,I,07.07.2026,06.07.2029,Действует,0
021-03-1701-1,Транш Супер,transh-super,СК,333 г/л Метазахлор + 83 г/л Квинмерак,гербицид,АО Фирма «Август»,1025006038958,III,III,25.03.2015,24.03.2025,Не действует,0
021-07-1693-1,Трафик,trafik,ВРК,270 г/л Малеиновый гидразид (калиевая соль),регулятор роста,АО Фирма «Август»,1025006038958,III,III,31.10.2017,30.10.2027,Действует,1
021-03-2895-1,Трейсер,treyser,КЭ,480 г/л кломазон,гербицид,АО Фирма «Август»,1025006038958,II,III,26.11.2020,25.11.2030,Действует,0
023-02-1428-1,ТриАгро,triagro,КС,100 г/л Азоксистробин + 120 г/л Тебуконазол + 40 г/л Ципроконазол,фунгицид,ООО «АНПП «Агрохим-XXI»,1027700119710,II,III,29.03.2017,16.02.2024,Действует,0
050-02-4608-1,ТриЗаРа Супер,trizara-super,КЭ,267 г/л Прохлораз + 100 г/л Тебуконазол + 83 г/л азоксистробина,фунгицид,ЗАО «ФМРус»,1097746208207,II,III,13.06.2024,12.06.2034,Действует,0
018-02-4460-1,Триада,triada,ККР,140 г/л Пропиконазол + 140 г/л Тебуконазол + 72 г/л эпоксиконазол,фунгицид,АО «Щелково Агрохим»,1025006519427,II,III,14.03.2024,13.03.2034,Действует,0
002-02-891-1,Триактив,triaktiv,КС,100 г/л Азоксистробин + 120 г/л Тебуконазол + 40 г/л Ципроконазол,фунгицид,ООО «АГРУСХИМ»,1057747562509,II,III,15.12.2015,14.12.2025,Не действует,0
002-02-9918-0,Триактив,triaktiv,КС,100 г/л Азоксистробин + 120 г/л Тебуконазол + 40 г/л Ципроконазол,фунгицид,"ООО ""АГРУСХИМ""",1057747562509,II,III,22.04.2026,21.04.2029,Действует,0
097-02-2182-1,Триактив Экстра,triaktiv-ekstra,КС,200 г/л Азоксистробин + 80 г/л Ципроконазол,фунгицид,ООО «АГРус»,5087746677893,III,III,02.04.2019,01.04.2029,Действует,0
548-02-2735-1,Трианум Г,trianum-g,Г,"1,5×10⁸ КОЕ/г Trichoderma harzianum, штамм Т-22",фунгицид,ООО «КОППЕРТ РУС»,1157746216297,IV,III,07.07.2020,06.07.2030,Действует,0
548-02-2776-1,Трианум П,trianum-p,ВДГ,"1,5×10⁸ КОЕ/г Trichoderma harzianum, штамм Т-22 + 1,5×10⁸ КОЕ/г Trichoderma harzianum, штамм Т-22",фунгицид,ООО «КОППЕРТ РУС»,1157746216297,IV,III,20.08.2020,19.08.2030,Действует,0
010-03-3257-1,Триас,trias,ВДГ,750 г/кг триасульфурон,гербицид,ООО «ЛИСТЕРРА»,1057749556930,III,III,09.08.2021,08.08.2031,Действует,0
277-03-2454-1,Трибел,tribel,ВДГ,750 г/кг трибенурон-метил,гербицид,ООО «БЕЛИН»,1127747077622,III,III,12.11.2019,11.11.2029,Действует,0
046-03-2360-1,Трибинстар,tribinstar,ВДГ,750 г/кг трибенурон-метил,гербицид,ЗАО «ТПК «Техноэкспорт»,1025005325070,III,III,13.03.2015,12.03.2025,Не действует,0
046-03-4983-0,Трибинстар,tribinstar,ВДГ,750 г/кг трибенурон-метил,гербицид,ООО «Техноэкспорт»,1125042005175,III,III,05.08.2025,04.08.2028,Действует,0
178-03-3668-1,Трибун,tribun,СТС,750 г/кг трибенурон-метил,гербицид,ООО «Агро Эксперт Груп»,1027708006996,III,III,29.04.2022,28.04.2032,Действует,0
178-03-9684-0,Трибун Флюид,tribun-flyuid,МД,300 г/л трибенурон-метил,гербицид,"ООО ""АГРО ЭКСПЕРТ ГРУП""",1027708006996,III,III,20.11.2025,19.11.2028,Действует,0
329-03-790-1,Трибунал,tribunal,ВДГ,750 г/кг трибенурон-метил,гербицид,Альбау Юроп Сарл,,III,III,05.10.2015,04.10.2025,Не действует,0
774-03-3352-1,Трибьют,tribyut,ВГ,300 г/кг тифенсульфурон-метил + 310 г/кг трибенурон-метил + 103 г/кг флорасулам,гербицид,Кемихистор Кфт.,,III,III,25.10.2021,24.10.2031,Действует,0
010-02-3265-1,Тридим,tridim,КС,250 г/л Тирам + 80 г/л тритиконазол + 40 г/л Пираклостробин,фунгицид,ООО «ЛИСТЕРРА»,1057749556930,III,III,16.08.2021,15.08.2031,Действует,0
085-03-3033-1,Тризлак,trizlak,ВДГ,750 г/кг трибенурон-метил,гербицид,ООО «Ярило»,1083123001500,III,III,25.02.2021,24.02.2031,Действует,0
699-03-10124-0,Тризолют,trizolyut,МД,"240 г/л МЦПА (2-этилгексиловый эфир) + 25,2 г/л мефенпир-диэтил + 9 г/л мезосульфурон-метил + 6 г/л флорасулам",гербицид,"+ 25,2 г/л мефенпир-диэтил + 9 г/л мезосульфурон-метил + 6 г/л флорасулам) «Шандонг Вейфанг Рейнбоу Кемикал Ко., Лтд.»",,II,III,21.09.2026,20.09.2029,Действует,0
653-03-3757-1,Триметил,trimetil,ВДГ,750 г/кг трибенурон-метил,гербицид,ООО «СЭЙФТИ ФИЛД КОРПОРЭЙШН»,1112310006104,III,III,15.07.2022,14.07.2032,Действует,0
913-03-4470-1,Тринити,triniti,КЭ,112 г/л этофумезат + 91 г/л фенмедифам + 71 г/л Десмедифам,гербицид,ООО ХИМСНАБ,1072312011617,III,III,08.11.2017,07.11.2027,Действует,0
184(026)-01(02)-4157-1,Триптих,triptih,КС,320 г/л Тиаметоксам + 30 г/л Дифеноконазол + 30 г/л Флудиоксонил,инсектицид,"Агрия АД, ООО «Агрорус и Ко»",,III,-,13.07.2023,12.07.2033,Действует,0
062-03-2596-1,Трисил,trisil,ВДГ,300 г/кг тифенсульфурон-метил + 300 г/кг трибенурон-метил + 100 г/кг флорасулам,гербицид,ООО «АЛЬФАХИМГРУПП»,,III,III,16.03.2020,15.03.2030,Действует,0
082-03-3306-1,Тристар,tristar,КС,500 г/л Прометрин,гербицид,ООО «Интер Групп»,1084312000420,III,III,20.09.2021,19.09.2031,Действует,0
085-02-3727-1,Тритон,triton,КС,60 г/л Тиабендазол + 60 г/л Тебуконазол + 40 г/л Имазалил,фунгицид,ООО «Ярило»,1083123001500,II,-,06.07.2022,05.07.2032,Действует,0
607-03-3938-1,Триумф,triumf,КЭ,112 г/л этофумезат + 91 г/л фенмедифам + 71 г/л Десмедифам,гербицид,Рейбоу Агросайенс Кфт.,,III,III,10.01.2023,09.01.2033,Действует,0
008-02-1364-1,ТриходермаВериде 471,trihodermaveride-471,СП,"1×10⁹ спор/г грибов Trichoderma veride, штамм 471",фунгицид,ООО «Ваше хозяйство»,1025203566728,IV,III,02.02.2017,01.02.2027,Действует,1
228-02-2403-1,Трихоплант,trihoplant,СК,2×10⁹ КОЕ/см³ Trichoderma longibrachiatum,фунгицид,ООО НПО «Биотехсоюз»,1067761727307,IV,III,19.09.2019,18.09.2029,Действует,0
039-02-2011-1,Трихофит Плюс,trihofit-plyus,Ж,"5×10⁹ КОЕ/Мл Trichoderma veride, штамм М-10",фунгицид,ООО «АГРОТЕХНОЛОГИИ»,1144632004582,III,III,10.10.2018,09.10.2028,Действует,0
139-02-4583-1,Трихоцин,trihotsin,СП,"10¹⁰ КОЕ/г Trichoderma harzianum, штамм Г 30 ВИЗР",фунгицид,ООО Управляющая компания «АБТ-групп»,,IV,III,23.05.2024,22.05.2034,Действует,1
021-03-2625-1,Трицепс,tritseps,ВДГ,750 г/кг трифлусульфурон-метил,гербицид,АО Фирма «Август»,1025006038958,III,III,25.03.2020,24.03.2030,Действует,0
002-03-9951-0,Трувор,truvor,МД,"187,5 г/л тифенсульфурон-метил + 37,5 г/л флорасулам + 25 г/л Флуметсулам",гербицид,"ООО ""АГРУСХИМ""",1057747562509,III,III,18.05.2026,17.05.2029,Действует,0
018-01(02)-4957-0,Туарег,tuareg,СМЭ,280 г/л Имидаклоприд + 34 г/л Имазалил + 20 г/л Тебуконазол,инсектицид,АО «Щелково Агрохим»,1025006519427,II,-,24.07.2025,23.07.2028,Действует,0
018-01(02)-732-1,Туарег,tuareg,СМЭ,280 г/л Имидаклоприд + 34 г/л Имазалил + 20 г/л Тебуконазол,инсектицид,АО «Щелково Агрохим»,1025006519427,II,-,30.07.2015,29.07.2025,Не действует,0
682-03-10102-0,Тугай,tugay,ВДГ,750 г/кг трибенурон-метил,гербицид,ООО «НПК ХИМИЯ»,1197746012199,III,III,27.08.2026,26.08.2029,Действует,0
070-02-3890-1,Тузол,tuzol,КЭ,250 г/л Пропиконазол + 80 г/л Ципроконазол,фунгицид,ООО «АГРОМИР»,1187746148424,II,III,29.11.2022,28.11.2032,Действует,0
085-02-4199-1,Тумен,tumen,ТКС,167 г/л Дифеноконазол + 67 г/л Азоксистробин,фунгицид,ООО «Ярило»,1083123001500,III,-,12.09.2023,11.09.2033,Действует,0
585-01-9829-1,ТуринБаш,turinbash,Ж,"10⁹ КОЕ/Мл Bacillus thuringiensis subsp. aizawai, штамм 12К + 10⁹ КОЕ/Мл Bacillus thuringiensis subsp. thuringiensis, штамм ВНИИВЭА-177)",инсектицид,ИП КУЗНЕЦОВА МАРИЯ ВЯЧЕСЛАВОВНАИП 304027214000089,,IV,III,12.03.2026,11.03.2036,Действует,1
042(275)-02-452-1,Турион,turion,КЭ,66 г/л Имазалил + 132 г/л Прохлораз + 56 г/л тритиконазол,фунгицид,"ООО «ФОРВАРД», ООО «АГРОДИМ»","1105476055277, 1136449005351",II,-,21.11.2014,20.11.2024,Не действует,0
866-02-10097-0,Тэмур,temur,КС,60 г/л Тебуконазол + 50 г/л Пикоксистробин,фунгицид,"ООО ""ПРИОРИТЕТ ГРУПП""",1152312010740,II,-,25.08.2026,24.08.2029,Действует,0
033-07-1287-1,УкоренитЪ,ukorenit,С,5 г/кг 4(индол-3ил) масляная кислота,регулятор роста,масляная кислота) ООО «ОРТОН»,1025004916573,III,III,12.12.2016,11.12.2026,Действует,1
682(913)-03-4416-1,Укротитель,ukrotitel,КЭ,27 г/л антидот -клоквинтосет-мексил + 100 г/л феноксапроп-П-этил,гербицид,"ООО ХИМСНАБ, ООО «НПК ХИМИЯ»","1072312011617, 1197746012199",III,III,06.03.2024,31.03.2031,Действует,0
178-02-2619-1,Улис,ulis,ВДГ,250 г/кг Фамоксадон + 250 г/кг цимоксанил,фунгицид,ООО «Агро Эксперт Груп»,1027708006996,III,III,23.03.2020,22.03.2030,Действует,0
019-01-1950-1,Ультор,ultor,МД,150 г/л Спиротетрамат,инсектицид,Байер КропСайенс АГ,,III,III,07.06.2018,06.06.2028,Действует,0
063-02-3665-1,Универсал,universal,КС,500 г/л Тебуконазол,фунгицид,ООО «ХИМАГРОМАРКЕТИН Г.РУ»,1023403447913,II,III,28.04.2022,27.04.2032,Действует,0
018-03-1842-1,Унико,uniko,ККР,"100 г/л флуроксипир + 2,5 г/л флорасулама",гербицид,АО «Щелково Агрохим»,1025006519427,III,III,22.03.2018,21.03.2028,Действует,0
041-03-4284-0,Ураган Форте,uragan-forte,ВР,500 г/л Глифосат кислоты (калиевая соль),гербицид,ООО «Сингента»,1037739325271,II,III,04.12.2023,03.12.2026,Действует,0
044-02-2291-1,ФАС,fas,серная шаш,800 г/кг Сера,инсектицид,"ЗАО ООО «НПО «Гигиена-Био» II/-044-01-2261-1 03.05.2019 02.05.2029 ФАС, серная шаш (800 г/кг Сера) ЗАО ООО «НПО «Гигиена-Био»","1115001007428, 1115001007428",II,-,03.05.2019,02.05.2029,Действует,1
021-03-2624-1,Фабиан,fabian,ВДГ,450 г/кг Имазетапир + 150 г/кг хлоримурон-этил,гербицид,АО Фирма «Август»,1025006038958,II,III,25.03.2020,24.03.2030,Действует,0
002-02-9660-0,Фаворит Трио,favorit-trio,КС,60 г/л Тиабендазол + 60 г/л Тебуконазол + 40 г/л Имазалил,фунгицид,"ООО «АГРУСХИМ""",1057747562509,II,III,06.11.2025,05.11.2028,Действует,0
097-02-838-1,Фаворит Трио,favorit-trio,КС,60 г/л Тиабендазол + 40 г/л Имазалил + 60 г/л Тебуконазол,фунгицид,ООО «АГРус»,5087746677893,II,-,30.10.2015,29.10.2025,Не действует,0
063-01-2089-1,Фазис,fazis,ВДГ,250 г/кг Феноксикарб,инсектицид,ООО «ХИМАГРОМАРКЕТИН Г.РУ»,1023403447913,III,III,01.02.2019,31.01.2029,Действует,0
724-07-3201-1,Фазор,fazor,ВГ,800 г/кг Малеиновый гидразид (калиевая соль),регулятор роста,Ариста ЛайфСайенс Регистрейшнс Грейт Британ Лтд.,,III,III,08.07.2021,07.07.2031,Действует,0
063-03-3816-0,Факел,fakel,ВР,360 г/л Глифосат кислоты (изопропиламинная соль),гербицид,ООО «ХИМАГРОМАРКЕТИН Г.РУ»,1023403447913,II,III,05.10.2022,04.10.2025,Не действует,0
063-03-9605-0,Факел,fakel,ВР,360 г/л Глифосат кислоты (изопропиламинная соль),гербицид,ООО«ХИМАГРО-МАРК ЕТИНГ.РУ»,1023403447913,II,III,26.09.2025,25.09.2028,Действует,0
064-03-3765-0,Факел Экстра,fakel-ekstra,ВР,500 г/л Глифосат кислоты (калиевая соль),гербицид,ООО «Химагромаркетинг»,1032305700008,II,III,18.07.2022,17.07.2025,Не действует,0
064-03-4914-0,Факел Экстра,fakel-ekstra,ВР,500 г/л Глифосат кислоты (калиевая соль),гербицид,ООО «Химагромаркетинг»,1032305700008,II,III,23.06.2025,22.06.2028,Действует,0
050-02-4750-0,Факир,fakir,КС,250 г/л Флудиоксонил,фунгицид,ЗАО «ФМРус»,1097746208207,III,-,09.12.2024,08.12.2027,Действует,0
966-02-4889-0,Фактор Супер,faktor-super,КС,225 г/л тебуконазола + 75 г/л флутриафола,фунгицид,ООО «КРОПЭКС»,1037706002773,II,III,02.06.2025,01.06.2028,Действует,0
070-01-3653-1,Фактория,faktoriya,МКС,141 г/л Тиаметоксам + 106 г/л лямбда-цигалотрин,инсектицид,ООО «АГРОМИР»,1187746148424,III,I,26.04.2022,25.04.2032,Действует,0
019-02-1456-1,Фалькон,falkon,КЭ,250 г/л Спироксамин + 167 г/л Тебуконазол + 43 г/л Триадименол,фунгицид,Байер КропСайенс АГ,,II,III,12.04.2017,11.04.2027,Действует,0
097-02-2528-1,Фамокс,famoks,ВДГ,250 г/кг Фамоксадон + 250 г/кг цимоксанил,фунгицид,ООО «АГРус»,5087746677893,III,III,31.01.2020,30.01.2030,Действует,1
019-02-1542-1,Фанданго,fandango,КЭ,100 г/л Протиоконазол + 100 г/л флуоксастробин,фунгицид,Байер КропСайенс АГ,,III,III,29.08.2017,28.08.2027,Действует,0
050-02-4936-1,Фанфан,fanfan,КЭ,250 г/л Ципроконазол,фунгицид,АО «ФМРус»,1097746208207,III,III,30.06.2025,29.06.2035,Действует,0
781-02-9850-1,Фарадей,faradey,КС,"62,5 г/л Флутриафол + 30 г/л Тебуконазол",фунгицид,Синтезия Кеми ГмбХ,,II,-,19.03.2026,18.03.2036,Действует,0
023(197)-02-2555-1,Фараон,faraon,КЭ,250 г/л Тебуконазол,фунгицид,"ООО «АНПП «Агрохим-XXI», ООО «Агрохим ХХ1»","1027700119710, 5067746338150",II,III,04.03.2020,03.03.2030,Действует,0
197-02-3316-1,Фараон Супер,faraon-super,КС,250 г/л Тебуконазол + 250 г/л Флутриафол,фунгицид,ООО «Агрохим ХХ1»,5067746338150,II,III,24.09.2021,12.03.2024,Действует,0
010-02-4417-1,Фарватер,farvater,КС,25 г/л флудиоксонила + 10 г/л Мефеноксам,фунгицид,ООО «ЛИСТЕРРА»,1057749556930,III,-,15.02.2024,14.02.2034,Действует,0
178-02-2987-1,Фарго,fargo,КС,250 г/л Тебуконазол + 80 г/л Ципроконазол,фунгицид,ООО «Агро Эксперт Груп»,1027708006996,II,III,22.01.2021,21.01.2031,Действует,0
389-02-1219-1,Фарди,fardi,КЭ,250 г/л Дифеноконазол,фунгицид,ООО «АГРОПРОГРЕСС КЭМИКАЛС»,1157847140296,III,III,05.09.2016,04.09.2026,Не действует,0
045-02-3696-1,Фармайод,farmayod,ГР,100 г/л Йод,фунгицид,ООО НБЦ «Фармбиомед»,,III,III,25.05.2022,24.05.2032,Действует,0
866-02-10015-0,Фарнез,farnez,КЭ,220 г/л Тебуконазол + 80 г/л Флутриафол,фунгицид,"ООО ""ПРИОРИТЕТ ГРУПП""",1152312010740,II,III,16.06.2026,15.06.2029,Действует,0
018-01-1841-1,Фаскорд,faskord,КЭ,100 г/л Альфа-ципермeтрин,инсектицид,АО «Щелково Агрохим»,1025006519427,II,I,22.03.2018,21.03.2028,Действует,0
015-01-2685-1,Фастак,fastak,КЭ,100 г/л Альфа-ципермeтрин,инсектицид,БАСФ Агро Б.В.,,II,I,26.05.2020,25.05.2030,Действует,0
126-01-4546-1,Фасшанс,fasshans,КЭ,100 г/л Альфа-ципермeтрин,инсектицид,ООО «Шанс»,1093668046812,II,I,03.05.2024,03.09.2024,Действует,0
085-01-3001-1,Фатрин,fatrin,КЭ,100 г/л Альфа-ципермeтрин,инсектицид,ООО «Ярило»,1083123001500,II,I,03.02.2021,02.02.2031,Действует,0
297-03-1424-1,Фаэтон,faeton,КС,40 г/л никосульфурон,гербицид,ООО «Франдеса»,,III,III,29.03.2017,28.03.2027,Действует,0
528-02-3432-1,Фезан 250,fezan-250,КЭ,250 г/л Тебуконазол,фунгицид,СИПКАМ ОКСОН С.П.А.,,II,III,17.12.2021,16.12.2031,Действует,0
018-03-3943-1,Фемида,femida,МД,"320 г/л 2,4-Д кислота (сложный 2-этилгексиловый эфир) + 4,2 г/л хлорсульфурона",гербицид,"+ 4,2 г/л хлорсульфурона) АО «Щелково Агрохим»",1025006519427,II,-,12.01.2023,11.01.2033,Действует,0
010-01-4055-1,Фендрик,fendrik,КС,400 г/л Ацетамиприд + 100 г/л Фипронил,инсектицид,ООО «ЛИСТЕРРА»,1057749556930,III,I,30.03.2023,29.03.2033,Действует,0
018-03-1449-1,Фенизан,fenizan,ВР,"360 г/л Дикамба + 22,2 г/л хлорсульфурон (диэтилэтаноламинные соли)",гербицид,АО «Щелково Агрохим»,1025006519427,III,III,07.04.2017,06.04.2027,Действует,0
126-03-3637-1,Феникс,feniks,КЭ,80 г/л Клодинафоп-пропаргил + 20 г/л антидот -клоквинтосет-мексил,гербицид,ООО «Шанс»,1093668046812,III,III,18.04.2022,17.04.2032,Действует,0
062-02-1838-1,Феникс Дуо,feniks-duo,КС,310 г/л Тиофанат - метил + 187 г/л флутриафола,фунгицид,ООО «АЛЬФАХИМГРУПП»,,II,III,22.03.2018,21.03.2028,Действует,0
070-02-4756-1,Фенозол,fenozol,КС,25 г/л Дифеноконазол + 25 г/л Флудиоксонил,фунгицид,ООО «АГРОМИР»,1187746148424,III,-,16.12.2024,15.12.2034,Действует,0
046-03-4453-1,Феноксоп 100,fenoksop-100,КЭ,100 г/л феноксапроп-П-этил + 27 г/л антидот -клоквинтосет-мексил,гербицид,ЗАО «ТПК «Техноэкспорт»,1025005325070,III,III,12.03.2024,11.03.2034,Не действует,0
046-03-5063-1,Феноксоп 100,fenoksop-100,КЭ,100 г/л феноксапроп-П-этил + 27 г/л антидот -клоквинтосет-мексил,гербицид,ООО «Техноэкспорт»,1125042005175,III,III,29.08.2025,11.03.2034,Действует,0
178-02-2956-1,Феразим,ferazim,КС,500 г/л Карбендазим,фунгицид,ООО «Агро Эксперт Груп»,1027708006996,II,III,24.12.2020,23.12.2030,Действует,0
178-02-2857-1,Феразим Грин,ferazim-grin,КС,300 г/л Карбендазим + 100 г/л Пираклостробин,фунгицид,ООО «Агро Эксперт Груп»,1027708006996,II,III,27.10.2020,09.12.2025,Действует,0
489-03-2522-1,Ферат,ferat,ВДГ,750 г/кг трибенурон-метил,гербицид,ООО «ЭфЭмСи»,1037706002773,III,III,16.01.2020,15.01.2030,Действует,0
126-02-3579-1,Фея,feya,КЭ,125 г/л Протиоконазол + 125 г/л Тебуконазол,фунгицид,ООО «Шанс»,1093668046812,II,III,31.03.2022,30.03.2032,Действует,0
278-03-4100-1,Фидес,fides,КЭ,100 г/л феноксапроп-П-этил + 27 г/л антидот мефенпир-диэтил,гербицид,ООО ЭЛЛИПСАГРО,1142308002495,III,III,12.04.2017,11.04.2027,Действует,0
322-02-1418-1,Филдер,filder,ВГ,600 г/кг Манкоцеб + 90 г/кг Диметоморф,фунгицид,Ариста ЛайфСайенс Бенилюкс СПРЛ,,II,III,17.03.2017,16.03.2027,Действует,0
322-02-4717-1,Филдер 69,filder-69,ВГ,90 г/кг Диметоморф + 600 г/кг Манкоцеб,фунгицид,Ариста ЛайфСайенс Бенилюкс СПРЛ,,II,III,17.03.2017,16.03.2027,Действует,0
192(424)-02-2496-1,Фильтерр,filterr,КЭ,250 г/л Пропиконазол + 80 г/л Ципроконазол,фунгицид,"ООО «ГРАНУМ», ООО ГК «ЗемлякоФФ»","1147746366261, 1037724060560",III,III,11.12.2019,10.12.2029,Действует,0
866-01-4166-1,Фипроксам,fiproksam,КС,350 г/л Тиаметоксам + 150 г/л Фипронил,инсектицид,ООО «ПРИОРИТЕТ ГРУПП»,1152312010740,II,I,24.07.2023,23.07.2033,Действует,0
197(549)-03-3135-1,Фирман,firman,ВР,250 г/л фомесафен,гербицид,"ООО «Агрохим ХХ1», ООО «АгроХимИнвест»","5067746338150, 5137746013400",III,III,17.05.2021,16.05.2031,Действует,0
197-03-4734-1,Фирман Экстра,firman-ekstra,МЭ,70 г/л Галоксифоп-П-метил + 180 г/л фомесафен,гербицид,ООО «Агрохим ХХ1»,5067746338150,II,III,26.11.2024,25.11.2034,Действует,0
148-03-861-1,Фист,fist,КЭ,330 г/л Пендиметалин,гербицид,ООО «ЮПЛ»,1157746848490,III,III,28.11.2014,27.11.2024,Не действует,0
033-02-3523-1,Фитобактерин+,fitobakterin,СП,10⁹ КОЕ/г Bacillussubtilis B-76,фунгицид,ООО «ОРТОН»,1025004916573,III,III,14.03.2022,13.03.2032,Действует,1
045-05-194-1,Фитоверм,fitoverm,П,8 г/кг Аверсектин С,нематицид,ООО НБЦ «Фармбиомед»,,III,III,18.12.2013,17.12.2023,Не действует,0
112-01-379-1,Фитоверм,fitoverm,КЭ,50 г/л Аверсектин С,инсектицид,ООО «Фармбиомедсервис»,,III,III,23.06.2014,22.06.2024,Не действует,1
930-01-4625-1,Фитоверм,fitoverm,КЭ,2 г/л Аверсектин С,инсектицид,ООО АгроЭко,1175007003049,III,III,24.06.2024,23.06.2034,Действует,1
930-01-4745-1,Фитоверм,fitoverm,КЭ,10 г/л Аверсектин С,инсектицид,ООО АгроЭко,1175007003049,III,I,03.12.2024,02.12.2034,Действует,1
930-01-4566-1,Фитоверм М,fitoverm-m,КЭ,2 г/л Аверсектин С,инсектицид,ООО АгроЭко,1175007003049,III,III,14.05.2024,13.05.2034,Действует,0
012-01-1326-1,Фитоверм Форте,fitoverm-forte,КЭ,10 г/л Аверсектин С,инсектицид,ООО Фирма «Зеленая Аптека Садовода»,1037700040564,III,III,13.01.2017,12.01.2027,Действует,1
930-01-4746-1,Фитоверм Экстра,fitoverm-ekstra,КЭ,50 г/л Аверсектин С,инсектицид,ООО АгроЭко,1175007003049,III,I,03.12.2024,02.12.2034,Действует,0
831-02-3795-1,Фитолавин,fitolavin,ВРК,32 г/л Фитобактериомицин,фунгицид,ООО АгроЭко,1175007003049,III,III,14.09.2022,13.09.2032,Действует,1
064-02-626-1,Фитолекарь,fitolekar,КС,250 г/л Флутриафол,фунгицид,ООО «Химагромаркетинг»,1032305700008,III,III,07.04.2015,06.04.2025,Не действует,0
064-02-4922-1,"Фитолекарь, КС",fitolekar-ks,ФЛО,250 г/л Флутриафол,инсектицид,ООО «Химагромаркетинг»,1032305700008,III,III,23.06.2025,22.06.2035,Действует,0
163-07-2834-1,Фитомаг,fitomag,ТАБ,15 г/кг 1-метилциклопропен,регулятор роста,ООО «ФитомагИнтер»,1107746188395,IV,-,02.10.2020,01.10.2030,Действует,0
163-07-4264-1,Фитомаг,fitomag,П,30 г/кг 1-метилциклопропен,регулятор роста,ООО «ФитомагИнтер»,1107746188395,IV,-,23.11.2023,22.11.2033,Действует,0
163-07-3464-1,Фитомаг-Пак,fitomag-pak,П,"0,5 г/кг 1-метилциклопропен",регулятор роста,ООО «ФитомагИнтер»,1107746188395,IV,-,02.10.2020,01.10.2030,Действует,0
112-02-382-1,Фитоплазмин,fitoplazmin,КС,200 г/л Макролидныйтилозиновый комплекс,фунгицид,ООО «Фармбиомедсервис»,,III,III,27.06.2014,26.06.2024,Не действует,0
585-02-3649-1,Фитоспорин-АС,fitosporin-as,Ж,"10⁵ КОЕ/Мл Bacillussubtilis, штамм 8К + 10⁸ КОЕ/Мл Bacillussubtilis, штамм 26 Д + 10⁵ КОЕ/Мл Bacillussubtilis, штамм 1К + 10⁵ КОЕ/Мл Bacillussubtilis, штамм 3К + 10⁵ КОЕ/Мл Bacillussubtilis, штамм 3Н + 10⁵ КОЕ/Мл Bacillussubtilis, штамм 7К + 10⁵ КОЕ/Мл Bacillussubtilis, штамм 3/28 + 10⁶ КОЕ/Мл Trichodermareesei, штамм 4К + 10⁵ КОЕ/Мл Trichodermaatroviride, штамм 10К + 10⁵ КОЕ/Мл Trichodermalongibrachiatum, штамм 9К",фунгицид,ИП КУЗНЕЦОВА МАРИЯ ВЯЧЕСЛАВОВНАИП 304027214000089,,IV,III,22.04.2022,21.04.2032,Действует,1
016-02-2489-1,Фитоспорин-М,fitosporin-m,ПС,"100×10⁶ живых клеток и спор/г Bacillus subtilis, штамм 26 Д",фунгицид,ООО «НВП «БАШИНКОМ»,1020202557121,IV,III,05.12.2019,04.12.2029,Действует,1
016-02-2490-1,Фитоспорин-М,fitosporin-m,П,"2×10⁹ живых клеток и спор/г Bacillus subtilis, штамм 26 Д",фунгицид,ООО «НВП «БАШИНКОМ»,1020202557121,III,III,05.12.2019,04.12.2029,Действует,1
016-02-2491-1,Фитоспорин-М,fitosporin-m,Ж,"1×10⁹ спор/Мл Bacillussubtilis, штамм 26 Д",фунгицид,ООО «НВП «БАШИНКОМ»,1020202557121,IV,III,05.11.2019,04.11.2029,Действует,1
1166-02-3926-1,Фитотрикс,fitotriks,КС,10⁹ КОЕ/Мл Trichoderma Asperellum М18 штамм ВКПМ F-1395,фунгицид,ООО «НПИ «БИОПРЕПАРАТЫ»,1081690038561,IV,III,28.12.2022,27.12.2032,Действует,0
197-01-2397-1,ФлагАгро,flagagro,ТАБ,560 г/кг Алюминия фосфид,инсектицид,ООО «Агрохим ХХ1»,5067746338150,I,-,01.10.2019,30.09.2029,Действует,0
042(275)-03-1675-1,Флагман,flagman,КС,150 г/л флорасулам,гербицид,"ООО «ФОРВАРД», ООО «АГРОДИМ»","1105476055277, 1136449005351",III,III,29.12.2017,28.12.2027,Действует,0
050-03-4709-1,Флазер,flazer,КС,250 г/л Флумиоксазин,гербицид,ЗАО «ФМРус»,1097746208207,II,III,06.11.2024,05.11.2034,Действует,0
010(197)-03-2994-1,ФлангАгро,flangagro,КЭ,104 г/л Галоксифоп-П-метил,гербицид,"ООО «ЛИСТЕРРА», ООО «Агрохим ХХ1»","1057749556930, 5067746338150",III,III,26.01.2021,25.01.2031,Действует,0
590-02-4192-1,Фланобин,flanobin,КС,250 г/л флуазинам + 200 г/л Азоксистробин,фунгицид,ООО ФРАНДЕСА,1157746513055,III,III,08.09.2023,07.09.2033,Действует,0
041-03-3000-1,Флекс,fleks,ВР,250 г/л Фомесафен (натриевая соль),гербицид,ООО «Сингента»,1037739325271,II,III,03.02.2021,02.02.2031,Действует,0
014-02-610-1,Флексити,fleksiti,КС,300 г/л Метрафенон,фунгицид,«БАСФ СЕ»,,III,III,26.03.2015,25.03.2025,Не действует,0
178-02-1932-1,Флинт,flint,ВСК,120 г/л эпоксиконазол + 80 г/л Ципроконазол,фунгицид,ООО «Агро Эксперт Груп»,1027708006996,III,III,31.05.2018,30.05.2028,Действует,0
002-02-10099-0,Фло-Ти-Флу,flo-ti-flu,КЭ,200 г/л флуазинам + 120 г/л Мефеноксам,фунгицид,"ООО ""АГРУСХИМ""",1057747562509,III,III,26.08.2026,25.08.2029,Действует,1
278-02-4113-1,Флокс,floks,ВДГ,750 г/кг Ципродинил,фунгицид,ООО ЭЛЛИПСАГРО,1142308002495,III,III,30.03.2017,29.03.2027,Действует,0
586-01-9945-1,Флоники,floniki,ВДГ,500 г/кг Флоникамид,инсектицид,Глобакем НВ,,III,III,13.05.2026,12.05.2036,Действует,0
б/н Флоракс,Флоракс,floraks,КС,"7,4 г/л флорасулам) + 550 г/л 2,4-Д кислоты (малолетучие эфиры С7-С9)",гербицид,"+ 550 г/л 2,4-Д кислоты (малолетучие эфиры С7-С9)) ООО АС-Агро, ООО НПП Институт синергетических препаратов и микроудобрений, ООО Евроагрокемикалс","1040204593934, 1150280015302",II,III,26.07.2024,25.07.2034,Действует,0
329-03-791-1,Флорастар,florastar,СЭ,"300 г/л 2,4-Д кислоты (2-этилгексиловый эфир) + 6,25 г/л флорасулам",гербицид,"+ 6,25 г/л флорасулам) Альбау Юроп Сарл",,II,III,05.10.2015,04.10.2025,Не действует,0
197-02-9754-0,Флоризель,florizel,КС,500 г/л флуазинам,фунгицид,"ООО ""АГРОХИМ-XXI""",5067746338150,III,III,13.01.2026,12.01.2029,Действует,0
570-03-3431-1,Флорин,florin,СЭ,"550 г/л 2,4-Д кислоты (2-этилгексиловый эфир) + 7,4 г/л флорасулам",гербицид,"+ 7,4 г/л флорасулам) ООО «КЛЕВЕР ГРУПП»",1172801001350,II,III,16.12.2021,15.12.2031,Действует,0
277-03-3962-1,Флоробел,florobel,СЭ,"300 г/л 2,4-Д (сложный 2-этилгексиловый эфир) + 6,25 г/л флорасулам",гербицид,"+ 6,25 г/л флорасулам) ООО «БЕЛИН»",1127747077622,II,III,23.01.2023,22.01.2033,Действует,0
070-03-3541-1,Флортек,flortek,СЭ,"550 г/л 2,4-Д кислоты (2-этилгексиловый эфир) + 7,4 г/л флорасулам",гербицид,"+ 7,4 г/л флорасулам) ООО «АГРОМИР»",1187746148424,II,III,18.03.2022,17.03.2032,Действует,0
852-02-4446-1,Флосул,flosul,СК,800 г/л Сера,фунгицид,Сульфур Милс Лимитед,,III,III,06.03.2024,11.01.2033,Действует,0
085-02-4289-1,Флуафол,fluafol,КС,250 г/л Флутриафол,фунгицид,ООО «Ярило»,1083123001500,III,III,04.12.2023,03.12.2033,Действует,0
097-02-1451-1,Флудимакс,fludimaks,КС,25 г/л Флудиоксонил,фунгицид,ООО «АГРус»,5087746677893,III,-,12.04.2017,11.04.2027,Действует,0
097-03-4879-0,Флудимакс,fludimaks,КС,25 г/л г/л флудиоксанил,фунгицид,ООО «АГРус»,5087746677893,III,-,28.05.2025,27.05.2028,Действует,0
002-02-4966-0,Флудимакс Супер,fludimaks-super,КС,"50 г/л г/л Протиоконазол + 10 г/л г/л Тебуконазол + 37,5 г/л г/л Флудиоксонил + 25 г/л г/л Пираклостробин",фунгицид,"ООО «АГРУСХИМ""",1057747562509,II,-,28.07.2025,27.07.2028,Действует,0
070-02-4792-1,Флузол,fluzol,КС,25 г/л Флудиоксонил + 15 г/л Тебуконазол + 10 г/л Азоксистробин,фунгицид,ООО «АГРОМИР»,1187746148424,II,-,29.01.2025,28.01.2035,Действует,0
197-02-4748-0,Флуназол,flunazol,СЭ,125 г/л Флуопирам + 125 г/л Протиоконазол,фунгицид,ООО «Агрохим ХХ1»,5067746338150,III,III,09.12.2024,08.12.2027,Действует,0
192(050)-03-3183-1,Флуорон,fluoron,ВДГ,500 г/кг трифлусульфурон-метил,гербицид,"ООО ГК «ЗемлякоФФ», ЗАО «ФМРус»","1037724060560, 1097746208207",III,III,17.06.2021,16.06.2031,Действует,0
097-02-3916-1,Флуплант,fluplant,КС,250 г/л Флутриафол,фунгицид,ООО «АГРус»,5087746677893,III,III,20.12.2022,19.12.2032,Действует,0
866-03-4907-0,Флусулам,flusulam,КС,100 г/л Флуметсулам + 100 г/л флорасулама,гербицид,ООО «ПРИОРИТЕТ ГРУПП»,1152312010740,III,III,23.06.2025,22.06.2028,Действует,0
156-01-2112-1,Флутеприд,fluteprid,ТС,50 г/л Флудиоксонил + 30 г/л Тебуконазол + 400 г/л Имидаклоприд,инсектицид,ООО «АДАМА РУС»,1062310039934,II,-,05.04.2019,04.04.2029,Действует,0
156-02-2138-1,Флутеприд,fluteprid,ТС,400 г/л Имидаклоприд + 50 г/л Флудиоксонил + 30 г/л Тебуконазол,фунгицид,ООО «АДАМА РУС»,1062310039934,II,-,05.04.2019,04.04.2029,Действует,0
278-02-5030-1,Флутривит,flutrivit,КС,250 г/л Флутриафол,фунгицид,ООО ЭЛЛИПСАГРО,1142308002495,III,III,05.11.2019,04.11.2029,Действует,0
277-02-1776-1,Флутриобел,flutriobel,КС,250 г/л Флутриафол,фунгицид,ООО «БЕЛИН»,1127747077622,III,III,27.02.2018,26.02.2028,Действует,0
489-03-3687-1,Флюенс,flyuens,ВДГ,750 г/кг трибенурон-метил,гербицид,ООО «ЭфЭмСи»,1037706002773,III,III,19.05.2022,18.05.2032,Действует,0
197-03-9690-0,Флюпин,flyupin,КЭ,330 г/л флуроксипир + 50 г/л Пиноксаден + 12 г/л антидот клоквинтосет-мексил,гербицид,"ООО ""АГРОХИМ-XXI""",5067746338150,II,III,25.11.2025,24.11.2028,Действует,0
058-03-2786-1,Фокстрот,fokstrot,ВЭ,"69 г/л феноксапроп-П-этил + 34,5 г/л антидот -клоквинтосет-мексил",гербицид,«КЕМИНОВА А/С»,,III,III,28.08.2020,27.08.2030,Действует,0
058-03-4341-1,Фокстрот Турбо,fokstrot-turbo,КЭ,120 г/л феноксапроп-П-этил + 23 г/л антидот -клоквинтосет-мексил,гербицид,«КЕМИНОВА А/С»,,II,III,15.01.2024,14.01.2034,Действует,0
019-02-1306-1,Фоликур,folikur,КЭ,250 г/л Тебуконазол,фунгицид,Байер КропСайенс АГ,,II,III,15.12.2016,14.12.2026,Действует,0
583-03-3304-1,Фомаз,fomaz,ВР,250 г/л фомесафен,гербицид,ООО МИР,1177746067916,III,III,20.09.2021,19.09.2031,Действует,0
699-03-4703-1,Фомдос,fomdos,КС,100 г/л Дифлюфеникан + 400 г/л флуфенацет,гербицид,"«Шандонг Вейфанг Рейбоу Кемикал Ко., Лтд.",,III,III,05.11.2024,05.11.2034,Действует,0
002-03-4762-1,Фомезафикс,fomezafiks,ВР,250 г/л фомесафен,гербицид,ООО «АГРУСХИМ»,1057747562509,III,III,23.12.2024,22.12.2034,Действует,0
647-03-3448-1,Фомесан,fomesan,ВР,250 г/л фомесафен,гербицид,ООО АГРОХИМСТРОЙ,1172801013538,III,III,27.12.2021,26.12.2031,Действует,0
050(360)-03-3055-1,Фомесофт,fomesoft,ВК,250 г/л фомесафен,гербицид,"ЗАО «ФМРус», ООО «АГРОХИМИНВЕСТ","1097746208207, 1027743011207",III,III,17.03.2021,16.03.2031,Действует,0
570-03-4758-1,Фомус,fomus,ВР,250 г/л фомесафен,гербицид,ООО «КЛЕВЕР ГРУПП»,1172801001350,III,III,23.12.2024,22.12.2034,Действует,0
699-03-4236-1,Фомфлаг,fomflag,ВР,250 г/л фомесафен,гербицид,"«Шандонг Вейфанг Рейбоу Кемикал Ко., Лтд.",,II,III,20.10.2023,19.10.2033,Действует,0
029-02-1076-1,Фонтелис,fontelis,КС,200 г/л Пентиопирад,фунгицид,ООО «Дюпон Наука и Технологии»,,II,III,18.04.2016,17.04.2026,Не действует,0
018-03-2458-1,Форвард,forvard,МКЭ,60 г/л хизалофоп-П-этил,гербицид,АО «Щелково Агрохим»,1025006519427,III,III,06.11.2019,05.11.2029,Действует,1
699-03-4057-1,Фориндо Микс,forindo-miks,МД,"31,5 г/л Форамсульфурон + 1 г/л йодосульфурон-метил-натрий + 10 г/л тиенкарбазон-метил + 15 г/л антидот ципросульфамид",гербицид,"«Шандонг Вейфанг Рейбоу Кемикал Ко., Лтд.",,III,III,31.03.2023,30.03.2033,Действует,0
606-02-3743-1,Форис,foris,КС,250 г/л Флутриафол,фунгицид,Рейнбоу Кропсайенсиз Кфт.,,III,III,01.09.2015,31.08.2025,Не действует,0
021-03-4655-0,Форкаст,forkast,МД,150 г/л Дифлюфеникан + 8 г/л йодосульфуронметил-натрия + 30 г/л антидот мефенпир-диэтила,гербицид,АО Фирма «Август»,1025006038958,III,III,26.08.2024,25.08.2027,Действует,0
082-03-4777-0,Формазон,formazon,ВГР,350 г/л Бентазон + 150 г/л фомесафен,гербицид,ООО «Интер Групп»,1084312000420,II,III,20.01.2025,19.01.2028,Действует,0
050(360)-03-4063-1,Формуляр,formulyar,КЭ,100 г/л феноксапроп-П-этил + 50 г/л антидот -клоквинтосет-мексил,гербицид,ЗАО «ФМРус»,1097746208207,III,III,18.04.2023,17.04.2033,Действует,0
041-01-2540-1,Форс,fors,МКС,200 г/л Тефлутрин,инсектицид,ООО «Сингента»,1037739325271,III,-,21.02.2020,20.02.2030,Действует,0
041-01-2667-1,Форс,fors,Г,15 г/кг Тефлутрин,инсектицид,ООО «Сингента»,1037739325271,III,-,28.04.2020,27.04.2030,Действует,0
041-01-3370-1,Форс Зеа,fors-zea,КС,200 г/л Тиаметоксам + 80 г/л Тефлутрин,инсектицид,ООО «Сингента»,1037739325271,III,-,16.11.2021,15.11.2031,Действует,0
042-01-1390-1,Форсер Энто,forser-ento,КС,600 г/л Имидаклоприд,инсектицид,ООО «ФОРВАРД»,1105476055277,III,-,06.03.2017,05.03.2027,Действует,0
197-01-4798-0,ФортАгро,fortagro,КС,350 г/л Клотианидин + 80 г/л Тефлутрин,инсектицид,ООО «Агрохим ХХ1»,5067746338150,II,-,03.02.2025,02.02.2028,Действует,0
041-01-3074-1,Фортенза,fortenza,КС,600 г/л Циантранилипрол,инсектицид,ООО «Сингента»,1037739325271,III,-,26.03.2021,25.03.2031,Действует,0
004-03-5005-1,Фортис,fortis,КС,500 г/л Прометрин,гербицид,ООО НПО «РАХ»,1037706005050,II,III,14.06.2017,13.06.2027,Действует,0
018-03-4280-1,Фортиссимо,fortissimo,МД,"200 г/л 2,4-Д кислота (сложный 2-этилгексиловый эфир) + 10 г/л Аминопиралид + 5 г/л флорасулам)",гербицид,+ 10 г/л Аминопиралид + 5 г/л флорасулам)) АО «Щелково Агрохим»,1025006519427,II,III,04.12.2023,03.12.2033,Действует,0
184(026)-02-2992-1,Фортуна Глобал,fortuna-global,ВДГ,750 г/кг Манкоцеб,фунгицид,"ООО «Агрорус и Ко», Агрия АД",,II,III,22.01.2021,21.01.2031,Действует,0
184(026)-02-3050-1,Фортуна Голд,fortuna-gold,ВДГ,400 г/кг Манкоцеб + 40 г/кг цимоксанил,фунгицид,"ООО «Агрорус и Ко», Агрия АД",,II,III,16.03.2021,15.03.2031,Действует,0
184(026)-02-2843-1,Фортуна Экстра,fortuna-ekstra,ВДГ,640 г/кг Манкоцеб + 40 г/кг Мефеноксам,фунгицид,"ООО «Агрорус и Ко», Агрия АД",,II,III,10.11.2020,09.11.2030,Действует,0
092-01-2137-1,Фоском,foskom,ТАБ,560 г/кг Алюминия фосфид,инсектицид,ООО «Русинвест»,1057746502604,I,-,04.03.2019,03.03.2029,Действует,0
057-01-1999-1,Фостоксин,fostoksin,ТАБ,560 г/кг Алюминия фосфид,инсектицид,Детиа Дегеш ГмбХ,,I,-,25.09.2018,24.09.2028,Действует,0
063-01-2850-1,Фостран,fostran,КЭ,400 г/л Диметоат,инсектицид,ООО «ХИМАГРОМАРКЕТИН Г.РУ»,1023403447913,III,I,21.10.2020,20.10.2030,Действует,0
004-01-5022-1,Фосфин,fosfin,ТАБ,560 г/кг Алюминия фосфид,инсектицид,ООО НПО «РАХ»,1037706005050,I,-,18.12.2014,17.12.2024,Не действует,0
549-01-4783-1,Фосфин,fosfin,ТАБ,560 г/кг Алюминия фосфид,инсектицид,ООО «АгроХимИнвест»,5137746013400,I,-,23.01.2025,22.01.2035,Действует,0
297-02-2996-1,Фразол,frazol,КС,60 г/л Тебуконазол + 60 г/л Триадименол,фунгицид,ООО «Франдеса»,,II,-,27.01.2021,26.01.2031,Действует,0
297-02-2277-1,Фразол Классик,frazol-klassik,КС,60 г/л Тебуконазол,фунгицид,ООО «Франдеса»,,II,-,17.06.2019,16.06.2029,Действует,0
297-03-1455-1,Франкорн,frankorn,КС,480 г/л Мезотрион,гербицид,ООО «Франдеса»,,III,III,12.04.2017,11.04.2027,Действует,0
456-07-1623-1,Фреш Форма,fresh-forma,П,35 г/кг 1-метилциклопропен,регулятор роста,ООО «Фреш Форма»,5077746421792,IV,III,21.11.2017,20.11.2027,Действует,0
590-02-4930-1,Фрина,frina,КЭ,500 г/л Пираклостробин,фунгицид,ООО ФРАНДЕСА,1157746513055,III,III,25.06.2025,24.06.2035,Действует,0
334-03-821-1,Фронтьер Оптима,fronter-optima,КЭ,720 г/л Диметенамид-Р,гербицид,БАСФ Корпорэйшн,,III,III,27.10.2015,26.10.2025,Не действует,0
197-02-10017-0,Фрументо,frumento,КС,100 г/л Прохлораз + 40 г/л Протиоконазол,фунгицид,"ООО ""АГРОХИМ-XXI""",5067746338150,III,-,18.06.2026,17.06.2029,Действует,0
215-02-2536-1,Фуджи 1,fudzhi-1,КЭ,416 г/л Изопротиолан,фунгицид,Суми Агро Европа Лимитед,,II,III,28.02.2020,27.02.2030,Действует,0
021-03-3061-1,Фултайм,fultaym,МД,"75 г/л Мезотрион + 37,5 г/л никосульфурон + 17,5 г/л пиклорам",гербицид,АО Фирма «Август»,1025006038958,III,III,18.03.2021,17.03.2031,Действует,0
178-01-1396-1,Фумифаст,fumifast,ТАБ,560 г/кг Алюминия фосфид,инсектицид,ООО «Агро Эксперт Груп»,1027708006996,I,-,06.03.2017,01.04.2022,Действует,0
178-01-9864-1,Фумифаст,fumifast,ТАБ,560 г/кг Алюминия фосфид,инсектицид,"ООО ""АГРО ЭКСПЕРТ ГРУП""",1027708006996,I,-,25.03.2026,24.03.2036,Действует,0
606-01-3747-1,"Фумифос, ТАБ",fumifos-tab,ТАБ,560 г/кг Алюминия фосфид,инсектицид,Рейнбоу Кропсайенсиз Кфт.,,I,-,03.03.2022,02.03.2032,Действует,0
064-01-4008-1,Фумихелп,fumihelp,ТАБ,560 г/кг Алюминия фосфид,инсектицид,ООО «Химагромаркетинг»,1032305700008,I,-,07.03.2023,06.03.2033,Действует,0
126-01-1128-1,Фумишанс,fumishans,ТАБ,560 г/кг Алюминия фосфид,инсектицид,ООО «Шанс»,1093668046812,I,-,03.06.2016,02.06.2026,Не действует,0
002-01-2959-1,Фумфайтер,fumfayter,ТАБ,560 г/кг Алюминия фосфид,инсектицид,ООО «АГРУСХИМ»,1057747562509,I,-,24.12.2020,23.12.2030,Действует,0
278-02-4108-1,Фунгисил,fungisil,КЭ,250 г/л Пропиконазол + 80 г/л Ципроконазол,фунгицид,ООО ЭЛЛИПСАГРО,1142308002495,III,III,29.01.2019,28.01.2029,Действует,0
262-02-633-1,Фундазол,fundazol,СП,500 г/кг Беномил,фунгицид,«Агро-Кеми Кфт.»,,II,III,16.04.2015,15.04.2025,Не действует,0
262-02-9610-1,Фундазол,fundazol,СП,500 г/кг Беномил) Агро-Кеми Кфт. (Венгрия,фунгицид,Агро-Кеми Кфт. (Венгрия,,II,III,01.10.2025,30.09.2035,Действует,0
602-07-2530-1,Фуролан,furolan,Ж,"988,9 г/л 2-(1,3-диоксоланил-2) фурана",регулятор роста,фурана) Кубанский ГТУ,1022301604610,III,III,12.02.2020,11.02.2030,Действует,0
019-03-1464-1,Фуроре Ультра,furore-ultra,ЭМВ,110 г/л феноксапроп-П-этил,гербицид,Байер КропСайенс АГ,,III,III,12.04.2017,11.04.2027,Действует,0
058-01-190-1,Фуфанон,fufanon,КЭ,570 г/л Малатион,инсектицид,«КЕМИНОВА А/С»,,III,III,18.12.2013,17.12.2023,Не действует,0
058-01-1537-1,Фуфанон Эксперт,fufanon-ekspert,ВЭ,440 г/л Малатион,инсектицид,«КЕМИНОВА А/С»,,III,I,09.08.2017,08.08.2027,Действует,0
051-01-653-1,Фьюри,fyuri,ВЭ,100 г/л Зета-циперметрин,инсектицид,ФМС Кемикал,,III,I,29.04.2015,28.04.2025,Не действует,0
971-01-9834-0,Фэнс,fens,КЭ,100 г/л лямбда-цигалотрин,инсектицид,"ООО ""ПРОЛАЙН""",1230200002020,III,I,16.03.2026,15.03.2029,Действует,0
971-01-4952-0,ФэнсДи,fensdi,КС,140 г/л Клотианидин + 100 г/л лямбда-цигалотрин,инсектицид,"ООО ""ПРОЛАЙН""",1230200002020,II,I,23.07.2025,22.07.2028,Действует,0
041-03-1853-1,Фюзилад Супер,fyuzilad-super,КЭ,125 г/л Флуазифоп-П-бутил,гербицид,ООО «Сингента»,1037739325271,II,III,05.04.2018,04.04.2028,Действует,0
041-03-4548-1,Фюзилад Форте,fyuzilad-forte,КЭ,150 г/л Флуазифоп-П-бутил,гербицид,ООО «Сингента»,1037739325271,II,III,02.05.2024,01.05.2034,Действует,0
639-07-2810-1,Х-Панд,h-pand,Ж,135 г/л гиббереллиновая кислота А3,регулятор роста,"Столлер Интерпрайсис, Инк.",,III,III,29.09.2020,28.09.2030,Действует,0
639-07-3213-1,Х-Сайт,h-sayt,Ж,"0,4 г/л 6-фурфуриламинопурин",регулятор роста,"Столлер Интерпрайсис, Инк.",,IV,III,13.07.2021,12.07.2031,Действует,0
018-07-5000-1,ХЭФК,hefk,ВР,480 г/л Этефон,регулятор роста,АО «Щелково Агрохим»,1025006519427,III,III,08.06.2023,07.06.2033,Действует,1
097-01(02)-3884-1,Хайджек,haydzhek,КС,375 г/л Тиаметоксам + 60 г/л Протиоконазол + 60 г/л Азоксистробин,фунгицид,ООО «АГРус»,5087746677893,III,-,25.11.2022,24.11.2032,Действует,0
178-02-3197-1,Хайп,hayp,КС,20 г/л тритиконазол + 60 г/л Прохлораз,фунгицид,ООО «Агро Эксперт Груп»,1027708006996,III,-,02.07.2021,01.07.2031,Действует,0
699-03-4771-0,Хайфоп,hayfop,КЭ,540 г/л Галоксифоп-П-метил,гербицид,"«Шандонг Вейфанг Рейбоу Кемикал Ко., Лтд.",,III,III,10.01.2025,09.01.2028,Действует,0
021-03-4292-1,Хакер,haker,ВРГ,750 г/кг Клопиралид,гербицид,АО Фирма «Август»,1025006038958,III,III,07.12.2023,06.12.2033,Действует,1
021-03-3602-1,Хакер 300,haker-300,ВР,300 г/л Клопиралид,гербицид,АО Фирма «Август»,1025006038958,III,III,07.04.2022,06.04.2032,Действует,1
178-03-4657-0,Халк,halk,МД,350 г/л Флумиоксазин,гербицид,ООО «Агро Эксперт Груп»,1027708006996,II,III,30.08.2024,29.09.2027,Действует,0
866-02-9901-0,Халстеди,halstedi,ВЭ,350 г/л Мефеноксам,фунгицид,"ООО ""ПРИОРИТЕТ ГРУПП""",1152312010740,III,-,13.04.2026,12.04.2029,Действует,0
184(026)-03-4156-1,Хантер,hanter,КЭ,"51,6 г/л хизалофоп-П-этил",гербицид,"ООО «Агрорус и Ко», Агрия АД",,III,III,12.07.2023,11.07.2033,Действует,0
825-07-3752-1,Харвест Смарт,harvest-smart,П,33 г/кг 1-метилциклопропен,регулятор роста,ООО «АЛЬФАХИМГРУПП»,,IV,-,11.07.2022,10.07.2032,Действует,0
374-07-1131-1,Харвест-Макс,harvest-maks,Р,624 г/л Хлорпрофам,регулятор роста,ООО «ВПО «ВОЛГОХИМНЕФТЬ»,1023405968178,II,-,07.06.2016,06.06.2026,Не действует,0
374-07-9944-1,Харвест-Макс,harvest-maks,Р,624 г/л Хлорпрофам,регулятор роста,ООО «ВПО «ВОЛГОХИМНЕФТЬ»,1023405968178,II,-,12.05.2026,11.05.2036,Действует,0
018-01-1962-1,Харита,harita,КС,600 г/л Тиаметоксам,инсектицид,АО «Щелково Агрохим»,1025006519427,III,-,10.07.2018,09.07.2028,Действует,0
489-03-1903-1,Хармони Про,harmoni-pro,ВДГ,750 г/кг тифенсульфурон-метил,гербицид,ООО «ЭфЭмСи»,1037706002773,III,III,03.05.2018,02.05.2028,Действует,0
085-03-4139-1,Хатор,hator,ВР,300 г/л Клопиралид,гербицид,ООО «Ярило»,1083123001500,II,III,29.06.2023,28.06.2033,Действует,0
002-02-4406-1,Хауберк,hauberk,КМЭ,180 г/л пропиконазола + 120 г/л пираклостробина,фунгицид,ООО «АГРУСХИМ»,1057747562509,III,III,06.02.2024,05.02.2034,Действует,0
002-03-4078-1,Хевимет,hevimet,КЭ,960 г/л С-Метолахлор,гербицид,ООО «АГРУСХИМ»,1057747562509,III,III,22.05.2023,21.05.2033,Действует,0
097-03-1463-1,Хевимет Голд,hevimet-gold,КС,"312,5 г/л С-Метолахлор + 187,5 г/л тербутилазин",гербицид,ООО «АГРус»,5087746677893,III,III,12.04.2017,11.04.2027,Действует,0
160-01-743-1,Хеликовекс,helikoveks,СК,"7,5×10¹² полиэдров/л Вирус ядерного полиэдроза хлопковой совки",инсектицид,Андерматт Биоконтрол АГ,,IV,III,04.08.2015,03.08.2025,Не действует,1
866-01-9995-0,ХеликорГолд,helikorgold,КС,100 г/л Хлорантранилипрол + 100 г/л альфа-циперметрин,инсектицид,"ООО ""ПРИОРИТЕТ ГРУПП""",1152312010740,II,I,03.06.2026,02.06.2029,Действует,0
021-01(02)-2728-1,Хет-Трик,het-trik,СК,333 г/л Имидаклоприд + 67 г/л Дифеноконазол + 17 г/л Тебуконазол,инсектицид,АО Фирма «Август»,1025006038958,II,-,06.06.2020,05.06.2030,Действует,0
018-03-4600-1,Хилер,hiler,МКЭ,40 г/л Квизалофоп-П-тефурил,гербицид,АО «Щелково Агрохим»,1025006519427,III,III,07.06.2024,06.06.2034,Действует,0
063-02-3101-1,ХимАгроМаркетинг Тиабен Т,himagromarketing-tiaben-t,ТКС,80 г/л Тиабендазол + 80 г/л тритиконазол,фунгицид,ООО «ХИМАГРОМАРКЕТИН Г.РУ»,1023403447913,III,-,09.04.2021,08.04.2031,Действует,0
590(297)-03-2507-1,Химера,himera,КЭ,125 г/л хизалофоп-П-этил,гербицид,"ООО ФРАНДЕСА, ООО «Франдеса»",1157746513055,III,III,30.12.2019,29.12.2029,Действует,0
886-03-4235-1,Химстар,himstar,ВДГ,750 г/кг трибенурон-метил,гербицид,Рейнбоу Кропсайенсиз Кфт.,,III,III,20.10.2023,19.10.2033,Действует,0
262-02-1385-1,Хинуфур,hinufur,КС,436 г/л Карбофуран,фунгицид,«Агро-Кеми Кфт.»,,I,-,06.03.2017,05.03.2027,Действует,0
178-03-2340-1,Хит,hit,СП,600 г/кг Метсульфурон-метил,гербицид,ООО «Агро Эксперт Груп»,1027708006996,III,III,26.07.2019,25.07.2029,Действует,0
177-08-3526-1,Хищник,hischnik,Г,30 г/кг Метальдегид,моллюскоцид,Арксада Лтд,,III,-,08.08.2016,07.08.2026,Не действует,1
126-02-628-1,Хлорошанс,hloroshans,СП,670 г/кг Меди оксихлорид + 130 г/кг оксадиксил,фунгицид,ООО «Шанс»,1093668046812,III,III,13.04.2015,12.04.2025,Не действует,1
023(197)-01-3114-1,Хлорпирифос,hlorpirifos,КЭ,480 г/л Хлорпирифос,инсектицид,"ООО «АНПП «Агрохим-XXI», ООО «Агрохим ХХ1»","1027700119710, 5067746338150",III,I,19.04.2021,18.04.2031,Действует,0
197-07-4799-1,Хлорпрофам,hlorprofam,Р,500 г/л Хлорпрофам,регулятор роста,ООО «Агрохим ХХ1»,5067746338150,II,-,03.02.2025,02.02.2035,Действует,0
197-01-4601-1,Хлыст,hlyst,ВДГ,800 г/л Фипронил,инсектицид,ООО «Агрохим ХХ1»,5067746338150,II,I,07.06.2024,06.06.2034,Действует,0
046-02-2380-1,Хом,hom,СП,861 г/кг Меди хлорокись,фунгицид,ЗАО «ТПК «Техноэкспорт»,1025005325070,III,III,30.03.2018,29.03.2028,Не действует,1
046-02-5033-1,Хом,hom,СП,861 г/кг Меди хлорокись,фунгицид,ООО «Техноэкспорт»,1125042005175,III,III,29.08.2025,29.03.2028,Действует,1
126-02-3273-1,Хорист,horist,ВДГ,750 г/кг Ципродинил,фунгицид,ООО «Шанс»,1093668046812,III,III,25.08.2021,24.08.2031,Действует,0
178-03-2910-1,Хорс Д,hors-d,КС,200 г/л Дикамба кислота + 50 г/л никосульфурон,гербицид,ООО «Агро Эксперт Груп»,1027708006996,III,III,03.12.2020,02.12.2030,Действует,0
126-02-9900-1,Хорт,hort,КС,375 г/л Пириметанил + 125 г/л Флуопирам,фунгицид,"ООО ""ШАНС""",1093668046812,III,III,13.04.2026,12.04.2036,Действует,0
008-02-3302-1,Хортон,horton,КС,250 г/л Ципродинил,фунгицид,ООО «Ваше хозяйство»,1025203566728,III,III,17.09.2021,16.09.2031,Действует,1
041-02-4412-0,Хорус,horus,ВДГ,750 г/кг Ципродинил,фунгицид,ООО «Сингента»,1037739325271,III,III,15.02.2024,14.02.2027,Действует,1
164-02-454-1,Хранитель,hranitel,КЭ,250 г/л Дифеноконазол,фунгицид,ООО «Евро-Семена»,,III,III,24.11.2014,23.11.2024,Не действует,1
010-02-4400-1,Хронос,hronos,КС,160 г/л Циазофамид,фунгицид,ООО «ЛИСТЕРРА»,1057749556930,III,III,01.02.2024,31.01.2034,Действует,0
070-03-3840-1,Царумин,tsarumin,ВК,"500 г/л МЦПА кислоты (смесь диметиламинной, калиевой, натриевой солей)",гербицид,ООО «АГРОМИР»,1187746148424,II,III,18.11.2022,17.11.2032,Действует,0
286-07-2092-1,Цаца,tsatsa,П,10 г/л Бензиладенина,регулятор роста,ООО «ТПК «РОСТИ»,1062312034223,III,III,01.02.2019,31.01.2029,Действует,1
012-07-759-1,Цветень,tsveten,К,"0,9 г/кг Гиббереллиновых кислот натриевые соли",регулятор роста,ООО Фирма «Зеленая Аптека Садовода»,1037700040564,III,III,24.08.2015,23.08.2025,Не действует,1
012-07-9886-1,Цветень,tsveten,КРП,"0,9 г/кг натриевая соль гиббереллиновая кислота",регулятор роста,ООО Фирма «Зеленая Аптека Садовода»,1037700040564,III,III,06.04.2026,05.04.2036,Действует,1
021-01-2420-1,Цветолюкс Бау,tsvetolyuks-bau,ВР,"0,1 г/л Имидаклоприд",инсектицид,АО Фирма «Август»,1025006038958,III,I,08.10.2019,07.10.2029,Действует,1
014-07-2535-1,ЦеЦеЦе 750,tsetsetse-750,ВК,750 г/л Хлормекватхлорид,регулятор роста,«БАСФ СЕ»,,II,III,19.02.2020,18.02.2030,Действует,0
002-07-10055-1,Цегран,tsegran,ВК,750 г/л Хлормекватхлорид,регулятор роста,"ООО ""АГРУСХИМ""",1057747562509,III,III,03.08.2026,02.08.2036,Действует,0
097-07-567-1,Цегран,tsegran,ВК,750 г/л Хлормекватхлорид,регулятор роста,ООО «АГРус»,5087746677893,III,III,20.02.2015,19.02.2025,Не действует,0
023(197)-01-2223-1,Цезарь,tsezar,КЭ,100 г/л Альфа-ципермeтрин,инсектицид,"ООО «АНПП «Агрохим-XXI», ООО «Агрохим ХХ1»","1027700119710, 5067746338150",III,I,13.05.2019,12.05.2029,Действует,0
175-02-1534-1,Целитель,tselitel,ВДГ,250 г/кг цимоксанил + 250 г/кг Фамоксадон,фунгицид,ООО «МосАгро»,1057747879342,III,III,28.07.2017,27.07.2027,Действует,1
018-03-4404-1,Цензор,tsenzor,КЭ,240 г/л Клетодим,гербицид,АО «Щелково Агрохим»,1025006519427,III,III,06.02.2024,05.02.2034,Действует,0
018-03-3147-1,Цензор Макс,tsenzor-maks,МКЭ,120 г/л Клетодим,гербицид,АО «Щелково Агрохим»,1025006519427,II,III,18.05.2021,17.05.2031,Действует,0
178-07-4502-1,Центрино,tsentrino,ВК,750 г/л Хлормекватхлорид,регулятор роста,ООО «Агро Эксперт Груп»,1027708006996,III,III,04.04.2024,03.04.2034,Действует,0
201-03-1056-1,Центурион,tsenturion,КЭ,240 г/л Клетодим,гербицид,АРИСТА ЛАЙФСАЙЕНС С.А.С.,,III,III,04.04.2016,03.04.2026,Не действует,0
201-03-2375-1,Центурион Нео,tsenturion-neo,КЭ,240 г/л Клетодим,гербицид,АРИСТА ЛАЙФСАЙЕНС С.А.С.,,III,III,09.09.2019,08.09.2029,Действует,0
201-03-2043-1,Центурион Профи,tsenturion-profi,КЭ,360 г/л Клетодим,гербицид,АРИСТА ЛАЙФСАЙЕНС С.А.С.,,III,III,02.11.2018,01.11.2028,Действует,0
178-01-2217-1,Цепеллин,tsepellin,КЭ,100 г/л Альфа-ципермeтрин,инсектицид,ООО «Агро Эксперт Груп»,1027708006996,II,I,07.05.2019,17.07.2023,Действует,0
178-01-2754-1,Цепеллин Эдванс,tsepellin-edvans,КЭ,50 г/л лямбда-цигалотрин,инсектицид,ООО «Агро Эксперт Груп»,1027708006996,II,I,10.07.2020,26.12.2025,Действует,0
014-02-2100-1,Цериакс Плюс,tseriaks-plyus,КЭ,"41,6 г/л эпоксиконазол + 66,6 г/л Пираклостробин + 41,6 г/л флуксапироксад",фунгицид,«БАСФ СЕ»,,II,III,07.02.2019,06.02.2029,Действует,0
097-01-2546-1,Ци-Альфа,tsi-alfa,КЭ,100 г/л Альфа-ципермeтрин,инсектицид,ООО «АГРус»,5087746677893,III,I,28.02.2020,27.02.2030,Действует,1
041-02-1969-1,Цидели Топ,tsideli-top,ДК,125 г/л Дифеноконазол + 15 г/л цифлуфенамид,фунгицид,ООО «Сингента»,1037739325271,II,III,23.07.2018,22.07.2028,Действует,0
097-01-1643-1,Циклон,tsiklon,КЭ,500 г/л Хлорпирифос + 50 г/л циперметрин,инсектицид,ООО «АГРус»,5087746677893,III,I,12.12.2017,11.12.2027,Действует,0
010-02-3371-1,Цимус Прогресс,tsimus-progress,КЭ,250 г/л Пропиконазол + 80 г/л Ципроконазол,фунгицид,ООО «ЛИСТЕРРА»,1057749556930,III,III,16.11.2021,15.11.2031,Действует,0
050-01-4331-1,Циперус,tsiperus,КЭ,250 г/л циперметрин,инсектицид,ЗАО «ФМРус»,1097746208207,II,I,22.12.2023,21.12.2033,Действует,0
184(026)-01-3570-1,Ципи,tsipi,КЭ,250 г/л циперметрин,инсектицид,"ООО «Агрорус и Ко», Агрия АД",,II,I,28.03.2022,27.03.2032,Действует,0
184(040)-01-1482-1,Ципи Плюс,tsipi-plyus,КЭ,480 г/л Хлорпирифос + 50 г/л циперметрин,инсектицид,"ООО «Агрорус и Ко», Левей Маркетинг Актиенгезелльшафт",,II,I,26.04.2017,25.04.2027,Действует,0
041-02-4478-0,Ципресс,tsipress,КЭ,250 г/л Дифеноконазол + 150 г/л Ципроконазол,фунгицид,ООО «Сингента»,1037739325271,II,III,28.03.2024,20.08.2026,Действует,0
148-01-853-1,Циракс,tsiraks,КЭ,250 г/л циперметрин,инсектицид,ООО «ЮПЛ»,1157746848490,II,I,23.03.2015,22.03.2025,Не действует,0
233-07-1775-1,Циркон,tsirkon,Р,"0,1 г/л Гидроксикоричная кислота",регулятор роста,ННПП «НЭСТ М»,1027739149580,III,III,30.03.2016,29.03.2026,Не действует,1
009-03-2763-1,Цитадель 25,tsitadel-25,МД,25 г/л Пеноксулам,гербицид,ДАУ АГРОСАЕНСЕС ВЕРТРИБСГЕЗЕЛЬШАФ Т М.Б.Х.,,III,III,29.07.2020,28.07.2030,Действует,0
389-03-9893-0,Цитата,tsitata,МД,25 г/л Пеноксулам,гербицид,"ООО ""АГРОПРОГРЕСС КЭМИКАЛС""",1157847140296,III,III,08.04.2026,07.04.2029,Действует,0
429-07-3433-1,Цитодеф-100,tsitodef-100,ВРП,"100 г/кг N-(1,2,4-триазол-4-ил)-N′-фенилмочевины)",регулятор роста,N′-фенилмочевины)) ООО «Агросинтез»,1027739092920,III,III,17.12.2021,16.12.2031,Действует,0
046-01-1378-1,Цитокс,tsitoks,КЭ,250 г/л циперметрин,инсектицид,ЗАО «ТПК «Техноэкспорт»,1025005325070,III,I,27.02.2017,26.02.2027,Не действует,0
046-01-5036-1,Цитокс,tsitoks,КЭ,250 г/л циперметрин,инсектицид,ООО «Техноэкспорт»,1125042005175,III,I,29.08.2025,26.02.2027,Действует,0
184(026)-02-2444-1,Цихом,tsihom,СП,370 г/кг Меди хлорокись + 150 г/кг Цинеб,фунгицид,"ООО «Агрорус и Ко», Агрия АД",,II,III,31.10.2019,30.10.2029,Действует,0
082-03-1308-1,Цицерон,tsitseron,ВДГ,250 г/кг римсульфурон,гербицид,ООО «Интер Групп»,1084312000420,III,III,16.12.2016,15.12.2026,Действует,0
064-03-461-1,Цукрон+,tsukron,ВР,300 г/л Клопиралид,гербицид,ООО «Химагромаркетинг»,1032305700008,III,III,15.12.2014,14.12.2024,Не действует,0
064-03-4697-1,Цукрон+,tsukron,ВР,300 г/л Клопиралид,гербицид,ООО «Химагромаркетинг»,1032305700008,III,III,17.10.2024,16.10.2034,Действует,0
"043(042,424)-01-2253-1",Цунами,tsunami,КЭ,100 г/л Альфа-ципермeтрин,инсектицид,"ООО «ФОРВАРД», ООО «ГРАНУМ», ООО «Сибагрохим»","1105476055277, 1147746366261, 1025402493555",III,I,30.05.2019,29.05.2029,Действует,0
082-03-4337-1,Челленджер,chellendzher,ВРК,33 г/л Имазамокс + 15 г/л Имазапир,гербицид,ООО «Интер Групп»,1084312000420,III,III,26.12.2023,25.12.2033,Действует,0
024-02-2838-1,Чемп ДП,chemp-dp,ВДГ,576 г/кг Меди гидроксид,фунгицид,Нуфарм ГмбХ & КО КГ,,III,III,13.10.2020,12.10.2030,Действует,0
068(116)-03-726-1,Чисталан,chistalan,КЭ,"376 г/л 2,4-Д + 54 г/л дикамба (2-этилгексиловые эфиры)",гербицид,"ГБУ РБ «НИТИГ АН РБ», ООО «АХК-Агро»",1030204614340,II,III,29.07.2015,28.07.2025,Не действует,0
116-03-9691-0,Чисталан,chistalan,КЭ,"376 г/л 2,4-Д кислота + 54 г/л дикамба кислота (2-этилгексиловые эфиры)",гербицид,ООО «АХК-Агро»,1030204614340,II,III,25.11.2025,24.11.2028,Действует,0
068(116)-03-706-1,Чисталан экстра,chistalan-ekstra,КЭ,"420 г/л 2,4-Д + 60 г/л дикамба (2-этилгексиловые эфиры)",гербицид,"ГБУ РБ «НИТИГ АН РБ», ООО «АХК-Агро»",1030204614340,II,III,20.07.2015,19.07.2025,Не действует,0
116-03-9692-0,Чисталан экстра,chistalan-ekstra,КЭ,"420 г/л 2,4-Д кислота + 60 г/л дикамба кислота (2-этилгексиловые эфиры)",гербицид,ООО «АХК-Агро»,1030204614340,II,III,26.11.2025,25.11.2028,Действует,0
068(116)-03-692-1,Чисталан-супер,chistalan-super,КЭ,"500 г/л 2,4-Д (2-этилгексиловый эфир) + 100 г/л дикамба (диметилалкиламинная соль)",гербицид,"+ 100 г/л дикамба (диметилалкиламинная соль)) ГБУ РБ «НИТИГ АН РБ», ООО «АХК-Агро»",1030204614340,II,III,02.07.2015,01.07.2025,Не действует,0
126-02-3797-1,Чистосад,chistosad,КС,345 г/л Меди сульфат трехосновный,фунгицид,ООО «Шанс»,1093668046812,III,III,06.10.2022,05.10.2032,Действует,0
164-02-453-1,Чистофлор,chistoflor,КЭ,250 г/л Пропиконазол,фунгицид,ООО «Евро-Семена»,,III,III,24.11.2014,23.11.2024,Не действует,1
021-02-3506-1,Чистоцвет,chistotsvet,КЭ,250 г/л Дифеноконазол,фунгицид,АО Фирма «Август»,1025006038958,III,III,02.03.2022,01.03.2032,Действует,1
021-02-4326-1,Чистоцвет БАУ,chistotsvet-bau,ВР,"0,7 г/л Пропиконазол",фунгицид,АО Фирма «Август»,1025006038958,III,III,20.12.2023,19.12.2033,Действует,1
941-03-9619-0,Чёрнополе,chernopole,ВДГ,687 г/кг Глифосат кислоты (аммонийная соль),гербицид,"ООО ""АС-Агро""",1040204593934,II,III,06.10.2025,05.10.2028,Действует,0
010-03-4857-1,Чёткий,chetkiy,КЭ,"45 г/л Пиноксаден + 5,1 г/л флорасулам + 11,5 г/л антидот -клоквинтосет-мексил",гербицид,ООО «ЛИСТЕРРА»,1057749556930,III,III,25.04.2025,24.04.2035,Действует,0
085-01-4136-0,Шаман,shaman,КЭ,500 г/л Хлорпирифос + 50 г/л циперметрин,инсектицид,ООО «Ярило»,1083123001500,II,I,22.06.2023,21.06.2026,Не действует,0
126-03-3534-1,Шанс 24,shans-24,КЭ,"564 г/л 2,4-Д (сложный 2-этилгексиловый эфир)",гербицид,ООО «Шанс»,1093668046812,II,III,18.03.2022,17.03.2032,Действует,0
126-03-2890-1,Шанс Голд,shans-gold,СК,480 г/л Мезотрион,гербицид,ООО «Шанс»,1093668046812,III,III,23.11.2020,22.11.2030,Действует,0
126-03-4015-1,Шанс ДКБ,shans-dkb,ВР,480 г/л Дикамба (диметиламинная соль),гербицид,ООО «Шанс»,1093668046812,III,III,10.03.2023,09.03.2033,Действует,0
126-01-2937-1,Шанс Профи,shans-profi,ВДГ,800 г/кг Фипронил,инсектицид,ООО «Шанс»,1093668046812,II,III,17.12.2020,16.12.2030,Действует,0
126-03-587-1,Шансгард,shansgard,КС,500 г/л Прометрин,гербицид,ООО «Шанс»,1093668046812,III,III,10.03.2015,09.03.2025,Не действует,0
126-03-9712-0,Шансгард,shansgard,КС,500 г/л Прометрин,гербицид,"ООО ""ШАНС""",1093668046812,III,III,08.12.2025,07.12.2028,Действует,0
126-02-4014-1,Шансил,shansil,КЭ,250 г/л Тебуконазол,фунгицид,ООО «Шанс»,1093668046812,II,III,10.03.2023,03.09.2024,Действует,0
126-02-4003-1,Шансил Трио,shansil-trio,КС,60 г/л Тиабендазол + 60 г/л Тебуконазол + 40 г/л Имазалил,фунгицид,ООО «Шанс»,1093668046812,II,-,06.03.2023,05.03.2033,Действует,0
126-02-4536-1,Шансил Ультра,shansil-ultra,КС,120 г/л Тебуконазол,фунгицид,ООО «Шанс»,1093668046812,II,-,25.04.2024,09.08.2024,Действует,0
126-01-2612-1,Шансилин,shansilin,ВДГ,800 г/кг Дифлубензурон,инсектицид,ООО «Шанс»,1093668046812,III,II,19.03.2020,18.03.2030,Действует,0
126-01-2936-1,Шанситек,shansitek,КЭ,18 г/л Абамектин,инсектицид,ООО «Шанс»,1093668046812,II,I,17.12.2020,16.12.2030,Действует,0
126-01-9728-0,Шанситек Дуо,shansitek-duo,КЭ,"63 г/л Бифентрин + 41,5 г/л Абамектин",инсектицид,"ООО ""ШАНС""",1093668046812,III,I,17.12.2025,16.12.2028,Действует,0
126-01-1954-1,Шансометокс Трио,shansometoks-trio,КС,"262,5 г/л Тиаметоксам + 25 г/л Дифеноконазол + 25 г/л Флудиоксонил",инсектицид,ООО «Шанс»,1093668046812,III,-,04.07.2018,03.07.2028,Действует,0
126-02(01)-9881-1,Шансометокс Трио,shansometoks-trio,КС,"262,5 г/л Тиаметоксам + 25 г/л Дифеноконазол + 25 г/л Флудиоксонил",инсектицид,"ООО ""ШАНС""",1093668046812,III,-,31.03.2026,30.03.2036,Действует,0
126-02-1943-1,Шансометокс Трио,shansometoks-trio,КС,"262,5 г/л Тиаметоксам + 25 г/л Дифеноконазол + 25 г/л Флудиоксонил",фунгицид,ООО «Шанс»,1093668046812,III,-,10.07.2018,09.07.2028,Действует,0
126-03-586-1,Шансомитрон,shansomitron,КС,700 г/л Метамитрон,гербицид,ООО «Шанс»,1093668046812,III,III,10.03.2015,09.03.2025,Не действует,0
126-03-9618-0,Шансомитрон,shansomitron,КС,700 г/л Метамитрон,гербицид,ООО «Шанс»,1093668046812,III,III,06.10.2025,05.10.2028,Действует,0
126-03-4013-1,Шанстар,shanstar,ВДГ,750 г/кг трибенурон-метил,гербицид,ООО «Шанс»,1093668046812,III,III,10.03.2023,09.03.2033,Действует,0
126-03-1975-1,Шанстар Плюс,shanstar-plyus,ВДГ,500 г/кг трибенурон-метил + 104 г/кг флорасулам,гербицид,ООО «Шанс»,1093668046812,III,III,07.08.2018,06.08.2028,Действует,0
126-03-9664-0,Шанстар Трио,shanstar-trio,ВДГ,388 г/кг тифенсульфурон-метил + 313 г/кг трибенурон-метил + 117 г/кг флорасулам,гербицид,"ООО ""ШАНС""",1093668046812,III,III,10.11.2025,09.11.2028,Действует,0
126-03-599-1,Шансти,shansti,ВДГ,750 г/кг тифенсульфурон-метил,гербицид,ООО «Шанс»,1093668046812,III,III,13.03.2015,12.03.2025,Не действует,0
126-03-9621-1,Шансти,shansti,ВДГ,750 г/кг тифенсульфурон-метил,гербицид,ООО «Шанс»,1093668046812,III,III,08.10.2025,07.10.2035,Действует,0
126-03-4012-1,Шанстрел 300,shanstrel-300,ВР,300 г/л Клопиралид,гербицид,ООО «Шанс»,1093668046812,III,III,10.03.2023,09.07.2024,Действует,0
126-03-4069-1,Шансюген,shansyugen,ВЭ,"69 г/л феноксапроп-П-этил + 34,5 г/л антидот -клоквинтосет-мексил",гербицид,ООО «Шанс»,1093668046812,III,III,24.04.2023,23.04.2033,Действует,0
126-03-4047-1,Шантус,shantus,ВДГ,250 г/кг римсульфурон,гербицид,ООО «Шанс»,1093668046812,III,III,22.03.2023,05.08.2024,Действует,0
021-01-2589-1,Шарпей,sharpey,МЭ,250 г/л циперметрин,инсектицид,АО Фирма «Август»,1025006038958,III,I,13.03.2020,12.03.2030,Действует,1
869-01-4659-0,Шензи,shenzi,КС,400 г/л Хлорантранилипрол,инсектицид,ЮПЛ Холдингс Кооператив Ю.А.,,III,III,28.08.2024,23.12.2025,Действует,0
313-23-3639-1,Шин-Етсу МД ВП ТТ,shin-etsu-md-vp-tt,Д,423 мг/диспенсер Z-8-Додеценил ацетат + 27 мг/диспенсер Е-8-Додеценил ацетат + 5 мг/диспенсер Z-8-Додеценол,феромон,"«Шин-Етсу Кемикал Ко., Лтд.»",,IV,-,18.04.2022,17.04.2032,Действует,0
313-23-3610-1,Шин-Етсу МД Дуо ТТ,shin-etsu-md-duo-tt,Д,"240 мг/диспенсер Е,Е-8,10-Додекадиен-1-ол + 39 мг/диспенсер 1-додеканол + 7 мг/диспенсер 1-Тетрадеканол + 1 мг/диспенсер Z-8-Додеценил ацетат + 5 мг/диспенсер Е-8-Додеценил ацетат + 1 мг/диспенсер Z-8-Додеценол",феромон,"«Шин-Етсу Кемикал Ко., Лтд.»",,IV,-,12.04.2022,11.04.2032,Действует,0
313-23-1767-1,Шин-Етсу МД Л,shin-etsu-md-l,Д,"172 мг/диспенсер (Е,Z)-7,9-Додекадиен-1-ил-ацетат",феромон,"7,9-Додекадиен-1-ил-ацетат) «Шин-Етсу Кемикал Ко., Лтд.»",,IV,-,22.02.2018,21.02.2028,Действует,1
313-23-741-1,Шин-Етсу МД СТТ,shin-etsu-md-stt,Д,"2,2х10⁴ кг/диспенсер Е,Е-8,10-Додекадиен-1-ол + 1,2х10⁴ кг/диспенсер 1-додеканол + 2,76х10-5 кг/диспенсер 1-Тетрадеканол + 2,76х10-5 кг/диспенсер 1-Тетрадеканол",феромон,"«Шин-Етсу Кемикал Ко., Лтд.»",,IV,-,03.08.2015,02.08.2025,Не действует,1
313-23-3872-1,Шин-Етсу ТА,shin-etsu-ta,Д,"59 мг/диспенсер (E,Z,Z)-3,8,11-тетрадекатриен-1-ил-ацетата + 59 мг/диспенсер 6 мг/диспенсер (E,Z)-3,8-тетрадекадиен –1- ил-ацетата)",феромон,"3,8,11-тетрадекатриен-1-ил-ацетата + 59 мг/диспенсер 6 мг/диспенсер (E,Z)-3,8-тетрадекадиен –1- ил-ацетата)) «Шин-Етсу Кемикал Ко., Лтд.»",,IV,-,11.11.2022,10.11.2032,Действует,0
041-02-1705-1,Ширлан,shirlan,СК,500 г/л флуазинам,фунгицид,ИСК Биосайенсис Юроп Н.В.,,II,III,31.01.2018,30.01.2028,Действует,0
018-02-1433-1,Ширма,shirma,КС,500 г/л флуазинам,фунгицид,АО «Щелково Агрохим»,1025006519427,III,III,30.03.2017,29.03.2027,Действует,1
018-03-2428-1,Шквал,shkval,ВК,250 г/л Имазапир,гербицид,АО «Щелково Агрохим»,1025006519427,III,III,16.10.2019,15.10.2029,Действует,0
006-03-709-1,Шкипер,shkiper,ВР,267 г/л Клопиралид + 67 г/л пиклорам,гербицид,ОАО «Группа компаний «Агропром-МДТ»,,III,III,20.07.2015,19.07.2025,Не действует,0
010-03-9611-0,Шкипер,shkiper,ВР,267 г/л Клопиралид + 67 г/л пиклорам,гербицид,ООО «ЛИСТЕРРА»,1057749556930,III,III,02.10.2025,01.10.2028,Действует,0
156-03-2823-1,Шогун,shogun,КЭ,100 г/л пропаквизафоп,гербицид,ООО «АДАМА РУС»,1062310039934,III,III,06.10.2020,05.10.2030,Действует,0
197-02-3831-1,Шпага,shpaga,КС,160 г/л Циазофамид,фунгицид,ООО «Агрохим ХХ1»,5067746338150,III,III,21.10.2022,20.10.2032,Действует,0
197-02-9879-0,Шрапнель,shrapnel,ВГ,700 г/кг Дитианон,фунгицид,"ООО ""АГРОХИМ-XXI""",5067746338150,III,III,31.03.2026,30.03.2029,Действует,0
021-02-4134-1,Шриланк,shrilank,КМЭ,400 г/л Масло чайного дерева + 150 г/л Дифеноконазол,фунгицид,АО Фирма «Август»,1025006038958,III,III,21.06.2023,20.06.2033,Действует,1
156-03-3346-1,Эвентус,eventus,МЭ,480 г/л Бентазон + 50 г/л кломазон,гербицид,ООО «АДАМА РУС»,1062310039934,III,III,25.10.2021,24.10.2031,Действует,0
201-03-4444-1,Эверест,everest,ВДГ,700 г/кг Флукарбазон натрия,гербицид,АРИСТА ЛАЙФСАЙЕНС С.А.С.,,III,III,06.03.2024,05.03.2034,Действует,0
201-02-2475-1,Эвито Т,evito-t,КС,250 г/л Тебуконазол + 180 г/л флуоксастробин,фунгицид,АРИСТА ЛАЙФСАЙЕНС С.А.С.,,II,III,24.12.2019,12.12.2023,Действует,0
201-02-4312-1,Эвито Т,evito-t,КС,180 г/л флуоксастробин + 250 г/л Тебуконазол,фунгицид,АРИСТА ЛАЙФСАЙЕНС С.А.С.,,II,III,12.12.2023,11.12.2033,Действует,0
021-02-4541-1,Эвклид,evklid,СК,150 г/л Боскалид + 250 г/л Азоксистробин,фунгицид,АО Фирма «Август»,1025006038958,III,III,03.05.2024,02.05.2034,Действует,0
192-03-5047-1,Эвокат,evokat,КЭ,50 г/л Квизалофоп-П-тефурил,гербицид,ООО ГК «ЗемлякоФФ»,1037724060560,III,III,14.06.2023,13.06.2033,Действует,0
201-03-1663-1,Эволюшн,evolyushn,КЭ,140 г/л Клетодим + 70 г/л хизалофоп-П-этил,гербицид,АРИСТА ЛАЙФСАЙЕНС С.А.С.,,III,III,18.12.2017,25.12.2025,Действует,0
021-03-1811-1,Эгида,egida,СК,480 г/л Мезотрион,гербицид,АО Фирма «Август»,1025006038958,III,III,13.01.2017,12.01.2027,Действует,0
018-02-3811-1,Эйс,eys,ККР,160 г/л Тебуконазол + 80 г/л Пираклостробин + 40 г/л Протиоконазол,фунгицид,АО «Щелково Агрохим»,1025006519427,II,III,05.10.2022,04.10.2032,Действует,0
192-02-10021-0,Эквинокс,ekvinoks,КС,250 г/л Боскалид + 150 г/л Дифеноконазол,фунгицид,"ООО ГК ""ЗЕМЛЯКОФФ""",1037724060560,III,III,19.06.2026,18.06.2029,Действует,0
023(365)-04-1102-1,Эквит,ekvit,ВР,150(80 в пересчете на дикват ион) г/л Дикват (дибромид),десикант,"г/л Дикват (дибромид)) ООО «АНПП «Агрохим-XXI», Кингтай Кемикалз Ко., Лтд",1027700119710,III,III,04.05.2016,04.07.2024,Не действует,0
197-04-10100-0,Эквит,ekvit,ВР,150 г/л Диквата дибромида (80 г/л в пересчете на дикват ион),десикант,"ООО ""АГРОХИМ-XXI""",5067746338150,III,III,26.08.2026,25.08.2029,Действует,0
869-02-4722-1,Эклипс,eklips,ТС,10 г/л Ипконазол + 225 г/л Тирам,фунгицид,ЮПЛ Холдингс Кооператив Ю.А.,,III,-,11.11.2024,10.11.2034,Действует,0
253-07-721-1,ЭкоЛарикс,ekolariks,ВРП,250 г/кг Дигидрокверцетин,регулятор роста,ЗАО «Аметис»,1042800015422,III,III,29.07.2015,28.07.2025,Не действует,0
074-07-3127-1,Экогель экстра,ekogel-ekstra,ВР,30 г/л Липо-хитоолигосахариды,регулятор роста,ООО БИОХИМТЕХ-БИОХИМ ИЧЕСКИЕ ТЕХНОЛОГИИ,5177746104180,III,III,27.04.2021,26.04.2031,Действует,1
941-02-9688-1,Экономикс Колор 120,ekonomiks-kolor-120,КС,120 г/л Тебуконазол,фунгицид,"ООО ""АС-АГРО""",1040204593934,II,III,24.11.2025,23.11.2035,Действует,0
012-07-2246-1,Экопин,ekopin,Т,"29,8 г/кг магний сернокислый + 6,2 г/кг Поли-бета-гидроксимасляная кислота + 91,1 г/кг калий фосфорнокислый + 91,2 г/кг калий азотнокислый + 181,5 г/кг карбамид",регулятор роста,ООО Фирма «Зеленая Аптека Садовода»,1037700040564,IV,III,28.05.2019,27.05.2029,Действует,1
661-02-2958-1,Экселент,ekselent,КС,250 г/л Пикоксистробин,фунгицид,ООО «ПРИОРИТЕТ ПЛЮС»,1152312010762,III,III,24.12.2020,23.12.2030,Действует,0
085-03-3499-1,Эксифир,eksifir,КЭ,"564 г/л 2,4-Д (2-этилгексиловый эфир)",гербицид,ООО «Ярило»,1083123001500,II,I,02.03.2022,29.02.2032,Действует,0
192-03-2173-1,Эксперт 22,ekspert-22,КЭ,160 г/л Десмедифам + 160 г/л фенмедифам,гербицид,ООО ГК «ЗемлякоФФ»,1037724060560,III,III,01.04.2019,31.03.2029,Действует,0
192-03-4839-1,Эксперт Квадро ОФ,ekspert-kvadro-of,МКС,110 г/л этофумезат + 90 г/л фенмедифам + 70 г/л Десмедифам + 40 г/л Ленацил,гербицид,ООО ГК «ЗемлякоФФ»,1037724060560,III,III,28.03.2025,27.03.2035,Действует,0
192-03-600-1,Эксперт Квадро ОФ,ekspert-kvadro-of,МКС,110 г/л этофумезат + 90 г/л фенмедифам + 70 г/л Десмедифам + 40 г/л Ленацил,гербицид,ООО ГК «ЗемлякоФФ»,1037724060560,III,III,18.03.2015,17.03.2025,Не действует,0
192-03-603-1,Эксперт Некст,ekspert-nekst,КС,160 г/л Десмедифам + 160 г/л фенмедифам,гербицид,ООО ГК «ЗемлякоФФ»,1037724060560,III,III,23.03.2015,22.03.2025,Не действует,0
192-03-2174-1,Эксперт Трио ОФ,ekspert-trio-of,КЭ,112 г/л этофумезат + 91 г/л фенмедифам + 71 г/л Десмедифам,гербицид,ООО ГК «ЗемлякоФФ»,1037724060560,III,III,01.04.2019,31.03.2029,Действует,0
489-03-1965-1,Экспресс,ekspress,ВДГ,750 г/кг трибенурон-метил,гербицид,ООО «ЭфЭмСи»,1037706002773,III,III,17.07.2018,16.07.2028,Действует,0
489-03-2030-1,Экспресс Голд,ekspress-gold,ВДГ,"562,5 г/кг трибенурон-метил + 187,5 г/кг тифенсульфурон-метил",гербицид,ООО «ЭфЭмСи»,1037706002773,III,III,25.10.2018,24.10.2028,Действует,0
253-07-2158-1,ЭкстраКор,ekstrakor,ВРП,160 г/кг Дигидрокверцетин + 650 г/кг Проантоцианидины + 140 г/кг параоксибензойные кислоты,регулятор роста,ЗАО «Аметис»,1042800015422,IV,III,14.03.2019,13.03.2029,Действует,0
590-03-4193-1,Экстракорн,ekstrakorn,СЭ,"312,5 г/л С-Метолахлор + 187,5 г/л тербутилазин",гербицид,ООО ФРАНДЕСА,1157746513055,III,III,08.09.2023,07.09.2033,Действует,0
043(042)-03-3069-1,Элант,elant,КЭ,"564 г/л 2,4-Д кислота (2-этилгексиловый эфир)",гербицид,"ООО «Сибагрохим», ООО «ФОРВАРД»","1025402493555, 1105476055277",II,III,23.03.2021,22.03.2031,Действует,0
042(847)-03-3887-1,Элант Экстра,elant-ekstra,СЭ,"410 г/л 2,4-Д кислоты (2-этилгексиловый эфир) + 7,4 г/л флорасулам",гербицид,"+ 7,4 г/л флорасулам) ООО «ФОРВАРД», ООО СЗР МАСТЕР","1105476055277, 1216100024678",II,III,16.05.2018,15.05.2028,Действует,0
043(042)-03-2266-1,Элант-Премиум,elant-premium,КЭ,"420 г/л 2,4-Д + 60 г/л дикамба (2-этилгексиловые эфиры)",гербицид,"ООО «Сибагрохим», ООО «ФОРВАРД»","1025402493555, 1105476055277",II,III,10.06.2019,09.06.2029,Действует,0
041-02-3688-1,Элатус Плюс,elatus-plyus,КЭ,100 г/л Бензовиндифлупир,фунгицид,ООО «Сингента»,1037739325271,II,III,19.05.2022,18.05.2032,Действует,0
041-02-2075-1,Элатус Риа,elatus-ria,КЭ,"208,33 г/л Пропиконазол + 83,33 г/л Бензовиндифлупир + 66,67 г/л Ципроконазол",фунгицид,ООО «Сингента»,1037739325271,III,III,29.01.2019,28.01.2029,Действует,0
041-02-3445-1,Элатус Эйс,elatus-eys,КЭ,250 г/л Пропиконазол + 40 г/л Бензовиндифлупир,фунгицид,ООО «Сингента»,1037739325271,III,III,24.12.2021,23.12.2031,Действует,0
561-02-3651-1,Электис Д,elektis-d,КС,180 г/л Зоксамид + 180 г/л Диметоморф,фунгицид,Гован Кроп Протекшен Лимитед,,III,III,25.04.2022,24.04.2032,Действует,0
010(038)-03-3597-1,Элефант,elefant,КЭ,240 г/л Клетодим,гербицид,"ООО «АГРОКОМ», ООО «ЛИСТЕРРА»","1077758212685, 1057749556930",III,III,07.04.2022,06.04.2032,Действует,0
010-03-4749-1,Элефант Экстра,elefant-ekstra,КЭ,360 г/л Клетодим,гербицид,ООО «ЛИСТЕРРА»,1057749556930,III,III,09.12.2024,08.12.2034,Действует,0
126-03-3393-1,Эллада,ellada,ВДГ,391 г/кг Метсульфурон-метил + 261 г/кг трибенурон-метил,гербицид,ООО «Шанс»,1093668046812,III,III,06.12.2021,05.12.2031,Действует,0
489-03-2032-1,Эллай Лайт,ellay-layt,ВДГ,391 г/кг Метсульфурон-метил + 261 г/кг трибенурон-метил,гербицид,ООО «ЭфЭмСи»,1037706002773,III,III,30.10.2018,29.10.2028,Действует,0
041-03-3358-1,Элюмис,elyumis,МД,75 г/л Мезотрион + 30 г/л никосульфурон,гербицид,ООО «Сингента»,1037739325271,III,III,01.11.2021,31.10.2031,Действует,0
389-01-3497-1,Эмаклейм,emakleym,ВРГ,50 г/кг Эмамектин бензоат,инсектицид,ООО «АГРОПРОГРЕСС КЭМИКАЛС»,1157847140296,III,I,24.03.2022,23.03.2032,Действует,0
197-01-4586-0,Эмамектин,emamektin,КЭ,100 г/л Эмамектин бензоат,инсектицид,ООО «Агрохим ХХ1»,5067746338150,III,I,23.05.2024,22.05.2027,Действует,0
197-01-9635-0,Эмаферон,emaferon,ВДГ,400 г/кг Люфенурон + 50 г/кг Эмамектин бензоат,инсектицид,ООО «Агрохим ХХ1»,5067746338150,III,I,15.10.2025,14.10.2028,Действует,0
021-03-10046-0,Эмбоди Сенс,embodi-sens,ВДГ,260 г/кг никосульфурон + 235 г/кг трибенурон-метил + 150 г/кг римсульфурон + 30 г/кг флорасулам,гербицид,"АО ФИРМА ""АВГУСТ""",1025006038958,III,III,14.07.2026,13.07.2029,Действует,1
021-03-4853-0,Эмбоди Сенс,embodi-sens,ВДГ,260 г/кг г/кг никосульфурон + 235 г/кг г/кг трибенурон-метил + 150 г/кг г/кг римсульфурон + 30 г/кг г/кг флорасулама,гербицид,АО Фирма «Август»,1025006038958,III,-,23.04.2025,22.04.2028,Действует,1
041-02-1447-1,Эмбрелия,embreliya,СК,100 г/л Изопиразам + 40 г/л Дифеноконазол,фунгицид,ООО «Сингента»,1037739325271,II,III,07.04.2017,06.04.2027,Действует,0
156-02-2301-1,Эмбрелия Экстра,embreliya-ekstra,СК,100 г/л Изопиразам + 40 г/л Дифеноконазол,фунгицид,ООО «АДАМА РУС»,1062310039934,II,III,03.07.2019,02.07.2029,Действует,0
019-01(02)-4978-1,Эместо Квантум,emesto-kvantum,КС,"207 г/л Клотианидин + 66,5 г/л пенфлуфен",инсектицид,Байер КропСайенс АГ,,III,-,05.08.2025,04.08.2035,Действует,0
019-01(02)-670-1,Эместо Квантум,emesto-kvantum,КС,"207 г/л Клотианидин + 66,5 г/л пенфлуфен",инсектицид,Байер КропСайенс АГ,,III,-,25.05.2015,24.05.2025,Не действует,0
019-02-2024-1,Эместо Сильвер,emesto-silver,КС,100 г/л пенфлуфен + 18 г/л протиоконазала,фунгицид,Байер КропСайенс АГ,,III,-,25.10.2018,24.10.2028,Действует,0
140-02-2389-1,Эминент,eminent,МЭ,125 г/л тетраконазол,фунгицид,Изагро С.П.А.,,III,III,11.09.2019,10.09.2029,Действует,0
392-07-1237-1,Эмистим,emistim,Р,"0,01 г/л Acremonium lichenicola симбионтного гриба продукты метаболизма",регулятор роста,ИП ЯНИНА МАРГАРИТА МИХАЙЛОВНАИП 304770001289371,,III,III,21.09.2016,20.09.2026,Не действует,1
178-07-4523-1,Эммер,emmer,ВК,375 г/л Хлормекватхлорид + 50 г/л Тринексапак-этил,регулятор роста,ООО «Агро Эксперт Груп»,1027708006996,III,III,25.04.2024,24.04.2034,Действует,0
050-03-4561-1,Эндимион,endimion,КЭ,"564 г/л 2,4-Д (сложный 2-этилгексиловый эфир)",гербицид,ЗАО «ФМРус»,1097746208207,II,III,07.05.2024,06.05.2034,Действует,0
124-07-1881-1,"Энергия-М, КРП",energiya-m-krp,ТАБ,855 г/кг Ортокрезоксиуксусной кислоты триэтаноламмониевая соль + 95 г/кг 1-хлорметилсилатран,регулятор роста,ООО «Флора-Си»,,III,III,26.04.2018,25.04.2028,Действует,1
021-01-4251-0,Энлиль,enlil,КЭ,600 г/л Диазинон,инсектицид,АО Фирма «Август»,1025006038958,III,I,13.11.2023,12.11.2026,Действует,0
681-07-3085-1,Эпивио Вигор,epivio-vigor,Ж,"0,025 г/л 28-гомобрассинолид + 0,02 г/л долихолид + 0,02 г/л брассинон",регулятор роста,Плант Дизайнс Инк.,,IV,III,01.04.2021,31.03.2031,Действует,0
233-07-1771-1,Эпин-Экстра,epin-ekstra,Р,"0,025 г/л 24-эпибрассинолид",регулятор роста,ННПП «НЭСТ М»,1027739149580,III,III,20.05.2016,19.05.2026,Не действует,1
778-07-3946-1,ЭплЛин,epllin,ВРП,180 г/кг Гиббереллиновая кислота А4 + 180 г/кг F7 + 180 г/кг 6-бензиламинопурин,регулятор роста,ООО «ИНТЕГРАЦИЯ»,1177746516210,III,III,12.01.2023,11.01.2033,Действует,0
082-02-4073-1,Эпоксин,epoksin,КС,200 г/л Азоксистробин + 100 г/л эпоксиконазол,фунгицид,ООО «Интер Групп»,1084312000420,III,III,26.04.2023,25.04.2033,Действует,0
590(297)-02-3605-1,Эпсилон,epsilon,КЭ,250 г/л Дифеноконазол,фунгицид,"ООО ФРАНДЕСА, ООО «Франдеса»",1157746513055,III,III,07.04.2022,06.04.2032,Действует,0
018-07-3793-1,Эрайз,erayz,Ж,"0,032 г/л 28-гомобрассинолид + 0,01 г/л гиббереллиновая кислота А3 + 0,12 г/л 4(индол-3ил) масляная кислота",регулятор роста,масляная кислота) «АВЕНТРО» Сарл,,IV,-,14.09.2022,13.09.2032,Действует,0
528-01-3703-1,Эрколе,erkole,Г,4 г/кг лямбда-цигалотрин,инсектицид,СИПКАМ ОКСОН С.П.А.,,II,I,06.06.2022,05.06.2032,Действует,0
002-03-10032-0,Эрмий,ermiy,МД,100 г/л тифенсульфурон-метил + 24 г/л Метсульфурон-метил + 40 г/л флорасулам,гербицид,"ООО ""АГРУСХИМ""",1057747562509,III,III,01.07.2026,30.06.2029,Действует,0
156-03-4532-0,Эрроу,errou,КЭ,120 г/л Клетодим,гербицид,ООО «АДАМА РУС»,1062310039934,III,III,06.05.2024,05.05.2034,Действует,0
021-03-3820-1,Эскудо,eskudo,ВДГ,500 г/кг римсульфурон,гербицид,АО Фирма «Август»,1025006038958,III,III,11.10.2022,10.10.2032,Действует,0
018-01-864-1,Эсперо,espero,КС,200 г/л Имидаклоприд + 120 г/л альфа-циперметрин,инсектицид,АО «Щелково Агрохим»,1025006519427,III,I,16.10.2015,15.10.2025,Не действует,0
018-01-9697-0,Эсперо,espero,КС,200 г/л Имидаклоприд + 120 г/л Альфа-ципермeтрин,инсектицид,"АО ""ЩЕЛКОВО АГРОХИМ""",1025006519427,III,I,01.12.2025,30.11.2028,Действует,1
018-01-3296-1,Эсперо Евро,espero-evro,МД,100 г/л Ацетамиприд + 60 г/л альфа-циперметрин,инсектицид,АО «Щелково Агрохим»,1025006519427,III,I,17.09.2021,16.09.2031,Действует,0
018-03-2180-1,Эстамп,estamp,КЭ,330 г/л Пендиметалин,гербицид,АО «Щелково Агрохим»,1025006519427,III,III,02.04.2019,01.04.2029,Действует,0
024-03-2488-1,Эстет,estet,КЭ,"600 г/л 2,4-Д (сложный 2-этилгексиловый эфир)",гербицид,Нуфарм ГмбХ & КО КГ,,II,III,10.02.2020,09.02.2030,Действует,0
021-03-2543-1,"Эсток, ВДГ",estok-vdg,ВДГ,750 г/кг Этаметсульфурон-метил,гербицид,АО Фирма «Август»,1025006038958,III,III,12.03.2020,11.03.2030,Действует,0
778-07-3446-1,Эсфон,esfon,ВР,650 г/л 2-хлорэтилфосфоновая кислота,регулятор роста,ООО «ИНТЕГРАЦИЯ»,1177746516210,III,III,24.12.2021,23.12.2031,Действует,0
002-03-1681-1,Этамастер,etamaster,ВДГ,750 г/кг Этаметсульфурон-метил,гербицид,ООО «АГРУСХИМ»,1057747562509,III,III,12.01.2018,11.01.2028,Действует,0
002-03-1259-1,Этамастер Супер,etamaster-super,ВДГ,150 г/кг Этаметсульфурон-метил + 450 г/кг пиклорам,гербицид,ООО «АГРУСХИМ»,1057747562509,III,III,26.10.2016,25.10.2026,Действует,0
197-03-1680-1,Этамет,etamet,ВДГ,750 г/кг Этаметсульфурон-метил,гербицид,ООО «Агрохим ХХ1»,5067746338150,III,III,12.01.2018,11.01.2028,Действует,0
178-02-666-1,Этамон,etamon,ВР,500 г/л Аммоний диметилфосфорнокислый диметилди(2-гидроксиэтил),регулятор роста,ООО «Агросинтез»,1027739092920,III,III,19.05.2015,18.05.2025,Не действует,1
427-07-2227-1,Этамон Био,etamon-bio,ВРП,10 г/кг Аммоний диметилфосфорнокислый диметилди(2-гидроксиэтил),регулятор роста,ООО «Агросинтез»,1027739092920,III,III,20.05.2019,19.05.2029,Действует,1
803-03-3606-1,ЭтилФло,etilflo,СЭ,"300 г/л 2,4-Д кислоты (2-этилгексиловый эфир) + 6,25 г/л флорасулам",гербицид,"+ 6,25 г/л флорасулам) ООО РЕГСЕРВИС",1160280059818,II,III,07.04.2022,06.04.2032,Действует,0
021-03-4631-1,Эурон,euron,ВДГ,750 г/кг сульфометурон-метил,гербицид,"АО ФИРМА ""АВГУСТ""",1025006038958,III,III,08.07.2024,07.07.2034,Действует,0
063-02-2164-1,Эфатол,efatol,СП,800 г/кг Алюминия фосэтил,фунгицид,ООО «ХИМАГРОМАРКЕТИН Г.РУ»,1023403447913,III,III,25.03.2019,24.03.2029,Действует,0
042-03-552-1,Эфес,efes,КЭ,240 г/л Клетодим,гербицид,ООО «ФОРВАРД»,1105476055277,III,III,12.02.2015,11.02.2025,Не действует,0
197(116)-03-4439-1,Эфилон,efilon,КЭ,450 г/л Клопиралид (2-этилгексиловый эфир),гербицид,"ООО «Агрохим ХХ1», ООО «АХК-Агро»","5067746338150, 1030204614340",III,III,05.03.2024,04.03.2034,Действует,0
130-03-2991-1,Эфирам,efiram,КЭ,"550 г/л 2,4-Д (малолетучие эфиры С7-С9)",гербицид,ООО «Резерв»,1082224012738,II,III,22.01.2021,21.01.2031,Действует,0
041-01-2607-1,Эфория,eforiya,КС,141 г/л Тиаметоксам + 106 г/л лямбда-цигалотрин,инсектицид,ООО «Сингента»,1037739325271,III,I,18.03.2020,17.03.2030,Действует,0
041-01-3488-1,Эфория Топ,eforiya-top,МКС,150 г/л Тиаметоксам + 100 г/л лямбда-цигалотрин + 75 г/л Люфенурон,инсектицид,ООО «Сингента»,1037739325271,III,I,24.01.2022,04.12.2023,Действует,0
277-01-2727-1,Эфробел,efrobel,КС,141 г/л Тиаметоксам + 106 г/л лямбда-цигалотрин,инсектицид,ООО «БЕЛИН»,1127747077622,II,I,06.07.2020,05.07.2030,Действует,0
046-03-4668-0,Эффект,effekt,КЭ,"550 г/л 2,4-Д (малолетучие эфиры С7-С9)",гербицид,ЗАО «ТПК «Техноэкспорт»,1025005325070,II,III,20.09.2024,19.09.2027,Не действует,0
046-03-5064-0,Эффект,effekt,КЭ,"550 г/л 2,4-Д (малолетучие эфиры С7-С9)",гербицид,ООО «Техноэкспорт»,1125042005175,II,III,29.08.2025,19.09.2027,Действует,0
070-03-3794-1,Юзмар,yuzmar,ВР,40 г/л Имазамокс,гербицид,ООО «АГРОМИР»,1187746148424,III,III,14.09.2022,13.09.2032,Действует,0
148-03-1602-1,Юнимарк,yunimark,ВДГ,700 г/кг Метрибузин,гербицид,ООО «ЮПЛ»,1157746848490,III,III,21.11.2017,20.11.2027,Действует,0
041-02-4800-1,Юниформ,yuniform,СЭ,322 г/л Азоксистробин + 124 г/л Мефеноксам,фунгицид,ООО «Сингента»,1037739325271,III,III,03.02.2025,02.02.2035,Действует,0
041-02-499-1,Юниформ,yuniform,СЭ,322 г/л Азоксистробин + 124 г/л Мефеноксам,фунгицид,ООО «Сингента»,1037739325271,II,III,30.12.2014,29.12.2024,Не действует,0
085-03-4491-1,Юнкер,yunker,ВР,40 г/л Имазамокс,гербицид,ООО «Ярило»,1083123001500,III,III,01.04.2024,31.03.2034,Действует,0
018-01-2946-1,Юнона,yunona,МЭ,50 г/л Эмамектин бензоат,инсектицид,АО «Щелково Агрохим»,1025006519427,III,I,18.12.2020,31.01.2024,Действует,1
021-07-1823-1,Янтарин,yantarin,ВРК,5 г/л Янтарная кислота,регулятор роста,АО Фирма «Август»,1025006038958,III,III,10.03.2016,09.03.2026,Не действует,1
021-07-9747-1,Янтарин,yantarin,ВРК,5 г/л Янтарная кислота,регулятор роста,"АО ФИРМА ""АВГУСТ""",1025006038958,III,III,23.12.2025,22.12.2035,Действует,1
021-07-3869-1,Янтарин БАУ,yantarin-bau,ВГ,"0,05 г/л Янтарная кислота",регулятор роста,АО Фирма «Август»,1025006038958,IV,III,11.11.2022,10.11.2032,Действует,0
033-07-2821-1,Янтарная кислота,yantarnaya-kislota,ВРП,50 г/кг Янтарная кислота,регулятор роста,ООО «ОРТОН»,1025004916573,III,III,05.10.2020,04.10.2030,Действует,1
398-03-1261-1,Янтарь,yantar,КС,40 г/л никосульфурон,гербицид,ООО «ГОРИЗОНТ»,1142801010450,III,III,31.10.2016,30.10.2026,Действует,0
