reg_no,product,ingredient_slug,ingredient,conc_value,conc_unit
063-03-2788-1,"2,4-Дактив",2-4-d,"2,4-Д",564.0,г/л
018-03-785-1,АРГО,klodinafop-propargil,Клодинафоп-пропаргил,24.0,г/л
018-03-785-1,АРГО,mefenpir-dietil,Мефенпир-диэтил,30.0,г/л
018-03-785-1,АРГО,fenoksaprop-p-etil,Феноксапроп-п-этил,80.0,г/л
014-02-2929-1,Абакус Прайм,piraklostrobin,Пираклостробин,85.0,г/л
014-02-2929-1,Абакус Прайм,epoksikonazol,Эпоксиконазол,62.5,г/л
014-02-3672-1,Абакус Ультра,piraklostrobin,Пираклостробин,62.5,г/л
014-02-3672-1,Абакус Ультра,epoksikonazol,Эпоксиконазол,62.5,г/л
407-02-1316-1,Абига-Пик,medi-hlorokis,Меди хлорокись,400.0,г/л
010-03-9904-0,Абордаж,florasulam,Флорасулам,10.0,г/л
010-03-9904-0,Абордаж,fluroksipir,Флуроксипир,200.0,г/л
029-02-1475-1,Абруста,pentiopirad,Пентиопирад,150.0,г/л
029-02-1475-1,Абруста,tsiprokonazol,Ципроконазол,60.0,г/л
082-02-4873-0,Аваксс,g-l-propikonazol,Г/л пропиконазол,250.0,г/л
082-02-4873-0,Аваксс,g-l-tsiprokonazol,Г/л ципроконазол,80.0,г/л
082-02-672-1,Аваксс,propikonazol,Пропиконазол,250.0,г/л
082-02-672-1,Аваксс,tsiprokonazol,Ципроконазол,80.0,г/л
063-03-1268-1,Авангард,s-metolahlor,С-метолахлор,960.0,г/л
489-01-2706-1,Авант,indoksakarb,Индоксакарб,150.0,г/л
192-03-3443-1,Авантикс 100,klokvintoset-meksil,Клоквинтосет-мексил,27.0,г/л
192-03-3443-1,Авантикс 100,fenoksaprop-p-etil,Феноксапроп-п-этил,100.0,г/л
192-03-3010-1,Авантикс Турбо,klokvintoset-meksil,Клоквинтосет-мексил,34.0,г/л
192-03-3010-1,Авантикс Турбо,fenoksaprop-p-etil,Феноксапроп-п-этил,100.0,г/л
192-03-3010-1,Авантикс Турбо,flukarbazon,Флукарбазон,17.5,г/л
038(010)-03-2940-1,Авантикс Экстра,klokvintoset-meksil,Клоквинтосет-мексил,34.5,г/л
038(010)-03-2940-1,Авантикс Экстра,fenoksaprop-p-etil,Феноксапроп-п-этил,69.0,г/л
010-02-10060-0,Авантюрин,fludioksonil,Флудиоксонил,500.0,г/кг
010-02-3575-1,Авиаль,tebukonazol,Тебуконазол,125.0,г/л
010-02-3575-1,Авиаль,triadimefon,Триадимефон,100.0,г/л
018-02-10033-1,Авиньон,ditianon,Дитианон,350.0,г/л
050(360)-03-4455-1,Аврора,amikarbazon,Амикарбазон,80.0,г/л
050(360)-03-4455-1,Аврора,aminopiralid,Аминопиралид,5.0,г/л
050(360)-03-4455-1,Аврора,mezotrion,Мезотрион,100.0,г/л
050(360)-03-4455-1,Аврора,nikosulfuron,Никосульфурон,60.0,г/л
050-03-4562-1,Аврорекс,2-4-d,"2,4-Д",332.0,г/л
050-03-4562-1,Аврорекс,karfentrazon-etil,Карфентразон-этил,21.0,г/л
471-07-1781-1,Агат-25 Супер,3-indoliluksusnaya-kislota,3-индолилуксусная кислота,18.0,мг/кг
471-07-1781-1,Агат-25 Супер,alanin-2,Аланин,60.0,мг/кг
471-07-1781-1,Агат-25 Супер,glutaminovaya-kislota-2,Глутаминовая кислота,70.0,мг/кг
192-01-4742-1,Агент Пауер,atsetamiprid,Ацетамиприд,320.0,г/л
192-01-3892-1,Агент Супер,atsetamiprid,Ацетамиприд,200.0,г/л
192-01-3892-1,Агент Супер,fipronil,Фипронил,100.0,г/л
024-03-2107-1,Агритокс,mtspa,МЦПА,500.0,г/л
010(011)-03-1562-1,Агро-Лайт,imazamoks,Имазамокс,33.0,г/л
010-03-9705-0,Агро-Лайт,imazamoks,Имазамокс,33.0,г/л
010(011)-03-1562-1,Агро-Лайт,imazapir,Имазапир,15.0,г/л
010-03-9705-0,Агро-Лайт,imazapir,Имазапир,15.0,г/л
010-03-5084-0,"Агро-Лайт, ВК",imazamoks,Имазамокс,33.0,г/л
010-03-5084-0,"Агро-Лайт, ВК",imazapir,Имазапир,15.0,г/л
197-03-3347-1,АгроБазон,bentazon,Бентазон,480.0,г/л
197-03-4311-1,АгроЗаряд,propizohlor,Пропизохлор,312.5,г/л
197-03-4311-1,АгроЗаряд,terbutilazin,Тербутилазин,187.5,г/л
197-02-4752-0,АгроКлимат,difenokonazol,Дифеноконазол,250.0,г/л
197-02-9906-0,АгроМим,dimetomorf,Диметоморф,90.0,г/кг
197-02-9906-0,АгроМим,mankotseb,Манкоцеб,600.0,г/кг
002-07-472-1,АгроСтимул,digidrokvertsetin,Дигидрокверцетин,50.0,г/л
002-07-4818-0,"АгроСтимул, ВЭ",digidrokvertsetin,Дигидрокверцетин,50.0,г/л
197-02-4740-1,АгроШлем,tsiprodinil,Ципродинил,750.0,г/кг
024-03-1052-1,Агроксон,mtspa,МЦПА,750.0,г/л
178-03-2214-1,Агрон,klopiralid,Клопиралид,300.0,г/л
178-03-2215-1,Агрон Гранд,klopiralid,Клопиралид,750.0,г/кг
197-03-1369-1,Агроника,nikosulfuron,Никосульфурон,40.0,г/л
197-03-2714-1,Агроника Гранд,mezotrion,Мезотрион,70.0,г/л
197-03-2714-1,Агроника Гранд,nikosulfuron,Никосульфурон,40.0,г/л
023(395)-03-1277-1,Агростар,tribenuron-metil,Трибенурон-метил,750.0,г/кг
197(023)-03-2469-1,Агростар Гранд,tribenuron-metil,Трибенурон-метил,630.0,г/кг
197(023)-03-2469-1,Агростар Гранд,florasulam,Флорасулам,120.0,г/кг
811-01-3647-1,Агростраж,dioksid-kremniya,Диоксид кремния,800.0,г/кг
126-03-3168-1,Агрошанс,mtspa,МЦПА,500.0,г/л
192-03-10101-0,Адвайзер,izoksaflyutol,Изоксафлютол,56.0,г/л
192-03-10101-0,Адвайзер,s-metolahlora,С-метолахлора,800.0,г/л
192-02-1114-1,Адванс,flutriafol,Флутриафол,800.0,г/кг
913-03-4471-1,Адвокат,dikamba,Дикамба,480.0,г/л
042-03-441-1,Адекват,dikvat,Дикват,150.0,г/л
014-02-661-1,Адексар,fluksapiroksad,Флуксапироксад,62.5,г/л
014-02-661-1,Адексар,epoksikonazol,Эпоксиконазол,62.5,г/л
019-03-1022-1,Аденго,izoksaflyutol,Изоксафлютол,225.0,г/л
019-03-9871-0,Аденго,izoksaflyutol,Изоксафлютол,225.0,г/л
019-03-1022-1,Аденго,tienkarbazon-metil,Тиенкарбазон-метил,90.0,г/л
019-03-9871-0,Аденго,tienkarbazon-metil,Тиенкарбазон-метил,90.0,г/л
019-03-1022-1,Аденго,tsiprosulfamid,Ципросульфамид,150.0,г/л
019-03-9871-0,Аденго,tsiprosulfamid,Ципросульфамид,150.0,г/л
032-01-1050-1,Адмирал,piriproksifen,Пирипроксифен,100.0,г/л
082-02-4056-1,Азоксит,azoksistrobin,Азоксистробин,200.0,г/л
082-02-4056-1,Азоксит,tebukonazol,Тебуконазол,160.0,г/л
046-02-2680-1,Азорит,azoksistrobin,Азоксистробин,200.0,г/л
046-02-5069-1,Азорит,azoksistrobin,Азоксистробин,200.0,г/л
046-02-2680-1,Азорит,tsiprokonazol,Ципроконазол,80.0,г/л
046-02-5069-1,Азорит,tsiprokonazol,Ципроконазол,80.0,г/л
018-02-1859-1,Азорро,azoksistrobin,Азоксистробин,100.0,г/л
018-02-1859-1,Азорро,karbendazim,Карбендазим,300.0,г/л
699-02-9777-1,Азумакс,kaptan,Каптан,800.0,г/кг
004(549)-01-5003-1,Айвенго,alfa-tsipermetrin,Альфа-ципермeтрин,100.0,г/л
178-03-1073-1,Айкон,2-4-d,"2,4-Д",550.0,г/л
178-03-9765-0,Айкон,2-4-d,"2,4-Д",550.0,г/л
699-03-4759-1,Аймокс,klopiralid,Клопиралид,750.0,г/кг
029-02-2721-1,Аканто Плюс,pikoksistrobin,Пикоксистробин,200.0,г/л
029-02-2721-1,Аканто Плюс,tsiprokonazol,Ципроконазол,80.0,г/л
866-02-4773-0,Аканто Плюс КА,pikoksistrobin,Пикоксистробин,200.0,г/л
389-01-1441-1,Акарб,fenoksikarb,Феноксикарб,250.0,г/кг
018-01-2796-1,Акардо,spirodiklofen,Спиродиклофен,250.0,г/л
130-03-3276-1,Акбарс,klokvintoset-meksil,Клоквинтосет-мексил,27.0,г/л
130-03-3276-1,Акбарс,fenoksaprop-p-etil,Феноксапроп-п-этил,100.0,г/л
586-03-3478-1,Акебоно,klomazon,Кломазон,75.0,г/л
586-03-3478-1,Акебоно,s-metolahlor,С-метолахлор,825.0,г/л
866-03-10098-0,Акелло,aklonifen,Аклонифен,600.0,г/л
050-03-3275-1,Акзифор,oksifluorfen,Оксифлуорфен,240.0,г/л
178-01-3990-1,Акиба,imidakloprid,Имидаклоприд,500.0,г/л
082-01-2856-1,Аккорд,alfa-tsipermetrin,Альфа-ципермeтрин,100.0,г/л
058-03-848-1,Аккурат,metsulfuron-metil,Метсульфурон-метил,600.0,г/кг
334-03-2557-1,Акрис,dimetenamid-r,Диметенамид-р,280.0,г/л
334-03-2557-1,Акрис,terbutilazin,Тербутилазин,250.0,г/л
015-02-2310-1,Акробат МЦ,dimetomorf,Диметоморф,90.0,г/кг
015-02-2310-1,Акробат МЦ,mankotseb,Манкоцеб,600.0,г/кг
097-03-3100-1,Аксакал,klokvintoset-meksil,Клоквинтосет-мексил,11.25,г/л
097-03-3100-1,Аксакал,pinoksaden,Пиноксаден,45.0,г/л
002-03-4330-0,Аксакал Плюс,klokvintoset-meksil,Клоквинтосет-мексил,12.5,г/л
002-03-4330-0,Аксакал Плюс,pinoksaden,Пиноксаден,50.0,г/л
002-03-4330-0,Аксакал Плюс,florasulam,Флорасулам,6.25,г/л
002-03-4340-0,Аксакал Практик,klokvintoset-meksil,Клоквинтосет-мексил,25.0,г/л
002-03-4340-0,Аксакал Практик,pinoksaden,Пиноксаден,50.0,г/л
002-03-4340-0,Аксакал Практик,fenoksaprop-p-etil,Феноксапроп-п-этил,50.0,г/л
177-08-3527-1,Аксела,metaldegid,Метальдегид,30.0,г/кг
041-03-2074-1,Аксиал 50,klokvintoset-meksil,Клоквинтосет-мексил,12.5,г/л
041-03-2074-1,Аксиал 50,pinoksaden,Пиноксаден,50.0,г/л
041-03-3495-1,Аксиал Кросс,klokvintoset-meksil,Клоквинтосет-мексил,11.25,г/л
041-03-3495-1,Аксиал Кросс,pinoksaden,Пиноксаден,45.0,г/л
041-03-3495-1,Аксиал Кросс,florasulam,Флорасулам,5.0,г/л
278-02-4115-1,Аксиома,karbendazim,Карбендазим,500.0,г/л
041-01-4386-0,Актара,tiametoksam,Тиаметоксам,250.0,г/кг
041-01-4549-1,Актеллик,pirimifos-metil,Пиримифос-метил,500.0,г/л
042(275)-03-823-1,Актеон,klopiralid,Клопиралид,267.0,г/л
042(275)-03-823-1,Актеон,pikloram,Пиклорам,67.0,г/л
018-03-4688-1,Актион,etofumezat,Этофумезат,500.0,г/л
010(038)-03-4072-0,Актуаль,glifosat,Глифосат,480.0,г/л
038-03-9877-0,Актуаль,glifosat,Глифосат,480.0,г/л
010-03-2639-1,Акцент,galoksifop-r-metil,Галоксифоп-р-метил,75.0,г/л
010-03-2639-1,Акцент,kletodim,Клетодим,150.0,г/л
050-03-4293-0,Алгоритм,klomazon,Кломазон,480.0,г/л
197-03-4271-0,Алебарда,klokvintoset-meksil,Клоквинтосет-мексил,6.0,г/л
197-03-4271-0,Алебарда,pinoksaden,Пиноксаден,23.0,г/л
197-03-4271-0,Алебарда,fenoksaprop-p-etil,Феноксапроп-п-этил,23.0,г/л
015-02-723-1,Алиос,tritikonazol,Тритиконазол,300.0,г/л
021-01-4205-1,Алиот,malation,Малатион,570.0,г/л
139-02-3307-1,Алирин-Б,bacillus-subtilis,Bacillus subtilis,1000000000.0,КОЕ/Мл
139-02-2348-1,Алирин-Б,bacillus-subtilis,Bacillus subtilis,1000000000.0,КОЕ/г
139-02-2116-1,Алирин-Б,bacillus-subtilis,Bacillus subtilis,100000000000.0,КОЕ/г
019-03-4052-1,Алистер Гранд,diflyufenikan,Дифлюфеникан,180.0,г/кг
019-03-4052-1,Алистер Гранд,yodosulfuron-metil-natriy,Йодосульфурон-метил-натрий,4.5,г/кг
019-03-4052-1,Алистер Гранд,mezosulfuron-metil,Мезосульфурон-метил,6.0,г/кг
019-03-4052-1,Алистер Гранд,mefenpir-dietil,Мефенпир-диэтил,27.0,г/кг
178-03-2209-1,Аллерт,tifensulfuron-metil,Тифенсульфурон-метил,750.0,г/кг
178-03-9676-1,Аллерт Флюид,tifensulfuron-metil,Тифенсульфурон-метил,150.0,г/л
021-03-2825-1,Алсион,tifensulfuron-metil,Тифенсульфурон-метил,750.0,г/кг
130-01-3479-1,АлтАльф,alfa-tsipermetrin,Альфа-ципермeтрин,100.0,г/л
130-02-3286-1,АлтСил,tebukonazol,Тебуконазол,60.0,г/л
130-01-3344-1,Алтын,lyambda-tsigalotrin,Лямбда-цигалотрин,50.0,г/л
424-01-4618-1,Алфос,alyuminiya-fosfid,Алюминия фосфид,560.0,г/кг
699-03-4760-1,Алхимик,klodinafop-propargil,Клодинафоп-пропаргил,90.0,г/л
699-03-4760-1,Алхимик,klokvintoset-meksil,Клоквинтосет-мексил,60.0,г/л
699-03-4760-1,Алхимик,fenoksaprop-p-etil,Феноксапроп-п-этил,140.0,г/л
081-02-2950-1,Альбит,kaliy-azotnokislyy,Калий азотнокислый,91.2,г/кг
081-07-866-1,Альбит,kaliy-azotnokislyy,Калий азотнокислый,91.2,г/кг
081-07-9800-1,Альбит,kaliy-azotnokislyy,Калий азотнокислый,91.2,г/кг
081-02-2950-1,Альбит,kaliy-fosfornokislyy,Калий фосфорнокислый,91.1,г/кг
081-07-866-1,Альбит,kaliy-fosfornokislyy,Калий фосфорнокислый,91.1,г/кг
081-07-9800-1,Альбит,kaliy-fosfornokislyy-dvuzameschennyy,Калий фосфорнокислый двузамещенный,91.1,г/кг
081-02-2950-1,Альбит,karbamid,Карбамид,181.5,г/кг
081-07-866-1,Альбит,karbamid,Карбамид,181.5,г/кг
081-07-9800-1,Альбит,karbamid,Карбамид,181.5,г/кг
081-02-2950-1,Альбит,magniy-sernokislyy,Магний сернокислый,29.8,г/кг
081-07-866-1,Альбит,magniy-sernokislyy,Магний сернокислый,29.8,г/кг
081-07-9800-1,Альбит,magniy-sernokislyy,Магний сернокислый,29.8,г/кг
081-02-2950-1,Альбит,poli-beta-gidroksimaslyanaya-kislota,Поли-бета-гидроксимасляная кислота,6.2,г/кг
081-07-866-1,Альбит,poli-beta-gidroksimaslyanaya-kislota,Поли-бета-гидроксимасляная кислота,6.2,г/кг
081-07-9800-1,Альбит,poli-beta-gidroksimaslyanaya-kislota,Поли-бета-гидроксимасляная кислота,6.2,г/кг
002-02-3585-1,Алькасар,difenokonazol,Дифеноконазол,30.0,г/л
002-02-3585-1,Алькасар,tsiprokonazol,Ципроконазол,6.3,г/л
002-02-9976-0,Алькасар Макс,difenokonazol,Дифеноконазол,90.0,г/л
002-02-9976-0,Алькасар Макс,piraklostrobin,Пираклостробин,40.0,г/л
002-02-9976-0,Алькасар Макс,tebukonazol,Тебуконазол,45.0,г/л
002-02-2427-1,Алькор,tsiprokonazol,Ципроконазол,400.0,г/л
549(347)-02-4262-1,Альпари,propikonazol,Пропиконазол,250.0,г/л
549(347)-02-4262-1,Альпари,tsiprokonazol,Ципроконазол,80.0,г/л
046-02-4728-0,Альтазол,propikonazol,Пропиконазол,250.0,г/л
046-02-5046-0,Альтазол,propikonazol,Пропиконазол,250.0,г/л
046-02-4728-0,Альтазол,tsiprokonazol,Ципроконазол,80.0,г/л
046-02-5046-0,Альтазол,tsiprokonazol,Ципроконазол,80.0,г/л
046-02-4067-1,Альтазол Форте,propikonazol,Пропиконазол,300.0,г/л
046-02-4997-1,Альтазол Форте,propikonazol,Пропиконазол,300.0,г/л
046-02-4067-1,Альтазол Форте,tebukonazol,Тебуконазол,200.0,г/л
046-02-4997-1,Альтазол Форте,tebukonazol,Тебуконазол,200.0,г/л
010-01-2656-1,Альтаир,alfa-tsipermetrin,Альфа-ципермeтрин,100.0,г/л
192-01-2333-1,Альтерр,alfa-tsipermetrin,Альфа-ципермeтрин,100.0,г/л
041-02-4736-1,Альто Супер,propikonazol,Пропиконазол,250.0,г/л
041-02-495-1,Альто Супер,propikonazol,Пропиконазол,250.0,г/л
041-02-4736-1,Альто Супер,tsiprokonazol,Ципроконазол,80.0,г/л
041-02-495-1,Альто Супер,tsiprokonazol,Ципроконазол,80.0,г/л
041-02-4414-0,Альто Турбо,propikonazol,Пропиконазол,250.0,г/л
041-02-4414-0,Альто Турбо,tsiprokonazol,Ципроконазол,160.0,г/л
010-02-2741-1,Альтруист,azoksistrobin,Азоксистробин,60.0,г/л
010(011)-02-1571-1,Альтруист,azoksistrobin,Азоксистробин,60.0,г/л
010-02-2741-1,Альтруист,tebukonazol,Тебуконазол,100.0,г/л
010(011)-02-1571-1,Альтруист,tebukonazol,Тебуконазол,100.0,г/л
062-01-324-1,Альфа-Амиприд,atsetamiprid,Ацетамиприд,200.0,г/кг
062-03-846-1,Альфа-Гард,tifensulfuron-metil,Тифенсульфурон-метил,750.0,г/кг
062-01-657-1,Альфа-Директор,dimetoat,Диметоат,400.0,г/л
062-03-560-1,Альфа-Прометрин,prometrin,Прометрин,500.0,г/л
062-01-349-1,Альфа-Серф,imidakloprid,Имидаклоприд,200.0,г/л
184(026)-01-2445-1,Альфа-Ципи,alfa-tsipermetrin,Альфа-ципермeтрин,100.0,г/л
277-01-570-1,Альфабел,alfa-tsipermetrin,Альфа-ципермeтрин,100.0,г/л
277-01-4903-0,Альфабел,alfa-tsipermetrin,Альфа-ципермeтрин,100.0,г/л
653-01-3756-1,Альфаметрин,alfa-tsipermetrin,Альфа-ципермeтрин,100.0,г/л
322-01-4716-1,Альфаплан,alfa-tsipermetrin,Альфа-ципермeтрин,200.0,г/л
322-01-946-1,Альфаплан,alfa-tsipermetrin,Альфа-ципермeтрин,200.0,г/л
682-03-4521-1,Альфард,fomesafen,Фомесафен,250.0,г/л
098-07-564-1,Альфастим,triterpenovye-kisloty,Тритерпеновые кислоты,100.0,г/л
070-01-3367-1,Альфатек,alfa-tsipermetrin,Альфа-ципермeтрин,100.0,г/л
682(913)-01-4415-1,Альфацин,alfa-tsipermetrin,Альфа-ципермeтрин,100.0,г/л
050(360)-01-4461-1,Альфашанс,alfa-tsipermetrin,Альфа-ципермeтрин,100.0,г/л
085-01-4163-1,Альфин,alyuminiya-fosfid,Алюминия фосфид,560.0,г/кг
097-03-2421-1,Аметил,mtspa,МЦПА,500.0,г/л
002-03-2086-1,Аминка,2-4-d,"2,4-Д",600.0,г/л
097-03-3362-1,Аминка Трио,2-4-d,"2,4-Д",300.0,г/л
097-03-3362-1,Аминка Трио,pikloram,Пиклорам,51.0,г/л
097-03-3362-1,Аминка Трио,florasulam,Флорасулам,6.25,г/л
097-03-899-1,Аминка ФЛО,2-4-d,"2,4-Д",550.0,г/л
002-03-4928-1,Аминка ФЛО,2-4-d,"2,4-Д",410.0,г/л
097-03-899-1,Аминка ФЛО,florasulam,Флорасулам,7.4,г/л
002-03-4928-1,Аминка ФЛО,florasulam,Флорасулам,15.0,г/л
002-03-2087-1,Аминка ЭФ,2-4-d,"2,4-Д",550.0,г/л
156-03-1748-1,Аминопелик,2-4-d,"2,4-Д",600.0,г/л
971-01-9926-0,Аминтас,tiametoksam,Тиаметоксам,600.0,г/л
041-02-1854-1,Амистар Голд,azoksistrobin,Азоксистробин,125.0,г/л
041-02-1854-1,Амистар Голд,difenokonazol,Дифеноконазол,125.0,г/л
041-02-2059-1,Амистар Нэкст,azoksistrobin,Азоксистробин,200.0,г/л
041-02-2059-1,Амистар Нэкст,tsiprokonazol,Ципроконазол,80.0,г/л
041-02-2676-1,Амистар Топ,azoksistrobin,Азоксистробин,200.0,г/л
041-02-2676-1,Амистар Топ,difenokonazol,Дифеноконазол,125.0,г/л
041-02-2485-1,Амистар Трио,azoksistrobin,Азоксистробин,100.0,г/л
041-02-2485-1,Амистар Трио,propikonazol,Пропиконазол,125.0,г/л
041-02-2485-1,Амистар Трио,tsiprokonazol,Ципроконазол,30.0,г/л
041-02-2076-1,Амистар Экстра,azoksistrobin,Азоксистробин,80.0,г/л
041-02-2076-1,Амистар Экстра,tsiprokonazol,Ципроконазол,200.0,г/л
682-03-4242-0,Ампир,glifosat,Глифосат,360.0,г/л
682-03-4376-0,Ампир Экстра,glifosat,Глифосат,540.0,г/л
041-01-1427-1,Амплиго,lyambda-tsigalotrin,Лямбда-цигалотрин,50.0,г/л
041-01-1427-1,Амплиго,hlorantraniliprol,Хлорантранилипрол,100.0,г/л
002-02-4974-0,Амплитуд,difenokonazol,Дифеноконазол,30.0,г/л
002-02-4974-0,Амплитуд,tiram,Тирам,400.0,г/л
297-02-10096-0,Анемон,propikonazol,Пропиконазол,250.0,г/л
297-02-664-1,Анемон,propikonazol,Пропиконазол,250.0,г/л
297-02-10096-0,Анемон,tsiprokonazol,Ципроконазол,80.0,г/л
297-02-664-1,Анемон,tsiprokonazol,Ципроконазол,80.0,г/л
070-02-3864-1,Анкер Трио,imazalil,Имазалил,40.0,г/л
070-02-3864-1,Анкер Трио,tebukonazol,Тебуконазол,60.0,г/л
070-02-3864-1,Анкер Трио,tiabendazol,Тиабендазол,60.0,г/л
111-03-2523-1,Анкор-85,sulfometuron-metila-kislota,Сульфометурон-метила кислота,750.0,г/кг
184-02-9700-1,Анонс,protiokonazol,Протиоконазол,175.0,г/л
184-02-9700-1,Анонс,trifloksistrobin,Трифлоксистробин,150.0,г/л
010-02-2190-1,Ансамбль,tiabendazol,Тиабендазол,25.0,г/л
010-02-2190-1,Ансамбль,flutriafol,Флутриафол,25.0,г/л
050(360)-03-3156-1,Антарес,mtspa,МЦПА,500.0,г/л
156-07-2120-1,Антивылегач,hlormekvathlorid,Хлормекватхлорид,675.0,г/л
126-06-3845-1,Антимышин,brodifakum,Бродифакум,2.5,г/л
560-01-2329-1,Антитлин,nikotin,Никотин,9.0,г/кг
019-02-2981-1,Антракол,propineb,Пропинеб,700.0,г/кг
197-02-9753-0,Аншлаг,hlorotalonil,Хлороталонил,500.0,г/л
018-01-3914-1,Апекс,piriproksifen,Пирипроксифен,100.0,г/л
018-02-10052-0,Апогей,tiram,Тирам,400.0,г/л
156-01-4643-1,Аполло,klofentezin,Клофентезин,500.0,г/л
782-01-3477-1,Апплауд,buprofezin,Бупрофезин,250.0,г/кг
156-03-2023-1,Априори,mezotrion,Мезотрион,570.0,г/кг
156-03-2023-1,Априори,nikosulfuron,Никосульфурон,230.0,г/кг
126-03-4496-1,Апроватор,klokvintoset-meksil,Клоквинтосет-мексил,11.25,г/л
126-03-4496-1,Апроватор,pinoksaden,Пиноксаден,45.0,г/л
126-03-9718-0,Апроватор Ультра,klodinafop-propargil,Клодинафоп-пропаргил,68.0,г/л
126-03-9718-0,Апроватор Ультра,klokvintoset-meksil,Клоквинтосет-мексил,31.0,г/л
126-03-9718-0,Апроватор Ультра,pinoksaden,Пиноксаден,54.5,г/л
041-02-2975-1,Апрон Голд,mefenoksam,Мефеноксам,350.0,г/л
869-03-4765-1,Апстейдж,klomazon,Кломазон,360.0,г/л
184(026)-03-3474-1,Арабеск,2-4-d,"2,4-Д",410.0,г/л
184(026)-03-3474-1,Арабеск,florasulam,Флорасулам,7.4,г/л
082-03-9761-0,Арбалет,2-4-d,"2,4-Д",300.0,г/л
082-03-924-1,Арбалет,2-4-d,"2,4-Д",300.0,г/л
082-03-9761-0,Арбалет,florasulam,Флорасулам,6.25,г/л
082-03-924-1,Арбалет,florasulam,Флорасулам,6.25,г/л
966-03-4835-0,Арби-С,triflusulfuron-metil,Трифлусульфурон-метил,500.0,г/кг
489-03-2982-1,Арбитр АГ,triflusulfuron-metil,Трифлусульфурон-метил,500.0,г/кг
054-03-2481-1,Арбонал,imazapir,Имазапир,250.0,г/л
050-03-3457-1,Аргамак,tribenuron-metil,Трибенурон-метил,750.0,г/кг
018-03-9714-1,Арго,klodinafop-propargil,Клодинафоп-пропаргил,24.0,г/л
018-03-9714-1,Арго,mefenpir-dietila,Мефенпир-диэтила,30.0,г/л
018-03-9714-1,Арго,fenoksaprop-p-etil,Феноксапроп-п-этил,80.0,г/л
018-03-3783-1,Арго Прим,klodinafop-propargil,Клодинафоп-пропаргил,45.0,г/л
018-03-3783-1,Арго Прим,klokvintoset-meksil,Клоквинтосет-мексил,40.0,г/л
018-03-3783-1,Арго Прим,fenoksaprop-p-etil,Феноксапроп-п-этил,90.0,г/л
607-03-4064-0,Аргумент,glifosat,Глифосат,360.0,г/л
871-03-4076-0,Аргумент Стар,glifosat,Глифосат,540.0,г/л
871-03-9887-0,Аргумент Стар,glifosat,Глифосат,540.0,г/л
046-03-4359-1,Аризон,mezotrion,Мезотрион,75.0,г/л
046-03-5068-1,Аризон,mezotrion,Мезотрион,75.0,г/л
046-03-4359-1,Аризон,nikosulfuron,Никосульфурон,30.0,г/л
046-03-5068-1,Аризон,nikosulfuron,Никосульфурон,30.0,г/л
046-03-4359-1,Аризон,florasulam,Флорасулам,3.5,г/л
046-03-5068-1,Аризон,florasulam,Флорасулам,3.5,г/л
192-03-4030-0,Аристократ Супер,glifosat,Глифосат,540.0,г/л
192-03-10034-0,Аристократ Супер,glifosat,Глифосат,540.0,г/л
192-01-1473-1,Ария,fipronil,Фипронил,250.0,г/л
062-03-2640-1,Аркан,rimsulfuron,Римсульфурон,250.0,г/кг
062-03-2640-1,Аркан,tifensulfuron-metil,Тифенсульфурон-метил,150.0,г/кг
062-03-2640-1,Аркан,florasulam,Флорасулам,80.0,г/кг
012-01-5025-1,Аркана,tiametoksam,Тиаметоксам,240.0,г/л
082-02-4343-1,Армадекс,karbendazim,Карбендазим,500.0,г/л
606-01-3745-1,Армин,alfa-tsipermetrin,Альфа-ципермeтрин,100.0,г/л
051-01-668-1,Арриво,tsipermetrin,Циперметрин,250.0,г/л
300-07-683-1,Артафит,polidiallildimetilammoniy-hlorid,Полидиаллилдиметиламмоний хлорид,100.0,г/л
019-03-1624-1,Артист,metribuzin,Метрибузин,175.0,г/кг
019-03-1624-1,Артист,flufenatset,Флуфенацет,240.0,г/кг
010-03-2275-1,Артстар,tribenuron-metil,Трибенурон-метил,750.0,г/кг
010-02-2275-1,Артстар,tribenuron-metil,Трибенурон-метил,750.0,г/кг
590-02-4990-1,Арфа,boskalid,Боскалид,250.0,г/л
590-02-4990-1,Арфа,difenokonazol,Дифеноконазол,50.0,г/л
014-02-2847-1,Архитект,mepikvat-hlorid,Мепикват-хлорид,150.0,г/л
014-07-3176-1,Архитект,mepikvat-hlorid,Мепикват-хлорид,150.0,г/л
014-02-2847-1,Архитект,piraklostrobin,Пираклостробин,100.0,г/л
014-07-3176-1,Архитект,piraklostrobin,Пираклостробин,100.0,г/л
014-02-2847-1,Архитект,progeksadion-kaltsiya,Прогексадион кальция,25.0,г/л
014-07-3176-1,Архитект,progeksadion-kaltsiya,Прогексадион кальция,25.0,г/л
197-03-2459-1,Ас,imazapir,Имазапир,250.0,г/л
070-02-4793-1,Асинуин,azoksistrobin,Азоксистробин,240.0,г/л
070-02-4793-1,Асинуин,epoksikonazol,Эпоксиконазол,160.0,г/л
021-01-2278-1,Аспид,tiakloprid,Тиаклоприд,480.0,г/л
966-02-4897-0,Ассанж,azoksistrobin,Азоксистробин,150.0,г/л
966-02-4897-0,Ассанж,fluazinam,Флуазинам,375.0,г/л
126-03-9924-1,Ассегай,propizohlor,Пропизохлор,312.5,г/л
126-03-9924-1,Ассегай,terbutilazin,Тербутилазин,187.5,г/л
178-03-2167-1,Ассолюта,2-4-d,"2,4-Д",300.0,г/л
178-03-2167-1,Ассолюта,florasulam,Флорасулам,5.35,г/л
178-03-2429-1,Ассолюта Прайм,2-4-d,"2,4-Д",410.0,г/л
178-03-2429-1,Ассолюта Прайм,florasulam,Флорасулам,15.0,г/л
050-03-4488-1,Астэрикс,2-4-d,"2,4-Д",300.0,г/л
050-03-4488-1,Астэрикс,florasulam,Флорасулам,6.25,г/л
997-01-9932-1,Асфицид Био,maltodekstrin,Мальтодекстрин,700.0,г/л
066-01-9798-1,Атаброн,hlorfluazuron,Хлорфлуазурон,107.0,г/л
066-01-9802-1,Атаброн,hlorfluazuron,Хлорфлуазурон,107.0,г/л
066-01-831-1,Атаброн,hlorfluazuron,Хлорфлуазурон,107.0,г/л
023(197)-02-2468-1,Атлант,propikonazol,Пропиконазол,250.0,г/л
023-02-1368-1,Атлант Супер,propikonazol,Пропиконазол,250.0,г/л
023-02-1368-1,Атлант Супер,tsiprokonazol,Ципроконазол,80.0,г/л
012-07-772-1,Атлет,hlormekvathlorid,Хлормекватхлорид,600.0,г/л
002-03-3781-1,АтронПро,imazapir,Имазапир,250.0,г/кг
002-03-3781-1,АтронПро,sulfometuron-metil,Сульфометурон-метил,75.0,г/кг
010(038)-02-3624-1,Аттик,difenokonazol,Дифеноконазол,30.0,г/л
010(038)-02-3624-1,Аттик,tsiprokonazol,Ципроконазол,6.3,г/л
528-02-3701-1,Афродита 250,azoksistrobin,Азоксистробин,250.0,г/л
201-02-3172-1,Аффет,pentiopirad,Пентиопирад,200.0,г/л
018-03-1049-1,Ацетал Про,propizohlor,Пропизохлор,720.0,г/л
018-03-9792-0,Ацетал Про,propizohlor,Пропизохлор,720.0,г/л
063-02-2250-1,Ацидан,mankotseb,Манкоцеб,640.0,г/кг
063-02-2250-1,Ацидан,metalaksil,Металаксил,80.0,г/кг
050(360)-03-2966-1,Ацифект,atsifluorfen,Ацифлуорфен,250.0,г/л
184(026)-02-3902-1,Аякс,azoksistrobin,Азоксистробин,200.0,г/л
184(026)-02-3902-1,Аякс,difenokonazol,Дифеноконазол,125.0,г/л
102-03-502-1,БАМБУ,klomazon,Кломазон,480.0,г/л
430-02-1644-1,БФТИМ КС-2,bacillus-amyloliquefaciens,Bacillus amyloliquefaciens,1000000000.0,КОЕ/Мл
590(297)-02-2658-1,Багрец,azoksistrobin,Азоксистробин,21.0,г/л
590(297)-02-2658-1,Багрец,fludioksonil,Флудиоксонил,50.0,г/л
014-03-2416-1,Базагран,bentazon,Бентазон,480.0,г/л
029-03-2705-1,Базис,rimsulfuron,Римсульфурон,500.0,г/кг
029-03-2705-1,Базис,tifensulfuron-metil,Тифенсульфурон-метил,250.0,г/кг
866-03-4080-1,Базис Форте,izoksadifen-etil,Изоксадифен-этил,111.11,г/кг
866-03-4080-1,Базис Форте,rimsulfuron,Римсульфурон,148.14,г/кг
866-03-4080-1,Базис Форте,tifensulfuron-metil,Тифенсульфурон-метил,92.6,г/кг
063-02-2251-1,Байзафон,triadimefon,Триадимефон,250.0,г/кг
021-02-4279-0,Байсайд,azoksistrobin,Азоксистробин,15.0,г/л
021-02-9933-0,Байсайд,azoksistrobin,Азоксистробин,15.0,г/л
021-02-4279-0,Байсайд,protiokonazol,Протиоконазол,40.0,г/л
021-02-9933-0,Байсайд,protiokonazol,Протиоконазол,40.0,г/л
021-02-4279-0,Байсайд,fludioksonil,Флудиоксонил,30.0,г/л
021-02-9933-0,Байсайд,fludioksonil,Флудиоксонил,30.0,г/л
019-03-1211-1,Бакара Форте,diflyufenikan,Дифлюфеникан,120.0,г/л
019-03-1211-1,Бакара Форте,flurtamon,Флуртамон,120.0,г/л
019-03-1211-1,Бакара Форте,flufenatset,Флуфенацет,120.0,г/л
242-01-1501-1,Баксис,bacillus-subtilis,Bacillus subtilis,1000000000.0,КОЕ/Мл
008-02-2339-1,Бактерра,bacillus-subtilis,Bacillus subtilis,1000000000.0,КОЕ/г
034-02-2049-1,Бактофит,bacillus-subtilis,Bacillus subtilis,2000000000.0,спор/Мл
034-02-3860-1,Бактофит,bacillus-subtilis,Bacillus subtilis,2000000000.0,спор/Мл
283-02-2257-1,Бактофорт,bacillus-amyloliquefaciens,Bacillus amyloliquefaciens,2500000000.0,КОЕ/Мл
283-02-2257-1,Бактофорт,bacillus-subtilis,Bacillus subtilis,2500000000.0,КОЕ/Мл
015-02-3893-1,Балая,mefentriflukonazol,Мефентрифлуконазол,100.0,г/л
015-02-3893-1,Балая,piraklostrobin,Пираклостробин,100.0,г/л
021-03-4447-1,Балерина,2-4-d,"2,4-Д",410.0,г/л
021-03-4447-1,Балерина,florasulam,Флорасулам,7.4,г/л
021-03-2797-1,Балерина Супер,2-4-d,"2,4-Д",410.0,г/л
021-03-2797-1,Балерина Супер,florasulam,Флорасулам,15.0,г/л
021-03-2701-1,Балерина Форте,2-4-d,"2,4-Д",300.0,г/л
021-03-2701-1,Балерина Форте,pikloram,Пиклорам,37.5,г/л
021-03-2701-1,Балерина Форте,florasulam,Флорасулам,10.0,г/л
021-02-2633-1,Балий,azoksistrobin,Азоксистробин,120.0,г/л
021-02-2633-1,Балий,propikonazol,Пропиконазол,180.0,г/л
017-02-716-1,Балинт,imazalil,Имазалил,15.0,г/л
017-02-716-1,Балинт,tiabendazol,Тиабендазол,25.0,г/л
017-02-716-1,Балинт,flutriafol,Флутриафол,37.5,г/л
018-03-4213-1,Баллиста,mezosulfuron-metil,Мезосульфурон-метил,30.0,г/л
018-03-4213-1,Баллиста,mefenpir-dietil,Мефенпир-диэтил,90.0,г/л
018-03-4213-1,Баллиста,florasulam,Флорасулам,12.0,г/л
018-03-4213-1,Баллиста,flumetsulam,Флуметсулам,17.0,г/л
156-02-3256-1,Бампер Супер,propikonazol,Пропиконазол,90.0,г/л
156-02-3256-1,Бампер Супер,prohloraz,Прохлораз,400.0,г/л
041-03-943-1,Банвел,dikamba,Дикамба,480.0,г/л
041-03-9957-0,Банвел,dikamba,Дикамба,480.0,г/л
156-02-2422-1,Банджо Форте,dimetomorf,Диметоморф,200.0,г/л
156-02-2422-1,Банджо Форте,fluazinam,Флуазинам,200.0,г/л
019-03-3199-1,Бандур,aklonifen,Аклонифен,600.0,г/л
201-02-1687-1,Банко,hlorotalonil,Хлороталонил,500.0,г/л
999-07-9808-1,Баобаб,trineksapak-etil,Тринексапак-этил,250.0,г/л
002-01-2108-1,Баргузин,diazinon,Диазинон,100.0,г/кг
019-02-998-1,Баритон,protiokonazol,Протиоконазол,37.5,г/л
019-02-998-1,Баритон,fluoksastrobin,Флуоксастробин,37.5,г/л
019-02-2140-1,Баритон Супер,protiokonazol,Протиоконазол,50.0,г/л
019-02-2140-1,Баритон Супер,tebukonazol,Тебуконазол,10.0,г/л
019-02-2140-1,Баритон Супер,fludioksonil,Флудиоксонил,37.5,г/л
010-02-10029-0,Баркас,boskalid,Боскалид,500.0,г/кг
446-03-1529-1,Барон,bentazon,Бентазон,480.0,г/л
014-03(04)-2731-1,Баста,glyufosinat-ammoniy,Глюфосинат аммоний,150.0,г/л
082-03-4333-1,Бастер,bentazon,Бентазон,460.0,г/л
082-03-4333-1,Бастер,imazamoks,Имазамокс,25.0,г/л
126-02-9954-1,Бастион,fluazinam,Флуазинам,500.0,г/л
018-01-9868-0,Батардо,indoksakarb,Индоксакарб,105.0,г/л
018-01-9868-0,Батардо,lyufenuron,Люфенурон,90.0,г/л
178-02-3836-1,Батлер,fluazinam,Флуазинам,500.0,г/л
871-01(02)-4225-1,Батор,imidakloprid,Имидаклоприд,140.0,г/л
871-01(02)-4225-1,Батор,pentsikuron,Пенцикурон,150.0,г/л
021-01-2591-1,Батрайдер,alfa-tsipermetrin,Альфа-ципермeтрин,125.0,г/л
021-01-2591-1,Батрайдер,imidakloprid,Имидаклоприд,100.0,г/л
021-01-2591-1,Батрайдер,klotianidin,Клотианидин,50.0,г/л
010(038)-03-4137-1,Бегин,s-metolahlor,С-метолахлор,960.0,г/л
010-03-2431-1,Бегин Турбо,s-metolahlor,С-метолахлор,250.0,г/л
010-03-2431-1,Бегин Турбо,terbutilazin,Тербутилазин,250.0,г/л
021-01-2995-1,"Без названия, рег. № 021-01-2995-1",diazinon,Диазинон,40.0,г/кг
014-02-4291-0,Беллис,boskalid,Боскалид,252.0,г/кг
014-02-4291-0,Беллис,piraklostrobin,Пираклостробин,128.0,г/кг
019-01-1231-1,Белт,flubendiamid,Флубендиамид,480.0,г/л
018-02-9986-0,Белуджи,boskalid,Боскалид,30.0,г/л
018-02-9986-0,Белуджи,hlorotalonil,Хлороталонил,450.0,г/л
156-03-2129-1,Бельведер,desmedifam,Десмедифам,160.0,г/л
156-03-2129-1,Бельведер,fenmedifam,Фенмедифам,160.0,г/л
156-03-2255-1,Бельведер Форте,desmedifam,Десмедифам,100.0,г/л
156-03-2255-1,Бельведер Форте,fenmedifam,Фенмедифам,100.0,г/л
156-03-2255-1,Бельведер Форте,etofumezat,Этофумезат,200.0,г/л
018-02-2386-1,Беназол,benomil,Беномил,500.0,г/кг
489-01-2117-1,Беневия,tsiantraniliprol,Циантранилипрол,100.0,г/л
018-02-4385-1,Бенефис,imazalil,Имазалил,50.0,г/л
018-02-4385-1,Бенефис,metalaksil,Металаксил,40.0,г/л
018-02-4385-1,Бенефис,tebukonazol,Тебуконазол,30.0,г/л
018-02-3813-1,Бенефис Суприм,imazalil,Имазалил,50.0,г/л
018-02-3813-1,Бенефис Суприм,mefenoksama,Мефеноксама,20.0,г/л
018-02-3813-1,Бенефис Суприм,tebukonazol,Тебуконазол,30.0,г/л
018-03-3051-1,Бенито,bentazon,Бентазон,300.0,г/л
002-02-2478-1,Беномил 500,benomil,Беномил,500.0,г/кг
021-02-3859-1,Бенорад,benomil,Беномил,500.0,г/кг
070-03-3586-1,Бенрил,tribenuron-metil,Трибенурон-метил,750.0,г/кг
647-03-2892-1,Бентазолин,bentazon,Бентазон,480.0,г/л
050(360)-03-1060-1,Бентасил,bentazon,Бентазон,480.0,г/л
050-03-9771-0,Бентасил,bentazon,Бентазон,480.0,г/л
278-03-4117-1,Бентекс,bentazon,Бентазон,480.0,г/л
070-03-3877-1,Бентилон,bentazon,Бентазон,480.0,г/л
277-03-2091-1,Бентобел,bentazon,Бентазон,480.0,г/л
036-03-2734-1,Бентограм,bentazon,Бентазон,480.0,г/л
778-07-3395-1,Берелин,a7,А7,200.0,г/кг
778-07-3395-1,Берелин,gibberellinovye-kisloty-a4,Гиббереллиновые кислоты а4,200.0,г/кг
018-01-2828-1,Беретта,alfa-tsipermetrin-2,Альфа-циперметрин,30.0,г/л
018-01-2828-1,Беретта,bifentrin,Бифентрин,60.0,г/л
018-01-2828-1,Беретта,tiametoksam,Тиаметоксам,40.0,г/л
082-03-3867-1,Берилл,kletodim,Клетодим,120.0,г/л
082-03-9750-0,Берилл Макс,kletodim,Клетодим,240.0,г/л
810-07-3644-1,Беркана,3-indoliluksusnaya-kislota,3-индолилуксусная кислота,18.0,мг/л
810-07-3644-1,Беркана,alanin,Α-аланин,60.0,мг/л
810-07-3644-1,Беркана,glutaminovaya-kislota,Α-глутаминовая кислота,70.0,мг/л
097-03-2932-1,Бетакем,desmedifam,Десмедифам,71.0,г/л
097-03-2932-1,Бетакем,fenmedifam,Фенмедифам,91.0,г/л
097-03-2932-1,Бетакем,etofumezat,Этофумезат,112.0,г/л
019-03-901-1,Бетанал 22,desmedifam,Десмедифам,160.0,г/л
019-03-9685-0,Бетанал 22,desmedifam,Десмедифам,160.0,г/л
019-03-901-1,Бетанал 22,fenmedifam,Фенмедифам,160.0,г/л
019-03-9685-0,Бетанал 22,fenmedifam,Фенмедифам,160.0,г/л
019-03-903-1,Бетанал Прогресс ОФ,desmedifam,Десмедифам,71.0,г/л
019-03-903-1,Бетанал Прогресс ОФ,fenmedifam,Фенмедифам,91.0,г/л
019-03-903-1,Бетанал Прогресс ОФ,etofumezat,Этофумезат,112.0,г/л
019-03-902-1,Бетанал Эксперт ОФ,desmedifam,Десмедифам,71.0,г/л
019-03-9649-0,Бетанал Эксперт ОФ,desmedifama,Десмедифама,71.0,г/л
019-03-902-1,Бетанал Эксперт ОФ,fenmedifam,Фенмедифам,91.0,г/л
019-03-9649-0,Бетанал Эксперт ОФ,fenmedifam,Фенмедифам,91.0,г/л
019-03-902-1,Бетанал Эксперт ОФ,etofumezat,Этофумезат,112.0,г/л
019-03-9649-0,Бетанал Эксперт ОФ,etofumezat,Этофумезат,112.0,г/л
019-03-3931-1,Бетанал максПро,desmedifam,Десмедифам,47.0,г/л
019-03-3931-1,Бетанал максПро,lenatsil,Ленацил,27.0,г/л
019-03-3931-1,Бетанал максПро,fenmedifam,Фенмедифам,60.0,г/л
019-03-3931-1,Бетанал максПро,etofumezat,Этофумезат,75.0,г/л
082-03-10075-0,Бетаниум,desmedifam,Десмедифам,71.0,г/л
082-03-10075-0,Бетаниум,fenmedifam,Фенмедифам,91.0,г/л
082-03-10075-0,Бетаниум,etofumezat,Этофумезат,112.0,г/л
082-03-4628-0,Бетаниум 22,desmedifam,Десмедифам,160.0,г/л
082-03-4628-0,Бетаниум 22,fenmedifam,Фенмедифам,160.0,г/л
018-03-4399-0,Бетарен 22,desmedifam,Десмедифам,110.0,г/л
018-03-4399-0,Бетарен 22,fenmedifam,Фенмедифам,110.0,г/л
018-03-4909-0,Бетарен 320,g-l-desmedifama,Г/л десмедифама,160.0,г/л
018-03-4909-0,Бетарен 320,g-l-fenmedifama,Г/л фенмедифама,160.0,г/л
018-03-4910-0,Бетарен Макс,desmedifama,Десмедифама,80.0,г/л
018-03-4910-0,Бетарен Макс,fenmedifama,Фенмедифама,64.0,г/л
018-03-4910-0,Бетарен Макс,etofumezat,Этофумезат,126.0,г/л
018-03-2953-1,Бетарен Супер МД,desmedifam,Десмедифам,21.0,г/л
018-03-2953-1,Бетарен Супер МД,fenmedifam,Фенмедифам,63.0,г/л
018-03-2953-1,Бетарен Супер МД,etofumezat,Этофумезат,126.0,г/л
018-03-1918-1,Бетарен Экспресс АМ,desmedifam,Десмедифам,60.0,г/л
018-03-1918-1,Бетарен Экспресс АМ,fenmedifam,Фенмедифам,60.0,г/л
018-03-1918-1,Бетарен Экспресс АМ,etofumezat,Этофумезат,60.0,г/л
097-03-2096-1,Бетацвай,desmedifam,Десмедифам,160.0,г/л
097-03-2096-1,Бетацвай,fenmedifam,Фенмедифам,160.0,г/л
126-03-2027-1,Беташанс Дабл,desmedifama,Десмедифама,160.0,г/л
126-03-2027-1,Беташанс Дабл,fenmedifama,Фенмедифама,160.0,г/л
126-03-4002-1,Беташанс Трио,desmedifam,Десмедифам,71.0,г/л
126-03-4002-1,Беташанс Трио,fenmedifam,Фенмедифам,91.0,г/л
126-03-4002-1,Беташанс Трио,etofumezat,Этофумезат,112.0,г/л
142-03-940-1,Бетинол 22,desmedifam,Десмедифам,160.0,г/л
142-03-940-1,Бетинол 22,fenmedifam,Фенмедифам,160.0,г/л
058-01-1959-1,Би-58 Топ,dimetoat,Диметоат,400.0,г/л
351-07-1040-1,Бигус,guminovyh-kislot-kalievye-soli,Гуминовых кислот калиевые соли,25.0,г/л
178-03-2208-1,Бизон,bentazon,Бентазон,480.0,г/л
178-03-2860-1,Бизон Эдванс,bentazon,Бентазон,350.0,г/л
178-03-2860-1,Бизон Эдванс,tifensulfuron-metil,Тифенсульфурон-метил,2.0,г/л
085-01-3713-1,Биммер,dimetoat,Диметоат,400.0,г/л
046-01-4996-1,Бинадин,dimetoat,Диметоат,400.0,г/л
046-01-4744-1,Бинадин,dimetoat,Диметоат,400.0,г/л
101-02-5083-0,Бинал,bacillus-subtilis,Bacillus subtilis,10000000.0,КОЕ/см³
101-02-3361-1,Бинал,bacillus-subtilis,Bacillus subtilis,10000000.0,КОЕ/см³
101-02-5083-0,Бинал,trichoderma-viride,Trichoderma viride,1000000.0,КОЕ/см³
101-02-3361-1,Бинал,trichoderma-viride,Trichoderma viride,1000000.0,КОЕ/см³
173-01-1751-1,Биоcлип БТ,bacillus-thuringiensis,Bacillus thuringiensis,10000000000.0,КОЕ/г
253-07-2237-1,БиоЛарикс,digidrokvertsetin,Дигидрокверцетин,50.0,г/л
253-07-2237-1,БиоЛарикс,diterpenovye-spirty-i-uglevodorody,Дитерпеновые спирты и углеводороды,250.0,г/л
591(526)-07-2502-1,Биоагро-РР,pseudomonas-fluorescens,Pseudomonas fluorescens,100000000.0,КОЕ/Мл
034-01-1314-1,Биоверт,lecanicillium-lecanii,Lecanicillium lecanii,1000000.0,КОЕ/г
173-07-730-1,Биодукс,arahidonovaya-kislota,Арахидоновая кислота,0.3,г/л
173-07-4899-0,Биодукс,arahidonovaya-kislota,Арахидоновая кислота,0.3,г/л
008-01-1156-1,Биокилл,abamektin,Абамектин,10.0,г/л
018-02-3837-1,Биокомпозит-Про,pseudomonas-asplenii,Pseudomonas asplenii,1000000000.0,КОЕ/Мл
021-03-2050-1,Биолан Супер,2-4-d,"2,4-Д",447.0,г/л
021-03-2050-1,Биолан Супер,dikamba,Дикамба,156.0,г/л
010-01-10067-1,Биомеч Инсекто,bacillus-thuringiensis,Bacillus thuringiensis,1000000000.0,КОЕ/г
010-01-10067-1,Биомеч Инсекто,beauveria-bassiana,Beauveria bassiana,1000000.0,КОЕ/г
033-01-10004-1,Биоразряд,beauveria-bassiana,Beauveria bassiana,100000000.0,КОЕ/г
033-01-10004-1,Биоразряд,metarhizium-anisopliae,Metarhizium anisopliae,100000000.0,КОЕ/г
347-07-1440-1,Биосил,triterpenovye-kisloty,Тритерпеновые кислоты,100.0,г/л
173-01-4233-1,Биослип БВ,beauveria-bassiana,Beauveria bassiana,100000000.0,КОЕ/Мл
502-01-1963-1,Биослип БВ,beauveria-bassiana,Beauveria bassiana,100000000.0,КОЕ/Мл
242-01-621-1,Биостоп,bacillus-thuringiensis,Bacillus thuringiensis,10000000000.0,КОЕ/Мл
242-01-621-1,Биостоп,beauveria-bassiana,Beauveria bassiana,1000000000.0,КОЕ/Мл
242-01-621-1,Биостоп,streptomyces-sp,Streptomyces sp,1000000000.0,КОЕ/Мл
805-01-4071-1,Биостоп Супер,bacillus-thuringiensis,Bacillus thuringiensis,3000000.0,КОЕ/г
805-01-4071-1,Биостоп Супер,beauveria-bassiana,Beauveria bassiana,3000000.0,КОЕ/г
850-02-3910-1,Биосфера-Фунгимен,bacillus-subtilis,Bacillus subtilis,0.101,КОЕ/Мл
021-01-2767-1,Биотлин,imidakloprid,Имидаклоприд,200.0,г/л
021-01-3455-1,Биотлин Бау,imidakloprid,Имидаклоприд,0.1,г/л
736-07-3233-1,Биотран,trietanolammonievaya-sol-ortokrezoksiuksusnoy-kisloty,Триэтаноламмониевая соль ортокрезоксиуксусной кислоты,750.0,г/кг
736-07-3233-1,Биотран,hlormetilsilatran,Хлорметилсилатран,150.0,г/кг
186-02-4410-1,Биотриходерма,trichoderma-harzianum,Trichoderma harzianum,1000000000.0,КОЕ/г
186-02-4410-1,Биотриходерма,trichoderma-viride,Trichoderma viride,1000000000.0,КОЕ/г
046-01-5066-1,Биофорт,metarhizium-anisopliae,Metarhizium anisopliae,100000000.0,КОЕ/г
002-03-2636-1,Бис-300,klopiralid,Клопиралид,300.0,г/л
866-03-4720-1,Бисау,aminopiralid,Аминопиралид,7.0,г/л
866-03-4720-1,Бисау,mezotrion,Мезотрион,150.0,г/л
866-03-4720-1,Бисау,nikosulfuron,Никосульфурон,60.0,г/л
019-01-3722-1,Биская,tiakloprid,Тиаклоприд,240.0,г/л
563-03-3082-1,Бисмарк,klomazon,Кломазон,55.0,г/л
563-03-3082-1,Бисмарк,pendimetalin,Пендиметалин,275.0,г/л
174-02-4328-1,БисолбиСан,bacillus-subtilis,Bacillus subtilis,100000000.0,КОЕ/Мл
174-02-1916-1,Бисолбицид,bacillus-subtilis,Bacillus subtilis,0.108,КОЕ/Мл
192-03-3165-1,БитЛайт,triflusulfuron-metil,Трифлусульфурон-метил,60.0,г/л
148-03-1484-1,Битап ФД-11,desmedifam,Десмедифам,80.0,г/л
148-03-1484-1,Битап ФД-11,fenmedifam,Фенмедифам,80.0,г/л
446-03-1544-1,Битатрин,desmedifam,Десмедифам,71.0,г/л
446-03-1544-1,Битатрин,fenmedifam,Фенмедифам,91.0,г/л
446-03-1544-1,Битатрин,etofumezat,Этофумезат,112.0,г/л
034-01-2881-1,Битоксибациллин,bacillus-thuringiensis,Bacillus thuringiensis,20000000000.0,спор/г
034-01-10035-1,Битоцид,beauveria-bassiana,Beauveria bassiana,100000000.0,КОЕ/Мл
062-01-1839-1,Бифас,alfa-tsipermetrin-2,Альфа-циперметрин,100.0,г/л
062-01-1839-1,Бифас,imidakloprid,Имидаклоприд,300.0,г/л
178-03-2916-1,Бифор 22,desmedifam,Десмедифам,160.0,г/л
178-03-2916-1,Бифор 22,fenmedifam,Фенмедифам,160.0,г/л
178-03-2618-1,Бифор Прогресс,desmedifam,Десмедифам,71.0,г/л
178-03-2618-1,Бифор Прогресс,fenmedifam,Фенмедифам,91.0,г/л
178-03-2618-1,Бифор Прогресс,etofumezat,Этофумезат,112.0,г/л
178-03-1752-1,Бифор Супер,desmedifam,Десмедифам,50.0,г/л
178-03-1752-1,Бифор Супер,fenmedifam,Фенмедифам,65.0,г/л
178-03-1752-1,Бифор Супер,etofumezat,Этофумезат,80.0,г/л
062-03-2766-1,Бихард,2-4-d,"2,4-Д",326.0,г/л
062-03-2766-1,Бихард,florasulam,Флорасулам,8.5,г/л
021-03-1722-1,Бицепс 22,desmedifam,Десмедифам,100.0,г/л
021-03-1722-1,Бицепс 22,fenmedifam,Фенмедифам,100.0,г/л
021-03-2632-1,Бицепс 300,desmedifam,Десмедифам,150.0,г/л
021-03-2632-1,Бицепс 300,fenmedifam,Фенмедифам,150.0,г/л
021-03-1721-1,Бицепс Гарант,desmedifam,Десмедифам,70.0,г/л
021-03-1721-1,Бицепс Гарант,fenmedifam,Фенмедифам,90.0,г/л
021-03-1721-1,Бицепс Гарант,etofumezat,Этофумезат,110.0,г/л
010-03-3572-1,Блиц,atsifluorfen,Ацифлуорфен,160.0,г/л
010-03-3572-1,Блиц,bentazon,Бентазон,320.0,г/л
873-02-4131-1,Блю Шилд 10,medi-gidroksid,Меди гидроксид,184.0,г/л
170-02-3907-1,Блю Шилд 20,medi-gidroksid,Меди гидроксид,308.0,г/кг
585-01-9716-1,"Боверикс, Ж",beauveria-bassiana,Beauveria bassiana,100000000.0,КОЕ/Мл
971-03-4867-0,Богдэн,tribenuron-metil,Трибенурон-метил,750.0,г/кг
041-03-3508-1,Боксер,prosulfokarb,Просульфокарб,800.0,г/л
062-02-3376-1,Боливар Форте,krezoksim-metil,Крезоксим-метил,125.0,г/л
062-02-3376-1,Боливар Форте,tebukonazol,Тебуконазол,240.0,г/л
021-03-4456-1,Бомба,tribenuron-metil,Трибенурон-метил,563.0,г/кг
021-03-4456-1,Бомба,florasulam,Флорасулам,187.0,г/кг
018-01-2830-1,Бомбарда,imidakloprid,Имидаклоприд,90.0,г/л
018-01-2830-1,Бомбарда,tiametoksam,Тиаметоксам,130.0,г/л
018-01-2830-1,Бомбарда,fipronil,Фипронил,60.0,г/л
021-01(02)-2836-1,Бомбер,tiabendazol,Тиабендазол,300.0,г/кг
021-01(02)-2836-1,Бомбер,tsipermetrin,Циперметрин,130.0,г/кг
041-02-1448-1,Бонтима,izopirazam,Изопиразам,62.5,г/л
041-02-1448-1,Бонтима,tsiprodinil,Ципродинил,187.5,г/л
156-02-2327-1,Бонтима Форте,izopirazam,Изопиразам,62.5,г/л
156-02-2327-1,Бонтима Форте,tsiprodinil,Ципродинил,187.5,г/л
570-03-2392-1,Бонус,bentazon,Бентазон,480.0,г/л
021-02-3994-1,Бордоская жидкость,medi-sulfat,Меди сульфат,172.0,г/л
046-02-4275-1,Бордоская смесь Экстра,kaltsiya-gidroksid,Кальция гидроксид,900.0,г/кг
046-02-5067-1,Бордоская смесь Экстра,kaltsiya-gidroksid,Кальция гидроксид,900.0,г/кг
046-02-4275-1,Бордоская смесь Экстра,medi-sulfat,Меди сульфат,960.0,г/кг
046-02-5067-1,Бордоская смесь Экстра,medi-sulfat,Меди сульфат,960.0,г/кг
149-02-4542-1,Бордоская смесь-Ф,kaltsiya-gidroksid,Кальция гидроксид,900.0,г/кг
149-02-4542-1,Бордоская смесь-Ф,medi-sulfat,Меди сульфат,960.0,г/кг
021-01-2845-1,Борей,imidakloprid,Имидаклоприд,150.0,г/л
021-01-2845-1,Борей,lyambda-tsigalotrin,Лямбда-цигалотрин,50.0,г/л
021-01-4844-0,Борей Нео,alfa-tsipermetrin,Альфа-ципермeтрин,125.0,г/л
021-01-1738-1,Борей Нео,alfa-tsipermetrin,Альфа-ципермeтрин,125.0,г/л
021-01-4844-0,Борей Нео,imidakloprid,Имидаклоприд,100.0,г/л
021-01-1738-1,Борей Нео,imidakloprid,Имидаклоприд,100.0,г/л
021-01-4844-0,Борей Нео,klotianidin,Клотианидин,50.0,г/л
021-01-1738-1,Борей Нео,klotianidin,Клотианидин,50.0,г/л
126-03-3266-1,Босфор,oksifluorfen,Оксифлуорфен,240.0,г/л
008-07-3673-1,Ботаник,6-benzilaminopurin,6-бензиламинопурин,10.0,г/л
041-02-2616-1,Браво,hlorotalonil,Хлороталонил,500.0,г/л
018-03-4661-1,Бравура,aklonifen,Аклонифен,600.0,г/л
869-02-10030-0,Брамби,sera,Сера,700.0,г/кг
869-02-10030-0,Брамби,tebukonazol,Тебуконазол,45.0,г/кг
085-02-3669-1,Брандер,azoksistrobin,Азоксистробин,200.0,г/л
085-02-3669-1,Брандер,tebukonazol,Тебуконазол,160.0,г/л
002-02-4939-0,Брапикс,pikoksistrobin,Пикоксистробин,100.0,г/л
002-02-4939-0,Брапикс,hlorotalonil,Хлороталонил,500.0,г/л
021-01-2846-1,Брейк,lyambda-tsigalotrin,Лямбда-цигалотрин,100.0,г/л
347-01-3068-1,Бретер,lyambda-tsigalotrin,Лямбда-цигалотрин,50.0,г/л
018-03-2220-1,Бриг,prometrin,Прометрин,500.0,г/л
014-23-1042-1,Бриз,kodlemon,Кодлемон,178.0,мг/диспенсер
014-23-1042-1,Бриз,n-tetradetsil-atsetat,Н-тетрадецил ацетат,42.0,мг/диспенсер
046-03-3888-1,Брис,klopiralid,Клопиралид,750.0,г/кг
046-03-5031-1,Брис,klopiralid,Клопиралид,750.0,г/кг
158-02-4464-1,Броадер,difenokonazol,Дифеноконазол,150.0,г/л
158-02-4464-1,Броадер,propikonazol,Пропиконазол,150.0,г/л
004-06-5002-1,Бродифакум Гранд,brodifakum,Бродифакум,0.05,г/кг
141-06-3616-1,"Бром-БД, Концентрат",bromadiolon,Бромадиолон,2.5,г/кг
082-02-4345-1,Бульдог,propikonazol,Пропиконазол,250.0,г/л
126-02-10084-1,Бумсланг,mefenoksam,Мефеноксам,45.0,г/л
126-02-10084-1,Бумсланг,piraklostrobin,Пираклостробин,28.0,г/л
126-02-10084-1,Бумсланг,fludioksonil,Флудиоксонил,42.0,г/л
021-02-1689-1,Бункер,tebukonazol,Тебуконазол,60.0,г/л
590(297)-03-2498-1,Бунт,bentazon,Бентазон,480.0,г/л
866-02-10090-0,Буран,imazalil,Имазалил,66.0,г/л
866-02-10090-0,Буран,prohloraz,Прохлораз,132.0,г/л
866-02-10090-0,Буран,tritikonazol,Тритиконазол,56.0,г/л
866-03-4989-0,Буржуй,tifensulfuron-metil,Тифенсульфурон-метил,500.0,г/кг
866-03-4989-0,Буржуй,tribenuron-metil,Трибенурон-метил,250.0,г/кг
866-03-4989-0,Буржуй,florasulam,Флорасулам,100.0,г/кг
164-01-478-1,Бусидо,klotianidin,Клотианидин,500.0,г/кг
014-03-1637-1,Бутизан 400,metazahlor,Метазахлор,400.0,г/л
014-03-3279-1,Бутизан Стар,kvinmerak,Квинмерак,83.0,г/л
014-03-3279-1,Бутизан Стар,metazahlor,Метазахлор,333.0,г/л
070-03-9637-1,Бутилор,s-metolahlor,С-метолахлор,312.5,г/л
070-03-9637-1,Бутилор,terbutilazin,Тербутилазин,187.5,г/л
046-07-1861-1,Бутон,gibberellinovyh-kislot-natrievye-soli,Гиббереллиновых кислот натриевые соли,5.0,г/кг
046-07-5054-1,Бутон,gibberellinovyh-kislot-natrievye-soli,Гиббереллиновых кислот натриевые соли,5.0,г/кг
050-03(04)-2968-1,Буцефал,karfentrazon-etil,Карфентразон-этил,480.0,г/л
088-07-1048-1,ВЛ 77,guminovye-kisloty-natrievyh-soley,Гуминовые кислоты натриевых солей,30.0,г/л
088-07-1048-1,ВЛ 77,polietilenoksidy,Полиэтиленоксиды,770.0,г/л
041-02-2539-1,Вайбранс,sedaksan,Седаксан,500.0,г/л
041-02-3357-1,Вайбранс Голд,mefenoksam,Мефеноксам,37.5,г/л
041-02-3357-1,Вайбранс Голд,sedaksan,Седаксан,50.0,г/л
041-02-3357-1,Вайбранс Голд,fludioksonil,Флудиоксонил,25.0,г/л
041-02-1753-1,Вайбранс Интеграл,sedaksan,Седаксан,25.0,г/л
041-01-1754-1,Вайбранс Интеграл,sedaksana,Седаксана,25.0,г/л
041-02-1753-1,Вайбранс Интеграл,tebukonazol,Тебуконазол,10.0,г/л
041-01-1754-1,Вайбранс Интеграл,tebukonazola,Тебуконазола,10.0,г/л
041-01-1754-1,Вайбранс Интеграл,tiametoksam,Тиаметоксам,175.0,г/л
041-02-1753-1,Вайбранс Интеграл,tiametoksam,Тиаметоксам,175.0,г/л
041-02-1753-1,Вайбранс Интеграл,fludioksonil,Флудиоксонил,25.0,г/л
041-01-1754-1,Вайбранс Интеграл,fludioksonila,Флудиоксонила,25.0,г/л
041-01-4239-1,Вайбранс Круйзер Макс,mefenoksam,Мефеноксам,11.5,г/л
041-01-4239-1,Вайбранс Круйзер Макс,sedaksan,Седаксан,15.4,г/л
041-01-4239-1,Вайбранс Круйзер Макс,tiabendazol,Тиабендазол,46.2,г/л
041-01-4239-1,Вайбранс Круйзер Макс,tiametoksam,Тиаметоксам,92.3,г/л
041-01-4239-1,Вайбранс Круйзер Макс,fludioksanil,Флудиоксанил,7.7,г/л
041-01(02)-3080-1,Вайбранс Топ,sedaksan,Седаксан,25.0,г/л
041-01(02)-3080-1,Вайбранс Топ,tiametoksam,Тиаметоксам,262.5,г/л
041-01(02)-3080-1,Вайбранс Топ,fludioksonil,Флудиоксонил,25.0,г/л
041-02-2674-1,Вайбранс Трио,sedaksan,Седаксан,25.0,г/л
041-02-2674-1,Вайбранс Трио,tebukonazol,Тебуконазол,10.0,г/л
041-02-2674-1,Вайбранс Трио,fludioksonil,Флудиоксонил,25.0,г/л
041-02-2643-1,Вайбранс Экстра,mefenoksam,Мефеноксам,15.0,г/л
041-02-2643-1,Вайбранс Экстра,sedaksan,Седаксан,15.0,г/л
041-02-2643-1,Вайбранс Экстра,fludioksonil,Флудиоксонил,22.5,г/л
021-01-2745-1,Валлар,diazinon,Диазинон,40.0,г/кг
1004-02-9984-1,Вальто - В10,izolyata-mg-l-pepino-mosaic-virus-shtamm-vc1,Изолята мг/л pepino mosaic virus штамм vc1,5.0,мл/л
1004-02-9984-1,Вальто - В10,izolyata-mg-l-pepino-mosaic-virus-shtamm-vx1,Изолята мг/л pepino mosaic virus штамм vx1,5.0,мл/л
058-01-2702-1,Вантекс,gamma-tsigalotrin,Гамма-цигалотрин,60.0,г/л
141-06-3509-1,Варат,brodifakum,Бродифакум,0.05,г/кг
141-06-3618-1,Варат,brodifakum,Бродифакум,0.05,г/кг
141-06-3619-1,Варат,brodifakum,Бродифакум,0.05,г/кг
019-03-1639-1,Велосити,mefenpir-dietil,Мефенпир-диэтил,60.0,г/л
019-03-1639-1,Велосити,tienkarbazon-metil,Тиенкарбазон-метил,10.0,г/л
019-03-2877-1,Велосити Пауэр,yodosulfuron-metil-natriya,Йодосульфурон-метил-натрия,11.3,г/кг
019-03-2877-1,Велосити Пауэр,mefenpir-dietila,Мефенпир-диэтила,135.0,г/кг
019-03-2877-1,Велосити Пауэр,tienkarbazon-metil,Тиенкарбазон-метил,22.5,г/кг
019-03-3115-1,Велосити Супер,mefenpir-dietil,Мефенпир-диэтил,30.0,г/л
019-03-3115-1,Велосити Супер,tienkarbazon-metil,Тиенкарбазон-метил,7.5,г/л
019-03-3115-1,Велосити Супер,fenoksaprop-p-etil,Феноксапроп-п-этил,80.0,г/л
010-03-9977-0,Велоцерат,kvizalofop-p-tefuril,Квизалофоп-п-тефурил,40.0,г/л
058-02-2782-1,Вендетта,azoksistrobin,Азоксистробин,150.0,г/л
058-02-2782-1,Вендетта,fluazinam,Флуазинам,375.0,г/л
062-03-3489-1,Вендор,propizohlor,Пропизохлор,720.0,г/л
178-03-2650-1,Веник,sulfometuron-metil,Сульфометурон-метил,750.0,г/кг
178-02-2631-1,Венто,krezoksim-metil,Крезоксим-метил,125.0,г/л
178-02-2631-1,Венто,tebukonazol,Тебуконазол,140.0,г/л
178-02-2631-1,Венто,epoksikonazol,Эпоксиконазол,116.0,г/л
019-02(05)-4372-1,Веранго,fluopiram,Флуопирам,400.0,г/л
019-03-3232-1,Вердикт,yodosulfuron-metil-natriy,Йодосульфурон-метил-натрий,6.0,г/кг
019-03-3232-1,Вердикт,mezosulfuron-metil,Мезосульфурон-метил,30.0,г/кг
019-03-3232-1,Вердикт,mefenpir-dietil,Мефенпир-диэтил,90.0,г/кг
101-02-10020-1,Веривер,streptomyces-rimosus,Streptomyces rimosus,1000000000.0,КОЕ/см³
489-01-2094-1,Веримарк,tsiantraniliprol,Циантранилипрол,200.0,г/л
971-02-9806-0,Вернер,azoksistrobin,Азоксистробин,100.0,г/л
971-02-9806-0,Вернер,tebukonazol,Тебуконазол,120.0,г/л
971-02-9806-0,Вернер,tsiprokonazol,Ципроконазол,40.0,г/л
018-03-4032-1,Версия,propizohlor,Пропизохлор,370.0,г/л
018-03-4032-1,Версия,terbutilazin,Тербутилазин,185.0,г/л
041-01-9927-0,Вертимек,abamektin,Абамектин,18.0,г/л
041-01-913-1,Вертимек,abamektin,Абамектин,18.0,г/л
590(297)-02-2508-1,Вершина,azoksistrobin,Азоксистробин,22.0,г/л
590(297)-02-2508-1,Вершина,tebukonazol,Тебуконазол,30.0,г/л
010-03-3659-1,Виадук,imazetapir,Имазетапир,100.0,г/л
021-02-2908-1,Виал Траст,tebukonazol,Тебуконазол,60.0,г/л
021-02-2908-1,Виал Траст,tiabendazol,Тиабендазол,80.0,г/л
021-02-4753-0,Виал Трио,prohloraz,Прохлораз,120.0,г/л
021-02-1702-1,Виал Трио,prohloraz,Прохлораз,120.0,г/л
021-02-4753-0,Виал Трио,tiabendazol,Тиабендазол,30.0,г/л
021-02-1702-1,Виал Трио,tiabendazol,Тиабендазол,30.0,г/л
021-02-4753-0,Виал Трио,tsiprokonazol,Ципроконазол,5.0,г/л
021-02-1702-1,Виал Трио,tsiprokonazol,Ципроконазол,5.0,г/л
014-02-658-1,Вивандо,metrafenon,Метрафенон,500.0,г/л
786-07-3512-1,Вигор Форте,ammoniy-molibdenovokislyy,Аммоний молибденовокислый,5.0,г/кг
786-07-3512-1,Вигор Форте,kaliy-azotnokislyy,Калий азотнокислый,200.0,г/кг
786-07-3512-1,Вигор Форте,kislota-bornaya,Кислота борная,15.0,г/кг
786-07-3512-1,Вигор Форте,magniy-azotnokislyy,Магний азотнокислый,250.0,г/кг
786-07-3512-1,Вигор Форте,monokaliyfosfat,Монокалийфосфат,150.0,г/кг
786-07-3512-1,Вигор Форте,ortokrezoksiuksusnoy-kisloty-trietanolammonievaya-sol,Ортокрезоксиуксусной кислоты триэтаноламмониевая соль,100.0,г/кг
786-07-3512-1,Вигор Форте,helat-zheleza,Хелат железа,100.0,г/кг
786-07-3512-1,Вигор Форте,helat-margantsa,Хелат марганца,30.0,г/кг
786-07-3512-1,Вигор Форте,helat-medi,Хелат меди,75.0,г/кг
786-07-3512-1,Вигор Форте,helat-tsinka,Хелат цинка,75.0,г/кг
029-05-1929-1,Видат 5Г,oksamil,Оксамил,50.0,г/кг
156-03-1917-1,Видблок Плюс,imazetapir,Имазетапир,37.5,г/л
156-03-1917-1,Видблок Плюс,propakvizafop,Пропаквизафоп,25.0,г/л
046-03-4356-0,Видлер,klokvintoset-meksil,Клоквинтосет-мексил,12.5,г/л
046-03-4999-0,Видлер,klokvintoset-meksil,Клоквинтосет-мексил,12.5,г/л
046-03-4356-0,Видлер,pinoksaden,Пиноксаден,50.0,г/л
046-03-4999-0,Видлер,pinoksaden,Пиноксаден,50.0,г/л
201-03-2608-1,Визион,amikarbazon,Амикарбазон,280.0,г/кг
201-03-2608-1,Визион,mezotrion,Мезотрион,288.0,г/кг
086(085)-02-1348-1,Виконт,mankotseb,Манкоцеб,640.0,г/кг
086(085)-02-1348-1,Виконт,metalaksil,Металаксил,80.0,г/кг
334-03-1241-1,Винг-П,dimetenamid-r,Диметенамид-р,212.5,г/л
334-03-1241-1,Винг-П,pendimetalin,Пендиметалин,250.0,г/л
178-02-2189-1,Виннер,tiabendazol,Тиабендазол,25.0,г/л
178-02-2189-1,Виннер,flutriafol,Флутриафол,25.0,г/л
018-02-1135-1,Винтаж,difenokonazol,Дифеноконазол,65.0,г/л
018-02-9950-0,Винтаж,difenokonazol,Дифеноконазол,65.0,г/л
018-02-1135-1,Винтаж,flutriafol,Флутриафол,25.0,г/л
018-02-9950-0,Винтаж,flutriafol,Флутриафол,25.0,г/л
058-02-817-1,Винцит Форте,imazalil,Имазалил,15.0,г/л
058-02-817-1,Винцит Форте,tiabendazol,Тиабендазол,25.0,г/л
058-02-817-1,Винцит Форте,flutriafol,Флутриафол,37.5,г/л
590-01-4191-1,Вирий,tiakloprid,Тиаклоприд,245.0,г/л
085-02-1201-1,Виртуоз,propikonazol,Пропиконазол,250.0,г/л
085-02-1201-1,Виртуоз,tsiprokonazol,Ципроконазол,80.0,г/л
295-02-639-1,Вист,tiabendazol,Тиабендазол,400.0,г/кг
295-02-4972-1,"Вист, шашки насыпные",tiabendazol,Тиабендазол,400.0,г/кг
699-02-3865-1,Витазол Экстра,protiokonazol,Протиоконазол,300.0,г/л
699-02-3865-1,Витазол Экстра,tebukonazol,Тебуконазол,300.0,г/л
064-01-2889-1,Витакс,imidakloprid,Имидаклоприд,600.0,г/л
087(082)-02-2419-1,Виталон,tebukonazol,Тебуконазол,14.0,г/л
087(082)-02-2419-1,Виталон,tiram,Тирам,400.0,г/л
139-02-4602-1,Витаплан,bacillus-subtilis,Bacillus subtilis,10000000000.0,КОЕ/г
021-03-3493-1,Витара,dikamba,Дикамба,480.0,г/л
021-02-1690-1,Витарос,karboksin,Карбоксин,198.0,г/л
021-02-1690-1,Витарос,tiram,Тирам,198.0,г/л
126-02-2245-1,Виташанс,sera,Сера,800.0,г/кг
528-02-3704-1,Витена 450,tsimoksanil,Цимоксанил,450.0,г/кг
085-03-3500-1,Властелин,mtspa,МЦПА,500.0,г/л
699-03-3598-1,Вождь,s-metolahlor,С-метолахлор,312.5,г/л
699-03-3598-1,Вождь,terbutilazin,Тербутилазин,187.5,г/л
590(297)-04-2969-1,Волат,dikvat,Дикват,150.0,г/л
085-03-3319-1,Воленс,atsifluorfen,Ацифлуорфен,200.0,г/л
085-03-3319-1,Воленс,klomazon,Кломазон,42.0,г/л
041-01-4240-0,Волиам Флекси,tiametoksam,Тиаметоксам,200.0,г/л
041-01-4240-0,Волиам Флекси,hlorantraniliprol,Хлорантранилипрол,100.0,г/л
374-02-3708-1,Волсепт Сид,imazalil,Имазалил,100.0,г/л
297-03-4202-0,Вольник,glifosat,Глифосат,540.0,г/л
082-01-1527-1,Восторг,klotianidin,Клотианидин,140.0,г/л
082-01-1527-1,Восторг,lyambda-tsigalotrin,Лямбда-цигалотрин,100.0,г/л
184(026)-03-3751-1,Вояж,nikosulfuron,Никосульфурон,750.0,г/кг
010-03-3486-1,Всполох,2-4-d,"2,4-Д",344.0,г/л
010-03-3486-1,Всполох,dikamba,Дикамба,120.0,г/л
050-01-990-1,Вулкан,bifentrin,Бифентрин,200.0,г/л
050-01-4250-1,Вулкан,bifentrin,Бифентрин,200.0,г/л
699-03-3132-1,Выбор,kletodim,Клетодим,360.0,г/л
050-03-4569-0,Вымпел 2,desmedifam,Десмедифам,160.0,г/л
050-03-4663-1,Вымпел 2,desmedifam,Десмедифам,160.0,г/л
050-03-4569-0,Вымпел 2,fenmedifam,Фенмедифам,160.0,г/л
050-03-4663-1,Вымпел 2,fenmedifam,Фенмедифам,160.0,г/л
050-03-4570-0,Вымпел 3,desmedifam,Десмедифам,71.0,г/л
050-03-4664-1,Вымпел 3,desmedifam,Десмедифам,71.0,г/л
050-03-4570-0,Вымпел 3,fenmedifam,Фенмедифам,91.0,г/л
050-03-4664-1,Вымпел 3,fenmedifam,Фенмедифам,91.0,г/л
050-03-4570-0,Вымпел 3,etofumezat,Этофумезат,112.0,г/л
050-03-4664-1,Вымпел 3,etofumezat,Этофумезат,112.0,г/л
145-07-1604-1,Вэрва,triterpenovye-kisloty,Тритерпеновые кислоты,10.0,г/л
145-07-676-1,Вэрва-ель,flavonoidy-eli,Флавоноиды ели,10.0,г/л
966-03-4833-0,Габарит Голд,tifensulfuron-metil,Тифенсульфурон-метил,375.0,г/кг
966-03-4833-0,Габарит Голд,tribenuron-metil,Трибенурон-метил,375.0,г/кг
966-03-4894-0,Габарит Дуо,tifensulfuron-metil,Тифенсульфурон-метил,500.0,г/кг
966-03-4894-0,Габарит Дуо,tribenuron-metil,Трибенурон-метил,250.0,г/кг
966-03-4838-0,Габарит Ультра,tifensulfuron-metil,Тифенсульфурон-метил,750.0,г/кг
699-03-3449-1,Гавань Плюс,mezotrion,Мезотрион,75.0,г/л
699-03-3449-1,Гавань Плюс,nikosulfuron,Никосульфурон,30.0,г/л
126-01-4547-1,Газель,atsetamiprid,Ацетамиприд,200.0,г/кг
021-03-1807-1,Гайтан,pendimetalin,Пендиметалин,330.0,г/л
742-03-4363-1,Гал-Балдукс,klopiralid,Клопиралид,300.0,г/л
742-03-4424-1,Гал-Басус,s-metolahlor,С-метолахлор,312.5,г/л
742-03-4424-1,Гал-Басус,terbutilazin,Тербутилазин,187.5,г/л
742-03-4364-1,Гал-Визия,hizalofop-p-etil,Хизалофоп-п-этил,50.0,г/л
014(148)-03-3663-1,Галакси Топ,atsifluorfen,Ацифлуорфен,160.0,г/л
014(148)-03-3663-1,Галакси Топ,bentazon,Бентазон,320.0,г/л
192-03-3009-1,Галактион,galoksifop-p-metil,Галоксифоп-п-метил,104.0,г/л
866-03-4656-0,Галера Супер КА,aminopiralid,Аминопиралид,17.0,г/л
866-03-4656-0,Галера Супер КА,klopiralid,Клопиралид,267.0,г/л
866-03-4656-0,Галера Супер КА,pikloram,Пиклорам,80.0,г/л
156-03-2813-1,Галиган,oksifluorfen,Оксифлуорфен,240.0,г/л
156-01-3843-1,Галил,bifentrin,Бифентрин,50.0,г/л
156-01-3843-1,Галил,imidakloprid,Имидаклоприд,250.0,г/л
021-03-4216-1,Галион,klopiralid,Клопиралид,300.0,г/л
021-03-4216-1,Галион,pikloram,Пиклорам,75.0,г/л
050(360)-03-1064-1,Галлон,galoksifop-p-metil,Галоксифоп-п-метил,104.0,г/л
050-03-9677-0,Галлон,kisloty-galoksifop-p-metila,Кислоты галоксифоп-п-метила,104.0,г/л
913-03-4472-1,Галмет,galoksifop-r-metil,Галоксифоп-р-метил,104.0,г/л
742-03-4418-1,Галоканекс,mezotrion,Мезотрион,480.0,г/л
647-03-2852-1,Галокситин,galoksifop-p-metil,Галоксифоп-п-метил,104.0,г/л
402-03-3800-1,Галоп М,galoksifop-p-metil,Галоксифоп-п-метил,104.0,г/л
126-03-4038-1,Галошанс,galoksifop-p-metil,Галоксифоп-п-метил,104.0,г/л
018-03-3782-1,Галс,klomazon,Кломазон,480.0,г/л
139-02-3967-1,Гамаир,bacillus-subtilis,Bacillus subtilis,10000000000.0,КОЕ/Мл
139-02-2115-1,Гамаир,bacillus-subtilis,Bacillus subtilis,100000000000.0,КОЕ/г
139-02-2349-1,Гамаир,bacillus-subtilis,Bacillus subtilis,1000000000.0,КОЕ/г
021-03-1727-1,Гамбит,prometrin,Прометрин,500.0,г/л
041-03-3383-1,Гардо Голд,s-metolahlor,С-метолахлор,312.5,г/л
041-03-3383-1,Гардо Голд,terbutilazin,Тербутилазин,187.5,г/л
178-02-9640-1,Гаридо,mankotseb,Манкоцеб,400.0,г/л
178-02-9640-1,Гаридо,mefenoksama,Мефеноксама,25.0,г/л
082-03-2408-1,Гарнизон,bentazon,Бентазон,480.0,г/л
699-03-9748-0,Гаронж,bentazon,Бентазон,480.0,г/л
642-01-2954-1,Гарпун,atsetamiprid,Ацетамиприд,115.0,г/л
642-01-2954-1,Гарпун,lyambda-tsigalotrin,Лямбда-цигалотрин,106.0,г/л
677-03-3062-1,Гаугай,galoksifop-p-metil,Галоксифоп-п-метил,108.0,г/л
021-03-1808-1,Гаур,oksifluorfen,Оксифлуорфен,240.0,г/л
019-01-2869-1,Гаучо Эво,imidakloprid,Имидаклоприд,175.0,г/л
019-01-2869-1,Гаучо Эво,klotianidin,Клотианидин,100.0,г/л
607-01-3730-1,Гедеон,lyambda-tsigalotrin,Лямбда-цигалотрин,50.0,г/л
871-01-4904-1,Гедеон,lyambda-tsigalotrin,Лямбда-цигалотрин,50.0,г/л
041-03-1302-1,Гезагард,prometrin,Прометрин,500.0,г/л
097-03-217-1,Гезадар,prometrin,Прометрин,500.0,г/л
002-03-4419-1,Гезатрин,prometrin,Прометрин,500.0,г/л
018-03-1474-1,Гейзер,bentazon,Бентазон,300.0,г/л
018-03-1474-1,Гейзер,hizalofop-p-etil,Хизалофоп-п-этил,45.0,г/л
021-02-3255-1,Геката,difenokonazol,Дифеноконазол,120.0,г/л
021-02-3255-1,Геката,tetrakonazol,Тетраконазол,60.0,г/л
535-03-3305-1,Гекстар,tribenuron-metil,Трибенурон-метил,750.0,г/кг
278-03-4116-0,Гелиос,glifosat,Глифосат,360.0,г/л
278-03-4118-0,Гелиос Экстра,glifosat,Глифосат,540.0,г/л
126-01-4457-1,Гелифас,indoksakarb,Индоксакарб,150.0,г/л
021-02-9617-0,Геллерт,protiokonazol,Протиоконазол,250.0,г/л
146(002)-03-1974-1,Генсек,dikamba,Дикамба,88.5,г/л
146(002)-03-1974-1,Генсек,klopiralid,Клопиралид,177.0,г/л
146(002)-03-1974-1,Генсек,pikloram,Пиклорам,88.5,г/л
041-02-4743-1,Геокс,fludioksonil,Флудиоксонил,500.0,г/кг
041-02-498-1,Геокс,fludioksonil,Флудиоксонил,500.0,г/кг
070-03-3812-1,Геразол,imazetapir,Имазетапир,100.0,г/л
018-02-3019-1,Гераклион,azoksistrobin,Азоксистробин,15.0,г/л
018-02-3019-1,Гераклион,tebukonazol,Тебуконазол,25.0,г/л
018-02-3019-1,Гераклион,tiram,Тирам,400.0,г/л
607-03-3739-1,Герб-480,dikamba,Дикамба,480.0,г/л
082-03-3886-1,Гербикс,mtspa,МЦПА,500.0,г/л
008-03-4377-0,Гербимакс,klopiralid,Клопиралид,300.0,г/л
021-03-4449-0,Гербитокс,mtspa,МЦПА,500.0,г/л
021-03-1848-1,Гербитокс-Л,mtspa,МЦПА,300.0,г/л
972-03-4874-1,Герзамокс,g-l-imazamoks-sinokem-agro-ko-ltd,"Г/л имазамокс) синокем агро ко., лтд",40.0,г/л
018-03-4499-1,Гермес,imazamoks,Имазамокс,38.0,г/л
018-03-4499-1,Гермес,hizalofop-p-etil,Хизалофоп-п-этил,50.0,г/л
018-03-4727-1,Гермес Форте,imazamoks,Имазамокс,30.0,г/л
018-03-4727-1,Гермес Форте,imazapir,Имазапир,12.0,г/л
018-03-4727-1,Гермес Форте,hizalofop-p-etil,Хизалофоп-п-этил,20.0,г/л
021-01-1679-1,Герольд,diflubenzuron,Дифлубензурон,240.0,г/л
002-03-4855-0,Геронт,galoksifop-p-metil,Галоксифоп-п-метил,80.0,г/л
002-03-4855-0,Геронт,kletodim,Клетодим,130.0,г/л
064-03-3291-1,Герсотил,tribenuron-metil,Трибенурон-метил,750.0,г/кг
046-07-1247-1,Гетероауксин,1n-indolil-3-etanovoy-kisloty,1н-индолил-3-этановой кислоты,780.0,г/кг
033-07-942-1,Гетероауксин,1n-indolil-3-etanovoy-kisloty,1н-индолил-3-этановой кислоты,50.0,г/кг
046-07-2492-1,Гетероауксин,1n-indolil-3-etanovoy-kisloty,1н-индолил-3-этановой кислоты,695.0,г/кг
046-07-5038-1,Гетероауксин,1n-indolil-3-etanovoy-kisloty,1н-индолил-3-этановой кислоты,695.0,г/кг
046-07-5039-1,Гетероауксин,1n-indolil-3-etanovoy-kisloty,1н-индолил-3-этановой кислоты,780.0,г/кг
033-07-3057-1,Гетероауксин+,3-indoliluksusnaya-kislota-kalievoy-soli,3-индолилуксусная кислота калиевой соли,50.0,г/кг
038(915)-03-4429-1,Гештальт,klokvintoset-meksil,Клоквинтосет-мексил,11.25,г/л
038(915)-03-4429-1,Гештальт,pinoksaden,Пиноксаден,45.0,г/л
586-07-2470-1,Гибб Плюс,a7,А7,10.0,г/л
586-07-2470-1,Гибб Плюс,gibberellinovye-kisloty-a4,Гиббереллиновые кислоты а4,10.0,г/л
018-07-2170-1,Гиббера,a7,А7,10.0,г/л
018-07-2170-1,Гиббера,gibberellinovye-kisloty-a4,Гиббереллиновые кислоты а4,10.0,г/л
034-07-1313-1,Гибберсиб,gibberellinovyh-kislot-natrievye-soli,Гиббереллиновых кислот натриевые соли,90.0,г/кг
427-07-2226-1,Гиберелон,gibberellinovyh-kislot-natrievye-soli,Гиббереллиновых кислот натриевые соли,40.0,г/кг
429-07-3755-1,Гидрамак,maleinovyy-gidrazid,Малеиновый гидразид,800.0,г/кг
018-02-801-1,Гимексазол,gimeksazol,Гимексазол,700.0,г/кг
018-02-9653-1,Гимексазол,gimeksazol,Гимексазол,700.0,г/кг
002-02-2925-1,Гимнаст,dimetomorf,Диметоморф,90.0,г/кг
002-02-2925-1,Гимнаст,mankotseb,Манкоцеб,600.0,г/кг
023(197)-01-2851-1,Гладиатор,lyambda-tsigalotrin,Лямбда-цигалотрин,50.0,г/л
023-01-1334-1,Гладиатор Супер,klotianidin,Клотианидин,140.0,г/л
023-01-1334-1,Гладиатор Супер,lyambda-tsigalotrin,Лямбда-цигалотрин,100.0,г/л
126-03-9964-1,Гладиум,flumioksazin,Флумиоксазин,260.0,г/л
062-02-3356-1,Глайдер,tebukonazol,Тебуконазол,500.0,г/л
002-03-4016-0,ГлиБест,glifosat,Глифосат,360.0,г/л
002-03-4050-0,ГлиБест 540,glifosat,Глифосат,540.0,г/л
002-03-9865-0,ГлиБест 540,glifosat,Глифосат,540.0,г/л
002-03-9880-0,ГлиБест Гранд,glifosat,Глифосат,687.0,г/кг
097-03-3950-0,ГлиБест Гранд,glifosat,Глифосат,687.0,г/л
139-02-3161-1,Глиокладин,trichoderma-harzianum,Trichoderma harzianum,10000000000.0,КОЕ/г
139-02-2260-1,Глиокладин,trichoderma-harzianum,Trichoderma harzianum,1000000000.0,КОЕ/г
010-03-3997-0,Глиф,glifosat,Глифосат,540.0,г/л
010-03-9861-0,Глиф,glifosat,Глифосат,540.0,г/л
082-03-4361-0,Глифор,glifosat,Глифосат,360.0,г/л
082-03-4846-0,Глифор Форте,glifosat,Глифосат,540.0,г/л
082-03-3562-0,Глифор Форте,glifosat,Глифосат,540.0,г/л
023(197)-03-3959-0,Глифот,glifosat,Глифосат,360.0,г/л
197-03-9814-0,Глифот,glifosat,Глифосат,360.0,г/л
197(549)-03-4127-0,Глифот Супер,glifosat,Глифосат,687.0,г/кг
197-03-9974-0,Глифот Супер,glifosat,Глифосат,687.0,г/кг
126-03-4068-0,Глифошанс,glifosat,Глифосат,360.0,г/л
126-03-10109-0,Глифошанс Супер,glifosat,Глифосат,540.0,г/л
126-03-4188-0,Глифошанс супер,glifosat,Глифосат,540.0,г/л
192-03-4211-1,Глобал,imazamoks,Имазамокс,40.0,г/л
192-03-1382-1,Глобал Плюс,imazamoks,Имазамокс,120.0,г/л
586-07-3313-1,Глобарилл,6-benzilaminopurin,6-бензиламинопурин,100.0,г/л
018-03-4906-1,Глок,yodosulfuron-metil-natriya,Йодосульфурон-метил-натрия,60.0,г/кг
018-03-4906-1,Глок,mefenpir-dietila,Мефенпир-диэтила,60.0,г/кг
018-03-4906-1,Глок,florasulama,Флорасулама,150.0,г/кг
197-03(04)-4669-1,ГлюфАгро,glyufosinat-ammoniy,Глюфосинат аммоний,150.0,г/л
009-03-2242-1,Гоал 2Е,oksifluorfen,Оксифлуорфен,240.0,г/л
1005-03-10003-1,Гоал Голд,oksifluorfen,Оксифлуорфен,240.0,г/л
178-03(04)-2620-1,Голден Ринг,dikvat,Дикват,150.0,г/л
023(197)-03-4017-0,Голиаф,glifosat,Глифосат,540.0,г/л
197-03-9826-0,Голиаф,glifosat,Глифосат,540.0,г/л
156-03-3631-1,Голтикс Голд,metamitron,Метамитрон,700.0,г/л
156-03-3806-1,Голтикс Супер,metamitron,Метамитрон,350.0,г/л
156-03-3806-1,Голтикс Супер,etofumezat,Этофумезат,150.0,г/л
156-03-3714-1,Голтикс Титан,kvinmerak,Квинмерак,40.0,г/л
156-03-3714-1,Голтикс Титан,metamitron,Метамитрон,525.0,г/л
042(275)-03-737-1,Гольф,imazetapir,Имазетапир,100.0,г/л
126-01-4699-1,Гоплит,atsetamiprid,Ацетамиприд,95.0,г/л
126-01-4699-1,Гоплит,lyambda-tsigalotrin,Лямбда-цигалотрин,115.0,г/л
126-01-4699-1,Гоплит,tiametoksam,Тиаметоксам,65.0,г/л
021-03-4837-0,Горгон,mtspa,МЦПА,350.0,г/л
021-03-1726-1,Горгон,mtspa,МЦПА,350.0,г/л
021-03-4837-0,Горгон,pikloram,Пиклорам,150.0,г/л
021-03-1726-1,Горгон,pikloram,Пиклорам,150.0,г/л
446-03-1545-1,Гордон,prometrin,Прометрин,500.0,г/л
064-03-602-1,Горизонт,desmedifam,Десмедифам,71.0,г/л
064-03-602-1,Горизонт,fenmedifam,Фенмедифам,91.0,г/л
064-03-602-1,Горизонт,etofumezat,Этофумезат,112.0,г/л
181-01-3292-1,Готика,lyambda-tsigalotrin,Лямбда-цигалотрин,106.0,г/л
181-01-3292-1,Готика,tiametoksam,Тиаметоксам,141.0,г/л
642-04-3035-1,Готланд,dikvat-dibromida,Дикват дибромида,240.0,г/л
021-07-10047-0,Гравиэт,paklobutrazol,Паклобутразол,250.0,г/л
699-03-10061-1,Гразидим,kletodim,Клетодим,360.0,г/л
021-03-3360-1,Граминион,kletodim,Клетодим,150.0,г/л
082-03-10104-0,Гран-при,tribenuron-metil,Трибенурон-метил,750.0,г/кг
082-03-1070-1,"Гран-при, ВДГ",tribenuron-metil,Трибенурон-метил,750.0,г/кг
018-03-3901-1,Гранат,tribenuron-metil,Трибенурон-метил,750.0,г/кг
082-02-3554-1,Гранберг,tebukonazol,Тебуконазол,250.0,г/л
082-02-3846-1,Гранберг Про,propikonazol,Пропиконазол,300.0,г/л
082-02-3846-1,Гранберг Про,tebukonazol,Тебуконазол,200.0,г/л
192-03-2866-1,Гранд Плюс,tribenuron-metil,Трибенурон-метил,750.0,г/кг
082-02-2684-1,Грандсил,tebukonazol,Тебуконазол,60.0,г/л
082-02-3873-1,Грандсил Ультра,imazalil,Имазалил,20.0,г/л
082-02-3873-1,Грандсил Ультра,tebukonazol,Тебуконазол,45.0,г/л
082-02-3873-1,Грандсил Ультра,flutriafol,Флутриафол,75.0,г/л
489-03-2031-1,Гранстар Мега,tifensulfuron-metil,Тифенсульфурон-метил,250.0,г/кг
489-03-2031-1,Гранстар Мега,tribenuron-metil,Трибенурон-метил,500.0,г/кг
046-03-3694-1,Грант,imazamoks,Имазамокс,33.0,г/л
046-03-5058-1,Грант,imazamoks,Имазамокс,33.0,г/л
046-03-3694-1,Грант,imazapir,Имазапир,15.0,г/л
046-03-5058-1,Грант,imazapir,Имазапир,15.0,г/л
452-01-1598-1,Гранулам,lyambda-tsigalotrin,Лямбда-цигалотрин,240.0,г/кг
284-02-3267-1,Грануфло,tiram,Тирам,800.0,г/кг
046-03-3087-1,Грасс,s-metolahlor,С-метолахлор,312.5,г/л
046-03-5047-1,Грасс,s-metolahlor,С-метолахлор,312.5,г/л
046-03-3087-1,Грасс,terbutilazin,Тербутилазин,187.5,г/л
046-03-5047-1,Грасс,terbutilazin,Тербутилазин,187.5,г/л
046-03-4299-0,Граунд,glifosat,Глифосат,360.0,г/л
046-03-5027-0,Граунд,glifosat,Глифосат,360.0,г/л
181-03-4332-0,Граф,klokvintoset-meksil,Клоквинтосет-мексил,37.5,г/л
181-03-4332-0,Граф,pinoksaden,Пиноксаден,150.0,г/л
021-03-2335-1,Грейдер,imazapir,Имазапир,250.0,г/л
046-03-9852-0,Грейт,tifensulfuron-metil,Тифенсульфурон-метил,90.0,г/л
046-03-9852-0,Грейт,florasulam,Флорасулам,18.0,г/л
046-03-9852-0,Грейт,flumetsulam,Флуметсулам,24.0,г/л
278-03-4119-0,Гренадер,tribenuron-metil,Трибенурон-метил,750.0,г/кг
018-02-2806-1,Гренни,ditianon,Дитианон,350.0,г/л
184(040)-03-1516-1,Гренч,metsulfuron-metil,Метсульфурон-метил,600.0,г/кг
050(360)-03-1062-1,Гримс,rimsulfuron,Римсульфурон,250.0,г/кг
008-07-3511-1,Грин Дейл,yantarnaya-kislota,Янтарная кислота,25.0,г/л
1002-02-9963-0,ГринПауэр,piraklostrobin,Пираклостробин,250.0,г/л
082-01(02)-3947-1,Грифон,atsetamiprid,Ацетамиприд,100.0,г/л
082-01(02)-3947-1,Грифон,difenonokonazol,Дифеноноконазол,25.0,г/л
082-01(02)-3947-1,Грифон,fludioksonil,Флудиоксонил,25.0,г/л
177-08-3525-1,Гроза-3,metaldegid,Метальдегид,30.0,г/кг
012-08-4555-1,Гроза-6,metaldegid,Метальдегид,60.0,г/кг
012-01-760-1,Гром,diazinon,Диазинон,30.0,г/кг
012-01-761-1,Гром-2,diazinon,Диазинон,30.0,г/кг
012-01-4686-0,Гром-2М,imidakloprid,Имидаклоприд,20.0,г/кг
012-01-4735-1,Гром-М,imidakloprid,Имидаклоприд,20.0,г/кг
158-03-4463-1,Громстор,tribenuron-metil,Трибенурон-метил,750.0,г/кг
178-02-3685-1,Грэмми,hlorotalonil,Хлороталонил,500.0,г/л
549(004)-03-5021-1,Грэнери,tribenuron-metil,Трибенурон-метил,750.0,г/кг
039-02-2041-1,Гуапсин плюс,pseudomonas-aureofaciens,Pseudomonas aureofaciens,100000000000.0,КОЕ/Мл
971-03-4866-1,Гуарил,klopiralid,Клопиралид,750.0,г/кг
038(010)-03-4700-0,Губернатор,dikamba,Дикамба,480.0,г/л
038-03-460-1,Губернатор,dikamba,Дикамба,480.0,г/л
563-03-2341-1,Гуд-Харвест Метамитрон,metamitron-chzhangsu-gud-harvest-veyn-agrokemikal-ko-ltd,"Метамитрон) чжангсу гуд харвест вейн агрокемикал ко., лтд.",700.0,г/л
563-03-3012-1,Гуд-Харвест С-Метолахлор,s-metolahlor-chzhangsu-gud-harvest-veyn-agrokemikal-ko-ltd,"С-метолахлор) чжангсу гуд харвест вейн агрокемикал ко., лтд.",960.0,г/л
563-03-2342-1,Гуд-Харвест Свекольный Гербицид,desmedifam-chzhangsu-gud-harvest-veyn-agrokemikal-ko-ltd,"Десмедифам) чжангсу гуд харвест вейн агрокемикал ко., лтд.",71.0,г/л
563-03-2342-1,Гуд-Харвест Свекольный Гербицид,fenmedifam,Фенмедифам,91.0,г/л
563-03-2342-1,Гуд-Харвест Свекольный Гербицид,etofumezat,Этофумезат,112.0,г/л
283-07-3272-1,ГуматАктив,guminovyh-kislot-kalievye-soli,Гуминовых кислот калиевые соли,120.0,г/л
283-07-3272-1,ГуматАктив,fulvokisloty,Фульвокислоты,25.0,г/л
126-02-9603-1,ДВД Шанс,difenokonazol,Дифеноконазол,30.0,г/л
126-02-573-1,ДВД Шанс,difenokonazol,Дифеноконазол,30.0,г/л
126-02-9603-1,ДВД Шанс,tsiprokonazol,Ципроконазол,6.3,г/л
126-02-573-1,ДВД Шанс,tsiprokonazol,Ципроконазол,6.3,г/л
021-03-1794-1,ДУБЛОН Супер,dikamba,Дикамба,425.0,г/кг
021-03-1794-1,ДУБЛОН Супер,nikosulfuron,Никосульфурон,125.0,г/кг
753-01-3270-1,ДЩК,dinitril-schavelevoy-kisloty,Динитрил щавелевой кислоты,995.0,г/кг
192-02-3854-1,Даймонд Супер,difenokonazol,Дифеноконазол,30.0,г/л
192-02-3854-1,Даймонд Супер,tsiprokonazol,Ципроконазол,6.3,г/л
018-01-1407-1,Дакфосал,alyuminiya-fosfid,Алюминия фосфид,570.0,г/кг
018-03-2493-1,Дамба,dikamba,Дикамба,480.0,г/л
058-01-418-1,Данадим Пауер,gamma-tsigalotrin,Гамма-цигалотрин,6.4,г/л
058-01-418-1,Данадим Пауер,dimetoat,Диметоат,400.0,г/л
058-01-2879-1,Данадим Эксперт,dimetoat,Диметоат,400.0,г/л
070-03-3933-1,Дандрис,rimsulfuron,Римсульфурон,250.0,г/кг
062-03-3092-1,Девайс Ультра,imazamoks,Имазамокс,33.0,г/л
062-03-3092-1,Девайс Ультра,imazapir,Имазапир,15.0,г/л
184(026)-03-2262-1,Девиз,dikamba,Дикамба,480.0,г/л
148-03-860-1,Девринол,napropamid,Напропамид,450.0,г/л
825-03-3832-1,Дедало Элит,2-4-d,"2,4-Д",300.0,г/л
002-06-4228-1,Дедмайс,brodifakum,Бродифакум,0.05,г/кг
097-06-3885-1,Дедмайс,brodifakum,Бродифакум,2.5,г/л
018-02-4878-0,Дейзи,piraklostrobin,Пираклостробин,60.0,г/л
018-07-4869-0,Дейзи,piraklostrobin,Пираклостробин,60.0,г/л
018-02-4878-0,Дейзи,propikonazol,Пропиконазол,70.0,г/л
018-07-4869-0,Дейзи,propikonazol,Пропиконазол,70.0,г/л
018-02-4878-0,Дейзи,tebukonazol,Тебуконазол,70.0,г/л
018-07-4869-0,Дейзи,tebukonazol,Тебуконазол,70.0,г/л
021-03-4501-1,Деймос,dikamba,Дикамба,480.0,г/л
178-01-2201-1,Декстер,atsetamiprid,Ацетамиприд,115.0,г/л
178-01-2201-1,Декстер,lyambda-tsigalotrin,Лямбда-цигалотрин,106.0,г/л
178-01-3897-1,Декстер Турбо,atsetamiprid,Ацетамиприд,115.0,г/л
178-01-3897-1,Декстер Турбо,klotianidin,Клотианидин,70.0,г/л
178-01-3897-1,Декстер Турбо,lyambda-tsigalotrin,Лямбда-цигалотрин,106.0,г/л
015-02-2188-1,Делан,ditianon,Дитианон,700.0,г/кг
015-02-1649-1,Делан Про,ditianon,Дитианон,125.0,г/л
019-02-2880-1,Деларо,protiokonazol,Протиоконазол,175.0,г/л
019-02-2880-1,Деларо,trifloksistrobin,Трифлоксистробин,150.0,г/л
126-02-3855-1,Делатон,ditianon,Дитианон,700.0,г/кг
085-03-4803-0,Делегат,metsulfuron-metil,Метсульфурон-метил,600.0,г/кг
085(086)-03-445-1,Делегат,metsulfuron-metil,Метсульфурон-метил,600.0,г/кг
082-02-9832-0,Деликант,difenokonazol,Дифеноконазол,110.0,г/л
082-02-9832-0,Деликант,tebukonazol,Тебуконазол,50.0,г/л
389-02-1526-1,Делор,ditianon,Дитианон,700.0,г/кг
021-03-3504-1,Деметра,fluroksipir,Флуроксипир,350.0,г/л
561-01-2338-1,Демитан,fenazahin,Феназахин,200.0,г/л
018-08-4514-0,Деница,metaldegid,Метальдегид,60.0,г/кг
082-03-4353-1,Дентайр,imazamoks,Имазамокс,40.0,г/л
018-02-1860-1,Депозит,imazalil,Имазалил,40.0,г/л
018-02-1860-1,Депозит,metalaksil,Металаксил,30.0,г/л
018-02-1860-1,Депозит,fludioksonil,Флудиоксонил,40.0,г/л
018-02-3824-1,Депозит Суприм,imazalil,Имазалил,40.0,г/л
018-02-3824-1,Депозит Суприм,mefenoksam,Мефеноксам,15.0,г/л
018-02-3824-1,Депозит Суприм,fludioksonil,Флудиоксонил,40.0,г/л
018-03-9867-0,Депримо,yodosulfuron-metil-natriy,Йодосульфурон-метил-натрий,2.0,г/л
018-03-9867-0,Депримо,tembotrion,Темботрион,100.0,г/л
018-03-9867-0,Депримо,tsiprosulfamid,Ципросульфамид,40.0,г/л
009-03-2762-1,Дерби 175,florasulam,Флорасулам,75.0,г/л
009-03-2762-1,Дерби 175,flumetsulam,Флуметсулам,100.0,г/л
866-03-4648-0,Дерби КА,florasulam,Флорасулам,75.0,г/л
866-03-4648-0,Дерби КА,flumetsulam,Флуметсулам,100.0,г/л
004(549)-02-5004-1,Дерозал Евро,karbendazim,Карбендазим,500.0,г/л
549-04-9930-0,Десикант Дибромид,dikvata-dibromida,Диквата дибромида,150.0,г/л
004(549)-04-5001-1,Десикант Экспертоф,dikvat,Дикват,150.0,г/л
046-04-4711-0,Десикат Супер,dikvat,Дикват,280.0,г/л
046-04-2383-1,Десикат Супер,dikvat,Дикват,150.0,г/л
046-04-5077-0,Десикат Супер,dikvat,Дикват,280.0,г/л
201-03-1686-1,Десперадо,mezotrion,Мезотрион,480.0,г/л
002-03-476-1,Десфен-80,desmedifam,Десмедифам,80.0,г/л
002-03-476-1,Десфен-80,fenmedifam,Фенмедифам,80.0,г/л
1000-01-10008-0,Детер,klotianidin,Клотианидин,250.0,г/л
033-07-2071-1,Детка,6-benzilaminopurin,6-бензиламинопурин,11.0,г/кг
033-07-2071-1,Детка,tiamin,Тиамин,0.5,г/кг
178-02-9675-0,Дефенсор,piraklostrobin,Пираклостробин,25.0,г/л
178-02-9675-0,Дефенсор,fludioksonil,Флудиоксонил,25.0,г/л
805-01-3621-1,Дефилигнум,bacillus-thuringiensis,Bacillus thuringiensis,10000000000.0,КОЕ/Мл
347-03-4747-0,Дефолт,glifosat,Глифосат,360.0,г/л
019-01-4977-0,Децис Эксперт,deltametrin,Дельтаметрин,100.0,г/л
019-01-507-1,Децис Эксперт,deltametrin,Дельтаметрин,100.0,г/л
825-03-3692-1,Джанеро Элит,dikamba,Дикамба,200.0,г/л
677-03-3363-1,Джиндур,s-metolahlor,С-метолахлор,960.0,г/л
002-02-10078-0,Джокари,boskalid,Боскалид,150.0,г/л
002-02-10078-0,Джокари,piraklostrobin,Пираклостробин,250.0,г/л
018-02-9908-0,Джотто,difenokonazol,Дифеноконазол,200.0,г/л
018-02-9908-0,Джотто,trifloksistrobin,Трифлоксистробин,375.0,г/л
010-01-2153-1,Ди-68,dimetoat,Диметоат,400.0,г/л
097-03-2962-1,Диакем,2-4-d,"2,4-Д",344.0,г/л
097-03-2962-1,Диакем,dikamba,Дикамба,120.0,г/л
041-03-1867-1,Диален Супер,2-4-d,"2,4-Д",344.0,г/л
041-03-1867-1,Диален Супер,dikamba,Дикамба,120.0,г/л
178-03-2213-1,Диамакс,2-4-d,"2,4-Д",344.0,г/л
178-03-2213-1,Диамакс,dikamba,Дикамба,120.0,г/л
050-03-4423-1,Диамисоль,2-4-d,"2,4-Д",600.0,г/л
334-03-1559-1,Дианат,dikamba,Дикамба,480.0,г/л
046-03-2689-1,Диастар,dikamba,Дикамба,480.0,г/л
046-03-5032-1,Диастар,dikamba,Дикамба,480.0,г/л
126-03-3580-1,Дибазон,atsifluorfen,Ацифлуорфен,160.0,г/л
126-03-3580-1,Дибазон,bentazon,Бентазон,320.0,г/л
046-03-2358-1,Дива,2-4-d,"2,4-Д",550.0,г/л
046-03-5055-1,Дива,2-4-d,"2,4-Д",550.0,г/л
046-03-2358-1,Дива,florasulam,Флорасулам,7.4,г/л
046-03-5055-1,Дива,florasulam,Флорасулам,7.4,г/л
041-02-3013-1,Дивиденд Стар,difenokonazol,Дифеноконазол,30.0,г/л
041-02-3013-1,Дивиденд Стар,tsiprokonazol,Ципроконазол,6.3,г/л
041-01(02)-9791-0,Дивиденд Суприм,difenokonazol,Дифеноконазол,36.92,г/л
041-01(02)-9791-0,Дивиденд Суприм,mefenoksam,Мефеноксам,3.08,г/л
041-01(02)-9791-0,Дивиденд Суприм,tiametoksam,Тиаметоксам,92.3,г/л
041-02-2541-1,Дивиденд Экстрим,difenokonazol,Дифеноконазол,92.0,г/л
041-02-2541-1,Дивиденд Экстрим,mefenoksam,Мефеноксам,23.0,г/л
041-01-496-1,ДивидендСуприм,difenokonazol,Дифеноконазол,36.92,г/л
041-02-497-1,ДивидендСуприм,difenokonazol,Дифеноконазол,36.92,г/л
041-01-496-1,ДивидендСуприм,mefenoksam,Мефеноксам,3.08,г/л
041-02-497-1,ДивидендСуприм,mefenoksam,Мефеноксам,3.08,г/л
041-01-496-1,ДивидендСуприм,tiametoksam,Тиаметоксам,92.3,г/л
041-02-497-1,ДивидендСуприм,tiametoksam,Тиаметоксам,92.3,г/л
097-03-2907-1,Дикамбел,dikamba,Дикамба,480.0,г/л
549-03-3164-1,Дикамерон,klopiralid,Клопиралид,267.0,г/л
549-03-3164-1,Дикамерон,pikloram,Пиклорам,67.0,г/л
607-03-3738-1,Дикамин-Д,2-4-d,"2,4-Д",600.0,г/л
070-04-3460-1,Диквабис,dikvat-dibromida,Дикват дибромида,280.0,г/л
063-04-4243-1,Дикват,dikvat-dibromida,Дикват дибромида,150.0,г/л
192-04-2681-1,Дикватерр Мега,dikvat,Дикват,200.0,г/л
424-04-2357-1,Дикватерр Супер,dikvat,Дикват,150.0,г/л
097-03-3835-1,Диклосоя,diklosulam,Диклосулам,840.0,г/кг
024-03-1318-1,Дикогерб Супер,dikamba,Дикамба,90.0,г/л
024-03-1318-1,Дикогерб Супер,mtspa,МЦПА,660.0,г/л
024-03-2471-1,Дикопур М,mtspa,МЦПА,750.0,г/л
024-03-2584-1,Дикопур Топ,2-4-d,"2,4-Д",344.0,г/л
024-03-2584-1,Дикопур Топ,dikamba,Дикамба,120.0,г/л
126-04-4533-1,Дикошанс,dikvat-dibromida,Дикват дибромида,279.0,г/л
082-03-4644-0,Диктатор,dikvat-dibromida,Дикват дибромида,150.0,г/л
082-04-10028-0,Диктатор,dikvata-dibromida,Диквата дибромида,150.0,г/л
966-01-4832-0,Дим Эксперт,dimetoat,Диметоат,400.0,г/л
653-01-4160-0,Димекс,dimetoat,Диметоат,400.0,г/л
070-01-3374-1,Диметек,dimetoat,Диметоат,400.0,г/л
913-01-4468-1,Диметрон,dimetoat,Диметоат,400.0,г/л
023(396)-01-1257-1,Диметус,dimetoat,Диметоат,400.0,г/л
278-01-4107-1,Димефос,dimetoat,Диметоат,400.0,г/л
379-01-2033-1,Димилин,diflubenzuron,Дифлубензурон,250.0,г/кг
041-02-1294-1,Динали,difenokonazol,Дифеноконазол,60.0,г/л
041-02-1294-1,Динали,tsiflufenamid,Цифлуфенамид,30.0,г/л
699-03-3394-1,Диома,imazamoks,Имазамокс,33.0,г/л
699-03-3394-1,Диома,imazapir,Имазапир,15.0,г/л
085-01-782-1,Дипломат,lyambda-tsigalotrin,Лямбда-цигалотрин,50.0,г/л
085-01-9665-1,Дипломат,lyambda-tsigalotrin,Лямбда-цигалотрин,50.0,г/л
046-03-9670-0,Диполь,bentazon,Бентазон,330.0,г/л
046-03-9670-0,Диполь,fomesafen,Фомесафен,150.0,г/л
822-01-3716-1,Дисектис,dioksid-kremniya,Диоксид кремния,800.0,г/кг
781-03-4362-1,Дискатор 600,2-4-d,"2,4-Д",600.0,г/л
781-03-3411-1,Дискатор Форте,2-4-d,"2,4-Д",410.0,г/л
781-03-3411-1,Дискатор Форте,florasulam,Флорасулам,5.0,г/л
781-03-3411-1,Дискатор Форте,fluroksipir,Флуроксипир,50.0,г/л
002-02-3369-1,Дискор,difenokonazol,Дифеноконазол,250.0,г/л
278-03-4104-1,Дисулам,2-4-d,"2,4-Д",300.0,г/л
278-03-4104-1,Дисулам,florasulam,Флорасулам,6.25,г/л
866-02-4578-1,Дитан КА,mankotseb,Манкоцеб,800.0,г/кг
009-02-2244-1,Дитан М-45,mankotseb,Манкоцеб,800.0,г/кг
082-01-3658-1,Дитокс,dimetoat,Диметоат,400.0,г/л
050-03-988-1,Дифилайн,s-metolahlor,С-метолахлор,960.0,г/л
050-03-9628-0,Дифилайн,s-metolahlor,С-метолахлор,960.0,г/л
262-01-2679-1,Дифломайт,diflovidazin,Дифловидазин,200.0,г/л
389-01-2210-1,Дифлуцид,diflubenzuron,Дифлубензурон,250.0,г/кг
097-03-840-1,Дифронт,dimetenamid-r,Диметенамид-р,720.0,г/л
192-02-4512-1,Дифферент,ditianon,Дитианон,350.0,г/л
586-02-9626-0,Дифюр Про,difenokonazol,Дифеноконазол,150.0,г/л
586-02-9626-0,Дифюр Про,propikonazol,Пропиконазол,150.0,г/л
126-01-4044-1,Дишанс,dimetoat,Диметоат,400.0,г/л
126-01-9988-1,Дишанс Супер,dimetoat,Диметоат,285.0,г/л
126-01-9988-1,Дишанс Супер,lyambda-tsigalotrin,Лямбда-цигалотрин,27.0,г/л
004(549)-03-5020-1,Длясои,imazetapir,Имазетапир,100.0,г/л
781-01-9848-0,Доберман Про,imidakloprid,Имидаклоприд,210.0,г/л
781-01-9848-0,Доберман Про,lyambda-tsigalotrin,Лямбда-цигалотрин,105.0,г/л
781-01-9848-0,Доберман Про,tiametoksam,Тиаметоксам,57.0,г/л
590-02-4190-1,Догода,difenokonazol,Дифеноконазол,125.0,г/л
590-02-4190-1,Догода,tebukonazol,Тебуконазол,125.0,г/л
033-07-3169-1,Дозреватель,2-hloretilfosfonovaya-kislota,2-хлорэтилфосфоновая кислота,629.0,г/л
012-01-1444-1,Доктор,tiametoksam,Тиаметоксам,10.0,г/кг
064-02-2893-1,Доктор Кроп,karbendazim,Карбендазим,500.0,г/л
909-01-4368-1,Доктор Харвест АгроМайт ПРО,piretriny-naturalnye-maslyanyy-ekstrakt,Пиретрины натуральные масляный экстракт,30.0,г/л
909-01-10083-1,Доктор Харвест Белоцид,abamektin,Абамектин,10.0,г/л
909-01-10083-1,Доктор Харвест Белоцид,limonen,Лимонен,60.0,г/л
909-02-9755-1,Доктор Харвест Метоксин,7-metoksi-8-izopentenilkumarina,7-метокси-8-изопентенилкумарина,15.0,г/л
909-02-9755-1,Доктор Харвест Метоксин,maslo-nima,Масло нима,700.0,г/л
909-02-9755-1,Доктор Харвест Метоксин,emodin,Эмодин,60.0,г/л
909-02-9755-1,Доктор Харвест Метоксин,efirnogo-masla-gvozdiki,Эфирного масла гвоздики,20.0,г/л
909-01-4367-1,Доктор Харвест Форте Про,piretriny-naturalnye-maslyanyy-ekstrakt,Пиретрины натуральные масляный экстракт,250.0,г/л
140-02-2553-1,Домарк,tetrakonazol,Тетраконазол,125.0,г/л
233-07-1772-1,Домоцвет,gidroksikorichnaya-kislota,Гидроксикоричная кислота,0.05,г/л
871-04-9707-0,Донат,dikvat-dibromida,Дикват дибромида,150.0,г/л
002-03-3031-1,Допинг,klodinafop-propargil,Клодинафоп-пропаргил,80.0,г/л
002-03-3031-1,Допинг,klokvintoset-meksil,Клоквинтосет-мексил,20.0,г/л
010-02-2162-1,Доспех,tebukonazol,Тебуконазол,60.0,г/л
010-02-3002-1,Доспех 3,imazalil,Имазалил,40.0,г/л
010-02-3002-1,Доспех 3,tebukonazol,Тебуконазол,60.0,г/л
010-02-3002-1,Доспех 3,tiabendazol,Тиабендазол,60.0,г/л
010(011)-01-1964-1,Доспех Квадра,imazalil,Имазалил,20.0,г/л
010(011)-02-1951-1,Доспех Квадра,imazalil,Имазалил,20.0,г/л
010(011)-01-1964-1,Доспех Квадра,imidakloprid,Имидаклоприд,300.0,г/л
010(011)-02-1951-1,Доспех Квадра,imidakloprid,Имидаклоприд,300.0,г/л
010(011)-01-1964-1,Доспех Квадра,tebukonazol,Тебуконазол,30.0,г/л
010(011)-02-1951-1,Доспех Квадра,tebukonazol,Тебуконазол,30.0,г/л
010(011)-01-1964-1,Доспех Квадра,tiabendazol,Тиабендазол,30.0,г/л
010(011)-02-1951-1,Доспех Квадра,tiabendazol,Тиабендазол,30.0,г/л
085-03-3320-1,Дракон,klodinafop-propargil,Клодинафоп-пропаргил,90.0,г/л
085-03-3320-1,Дракон,mefenpir-dietil,Мефенпир-диэтил,60.0,г/л
085-03-3320-1,Дракон,fenoksaprop-p-etil,Феноксапроп-п-этил,140.0,г/л
085-03-3514-1,Дракон Супер 100,mefenpir-dietil,Мефенпир-диэтил,27.0,г/л
085-03-3514-1,Дракон Супер 100,fenoksaprop-p-etil,Феноксапроп-п-этил,100.0,г/л
085-03-3513-1,"Дракон Супер 7,5",mefenpir-dietil,Мефенпир-диэтил,75.0,г/л
085-03-3513-1,"Дракон Супер 7,5",fenoksaprop-p-etil,Феноксапроп-п-этил,69.0,г/л
008-01-3303-1,Дракор,klotianidin,Клотианидин,50.0,г/л
642-03-9898-0,Драфт,glifosat,Глифосат,540.0,г/л
297-03-663-1,Древер,desmedifam,Десмедифам,71.0,г/л
297-03-663-1,Древер,fenmedifam,Фенмедифам,91.0,г/л
297-03-663-1,Древер,etofumezat,Этофумезат,112.0,г/л
389-02-9654-1,Дрейк Плюс,kaptan,Каптан,600.0,г/кг
389-02-9654-1,Дрейк Плюс,trifloksistrobin,Трифлоксистробин,40.0,г/кг
018-03-4466-1,Дротик,2-4-d,"2,4-Д",400.0,г/л
041-03-3507-1,Дуал Голд,s-metolahlor,С-метолахлор,960.0,г/л
021-03-3531-1,Дублон,nikosulfuron,Никосульфурон,40.0,г/л
021-03-2647-1,Дублон Голд,nikosulfuron,Никосульфурон,600.0,г/кг
021-03-2647-1,Дублон Голд,tifensulfuron-metil,Тифенсульфурон-метил,150.0,г/кг
021-03-4065-1,Дублон Супер,dikamba,Дикамба,425.0,г/кг
021-03-4065-1,Дублон Супер,nikosulfuron,Никосульфурон,125.0,г/кг
043(042)-03-2207-1,Дукат,triasulfuron,Триасульфурон,750.0,г/кг
126-03-1600-1,Душанс,s-metolahlor,С-метолахлор,960.0,г/л
126-03-9888-1,Душанс Голд,s-metolahlor,С-метолахлор,312.5,г/л
126-03-9888-1,Душанс Голд,terbutilazin,Тербутилазин,187.5,г/л
184(026)-02-3944-1,Дуэлянт,difenokonazol,Дифеноконазол,250.0,г/л
184(026)-02-3944-1,Дуэлянт,propikonazol,Пропиконазол,250.0,г/л
014-02-4434-1,Дэлит Макс,piraklostrobin,Пираклостробин,250.0,г/л
014-02-4434-1,Дэлит Макс,fluksapiroksad,Флуксапироксад,250.0,г/л
014-02-874-1,Дэлит Про,piraklostrobin,Пираклостробин,200.0,г/л
329-03-4397-1,Дюранор 480,dikamba,Дикамба,480.0,г/л
021-01-4448-1,Дюссак,emamektin-benzoat,Эмамектин бензоат,50.0,г/л
334-03-2534-1,Евро-Лайтнинг,imazamoks,Имазамокс,33.0,г/л
334-03-2534-1,Евро-Лайтнинг,imazapir,Имазапир,15.0,г/л
224-03-774-1,Евро-Лайтнинг Плюс,imazamoks,Имазамокс,16.5,г/л
224-03-774-1,Евро-Лайтнинг Плюс,imazapir,Имазапир,7.5,г/л
085-03-4128-1,Евро-Ланг,bioaktivator,Биоактиватор,100.0,г/л
085-03-4128-1,Евро-Ланг,imazetapir,Имазетапир,100.0,г/л
282-03-545-1,Евро-Ленд,imazamoks,Имазамокс,33.0,г/л
282-03-4887-1,Евро-Ленд,imazamoks,Имазамокс,33.0,г/л
282-03-545-1,Евро-Ленд,imazapir,Имазапир,15.0,г/л
282-03-4887-1,Евро-Ленд,imazapir,Имазапир,15.0,г/л
097-01-2844-1,Евродим,dimetoat,Диметоат,400.0,г/л
002-01-911-1,Европир,hlorpirifos,Хлорпирифос,480.0,г/л
126-03-618-1,Еврошанс,imazamoks,Имазамокс,33.0,г/л
126-03-618-1,Еврошанс,imazapir,Имазапир,15.0,г/л
126-03-3045-1,Еврошанс Плюс,imazamoks,Имазамокс,16.5,г/л
126-03-3045-1,Еврошанс Плюс,imazapir,Имазапир,7.5,г/л
126-03-9629-1,"Еврошанс, ВК",imazamoks,Имазамокс,33.0,г/л
126-03-9629-1,"Еврошанс, ВК",imazapir,Имазапир,15.0,г/л
021-01-1818-1,Жукоед,alfa-tsipermetrin,Альфа-ципермeтрин,125.0,г/л
021-01-1818-1,Жукоед,imidakloprid,Имидаклоприд,100.0,г/л
021-01-1818-1,Жукоед,klotianidin,Клотианидин,50.0,г/л
021-01-4782-1,Жукоед Био,spinosad,Спиносад,240.0,г/л
186-07-4808-1,Завязь,gibberellinovyh-kislot-natrievye-soli,Гиббереллиновых кислот натриевые соли,5.5,г/кг
677-03-3093-1,Зазофен,atsifluorfen,Ацифлуорфен,80.0,г/л
677-03-3093-1,Зазофен,bentazon,Бентазон,360.0,г/л
286-01-1157-1,Заман,imidakloprid,Имидаклоприд,200.0,г/л
156-02-4321-1,Замир,prohloraz,Прохлораз,267.0,г/л
156-02-4321-1,Замир,tebukonazol,Тебуконазол,133.0,г/л
019-02-997-1,Зантара,biksafen,Биксафен,50.0,г/л
019-02-9872-0,Зантара,biksafen,Биксафен,50.0,г/л
019-02-997-1,Зантара,tebukonazol,Тебуконазол,166.0,г/л
019-02-9872-0,Зантара,tebukonazol,Тебуконазол,166.0,г/л
590(297)-02-2497-1,Зарница,azoksistrobin,Азоксистробин,200.0,г/л
590(297)-02-2497-1,Зарница,epoksikonazol,Эпоксиконазол,187.5,г/л
019-02-852-1,Зато,trifloksistrobin,Трифлоксистробин,500.0,г/кг
019-02-9820-0,Зато,trifloksistrobin,Трифлоксистробин,500.0,г/кг
021-02-3505-1,Здоровая земля,karboksin,Карбоксин,198.0,г/л
021-02-3505-1,Здоровая земля,tiram,Тирам,198.0,г/л
024-03-1581-1,Зеагран 350,bromoksinil,Бромоксинил,100.0,г/л
024-03-1581-1,Зеагран 350,terbutilazin,Тербутилазин,250.0,г/л
033-07-549-1,Зеленец,2-hloretilfosfonovaya-kislota,2-хлорэтилфосфоновая кислота,500.0,г/л
033-07-486-1,Зеленец-Л,2-hloretilfosfonovaya-kislota,2-хлорэтилфосфоновая кислота,500.0,г/л
369-01-1123-1,Зеленый барьер,beauveria-bassiana,Beauveria bassiana,100000000.0,КОЕ/г
009-03-2243-1,Зеллек-супер,galoksifop-p-metil,Галоксифоп-п-метил,104.0,г/л
046-01-2938-1,Землин,diazinon,Диазинон,50.0,г/кг
046-01-5072-1,Землин,diazinon,Диазинон,50.0,г/кг
046-01-4133-1,Землин Форте,imidakloprid,Имидаклоприд,5.0,г/кг
046-01-5056-1,Землин Форте,imidakloprid,Имидаклоприд,5.0,г/кг
070-03-3462-1,Зенарил,klopiralid,Клопиралид,267.0,г/л
070-03-3462-1,Зенарил,pikloram,Пиклорам,67.0,г/л
019-03-3929-1,Зенкор Ультра,metribuzin,Метрибузин,600.0,г/л
126-03-4545-1,Зенкошанс,metribuzin,Метрибузин,600.0,г/л
126-03-9739-1,Зенкошанс Голд,metribuzin,Метрибузин,100.0,г/л
126-03-9739-1,Зенкошанс Голд,prosulfokarb,Просульфокарб,707.0,г/л
021-03-2166-1,Зерномакс,2-4-d,"2,4-Д",500.0,г/л
126-07-4480-1,Зернорост,trineksapak-etil,Тринексапак-этил,250.0,г/л
085-01-1251-1,Зерноспас,bifentrin,Бифентрин,10.0,г/л
085-01-1251-1,Зерноспас,pirimifos-metil,Пиримифос-метил,400.0,г/л
184-03-4860-0,Зеро,glifosat,Глифосат,360.0,г/л
184(026)-03-3537-0,Зеро,glifosat,Глифосат,360.0,г/л
257-02-2822-1,Зерокс,kolloidnoe-serebro,Коллоидное серебро,3000.0,мг/л
002-03-2634-1,Зета,imazetapir,Имазетапир,100.0,г/л
010-02-9875-0,Зивал,ditianon,Дитианон,350.0,г/л
010-02-9875-0,Зивал,difenokonazol,Дифеноконазол,50.0,г/л
010-02-9917-0,Зивал Про,pirimetanil,Пириметанил,375.0,г/л
010-02-9917-0,Зивал Про,tetrakonazol,Тетраконазол,40.0,г/л
018-02-4852-1,Зим 500,g-l-karbendazim,Г/л карбендазим,500.0,г/л
018-02-467-1,Зим 500,karbendazim,Карбендазим,500.0,г/л
126-02-4518-1,Зимошанс,karbendazim,Карбендазим,500.0,г/л
018-03-2134-1,Зингер,metsulfuron-metil,Метсульфурон-метил,600.0,г/кг
184(026)-03-3453-1,Зино,metribuzin,Метрибузин,700.0,г/кг
570-03-3308-1,Злак Супер,galoksifop-p-metil,Галоксифоп-п-метил,104.0,г/л
064-03-3547-1,Злакобой,kletodim,Клетодим,240.0,г/л
064-03-4934-1,Злакобой,kletodim,Клетодим,240.0,г/л
097-03-2876-1,Злакосупер,galoksifop-r-metil,Галоксифоп-р-метил,104.0,г/л
682(913)-03-4421-1,Злакофф,kletodim,Клетодим,240.0,г/л
424-03-2479-1,Злактерр,kletodim,Клетодим,240.0,г/л
126-02-3568-1,Знаток,trifloksistrobin,Трифлоксистробин,500.0,г/кг
010(038)-03-4766-1,Зодиак,imazamoks,Имазамокс,40.0,г/л
010(011)-03-1564-1,Зодиак,imazamoks,Имазамокс,40.0,г/л
607-02-3742-1,Золтан,propikonazol,Пропиконазол,250.0,г/л
607-02-3742-1,Золтан,tsiprokonazol,Ципроконазол,80.0,г/л
050(360)-03-1061-1,Зонатор,imazamoks,Имазамокс,40.0,г/л
050-03-9678-0,Зонатор,imazamoks,Имазамокс,40.0,г/л
018-03-2793-1,Зонтран,metribuzin,Метрибузин,250.0,г/л
029-02-2859-1,Зорвек Энкантия,oksatiapiprolin,Оксатиапипролин,30.0,г/л
029-02-2859-1,Зорвек Энкантия,famoksadon,Фамоксадон,300.0,г/л
866-02-4692-0,Зорвек Энкантия КА,oksatiapiprolin,Оксатиапипролин,30.0,г/кг
866-02-4692-0,Зорвек Энкантия КА,famoksadon,Фамоксадон,300.0,г/кг
012-01-2442-1,Зубр,imidakloprid,Имидаклоприд,200.0,г/л
023(395)-03-1255-1,Ибис,klokvintoset-meksil,Клоквинтосет-мексил,34.5,г/л
023(395)-03-1255-1,Ибис,fenoksaprop-p-etil,Феноксапроп-п-этил,69.0,г/л
023(395)-03-1256-1,Ибис 100,klokvintoset-meksil,Клоквинтосет-мексил,27.0,г/л
023(395)-03-1256-1,Ибис 100,fenoksaprop-p-etil,Феноксапроп-п-этил,100.0,г/л
192-02-3329-1,Идеал,krezoksim-metil,Крезоксим-метил,250.0,г/л
192-02-3329-1,Идеал,epoksikonazol,Эпоксиконазол,250.0,г/л
021-01(02)-2603-1,Идикум,difenokonazol,Дифеноконазол,6.7,г/л
021-01(02)-2603-1,Идикум,imidakloprid,Имидаклоприд,100.0,г/л
021-01(02)-2603-1,Идикум,iprodion,Ипродион,133.0,г/л
002-03-2720-1,Изобен,bentazon,Бентазон,480.0,г/л
018-06-2015-1,Изоцин БФК,brodifakum,Бродифакум,2.0,г/л
102-02-1243-1,Икарус,tebukonazol,Тебуконазол,250.0,г/л
018-03-1104-1,Илион,imazamoks,Имазамокс,40.0,г/л
018-03-9863-0,Илион,imazamoks,Имазамокс,40.0,г/л
018-03-1104-1,Илион,klopiralid,Клопиралид,90.0,г/л
018-03-9863-0,Илион,klopiralid,Клопиралид,90.0,г/л
197-03-1374-1,Илот,imazamoks,Имазамокс,40.0,г/л
197-03-4905-0,Илот,imazamoks,Имазамокс,40.0,г/л
277-03-1024-1,Имазабел,imazamoks,Имазамокс,40.0,г/л
126-03-4535-0,Имазошанс,imazamoks,Имазамокс,40.0,г/л
277-01-2184-1,Имидабел,imidakloprid,Имидаклоприд,200.0,г/л
050-01-4568-1,Имидалит,bifentrin,Бифентрин,50.0,г/л
050-01-4568-1,Имидалит,imidakloprid,Имидаклоприд,500.0,г/л
561-01-3702-1,Имидан,fosmet,Фосмет,400.0,г/кг
070-01-3348-1,Имидасид,imidakloprid,Имидаклоприд,600.0,г/л
126-01-4616-1,Имидашанс,imidakloprid,Имидаклоприд,200.0,г/л
126-01-1500-1,Имидашанс Плюс,imidakloprid,Имидаклоприд,150.0,г/л
126-01-1500-1,Имидашанс Плюс,lyambda-tsigalotrin,Лямбда-цигалотрин,50.0,г/л
126-01(02)-246-1,Имидашанс Про,imidakloprid,Имидаклоприд,140.0,г/л
126-01(02)-246-1,Имидашанс Про,pentsikuron,Пенцикурон,150.0,г/л
126-01-4543-1,Имидашанс-С,imidakloprid,Имидаклоприд,600.0,г/л
184-01-2197-1,Имидж,imidakloprid,Имидаклоприд,200.0,г/л
184(040)-01-1478-1,Имидж Плюс,alfa-tsipermetrin-2,Альфа-циперметрин,75.0,г/л
184(040)-01-1478-1,Имидж Плюс,imidakloprid,Имидаклоприд,150.0,г/л
018-01-2222-1,Имидор,imidakloprid,Имидаклоприд,200.0,г/л
018-01-3536-1,Имидор Про,imidakloprid,Имидаклоприд,200.0,г/л
018-07-3032-1,Имидор Про,imidakloprid,Имидаклоприд,200.0,г/л
018-01-4582-1,Имидор Экстра,imidakloprid,Имидаклоприд,200.0,г/л
010(011)-01(02)-1573-1,Имикар,imidakloprid,Имидаклоприд,280.0,г/л
010(011)-01(02)-1573-1,Имикар,tiabendazol,Тиабендазол,80.0,г/л
097-01-559-1,Имиприд,imidakloprid,Имидаклоприд,200.0,г/л
002-01-4941-0,Имиприд,imidakloprid,Имидаклоприд,200.0,г/л
002-01-10053-0,Имиприд Дуо,imidakloprid,Имидаклоприд,300.0,г/л
002-01-10053-0,Имиприд Дуо,lyambda-tsigalotrin,Лямбда-цигалотрин,100.0,г/л
002-03-4259-1,Имквант,imazamoks,Имазамокс,40.0,г/л
097-03-898-1,Имквант Супер,imazamoks,Имазамокс,33.0,г/л
002-03-9727-0,Имквант Супер,imazamoks,Имазамокс,33.0,г/л
097-03-898-1,Имквант Супер,imazapir,Имазапир,15.0,г/л
002-03-9727-0,Имквант Супер,imazapir,Имазапир,15.0,г/л
121-07-3951-1,Иммуноцитофит,etilovyy-efir-arahidonovoy-kisloty,Этиловый эфир арахидоновой кислоты,20.0,г/кг
058-01-674-1,Импакт 500,flutriafol,Флутриафол,500.0,г/л
058-02-4179-1,Импакт Супер,tebukonazol,Тебуконазол,225.0,г/л
058-02-4179-1,Импакт Супер,flutriafol,Флутриафол,75.0,г/л
278-03-4114-1,Импекс Дуо,imazamoks,Имазамокс,33.0,г/л
278-03-4114-1,Импекс Дуо,imazapir,Имазапир,15.0,г/л
192-03-2309-1,Импульс,flumioksazin,Флумиоксазин,480.0,г/л
192-03-10088-0,Импульс Макс,metribuzin,Метрибузин,300.0,г/л
192-03-10088-0,Импульс Макс,flumioksazin,Флумиоксазин,67.0,г/л
866-03-10050-0,Инари,klokvintoset-meksila,Клоквинтосет-мексила,102.0,г/л
866-03-10050-0,Инари,tienkarbazon-metil,Тиенкарбазон-метил,17.0,г/л
866-03-10050-0,Инари,florasulam,Флорасулам,15.0,г/л
866-03-10050-0,Инари,flumetsulam,Флуметсулам,15.0,г/л
018-02-2300-1,Индиго,medi-sulfat,Меди сульфат,345.0,г/л
617(082)-01-4564-1,Индоальф,atsetamiprid,Ацетамиприд,200.0,г/кг
197(678)-03-3067-1,Индокарб,prosulfokarb,Просульфокарб,800.0,г/л
159-02-2388-1,Индофил М-45,mankotseb,Манкоцеб,800.0,г/кг
389-01-2841-1,Иноксифен,piriproksifen,Пирипроксифен,100.0,г/л
019-02-1218-1,Инпут,protiokonazol,Протиоконазол,160.0,г/л
019-02-1218-1,Инпут,spiroksamin,Спироксамин,300.0,г/л
021-02-3198-1,Инсайд,dimetomorf,Диметоморф,200.0,г/л
021-02-3198-1,Инсайд,fluazinam,Флуазинам,200.0,г/л
041-01-2305-1,Инсегар,fenoksikarb,Феноксикарб,250.0,г/кг
033-01(02)-3392-1,Инсектобактерин,bacillus-subtilis,Bacillus subtilis,1000000000.0,КОЕ/г
033-01(02)-3392-1,Инсектобактерин,bacillus-thuringiensis,Bacillus thuringiensis,1000000000.0,КОЕ/г
966-01-4895-0,Инсектокарб,indoksakarb,Индоксакарб,150.0,г/л
008-01-3332-1,Инсектор Супра,tiametoksam,Тиаметоксам,50.0,г/л
430-1-2118-1,Инсетим,bacillus-thuringiensis,Bacillus thuringiensis,2000000000.0,КОЕ/см³
018-02-4187-1,Инсигния,fludioksonil,Флудиоксонил,140.0,г/л
018-02-4187-1,Инсигния,tsiprodinil,Ципродинил,150.0,г/л
041-01-4210-1,Инстиво,tiametoksam,Тиаметоксам,350.0,г/л
149-01-4581-1,Инта-Вир,tsipermetrin,Циперметрин,37.5,г/л
328-01-812-1,Инта-Ц-М,malation,Малатион,140.0,г/кг
328-01-812-1,Инта-Ц-М,tsipermetrin,Циперметрин,29.0,г/кг
376-03-3706-1,Интермеццо,mezotrion,Мезотрион,480.0,г/л
871-03-4075-1,Интерн,galoksifop-p-metil,Галоксифоп-п-метил,104.0,г/л
021-02-3078-1,Интрада,azoksistrobin,Азоксистробин,250.0,г/л
070-01(02)-9843-0,Инфикс,tebukonazol,Тебуконазол,15.0,г/л
070-01(02)-9843-0,Инфикс,tiametoksam,Тиаметоксам,125.0,г/л
070-01(02)-9843-0,Инфикс,fludioksonil,Флудиоксонил,25.0,г/л
019-02-2311-1,Инфинито,propamokarb-gidrohlorid-2,Пропамокарб-гидрохлорид,625.0,г/л
019-02-2311-1,Инфинито,fluopikolid,Флуопиколид,62.5,г/л
014-02-2556-1,Иншур Перформ,piraklostrobin,Пираклостробин,40.0,г/л
014-02-2556-1,Иншур Перформ,tritikonazol,Тритиконазол,80.0,г/л
586-02-9983-0,Иппон,propamokarb-gidrohlorid,Пропамокарб гидрохлорид,400.0,г/л
586-02-9983-0,Иппон,tsimoksanil,Цимоксанил,50.0,г/л
002-03-2775-1,Ирбис,klokvintoset-meksil,Клоквинтосет-мексил,34.5,г/л
002-03-2775-1,Ирбис,fenoksaprop-p-etil,Феноксапроп-п-этил,69.0,г/л
097-03-2760-1,Ирбис 100,klokvintoset-meksil,Клоквинтосет-мексил,27.0,г/л
097-03-2760-1,Ирбис 100,fenoksaprop-p-etil,Феноксапроп-п-этил,100.0,г/л
178-03-2993-1,Ирвин,s-metolahlor,С-метолахлор,312.5,г/л
178-03-2993-1,Ирвин,terbutilazin,Тербутилазин,187.5,г/л
046-01-2708-1,Искра,permetrin,Перметрин,9.0,г/кг
046-01-5053-1,Искра,permetrin,Перметрин,9.0,г/кг
046-01-2708-1,Искра,tsipermetrin,Циперметрин,21.0,г/кг
046-01-5053-1,Искра,tsipermetrin,Циперметрин,21.0,г/кг
046-01-2709-1,Искра Золотая,imidakloprid,Имидаклоприд,200.0,г/л
046-01-2719-1,Искра Золотая,imidakloprid,Имидаклоприд,25.0,г/кг
046-01-5042-1,Искра Золотая,imidakloprid,Имидаклоприд,25.0,г/кг
046-01-5043-1,Искра Золотая,imidakloprid,Имидаклоприд,200.0,г/л
046-01-2710-1,Искра Золотая Просто,imidakloprid,Имидаклоприд,0.1,г/л
046-01-5041-1,Искра Золотая Просто,imidakloprid,Имидаклоприд,0.1,г/л
046-01-3587-1,Искра М,malation,Малатион,525.0,г/л
046-01-5070-1,Искра М,malation,Малатион,525.0,г/л
213-01-4704-1,К-Обиоль,deltametrin,Дельтаметрин,25.0,г/л
014-02-2609-1,Кабрио Топ,metiram,Метирам,550.0,г/кг
014-02-2609-1,Кабрио Топ,piraklostrobin,Пираклостробин,50.0,г/кг
516-03-2054-1,Кабуки,piraflufen-etil,Пирафлуфен-этил,26.5,г/л
018-02-3295-1,Кагатник,benzoynaya-kislota,Бензойная кислота,300.0,г/л
085-03-3650-1,Кадет,2-4-d,"2,4-Д",344.0,г/л
126-02-9941-1,Кадуцей,boskalid,Боскалид,120.0,г/л
126-02-9941-1,Кадуцей,piraklostrobin,Пираклостробин,80.0,г/л
126-02-9941-1,Кадуцей,tsiprokonazol,Ципроконазол,33.0,г/л
085-02-4129-1,Казим,karbendazim,Карбендазим,500.0,г/л
653-02-2911-1,Казимир,karbendazim,Карбендазим,500.0,г/л
178-03-2961-1,Кайен,tifensulfuron-metil,Тифенсульфурон-метил,500.0,г/кг
178-03-2961-1,Кайен,florasulam,Флорасулам,170.0,г/кг
178-03-4526-1,Кайен Турбо,tifensulfuron-metil,Тифенсульфурон-метил,75.0,г/л
178-03-4526-1,Кайен Турбо,tribenuron-metil,Трибенурон-метил,75.0,г/л
178-03-4526-1,Кайен Турбо,flumetsulam,Флуметсулам,52.0,г/л
181-01-4135-1,Кайзер,tiametoksam,Тиаметоксам,350.0,г/л
050-03-3815-0,Кайман,glifosat,Глифосат,360.0,г/л
050-03-4917-0,Кайман,glifosat,Глифосат,360.0,г/л
050(360)-03-3915-0,Кайман Форте,glifosat,Глифосат,687.0,г/кг
050-03-4919-0,Кайман Форте,glifosat,Глифосат,687.0,г/кг
070-01-3461-1,Кайтокс,tiametoksam,Тиаметоксам,350.0,г/л
277-02-1347-1,Калибел,propikonazol,Пропиконазол,250.0,г/л
277-02-1347-1,Калибел,tsiprokonazol,Ципроконазол,80.0,г/л
029-03-1197-1,Калибр,tifensulfuron-metil,Тифенсульфурон-метил,500.0,г/кг
029-03-1197-1,Калибр,tribenuron-metil,Трибенурон-метил,250.0,г/кг
489-03-3046-1,Калибр Дуо,tifensulfuron-metil,Тифенсульфурон-метил,500.0,г/кг
489-03-3046-1,Калибр Дуо,tribenuron-metil,Трибенурон-метил,250.0,г/кг
489-03-2926-1,Калибр Дуо Голд,tifensulfuron-metil,Тифенсульфурон-метил,375.0,г/кг
489-03-2926-1,Калибр Дуо Голд,tribenuron-metil,Трибенурон-метил,375.0,г/кг
126-01-3210-1,Калина,tiakloprid,Тиаклоприд,480.0,г/л
019-01-1683-1,Калипсо,tiakloprid,Тиаклоприд,480.0,г/л
041-03-889-1,Каллисто,mezotrion,Мезотрион,480.0,г/л
156-03-1927-1,Камаро,2-4-d,"2,4-Д",300.0,г/л
156-03-1927-1,Камаро,florasulam,Флорасулам,6.25,г/л
677-03-3207-1,Камелин,klomazon,Кломазон,480.0,г/л
021-03-1785-1,Камелот,s-metolahlor,С-метолахлор,312.5,г/л
021-03-1785-1,Камелот,terbutilazin,Тербутилазин,187.5,г/л
389-02-3076-1,Камертон Ультра,kaptan,Каптан,500.0,г/кг
002-03-10025-1,Кандера,klomazon,Кломазон,480.0,г/л
699-07-4849-1,Кандопа,trineksapak-etil,Тринексапак-этил,250.0,г/л
082-03-1515-1,Канон,galoksifop-p-metil,Галоксифоп-п-метил,104.0,г/л
278-01-4110-1,Канонир Дуо,imidakloprid,Имидаклоприд,300.0,г/л
278-01-4110-1,Канонир Дуо,lyambda-tsigalotrin,Лямбда-цигалотрин,100.0,г/л
021-03-4662-0,Кантата,yodosulfuron-metil-natriya,Йодосульфурон-метил-натрия,100.0,г/л
021-03-4662-0,Кантата,mefenpir-dietila,Мефенпир-диэтила,300.0,г/л
156-02-3771-1,Кантик,prohloraz,Прохлораз,200.0,г/л
156-02-3771-1,Кантик,tebukonazol,Тебуконазол,100.0,г/л
156-02-3771-1,Кантик,fenpropidin,Фенпропидин,150.0,г/л
018-02-2219-1,Кантор,tsiprodinil,Ципродинил,200.0,г/л
014-02-3670-1,Кантус,boskalid,Боскалид,500.0,г/кг
018-02-1103-1,Капелла,difenokonazol,Дифеноконазол,30.0,г/л
018-02-9920-0,Капелла,difenokonazol,Дифеноконазол,30.0,г/л
018-02-1103-1,Капелла,propikonazol,Пропиконазол,120.0,г/л
018-02-9920-0,Капелла,propikonazol,Пропиконазол,120.0,г/л
018-02-1103-1,Капелла,flutriafol,Флутриафол,60.0,г/л
018-02-9920-0,Капелла,flutriafol,Флутриафол,60.0,г/л
018-02-4710-1,Каперанг,kaptan,Каптан,500.0,г/л
570-03-3465-1,Капилео,kletodim,Клетодим,240.0,г/л
019-03-3178-1,Капрено,izoksadifen-etil,Изоксадифен-этил,134.0,г/л
019-03-3178-1,Капрено,tembotrion,Темботрион,345.0,г/л
019-03-3178-1,Капрено,tienkarbazon-metil,Тиенкарбазон-метил,68.0,г/л
041-03-839-1,Каптора,imazamoks,Имазамокс,33.0,г/л
041-03-9766-0,Каптора,imazamoks,Имазамокс,33.0,г/л
041-03-839-1,Каптора,imazapir,Имазапир,15.0,г/л
041-03-9766-0,Каптора,imazapir,Имазапир,15.0,г/л
041-03-2675-1,Каптора Плюс,imazamoks,Имазамокс,16.5,г/л
041-03-2675-1,Каптора Плюс,imazapir,Имазапир,7.5,г/л
015-02-3434-1,Карамба,metkonazol,Метконазол,60.0,г/л
014-02-1594-1,Карамба Дуо,metkonazol,Метконазол,80.0,г/л
014-07-1595-1,Карамба Дуо,metkonazol,Метконазол,80.0,г/л
014-02-1594-1,Карамба Дуо,piraklostrobin,Пираклостробин,130.0,г/л
014-07-1595-1,Карамба Дуо,piraklostrobin,Пираклостробин,130.0,г/л
010-03-4095-1,Карамболь,triflusulfuron-metil,Трифлусульфурон-метил,500.0,г/кг
175-01-4953-0,Каратель,g-kg-klotianidin,Г/кг клотианидин,500.0,г/кг
175-02-455-1,Каратель,klotianidin,Клотианидин,500.0,г/кг
126-01-4022-1,Каратошанс,lyambda-tsigalotrin,Лямбда-цигалотрин,50.0,г/л
041-01-1770-1,Каратэ Зеон,lyambda-tsigalotrin,Лямбда-цигалотрин,50.0,г/л
018-01-3146-1,Карачар,lyambda-tsigalotrin,Лямбда-цигалотрин,50.0,г/л
097-02-2712-1,Карбезим,karbendazim,Карбендазим,500.0,г/л
764-07-3293-1,Карбонадо,poli-beta-gidroksimaslyanaya-kislota,Поли-бета-гидроксимасляная кислота,6.2,г/кг
197-01-2600-1,Карбофот,malation,Малатион,500.0,г/л
441-01-1513-1,Карбоцин,malation,Малатион,140.0,г/кг
441-01-1513-1,Карбоцин,tsipermetrin,Циперметрин,29.0,г/кг
941-02-9689-0,Кардинал 500,karbendazim,Карбендазим,500.0,г/л
"042(043,197)-02-2913-1",Кардон,karbendazim,Карбендазим,500.0,г/л
277-02-1777-1,Карзибел,karbendazim,Карбендазим,500.0,г/л
070-02-3675-1,Карзитек,karbendazim,Карбендазим,500.0,г/л
178-03-2919-1,Кари-Макс,triflusulfuron-metil,Трифлусульфурон-метил,500.0,г/кг
178-03-2430-1,Кари-Макс-Флюид,triflusulfuron-metil,Трифлусульфурон-метил,300.0,г/л
041-02-3027-1,Кариал Флекс,mandipropamid,Мандипропамид,250.0,г/кг
041-02-3027-1,Кариал Флекс,tsimoksanil,Цимоксанил,180.0,г/кг
489-03-2029-1,Карибу Дуо Актив,lenatsil,Ленацил,714.0,г/кг
489-03-2029-1,Карибу Дуо Актив,triflusulfuron-metil,Трифлусульфурон-метил,71.4,г/кг
489-03-2812-1,Карибу С,triflusulfuron-metil,Трифлусульфурон-метил,500.0,г/кг
966-03-4896-0,Карибэкс С,triflusulfuron-metil,Трифлусульфурон-метил,500.0,г/кг
603-03-3909-1,Каритори,piroksasulfon,Пироксасульфон,850.0,г/кг
126-03-4021-1,Каришанс,triflusulfuron-metil,Трифлусульфурон-метил,500.0,г/кг
201-01-1488-1,Карповирусин,virus-granuleza-yablonnoy-plodozhorki,Вирус гранулеза яблонной плодожорки,11013.0,гранул/л
097-03-2637-1,Карриджу,triflusulfuron-metil,Трифлусульфурон-метил,500.0,г/кг
653-03-4161-1,Картель,triflusulfuron-metil,Трифлусульфурон-метил,500.0,г/кг
781-03-3410-1,Каскад Премиум,tifensulfuron-metil,Тифенсульфурон-метил,140.0,г/кг
781-03-3410-1,Каскад Премиум,tribenuron-metil,Трибенурон-метил,410.0,г/кг
781-03-3410-1,Каскад Премиум,florasulam,Флорасулам,200.0,г/кг
781-03-9851-0,Каскад Экспресс,tifensulfuron-metil,Тифенсульфурон-метил,80.0,г/кг
781-03-9851-0,Каскад Экспресс,tribenuron-metil,Трибенурон-метил,670.0,г/кг
178-03-2736-1,Каспер,imazamoks,Имазамокс,40.0,г/л
018-03-2829-1,Кассиус,rimsulfuron,Римсульфурон,250.0,г/кг
682-01-4629-1,Кастра,klotianidin,Клотианидин,140.0,г/л
682-01-4629-1,Кастра,lyambda-tsigalotrin,Лямбда-цигалотрин,100.0,г/л
353-02-1032-1,Касумин 2Л,kasugamitsin,Касугамицин,20.0,г/л
018-02-4724-1,Катрекс,tiram,Тирам,400.0,г/л
092-01-2136-1,Катфос,alyuminiya-fosfid,Алюминия фосфид,560.0,г/кг
586-04-4450-0,Квад-Глоб,dikvat-dibromida,Дикват дибромида,280.0,г/л
041-02-4430-1,Квадрис,azoksistrobin,Азоксистробин,250.0,г/л
178-01-2653-1,Квартет,azoksistrobin,Азоксистробин,39.0,г/л
178-02-2654-1,Квартет,azoksistrobin,Азоксистробин,39.0,г/л
178-01-2653-1,Квартет,atsetamiprid,Ацетамиприд,150.0,г/л
178-02-2654-1,Квартет,atsetamiprid,Ацетамиприд,150.0,г/л
178-01-2653-1,Квартет,protiokonazol,Протиоконазол,39.0,г/л
178-02-2654-1,Квартет,protiokonazol,Протиоконазол,39.0,г/л
178-01-2653-1,Квартет,prohloraz,Прохлораз,100.0,г/л
178-02-2654-1,Квартет,prohloraz,Прохлораз,100.0,г/л
192-02-687-1,Квестор,tiametoksam,Тиаметоксам,300.0,г/л
192-01(02)-4883-0,Квестор,tiametoksam,Тиаметоксам,300.0,г/л
192-02-687-1,Квестор,tritikonazol,Тритиконазол,50.0,г/л
192-01(02)-4883-0,Квестор,tritikonazol,Тритиконазол,50.0,г/л
192-01(02)-3683-1,Квестор Форте,prohloraz,Прохлораз,75.0,г/л
192-01(02)-3683-1,Квестор Форте,tiametoksam,Тиаметоксам,150.0,г/л
192-01(02)-3683-1,Квестор Форте,tritikonazol,Тритиконазол,25.0,г/л
070-03-3810-1,Квизурил,kvizalofop-p-tefuril,Квизалофоп-п-тефурил,40.0,г/л
021-03-4011-1,Квикстеп,galoksifop-p-metil,Галоксифоп-п-метил,80.0,г/л
021-03-4011-1,Квикстеп,kletodim,Клетодим,130.0,г/л
148-01-4354-1,Квикфос,alyuminiya-fosfid,Алюминия фосфид,560.0,г/кг
334-03-1925-1,Кельвин Плюс,dikamba,Дикамба,424.0,г/кг
334-03-1925-1,Кельвин Плюс,diflufenzopir,Дифлуфензопир,170.0,г/кг
334-03-1925-1,Кельвин Плюс,nikosulfuron,Никосульфурон,106.0,г/кг
021-03-3492-1,Кентавр,flukarbazon-natriya,Флукарбазон натрия,700.0,г/кг
282-03-1023-1,Киборг,s-metolahlor,С-метолахлор,312.5,г/л
282-03-9919-0,Киборг,s-metolahlor,С-метолахлор,312.5,г/л
282-03-1023-1,Киборг,terbutilazin,Тербутилазин,187.5,г/л
282-03-9919-0,Киборг,terbutilazin,Тербутилазин,187.5,г/л
024-03-1685-1,Кидека,mezotrion,Мезотрион,100.0,г/л
962-06-4809-1,"Килмайс, ТБ",brodifakum,Бродифакум,0.05,г/кг
192-06-3351-1,Килрат Супер,brodifakum,Бродифакум,2.5,г/л
178-01-2614-1,Кинг Комби,atsetamiprid,Ацетамиприд,100.0,г/л
178-02-2613-1,Кинг Комби,atsetamiprid,Ацетамиприд,100.0,г/л
178-01-2614-1,Кинг Комби,fludioksonil,Флудиоксонил,34.0,г/л
178-02-2613-1,Кинг Комби,fludioksonil,Флудиоксонил,34.0,г/л
178-01-2614-1,Кинг Комби,tsiprokonazol,Ципроконазол,8.3,г/л
178-02-2613-1,Кинг Комби,tsiprokonazol,Ципроконазол,8.3,г/л
262-01-9609-0,Кинмикс,beta-tsipermetrin-agro-kemi-kft,Бета-циперметрин) агро-кеми кфт.,50.0,г/л
015-02-2337-1,Кинто Дуо,prohloraz,Прохлораз,60.0,г/л
015-02-2337-1,Кинто Дуо,tritikonazol,Тритиконазол,20.0,г/л
015-02-2659-1,Кинто Плюс,tritikonazol,Тритиконазол,33.3,г/л
015-02-2659-1,Кинто Плюс,fludioksonil,Флудиоксонил,33.3,г/л
015-02-2659-1,Кинто Плюс,fluksapiroksad,Флуксапироксад,33.3,г/л
018-01-2221-1,Кинфос,beta-tsipermetrin,Бета-циперметрин,40.0,г/л
018-01-2221-1,Кинфос,dimetoat,Диметоат,300.0,г/л
018-01-3335-1,Кинфос Нео,alfa-tsipermetrin-2,Альфа-циперметрин,40.0,г/л
018-01-3335-1,Кинфос Нео,dimetoat,Диметоат,300.0,г/л
653-01-2915-1,Кипер,tiametoksam,Тиаметоксам,350.0,г/л
126-03-9668-0,Кипкорн,nikosulfuron,Никосульфурон,700.0,г/кг
871-03-9708-0,Кирай,klopiralid,Клопиралид,267.0,г/л
871-03-9708-0,Кирай,pikloram,Пиклорам,67.0,г/л
197-01-3483-1,Кираса,indoksakarb,Индоксакарб,130.0,г/кг
197-01-3483-1,Кираса,klotianidin,Клотианидин,400.0,г/кг
854(682)-03-4627-0,Кирасир,2-4-d,"2,4-Д",410.0,г/л
854(682)-03-4627-0,Кирасир,florasulam,Флорасулам,7.4,г/л
178-02-2599-1,Клад,imazalil,Имазалил,60.0,г/л
178-02-2599-1,Клад,tebukonazol,Тебуконазол,60.0,г/л
178-02-2599-1,Клад,tiabendazol,Тиабендазол,80.0,г/л
029-03-2097-1,Классик Форте,tifensulfuron-metil,Тифенсульфурон-метил,187.5,г/кг
029-03-2097-1,Классик Форте,hlorimuron-etil,Хлоримурон-этил,187.5,г/кг
803-03-3780-1,Клегал,galoksifop-r-metil,Галоксифоп-р-метил,80.0,г/л
803-03-3780-1,Клегал,kletodim,Клетодим,130.0,г/л
021-02-3060-1,Клеймор,fludioksonil,Флудиоксонил,200.0,г/л
б/н Клео,Клео,klopiralid,Клопиралид,750.0,г/кг
102-01-2165-1,Клеопатра,abamektin,Абамектин,18.0,г/л
041-01-1039-1,Клерат,brodifakum,Бродифакум,0.05,г/кг
070-03-3898-1,Клерк,kletodim,Клетодим,240.0,г/л
004(549)-03-4096-1,Клетодим Плюс Микс,kletodim,Клетодим,240.0,г/л
126-03-4061-1,Клетошанс,kletodim,Клетодим,240.0,г/л
046-03-4998-0,Клефопп,kletodim,Клетодим,150.0,г/л
046-03-4945-0,Клефопп,kletodim,Клетодим,150.0,г/л
046-03-4998-0,Клефопп,hizalofop-p-etil,Хизалофоп-п-этил,65.0,г/л
046-03-4945-0,Клефопп,hizalofop-p-etil,Хизалофоп-п-этил,65.0,г/л
528-03-3617-1,Клик 500,terbutilazin,Тербутилазин,500.0,г/л
046-01(02)-2039-1,Климат,sera,Сера,750.0,г/кг
197-02-9928-0,Клинок,boskalid,Боскалид,90.0,г/л
197-02-9928-0,Клинок,krezoksim-metil,Крезоксим-метил,100.0,г/л
197-02-9928-0,Клинок,epoksikonazol,Эпоксиконазол,180.0,г/л
021-03-3942-1,Клинч,pikloram,Пиклорам,750.0,г/кг
050-01-3833-1,Клипер,bifentrin,Бифентрин,100.0,г/л
070-03-9663-0,Кломатек,klomazon,Кломазон,480.0,г/л
050(360)-01-1066-1,Клонрин,zeta-tsipermetrin,Зета-циперметрин,100.0,г/л
050-01-9903-0,Клонрин,zeta-tsipermetrin,Зета-циперметрин,100.0,г/л
050(360)-01-1066-1,Клонрин,klotianidin,Клотианидин,150.0,г/л
050-01-9903-0,Клонрин,klotianidin,Клотианидин,150.0,г/л
097-03-2861-1,Клопер 750,klopiralid,Клопиралид,750.0,г/кг
043(042)-03-3075-1,Клопэфир,2-4-d,"2,4-Д",410.0,г/л
043(042)-03-3075-1,Клопэфир,klopiralid,Клопиралид,40.0,г/л
583-03-2463-1,Клордин,klomazon,Кломазон,480.0,г/л
050(360)-03-1058-1,Клорит,klopiralid,Клопиралид,300.0,г/л
050-03-9952-0,Клорит,klopiralid,Клопиралид,300.0,г/л
002-01-4060-1,Клотиамет,klotianidin,Клотианидин,500.0,г/кг
002(023)-01-648-1,Клотиамет Дуо,klotianidin,Клотианидин,140.0,г/л
002-03-4901-0,Клотиамет Дуо,klotianidin,Клотианидин,140.0,г/л
002(023)-01-648-1,Клотиамет Дуо,lyambda-tsigalotrin,Лямбда-цигалотрин,100.0,г/л
002-03-4901-0,Клотиамет Дуо,lyambda-tsigalotrin,Лямбда-цигалотрин,100.0,г/л
002-01-4408-1,Клотиамет Энерджи,klotianidin,Клотианидин,235.5,г/л
002-01-4408-1,Клотиамет Энерджи,tiametoksam,Тиаметоксам,235.5,г/л
002-01-4791-1,Клотиамет-С,klotianidin,Клотианидин,350.0,г/л
002(023)-01-471-1,Клотиамет-С,klotianidin,Клотианидин,350.0,г/л
023-01-1363-1,Клотианидин Про,klotianidin,Клотианидин,350.0,г/л
008-01-591-1,Клубнещит,imidakloprid,Имидаклоприд,140.0,г/л
008-01-591-1,Клубнещит,pentsikuron,Пенцикурон,150.0,г/л
126-02-9774-0,Коалиция,azoksistrobin,Азоксистробин,110.0,г/л
126-02-9774-0,Коалиция,spiroksamin,Спироксамин,150.0,г/л
126-02-9774-0,Коалиция,tebukonazol,Тебуконазол,125.0,г/л
021-02-3748-1,Кобальт,propikonazol,Пропиконазол,400.0,г/л
184(026)-03-2289-1,Кобра,pendimetalin,Пендиметалин,330.0,г/л
021-03-2837-1,Когорта,bentazon,Бентазон,330.0,г/л
021-03-2837-1,Когорта,fomesafen,Фомесафен,150.0,г/л
297-01-1412-1,Койот,imidakloprid,Имидаклоприд,600.0,г/л
178-01-3622-1,Койра,fipronil,Фипронил,250.0,г/л
021-01-4913-1,Коллайдер,hlorantraniliprol,Хлорантранилипрол,200.0,г/л
021-02-2590-1,Колосаль,tebukonazol,Тебуконазол,250.0,г/л
021-02-3017-1,Колосаль Про,propikonazol,Пропиконазол,300.0,г/л
021-02-3017-1,Колосаль Про,tebukonazol,Тебуконазол,200.0,г/л
262-02-634-1,Колфуго Супер,karbendazim,Карбендазим,200.0,г/л
314-07-744-1,КомКат,24-epibrassinolid,24-эпибрассинолид,0.025,г/л
046-01-1863-1,Командор,imidakloprid,Имидаклоприд,200.0,г/л
046-01-5061-1,Командор,imidakloprid,Имидаклоприд,200.0,г/л
046-01-2713-1,Командор Макси,imidakloprid,Имидаклоприд,700.0,г/кг
046-01-5049-1,Командор Макси,imidakloprid,Имидаклоприд,700.0,г/кг
010(086)-03-3626-1,Команч,klomazon,Кломазон,480.0,г/л
085-02-2863-1,Комиссар,propikonazol,Пропиконазол,300.0,г/л
085-02-2863-1,Комиссар,tebukonazol,Тебуконазол,200.0,г/л
058-03-2927-1,Комманд,klomazon,Кломазон,480.0,г/л
446-02-1525-1,Компакт,flutriafol,Флутриафол,250.0,г/л
201-03-4150-1,Комрад,desmedifam,Десмедифам,71.0,г/л
201-03-4150-1,Комрад,fenmedifam,Фенмедифам,91.0,г/л
201-03-4150-1,Комрад,etofumezat,Этофумезат,112.0,г/л
010-02-3047-1,Комфорт,karbendazim,Карбендазим,500.0,г/л
010-01-3979-1,Конвент,klotianidin,Клотианидин,70.0,г/л
010-01-3979-1,Конвент,spirotetramat,Спиротетрамат,120.0,г/л
019-03-2832-1,Конвизо 1,tienkarbazon-metil,Тиенкарбазон-метил,30.0,г/л
019-03-2832-1,Конвизо 1,foramsulfuron,Форамсульфурон,50.0,г/л
018-03-3995-1,Кондор,triflusulfuron-metil,Трифлусульфурон-метил,500.0,г/кг
018-03-3315-1,Кондор Форте,triflusulfuron-metil,Трифлусульфурон-метил,120.0,г/л
871-01-4807-1,Конрад,imidakloprid,Имидаклоприд,600.0,г/л
607-01-3732-1,Конрад,imidakloprid,Имидаклоприд,600.0,г/л
019-02-656-1,Консенто,propamokarb-gidrohlorid,Пропамокарб гидрохлорид,375.0,г/л
019-02-656-1,Консенто,fenamidon,Фенамидон,75.0,г/л
561-02-4379-1,Консенто Топ,propamokarb-gidrohlorid,Пропамокарб гидрохлорид,375.0,г/л
561-02-4379-1,Консенто Топ,fenamidon,Фенамидон,75.0,г/л
058-02-480-1,Консул,azoksistrobin,Азоксистробин,125.0,г/л
058-02-480-1,Консул,flutriafol,Флутриафол,125.0,г/л
966-02-4940-0,Консьерж,azoksistrobin,Азоксистробин,125.0,г/л
966-02-4940-0,Консьерж,flutriafol,Флутриафол,125.0,г/л
085-01-4494-1,Контадор,imidakloprid,Имидаклоприд,200.0,г/л
085-01-4492-1,Контадор Макси,imidakloprid,Имидаклоприд,600.0,г/л
002-03-3664-1,Контакт,metribuzin,Метрибузин,700.0,г/кг
126-02-9889-1,Контрабас,protiokonazol,Протиоконазол,100.0,г/л
126-02-9889-1,Контрабас,tebukonazol,Тебуконазол,60.0,г/л
126-02-9889-1,Контрабас,fluopiram,Флуопирам,20.0,г/л
б/н Конфибой,Конфибой,imidakloprid,Имидаклоприд,200.0,г/л
231-01-1028-1,Конфиделин Супер,imidakloprid,Имидаклоприд,700.0,г/кг
019-01-2064-1,Конфидор Экстра,imidakloprid,Имидаклоприд,700.0,г/кг
018-03-4126-1,Концепт,imazamoks,Имазамокс,38.0,г/л
018-03-4126-1,Концепт,hlorimuron-etil,Хлоримурон-этил,12.0,г/л
184(026)-02-4155-1,Копфорс Экстра,medi-gidroksid,Меди гидроксид,461.0,г/кг
184(026)-02-4155-1,Копфорс Экстра,tsimoksanila,Цимоксанила,60.0,г/кг
489-01-2630-1,Кораген,hlorantraniliprol,Хлорантранилипрол,200.0,г/л
008-01-2131-1,Корадо,imidakloprid,Имидаклоприд,200.0,г/л
543-01-2178-1,Корадо Лайт,imidakloprid,Имидаклоприд,50.0,г/л
126-03-9955-1,Корд,aklonifen,Аклонифен,600.0,г/л
029-03-2095-1,Кордус,nikosulfuron,Никосульфурон,500.0,г/кг
029-03-2095-1,Кордус,rimsulfuron,Римсульфурон,250.0,г/кг
029-03-2718-1,Кордус Плюс,dikamba,Дикамба,550.0,г/кг
866-03-4665-0,Кордус Плюс,dikamba,Дикамба,550.0,г/кг
029-03-2718-1,Кордус Плюс,nikosulfuron,Никосульфурон,92.0,г/кг
866-03-4665-0,Кордус Плюс,nikosulfuron,Никосульфурон,92.0,г/кг
029-03-2718-1,Кордус Плюс,rimsulfuron,Римсульфурон,23.0,г/кг
866-03-4665-0,Кордус Плюс,rimsulfuron,Римсульфурон,23.0,г/кг
866-03-4042-1,Кордус Форте,dikamba,Дикамба,510.42,г/кг
866-03-4042-1,Кордус Форте,izoksadifen-etil,Изоксадифен-этил,31.25,г/кг
866-03-4042-1,Кордус Форте,nikosulfuron,Никосульфурон,62.48,г/кг
866-03-4042-1,Кордус Форте,rimsulfuron,Римсульфурон,31.25,г/кг
018-07-1869-1,Коренник,4-maslyanaya-kislota,4 масляная кислота,5.0,г/кг
021-07-3934-1,Корень Супер,4-maslyanaya-kislota,4 масляная кислота,5.0,г/кг
156-01-3502-1,Корморан,atsetamiprid,Ацетамиприд,80.0,г/л
156-01-3502-1,Корморан,novaluron,Новалурон,100.0,г/л
427-07-919-1,Корневин,4-maslyanaya-kislota,4 масляная кислота,5.0,г/кг
018-03-2258-1,Корнеги,2-4-d,"2,4-Д",80.0,г/л
018-03-2258-1,Корнеги,nikosulfuron,Никосульфурон,30.0,г/л
018-03-2258-1,Корнеги,terbutilazin,Тербутилазин,250.0,г/л
018-03-4646-1,Корнеги Плюс,2-4-d,"2,4-Д",80.0,г/л
018-03-4646-1,Корнеги Плюс,klopiralid,Клопиралид,40.0,г/л
018-03-4646-1,Корнеги Плюс,nikosulfuron,Никосульфурон,30.0,г/л
018-03-4646-1,Корнеги Плюс,terbutilazin,Тербутилазин,250.0,г/л
012-07-3073-1,Корней,4-maslyanaya-kislota,4 масляная кислота,5.0,г/кг
046-07-3941-1,Корнерост М,4-maslyanaya-kislota,4 масляная кислота,5.0,г/кг
046-07-5079-1,Корнерост М,4-maslyanaya-kislota,4 масляная кислота,5.0,г/кг
008-07-1288-1,Корнестим,4-maslyanaya-kislota,4 масляная кислота,5.0,г/кг
002-03-4763-0,Корникос,nikosulfuron,Никосульфурон,40.0,г/л
097-03-630-1,Корникос,nikosulfuron,Никосульфурон,40.0,г/л
002-03-4435-0,Корнкордия,dikamba,Дикамба,96.0,г/л
002-03-4435-0,Корнкордия,mezotrion,Мезотрион,75.0,г/л
002-03-4435-0,Корнкордия,nikosulfuron,Никосульфурон,37.5,г/л
010-03-2161-1,Корректор,klopiralid,Клопиралид,300.0,г/л
184(026)-03-3056-1,Коррида,tribenuron-metil,Трибенурон-метил,750.0,г/кг
021-03-2586-1,Корсар,bentazon,Бентазон,480.0,г/л
021-03-2051-1,Корсар Супер,bentazon,Бентазон,400.0,г/л
021-03-2051-1,Корсар Супер,imazamoks,Имазамокс,25.0,г/л
356-01-1044-1,Кортлис,imidakloprid,Имидаклоприд,200.0,г/л
356-01-9931-1,Кортлис,imidakloprid,Имидаклоприд,200.0,г/л
224-03-1120-1,Корум,bentazon,Бентазон,480.0,г/л
224-03-9936-0,Корум,bentazon,Бентазон,480.0,г/л
224-03-1120-1,Корум,imazamoks,Имазамокс,22.4,г/л
224-03-9936-0,Корум,imazamoks,Имазамокс,22.4,г/л
504-02-1985-1,Косайд Супер,medi-gidroksid,Меди гидроксид,350.0,г/л
018-07-2500-1,Костандо,trineksapak-etil,Тринексапак-этил,250.0,г/л
699-01-4707-1,Кофенрин Плюс,bifentrin,Бифентрин,50.0,г/л
699-01-4707-1,Кофенрин Плюс,imidakloprid,Имидаклоприд,250.0,г/л
699-01-10062-0,Кофенрин Экстра,bifentrin,Бифентрин,100.0,г/л
699-01-10062-0,Кофенрин Экстра,klotianidin,Клотианидин,100.0,г/л
126-01-10042-1,Крайт,bifentrin,Бифентрин,22.0,г/л
126-01-10042-1,Крайт,tiametoksam,Тиаметоксам,120.0,г/л
126-01-10042-1,Крайт,fipronil,Фипронил,60.0,г/л
126-01-4045-0,Кракен,imidakloprid,Имидаклоприд,200.0,г/л
010-01-4768-1,Красицепс,hlorpirifos,Хлорпирифос,500.0,г/л
010-01-4768-1,Красицепс,tsipermetrin,Циперметрин,50.0,г/л
"424(043,042)-03-2252-1",Кратерр,prometrin,Прометрин,500.0,г/л
058-01-4338-1,Крафт,abamektin,Абамектин,36.0,г/кг
021-02-4880-0,Кредо,g-l-karbendazim,Г/л карбендазим,500.0,г/л
021-02-1740-1,Кредо,karbendazim,Карбендазим,500.0,г/л
389-02-3563-1,Крезаксин,krezoksim-metil,Крезоксим-метил,500.0,г/кг
342-07-2099-1,"Крезацин, КРП",ortokrezoksiuksusnoy-kisloty,Ортокрезоксиуксусной кислоты,950.0,г/кг
459-07-1645-1,Крезолан,ortokrezoksiuksusnoy-kisloty,Ортокрезоксиуксусной кислоты,480.0,г/л
021-03-2017-1,Крейцер,nikosulfuron,Никосульфурон,650.0,г/кг
021-03-2017-1,Крейцер,tifensulfuron-metil,Тифенсульфурон-метил,60.0,г/кг
021-03-2017-1,Крейцер,florasulam,Флорасулам,40.0,г/кг
008-07-1585-1,Крепень,hlormekvathlorid,Хлормекватхлорид,600.0,г/л
126-03-3982-1,Крепошанс,penoksulam,Пеноксулам,25.0,г/л
764-07-3298-1,"Крептон, КРП",ortokrezoksiuksusnoy-kisloty,Ортокрезоксиуксусной кислоты,100.0,г/кг
178-02-3365-1,Крестраж,protiokonazol,Протиоконазол,80.0,г/л
178-02-3365-1,Крестраж,tebukonazol,Тебуконазол,160.0,г/л
046-03-4530-1,Кригер,klopiralid,Клопиралид,267.0,г/л
046-03-5071-1,Кригер,klopiralid,Клопиралид,267.0,г/л
046-03-4530-1,Кригер,pikloram,Пиклорам,67.0,г/л
046-03-5071-1,Кригер,pikloram,Пиклорам,67.0,г/л
010-02-2867-1,Кристалл,boskalid,Боскалид,90.0,г/л
010-02-2867-1,Кристалл,piraklostrobin,Пираклостробин,100.0,г/л
010-02-2867-1,Кристалл,epoksikonazol,Эпоксиконазол,160.0,г/л
018-03-10066-0,Кронверк,mtspa,МЦПА,500.0,г/л
966-01-4893-0,Кропаген,hlorantraniliprol,Хлорантранилипрол,200.0,г/л
966-02-4892-0,Кропгард,imazalil,Имазалил,15.0,г/л
966-02-4892-0,Кропгард,tiabendazol,Тиабендазол,25.0,г/л
966-02-4892-0,Кропгард,flutriafola,Флутриафола,37.5,г/л
966-03-4834-0,Кропресс,tribenuron-metil,Трибенурон-метил,750.0,г/кг
699-03-4319-1,Кроприш,fluazifop-p-butil,Флуазифоп-П-бутил,150.0,г/л
966-03-4831-0,Кропстар,tribenuron-metil,Трибенурон-метил,750.0,г/кг
966-03-4891-0,Кропстар Мега,tifensulfuron-metil,Тифенсульфурон-метил,250.0,г/кг
966-03-4891-0,Кропстар Мега,tribenuron-metil,Трибенурон-метил,500.0,г/кг
021-09-1822-1,Кротомет,alliumsativum,Аlliumsativum,150.0,г/кг
126-01-3574-1,Кругозор,tiametoksam,Тиаметоксам,600.0,г/л
041-01-9719-0,Круйзер,tiametoksam,Тиаметоксам,350.0,г/л
041-07-4165-1,Круйзер,tiametoksam,Тиаметоксам,600.0,г/л
041-01-873-1,Круйзер,tiametoksam,Тиаметоксам,350.0,г/л
041-01-2974-1,Круйзер,tiametoksam,Тиаметоксам,600.0,г/л
041-01(02)-2548-1,Круйзер Рапс,mefenoksam,Мефеноксам,32.3,г/л
041-01(02)-2548-1,Круйзер Рапс,tiametoksam,Тиаметоксам,280.0,г/л
041-01(02)-2548-1,Круйзер Рапс,fludioksonila,Флудиоксонила,8.0,г/л
178-03-646-1,Круцифер,klopiralid,Клопиралид,267.0,г/л
178-03-646-1,Круцифер,pikloram,Пиклорам,67.0,г/л
178-03-4828-1,"Круцифер, ВР",klopiralid,Клопиралид,267.0,г/л
178-03-4828-1,"Круцифер, ВР",pikloram,Пиклорам,67.0,г/л
010-02-2808-1,Крёз,boskalid,Боскалид,200.0,г/л
010-02-2808-1,Крёз,krezoksim-metil,Крезоксим-метил,100.0,г/л
590(297)-03-3540-1,Ксиор,florasulam,Флорасулам,75.0,г/л
590(297)-03-3540-1,Ксиор,flumetsulam,Флуметсулам,100.0,г/л
070-03-4802-1,Кугард,mezotrion,Мезотрион,75.0,г/л
070-03-4802-1,Кугард,nikosulfuron,Никосульфурон,30.0,г/л
900-07-4298-1,Кудос,progeksadion-kaltsiya,Прогексадион кальция,100.0,г/кг
021-02-1744-1,Кумир,medi-sulfat,Меди сульфат,345.0,г/л
021-02-4737-1,Кумир,medi-sulfat,Меди сульфат,345.0,г/л
014-02-1779-1,Кумулус ДФ,sera,Сера,800.0,г/кг
184(026)-01-2273-1,Кунгфу,lyambda-tsigalotrin,Лямбда-цигалотрин,50.0,г/л
184(040)-01-1160-1,Кунгфу Супер,lyambda-tsigalotrin,Лямбда-цигалотрин,106.0,г/л
184-01-10048-0,Кунгфу Супер,lyambda-tsigalotrin,Лямбда-цигалотрин,106.0,г/л
184(040)-01-1160-1,Кунгфу Супер,tiametoksam,Тиаметоксам,141.0,г/л
184-01-10048-0,Кунгфу Супер,tiametoksam,Тиаметоксам,141.0,г/л
018-03-2195-1,Купаж,tifensulfuron-metil,Тифенсульфурон-метил,750.0,г/кг
389-02-2067-1,Купидон Голд,medi-gidrookis,Меди гидроокись,770.0,г/кг
056-02-1952-1,Куприкол,medi-hlorokis,Меди хлорокись,200.0,г/л
024-02-1301-1,Купроксат,medi-sulfat,Меди сульфат,345.0,г/л
012-02-3844-1,Купролюкс,medi-hlorokis,Меди хлорокись,689.5,г/кг
012-02-3844-1,Купролюкс,tsimoksanil,Цимоксанил,42.0,г/кг
141-06-3336-1,Курант,brodifakum,Бродифакум,2.5,г/л
029-02-2069-1,Курзат Р,medi-hlorokis,Меди хлорокись,689.5,г/кг
029-02-2069-1,Курзат Р,tsimoksanil,Цимоксанил,42.0,г/кг
866-02-4726-0,Курзат Р КА,medi-hlorokis,Меди хлорокись,689.5,г/кг
866-02-4726-0,Курзат Р КА,tsimoksanil,Цимоксанил,42.0,г/кг
064-01-3548-1,Куррито,lyambda-tsigalotrin,Лямбда-цигалотрин,106.0,г/л
064-01-3548-1,Куррито,tiametoksam,Тиаметоксам,141.0,г/л
446-03-1540-1,Курсар,imazamoks,Имазамокс,40.0,г/л
156-02-1926-1,Кустодия,azoksistrobin,Азоксистробин,120.0,г/л
156-02-1926-1,Кустодия,tebukonazol,Тебуконазол,200.0,г/л
971-03-4988-0,Кэйталин,glifosat,Глифосат,540.0,г/л
971-03-4980-0,Кэйталин Экстра,glifosat,Глифосат,687.0,г/кг
082-02-10082-0,Кэнсел,flutriafol,Флутриафол,250.0,г/л
082-02-1031-1,Кэнсел,flutriafol,Флутриафол,250.0,г/л
097-03-1849-1,Лабрадор,propizohlor,Пропизохлор,720.0,г/л
101-02-4351-1,Лавибакт,lactobacillus-plantarum,Lactobacillus plantarum,1000000000.0,КОЕ/см³
590(297)-03-3539-1,Ладон про,propizohlor,Пропизохлор,720.0,г/л
021-03-1725-1,Лазурит,metribuzin,Метрибузин,700.0,г/кг
021-03-3066-1,Лазурит Супер,metribuzin,Метрибузин,270.0,г/л
021-03-3720-1,Лазурит Т,metribuzin,Метрибузин,700.0,г/кг
021-03-2652-1,Лазурит Ультра,metribuzin,Метрибузин,600.0,г/л
148-03(04)-3599-1,Лайфлайн,glyufosinat-ammoniy,Глюфосинат аммоний,280.0,г/л
184(026)-03-3494-1,Лама,mefenpir-dietil,Мефенпир-диэтил,75.0,г/л
184(026)-03-3494-1,Лама,fenoksaprop-p-etil,Феноксапроп-п-этил,69.0,г/л
б/н Лама 100,Лама 100,klokvintoset-meksil,Клоквинтосет-мексил,27.0,г/л
б/н Лама 100,Лама 100,fenoksaprop-p-etil,Феноксапроп-п-этил,100.0,г/л
019-02-2016-1,Ламадор,protiokonazol,Протиоконазол,250.0,г/л
019-02-2016-1,Ламадор,tebukonazol,Тебуконазол,150.0,г/л
019-02-4278-0,Ламадор Про,protiokonazol,Протиоконазол,100.0,г/л
019-02-4278-0,Ламадор Про,tebukonazol,Тебуконазол,60.0,г/л
019-02-4278-0,Ламадор Про,fluopiram,Флуопирам,20.0,г/л
085-03-3016-1,Ламбада,2-4-d,"2,4-Д",300.0,г/л
085-03-3016-1,Ламбада,florasulam,Флорасулам,6.25,г/л
971-04(03)-9770-0,Ламонд,dikvat-dibromida,Дикват дибромида,373.0,г/л
642-03-2918-1,Ланкастер,kletodim,Клетодим,240.0,г/л
029-01-808-1,Ланнат,metomil,Метомил,250.0,г/кг
009-03-2795-1,Ланцелот 450,aminopiralid,Аминопиралид,300.0,г/кг
009-03-2795-1,Ланцелот 450,florasulam,Флорасулам,150.0,г/кг
021-02-4538-1,Ланцея,pikoksistrobin,Пикоксистробин,100.0,г/л
021-02-4538-1,Ланцея,protiokonazol,Протиоконазол,125.0,г/л
489-03-2951-1,Ларен Мет Про,metsulfuron-metil,Метсульфурон-метил,600.0,г/кг
029-03-1199-1,Ларен Про,metsulfuron-metil,Метсульфурон-метил,600.0,г/кг
010-07-3391-1,Лариксифол,digidrokvertsetin,Дигидрокверцетин,50.0,г/л
278-02-4109-1,Ларимар,tebukonazol,Тебуконазол,60.0,г/л
278-02-4109-1,Ларимар,tiabendazol,Тиабендазол,80.0,г/л
050-03-2967-1,Ларт,dikamba,Дикамба,480.0,г/л
082-01-3049-1,Лассо,lyambda-tsigalotrin,Лямбда-цигалотрин,50.0,г/л
021-03-4006-1,Ластик Топ,klodinafop-propargil,Клодинафоп-пропаргил,60.0,г/л
021-03-4006-1,Ластик Топ,klokvintoset-meksil,Клоквинтосет-мексил,40.0,г/л
021-03-4006-1,Ластик Топ,fenoksaprop-p-etil,Феноксапроп-п-этил,90.0,г/л
021-03-2972-1,Ластик Экстра,klokvintoset-meksil,Клоквинтосет-мексил,40.0,г/л
021-03-2972-1,Ластик Экстра,fenoksaprop-p-etil,Феноксапроп-п-этил,70.0,г/л
019-03-2868-1,Лаудис,izoksadifen-etila,Изоксадифен-этила,100.0,г/кг
019-03-2868-1,Лаудис,tembotrion,Темботрион,200.0,г/кг
010-03-3582-1,Левират,2-4-d,"2,4-Д",550.0,г/л
086(197)-03-1332-1,Легат,kletodim,Клетодим,240.0,г/л
781-03-4503-1,Леггеро Форте,klodinafop-propargil,Клодинафоп-пропаргил,240.0,г/л
781-03-4503-1,Леггеро Форте,klokvintoset-meksil,Клоквинтосет-мексил,60.0,г/л
774-03-3375-1,Легенда,mezotrion,Мезотрион,75.0,г/л
774-03-3375-1,Легенда,nikosulfuron,Никосульфурон,30.0,г/л
178-03-3981-1,Легион,kletodim,Клетодим,240.0,г/л
178-03-2598-1,Легион Комби,kletodim,Клетодим,240.0,г/л
023(197)-03-4594-1,Легионер,fluazifop-p-butil,Флуазифоп-П-бутил,150.0,г/л
085(086)-03-598-1,Лемур,kvizalofop-p-tefuril,Квизалофоп-п-тефурил,40.0,г/л
546-03-2194-1,Лентагран 600,piridat,Пиридат,600.0,г/л
435-01-1492-1,Лепидобактоцид,bacillus-thuringiensis,Bacillus thuringiensis,10000000000.0,спор/г
034-01-2886-1,Лепидоцид,bacillus-thuringiensissubsp,Bacillus thuringiensissubsp,60000000000.0,спор/г
034-01-2882-1,Лепидоцид,bacillus-thuringiensissubsp,Bacillus thuringiensissubsp,10000000000.0,спор/Мл
242-01-1570-1,Лептоцид,bacillus-thuringiensis,Bacillus thuringiensis,1000000000.0,КОЕ/Мл
126-03-4534-1,Лерашанс,klopiralid,Клопиралид,267.0,г/л
126-03-4534-1,Лерашанс,pikloram,Пиклорам,67.0,г/л
021-02-3404-1,Либертадор,tsiazofamid,Циазофамид,160.0,г/л
178-03-1400-1,Лигат,kletodim,Клетодим,150.0,г/л
178-03-9601-1,Лигат,kletodim,Клетодим,150.0,г/л
178-03-1400-1,Лигат,hizalofop-p-etil,Хизалофоп-п-этил,65.0,г/л
178-03-9601-1,Лигат,hizalofop-p-etil,Хизалофоп-п-этил,65.0,г/л
046-03-1272-1,Лидер,desmedifam,Десмедифам,71.0,г/л
046-03-5044-1,Лидер,desmedifam,Десмедифам,71.0,г/л
046-03-1272-1,Лидер,fenmedifam,Фенмедифам,91.0,г/л
046-03-5044-1,Лидер,fenmedifam,Фенмедифам,91.0,г/л
046-03-1272-1,Лидер,etofumezat,Этофумезат,112.0,г/л
046-03-5044-1,Лидер,etofumezat,Этофумезат,112.0,г/л
024-03-2819-1,Линтаплант,mtspa,МЦПА,500.0,г/л
041-03-490-1,Линтур,dikamba,Дикамба,659.0,г/кг
041-03-4804-1,Линтур,dikamba,Дикамба,659.0,г/кг
041-03-490-1,Линтур,triasulfuron,Триасульфурон,41.0,г/кг
041-03-4804-1,Линтур,triasulfuron,Триасульфурон,41.0,г/кг
653-03-4185-1,Лира,kvizalofop-p-tefuril,Квизалофоп-п-тефурил,40.0,г/л
041-01-2682-1,Лирум,abamektin,Абамектин,18.0,г/л
041-01-2682-1,Лирум,tsiantraniliprol,Циантранилипрол,60.0,г/л
041-03-2668-1,Листего Про,imazamoks,Имазамокс,50.0,г/л
586-03-3875-1,Логано,mezotrion,Мезотрион,480.0,г/л
041-03-1696-1,Логран,triasulfuron,Триасульфурон,750.0,г/кг
699-03-9884-1,Локсуфон Экстра,piroksasulfon,Пироксасульфон,850.0,г/кг
018-01-9830-0,Локустин,diflubenzuron,Дифлубензурон,125.0,г/л
018-01-1057-1,Локустин,diflubenzuron,Дифлубензурон,125.0,г/л
018-01-9830-0,Локустин,imidakloprid,Имидаклоприд,110.0,г/л
018-01-1057-1,Локустин,imidakloprid,Имидаклоприд,110.0,г/л
156-03-4310-1,Лонган,klopiralid,Клопиралид,300.0,г/л
192(424)-03-2550-1,Лонтерр,klopiralid,Клопиралид,750.0,г/кг
009-03-1253-1,Лонтрел гранд,klopiralid,Клопиралид,750.0,г/кг
866-03-4670-0,Лонтрел гранд КА,klopiralid,Клопиралид,750.0,г/кг
009-03-1235-1,Лонтрел-300,klopiralid,Клопиралид,300.0,г/л
018-03-2800-1,Лорнет,klopiralid,Клопиралид,300.0,г/л
142-04-3958-1,Лост,dikvata-dibromida,Диквата дибромида,150.0,г/л
019-02-4979-0,Луна Транквилити,pirimetanil,Пириметанил,375.0,г/л
019-02-574-1,Луна Транквилити,pirimetanil,Пириметанил,375.0,г/л
019-02-4979-0,Луна Транквилити,fluopiram,Флуопирам,125.0,г/л
019-02-574-1,Луна Транквилити,fluopiram,Флуопирам,125.0,г/л
019-02-2037-1,Луна Экспириенс,tebukonazol,Тебуконазол,200.0,г/л
019-02-2037-1,Луна Экспириенс,fluopiram,Флуопирам,200.0,г/л
886-03-9882-0,Люгер,2-4-d,"2,4-Д",300.0,г/л
606-03-3746-1,Люгер,2-4-d,"2,4-Д",300.0,г/л
886-03-9882-0,Люгер,florasulam,Флорасулам,6.25,г/л
606-03-3746-1,Люгер,florasulam,Флорасулам,6.25,г/л
041-03-3487-1,Люмакс,mezotrion,Мезотрион,37.5,г/л
041-03-3487-1,Люмакс,s-metolahlor,С-метолахлор,375.0,г/л
041-03-3487-1,Люмакс,terbutilazin,Тербутилазин,125.0,г/л
029-01-2241-1,Люмипоса,tsiantraniliprol,Циантранилипрол,625.0,г/л
866-01-4613-1,Люмипоса КА,tsiantraniliprol,Циантранилипрол,625.0,г/л
029-02-2826-1,Люмисена,oksatiapiprolin,Оксатиапипролин,200.0,г/л
866-02-4757-0,Люмисена КА,oksatiapiprolin,Оксатиапипролин,200.0,г/л
869-02-4253-1,Люмифлекс,ipkonazol,Ипконазол,452.0,г/л
041-01-2538-1,Люфокс,lyufenuron,Люфенурон,30.0,г/л
041-01-2538-1,Люфокс,fenoksikarb,Феноксикарб,75.0,г/л
004(549)-01-5024-1,Лямбда-С,lyambda-tsigalotrin,Лямбда-цигалотрин,50.0,г/л
389-01-4294-1,Мабет,abamektin,Абамектин,18.0,г/л
156-01-2854-1,Маврик,tau-flyuvalinat,Тау-флювалинат,240.0,г/л
156-02-4473-1,Маганик,difenokonazol,Дифеноконазол,125.0,г/л
156-02-4473-1,Маганик,protiokonazol,Протиоконазол,175.0,г/л
148-01-2000-1,Магна,magniya-fosfid,Магния фосфид,660.0,г/кг
192-02-4877-1,Магнат Тотал,tritikonazol,Тритиконазол,50.0,г/л
192-02-631-1,Магнат Тотал,tritikonazol,Тритиконазол,50.0,г/л
192-02-4877-1,Магнат Тотал,fludioksanil,Флудиоксанил,25.0,г/л
192-02-631-1,Магнат Тотал,fludioksonil,Флудиоксонил,25.0,г/л
041-02-1668-1,Магнелло,difenokonazol,Дифеноконазол,250.0,г/л
041-02-1668-1,Магнелло,tebukonazol,Тебуконазол,100.0,г/л
010-03-4929-1,Магнификус,amidosulfuron,Амидосульфурон,100.0,г/л
010-03-4929-1,Магнификус,yodosulfuron-metil-natriy,Йодосульфурон-метил-натрий,25.0,г/л
010-03-4929-1,Магнификус,mefenpir-dietil,Мефенпир-диэтил,250.0,г/л
092-01-2135-1,Магнифос,magniya-fosfid,Магния фосфид,660.0,г/кг
021-03-1798-1,Магнум,metsulfuron-metil,Метсульфурон-метил,600.0,г/кг
021-03-3532-1,Магнум Супер,metsulfuron-metil,Метсульфурон-метил,300.0,г/кг
021-03-3532-1,Магнум Супер,tribenuron-metil,Трибенурон-метил,450.0,г/кг
057-01-2021-1,Магтоксин,magniya-fosfid,Магния фосфид,560.0,г/кг
057-01-2020-1,Магтоксин,magniya-fosfid,Магния фосфид,660.0,г/кг
178-03-2917-1,Маис,rimsulfuron,Римсульфурон,250.0,г/кг
019-03-2409-1,МайсТер,izoksadifen-etil,Изоксадифен-этил,300.0,г/кг
019-03-2409-1,МайсТер,yodosulfuron-metil-natriy,Йодосульфурон-метил-натрий,10.0,г/кг
019-03-2409-1,МайсТер,foramsulfuron,Форамсульфурон,300.0,г/кг
019-03-4081-1,МайсТер Пауэр,yodosulfuron-metil-natriy,Йодосульфурон-метил-натрий,1.0,г/л
019-03-4081-1,МайсТер Пауэр,tienkarbazon-metil,Тиенкарбазон-метил,10.0,г/л
019-03-4081-1,МайсТер Пауэр,foramsulfuron,Форамсульфурон,31.5,г/л
019-03-4081-1,МайсТер Пауэр,tsiprosulfamid,Ципросульфамид,15.0,г/л
018-01-9985-0,Маклауд,lyambda-tsigalotrin,Лямбда-цигалотрин,20.0,г/л
018-01-9985-0,Маклауд,metomil,Метомил,250.0,г/л
866-03-9997-0,Макой,klodinafop-propargil,Клодинафоп-пропаргил,90.0,г/л
866-03-9997-0,Макой,mefenpir-dietil,Мефенпир-диэтил,40.0,г/л
866-03-9997-0,Макой,fenoksaprop-p-etil,Феноксапроп-п-этил,90.0,г/л
192-03-3277-1,Макси Злак,kletodim,Клетодим,120.0,г/л
041-02-4335-0,Максим,fludioksonil,Флудиоксонил,25.0,г/л
041-02-1018-1,Максим 480,fludioksonil,Флудиоксонил,480.0,г/л
041-02-9999-0,Максим 480,fludioksonil,Флудиоксонил,480.0,г/л
014-02-2628-1,Максим Адванс,mefenoksam,Мефеноксам,20.0,г/л
014-02-2628-1,Максим Адванс,tiabendazol,Тиабендазол,150.0,г/л
041-02-2077-1,Максим Голд,mefenoksam,Мефеноксам,10.0,г/л
041-02-2077-1,Максим Голд,fludioksonil,Флудиоксонил,25.0,г/л
012-02-4653-1,Максим Дачник,fludioksonil,Флудиоксонил,25.0,г/л
041-02-872-1,Максим Кватро,azoksistrobin,Азоксистробин,15.0,г/л
041-02-9701-0,Максим Кватро,azoksistrobin,Азоксистробин,15.0,г/л
041-02-872-1,Максим Кватро,mefenoksam,Мефеноксам,30.0,г/л
041-02-9701-0,Максим Кватро,mefenoksama,Мефеноксама,30.0,г/л
041-02-872-1,Максим Кватро,tiabendazol,Тиабендазол,300.0,г/л
041-02-9701-0,Максим Кватро,tiabendazol,Тиабендазол,300.0,г/л
041-02-872-1,Максим Кватро,fludioksonil,Флудиоксонил,37.5,г/л
041-02-9701-0,Максим Кватро,fludioksonil,Флудиоксонил,37.5,г/л
041-02-3992-1,Максим Плюс,difenokonazol,Дифеноконазол,25.0,г/л
041-02-3992-1,Максим Плюс,fludioksonil,Флудиоксонил,25.0,г/л
041-02-4164-1,Максим Форте,azoksistrobin,Азоксистробин,10.0,г/л
041-02-4164-1,Максим Форте,tebukonazol,Тебуконазол,15.0,г/л
041-02-4164-1,Максим Форте,fludioksonil,Флудиоксонил,25.0,г/л
041-02-1338-1,Максим Экстрим,fludioksonil,Флудиоксонил,18.7,г/л
041-02-1338-1,Максим Экстрим,tsiprokonazol,Ципроконазол,6.25,г/л
966-01-4973-0,Малатэкс,malation,Малатион,570.0,г/л
010-03-1577-1,Малахит,metamitron,Метамитрон,700.0,г/кг
201-02-4596-1,Малвин,kaptan,Каптан,800.0,г/кг
004(549)-03-5019-1,Малибу,triflusulfuron-metil,Трифлусульфурон-метил,120.0,г/л
866-03-9996-0,Мамай,glifosat,Глифосат,480.0,г/л
021-01-3102-1,Мамба,alfa-tsipermetrin,Альфа-ципермeтрин,150.0,г/л
148-02-2526-1,Манзат,mankotseb,Манкоцеб,750.0,г/кг
010-02-3818-1,Манифест,mankotseb,Манкоцеб,640.0,г/кг
010-02-3818-1,Манифест,mefenoksam,Мефеноксам,40.0,г/кг
102-02-1548-1,Манкодим,dimetomorf,Диметоморф,90.0,г/кг
102-02-1548-1,Манкодим,mankotseb,Манкоцеб,600.0,г/кг
184(026)-02-2256-1,Манкоцеб,mankotseb,Манкоцеб,800.0,г/кг
197-03-1373-1,Мантра,imazamoks,Имазамокс,33.0,г/л
197-03-1373-1,Мантра,imazapir,Имазапир,15.0,г/л
159-02-1025-1,Манфил,mankotseb,Манкоцеб,800.0,г/кг
402-03-4797-1,МарафонСоя,fomesafen,Фомесафен,250.0,г/л
192-03-1284-1,Мариус,metamitron,Метамитрон,700.0,г/л
192-03-9953-1,Мариус,metamitron,Метамитрон,700.0,г/л
082-03-4349-1,Маркос,imazamoks,Имазамокс,33.0,г/л
082-03-4349-1,Маркос,imazetapir,Имазетапир,50.0,г/л
015-01-722-1,Масай,tebufenpirad,Тебуфенпирад,200.0,г/кг
156-02-4522-1,Мастеркоп,medi-sulfat,Меди сульфат,259.0,г/л
021-01-2672-1,МатринБио,matrin,Матрин,5.0,г/л
021-01-4440-1,МатринБио БАУ,matrin,Матрин,0.025,г/л
366-07-1113-1,Матрица Роста,polidiallildimetilammoniy-hlorid,Полидиаллилдиметиламмоний хлорид,150.0,г/л
041-01-4413-0,Матч,lyufenuron,Люфенурон,50.0,г/л
866-03-10049-0,Маузер,2-4-d,"2,4-Д",280.0,г/л
866-03-10049-0,Маузер,klopiralid,Клопиралид,30.0,г/л
866-03-10049-0,Маузер,florasulam,Флорасулам,12.0,г/л
278-02-494-1,Маэстро,propikonazol,Пропиконазол,250.0,г/л
278-02-494-1,Маэстро,tsiprokonazol,Ципроконазол,80.0,г/л
082-03-1393-1,Мегалит,klopiralid,Клопиралид,267.0,г/л
082-03-1393-1,Мегалит,pikloram,Пиклорам,67.0,г/л
010-03(04)-3761-1,Мегаполис,glyufosinat-ammoniy,Глюфосинат аммоний,150.0,г/л
144-01-568-1,Медвегон,diazinon,Диазинон,40.0,г/кг
046-01-3041-1,Медветокс,diazinon,Диазинон,50.0,г/кг
046-01-5045-1,Медветокс,diazinon,Диазинон,50.0,г/кг
046-01-4181-1,Медветокс Форте,imidakloprid,Имидаклоприд,5.0,г/кг
046-01-5060-1,Медветокс Форте,imidakloprid,Имидаклоприд,5.0,г/кг
018-02-4498-1,Медея,difenokonazol,Дифеноконазол,50.0,г/л
018-02-4498-1,Медея,flutriafol,Флутриафол,30.0,г/л
018-01-4170-1,Медоуз,atsetamiprid,Ацетамиприд,200.0,г/л
097-03-2353-1,Мезокорн,mezotrion,Мезотрион,480.0,г/л
082-03-10093-0,Мезофлор,mezotrion,Мезотрион,100.0,г/л
082-03-10093-0,Мезофлор,nikosulfuron,Никосульфурон,40.0,г/л
082-03-10093-0,Мезофлор,florasulam,Флорасулам,4.5,г/л
010-03-2809-1,Меис,mezotrion,Мезотрион,480.0,г/л
018-01-1989-1,Мекар,abamektin,Абамектин,18.0,г/л
547-07-3294-1,Мелафен,melaminovaya-sol-bis-fosfinovoy-kisloty,Меламиновая соль бис фосфиновой кислоты,10.0,г/л
446-03-1539-1,Мелион,nikosulfuron,Никосульфурон,40.0,г/л
653-01-2960-1,Мелория,lyambda-tsigalotrin,Лямбда-цигалотрин,106.0,г/л
653-01-2960-1,Мелория,tiametoksam,Тиаметоксам,141.0,г/л
085-03-4140-1,Меридиан,klopiralid,Клопиралид,267.0,г/л
085-03-4140-1,Меридиан,pikloram,Пиклорам,67.0,г/л
213-03-1208-1,Мерлин,izoksaflyutol,Изоксафлютол,750.0,г/кг
019-03-2038-1,Мерлин Флекс,izoksaflyutol,Изоксафлютол,240.0,г/л
019-03-2038-1,Мерлин Флекс,tsiprosulfamid,Ципросульфамид,240.0,г/л
156-02-2999-1,Мерпан,kaptan,Каптан,500.0,г/кг
018-02-3491-1,Мессер,mefenoksam,Мефеноксам,210.0,г/л
018-02-3491-1,Мессер,fludioksonil,Флудиоксонил,25.0,г/л
014-07-1182-1,Мессидор,mepikvat-hlorid,Мепикват-хлорид,300.0,г/л
014-07-1182-1,Мессидор,progeksadion-kaltsiya,Прогексадион кальция,50.0,г/л
130-03-3184-1,МетАлт,metsulfuron-metil,Метсульфурон-метил,600.0,г/кг
495-02-1941-1,Метабактерин,bacillus-subtilis,Bacillus subtilis,10000000000.0,КОЕ/г
495-02-1941-1,Метабактерин,methylobacteriumextorquensnvdbkmb-2879-d,Methylobacteriumextorquensnvdbkmb-2879 d,10000000000.0,КОЕ/г
495-02-1941-1,Метабактерин,validamitsinstreptomyces-hygroscopicussubsp-limoneus-vkpmas-,"Валидамицинstreptomyces hygroscopicussubsp, «limoneus» вкпмас-1966",0.5,г/кг
117-22-1518-1,Метабром-РФО,metilbromid,Метилбромид,980.0,г/кг
196-01-3937-1,Метавайт,bacillus-thuringiensisvar,Bacillus thuringiensisvar,1000000000.0,КОЕ/Мл
196-01-3937-1,Метавайт,beauveria-bassiana,Beauveria bassiana,100000000.0,КОЕ/Мл
196-01-3937-1,Метавайт,metarhizium-anisopliae,Metarhizium anisopliae,10000000.0,КОЕ/Мл
196-01-3937-1,Метавайт,streptomyces-sp,Streptomyces sp,100000.0,КОЕ/Мл
021-02-4273-1,Метаксил,mankotseb,Манкоцеб,640.0,г/кг
021-02-4273-1,Метаксил,metalaksil,Металаксил,80.0,г/кг
018-02-4263-1,Метамил МЦ,mankotseb,Манкоцеб,640.0,г/кг
018-02-4263-1,Метамил МЦ,metalaksil,Металаксил,80.0,г/кг
002-03-3975-1,Метамир,metamitron,Метамитрон,700.0,г/л
242-01-416-1,Метаризин,metarhizium-anisopliae,Metarhizium anisopliae,100000000.0,КОЕ/Мл
050(360)-03-1059-1,Метарон,metamitron,Метамитрон,700.0,г/кг
607-03-3728-1,Метас,imazamoks,Имазамокс,40.0,г/л
148-03-4409-1,Метафол,metamitron,Метамитрон,700.0,г/л
082-03-9751-0,Метафор,metsulfuron-metil,Метсульфурон-метил,600.0,г/кг
126-02-1195-1,Меташанс,mankotseb,Манкоцеб,640.0,г/кг
126-02-1195-1,Меташанс,metalaksil,Металаксил,80.0,г/кг
063-02-2088-1,Метеор,medi-gidrookis,Меди гидроокись,770.0,г/кг
010-03-2904-1,Меткий,mezotrion,Мезотрион,75.0,г/л
010-03-2904-1,Меткий,nikosulfuron,Никосульфурон,30.0,г/л
097-03-554-1,Метметил,metsulfuron-metil,Метсульфурон-метил,600.0,г/кг
002-03-4938-1,Метметил,metsulfuron-metil,Метсульфурон-метил,600.0,г/кг
б/н Метолс,Метолс,s-metolahlor,С-метолахлор,960.0,г/л
050(360)-01-2978-1,Метомакс,bifentrina,Бифентрина,25.0,г/л
050(360)-01-2978-1,Метомакс,metomil,Метомил,250.0,г/л
389-01-9891-0,Метонат,metomil,Метомил,250.0,г/кг
389-01-3671-1,Метонат,metomil,Метомил,250.0,г/кг
050-03-4920-1,Метрибут,metribuzin,Метрибузин,500.0,г/л
322-03-4718-1,Метрифар 70,metribuzin,Метрибузин,700.0,г/кг
322-03-1202-1,Метрифар 70,metribuzin,Метрибузин,700.0,г/кг
467-07-1697-1,Мивал-Агро,1-hlormetilsilatran,1-хлорметилсилатран,190.0,г/кг
467-07-1697-1,Мивал-Агро,ortokrezoksiuksusnoy-kisloty-trietanolammonievaya-sol,Ортокрезоксиуксусной кислоты триэтаноламмониевая соль,760.0,г/кг
094-02-10069-0,Мигива,ipflufenokvin,Ипфлуфеноквин,200.0,г/л
010-03-3469-1,Мидас,2-4-d,"2,4-Д",410.0,г/л
010-03-3469-1,Мидас,florasulam,Флорасулам,15.0,г/л
139-02-4477-1,Микозар,bacillus-subtilis,Bacillus subtilis,50000000000.0,КОЕ/г
817-07-3677-1,Микромецен,natrievaya-sol-bis-fosfinovoy-kisloty,Натриевая соль бис фосфиновой кислоты,0.0001,г/л
148-02-4864-1,Микротиол Специаль,sera,Сера,800.0,г/кг
148-02-854-1,Микротиол Специаль,sera,Сера,800.0,г/кг
197(023)-02-3182-1,МиксФил,azoksistrobin,Азоксистробин,150.0,г/л
197(023)-02-3182-1,МиксФил,protiokonazol,Протиоконазол,120.0,г/л
617-02-9937-0,Миксам Голд,mefenoksam,Мефеноксам,10.0,г/л
617-02-9937-0,Миксам Голд,fludioksonil,Флудиоксонил,25.0,г/л
528-02-2114-1,Миксанил,hlorotalonil,Хлороталонил,375.0,г/л
528-02-2114-1,Миксанил,tsimoksanil,Цимоксанил,50.0,г/л
041-03-2979-1,Милагро Плюс,dikamba,Дикамба,220.0,г/л
041-03-2979-1,Милагро Плюс,nikosulfuron,Никосульфурон,50.0,г/л
278-03-4106-1,Милафорт,nikosulfuron,Никосульфурон,40.0,г/л
066-02-3553-1,Милдикат,fosfit-natriya,Фосфит натрия,250.0,г/л
066-02-3553-1,Милдикат,tsiazofamid,Циазофамид,25.0,г/л
085-03-4329-1,Милена,nikosulfuron,Никосульфурон,40.0,г/л
023-03-908-1,Минотавр,metamitron,Метамитрон,700.0,г/кг
197-02-3769-1,Минхати,flutriafol,Флутриафол,250.0,г/л
041-02-3556-1,Миравис,pidiflumetofen,Пидифлуметофен,200.0,г/л
041-02-4551-0,Миравис Дуо,difenokonazol,Дифеноконазол,125.0,г/л
041-02-4551-0,Миравис Дуо,pidiflumetofen,Пидифлуметофен,75.0,г/л
041-02-3557-1,Миравис Нео,azoksistrobin,Азоксистробин,100.0,г/л
041-02-3557-1,Миравис Нео,pidiflumetofen,Пидифлуметофен,75.0,г/л
041-02-3557-1,Миравис Нео,propikonazol,Пропиконазол,125.0,г/л
041-02-4009-1,Миравис Эйс,pidiflumetofen,Пидифлуметофен,150.0,г/л
041-02-4009-1,Миравис Эйс,propikonazol,Пропиконазол,125.0,г/л
126-03-9662-0,Мисо,klomazon,Кломазон,75.0,г/л
126-03-9662-0,Мисо,fomesafen,Фомесафен,222.0,г/л
018-02-2802-1,Мистерия,difenokonazol,Дифеноконазол,40.0,г/л
018-02-2802-1,Мистерия,piraklostrobin,Пираклостробин,80.0,г/л
018-02-2802-1,Мистерия,tebukonazol,Тебуконазол,80.0,г/л
156-03-3632-1,Мистраль Топ,metribuzin,Метрибузин,480.0,г/л
389-02-3564-1,Митар,tiram,Тирам,800.0,г/кг
018-03-2807-1,Митрон,metamitron,Метамитрон,700.0,г/л
021-03-2604-1,Миура,hizalofop-p-etil,Хизалофоп-п-этил,125.0,г/л
082-01-9846-0,Мичман,tiametoksam,Тиаметоксам,350.0,г/л
019-01-1232-1,Мовенто Энерджи,imidakloprid,Имидаклоприд,120.0,г/л
019-01-1232-1,Мовенто Энерджи,spirotetramat,Спиротетрамат,120.0,г/л
041-07-2326-1,Моддус,trineksapak-etil,Тринексапак-этил,250.0,г/л
041-07-10117-0,Моддус Форте,trineksapak-etil,Тринексапак-этил,250.0,г/л
192-03-1068-1,Модерн,2-4-d,"2,4-Д",412.0,г/л
192-03-10019-0,Модерн,2-4-d,"2,4-Д",412.0,г/л
192-03-1068-1,Модерн,nikosulfuron,Никосульфурон,80.0,г/л
192-03-10019-0,Модерн,nikosulfuron,Никосульфурон,80.0,г/л
192-03-1068-1,Модерн,florasulam,Флорасулам,8.0,г/л
192-03-10019-0,Модерн,florasulam,Флорасулам,8.0,г/л
192-03-3966-1,Модерн Премиум,mezotrion,Мезотрион,75.0,г/л
192-03-3966-1,Модерн Премиум,nikosulfuron,Никосульфурон,38.0,г/л
192-03-3966-1,Модерн Премиум,florasulam,Флорасулам,2.4,г/л
019-01-2794-1,Модесто,beta-tsiflutrin,Бета-цифлутрин,80.0,г/л
019-01-2794-1,Модесто,klotianidin,Клотианидин,400.0,г/л
019-01(02)-10039-0,Модесто Плюс,klotianidin,Клотианидин,300.0,г/л
019-02-1151-1,Модесто Плюс,klotianidin,Клотианидин,300.0,г/л
019-01(02)-10039-0,Модесто Плюс,fluoksastrobin,Флуоксастробин,90.0,г/л
019-02-1151-1,Модесто Плюс,fluoksastrobin,Флуоксастробин,90.0,г/л
019-01(02)-10039-0,Модесто Плюс,fluopikolid,Флуопиколид,120.0,г/л
019-02-1151-1,Модесто Плюс,fluopikolid,Флуопиколид,120.0,г/л
1012-03-10091-0,Мозогранд,glifosat,Глифосат,540.0,г/л
159-02-1026-1,Моксимэйт,mankotseb,Манкоцеб,640.0,г/кг
159-02-1026-1,Моксимэйт,tsimoksanil,Цимоксанил,80.0,г/кг
021-01-3034-1,Молетокс,esfenvalerat,Эсфенвалерат,50.0,г/л
046-01-4281-1,Молния,lyambda-tsigalotrin,Лямбда-цигалотрин,50.0,г/л
046-01-5029-1,Молния,lyambda-tsigalotrin,Лямбда-цигалотрин,50.0,г/л
046-01-3116-1,Молния Дуо,lyambda-tsigalotrin,Лямбда-цигалотрин,106.0,г/л
046-01-5035-1,Молния Дуо,lyambda-tsigalotrin,Лямбда-цигалотрин,106.0,г/л
046-01-3116-1,Молния Дуо,tiametoksam,Тиаметоксам,141.0,г/л
046-01-5035-1,Молния Дуо,tiametoksam,Тиаметоксам,141.0,г/л
046-01-3584-1,Молния Экстра,tsipermetrin,Циперметрин,250.0,г/л
046-01-5030-1,Молния Экстра,tsipermetrin,Циперметрин,250.0,г/л
050(360)-04-1116-1,Молоток,dikvat,Дикват,150.0,г/л
050-03-9683-0,Молоток,dikvata-dibromida,Диквата дибромида,280.0,г/л
178-03-3879-0,Момус,mtspa,МЦПА,500.0,г/л
178-03-4995-1,Момус,mtspa,МЦПА,500.0,г/л
184(040)-01-1271-1,Монарх,fipronil,Фипронил,800.0,г/кг
082-03-1309-1,Монолит,klopiralid,Клопиралид,750.0,г/кг
178-03-3906-1,Мономакс,dikamba,Дикамба,480.0,г/л
021-03-1704-1,Морион,diflyufenikan,Дифлюфеникан,100.0,г/л
021-03-1704-1,Морион,izoproturon,Изопротурон,500.0,г/л
021-03-3103-1,Мортира,tribenuron-metil,Трибенурон-метил,750.0,г/кг
141-06-3437-1,Морторат,brodifakum,Бродифакум,0.05,г/кг
094-01-1159-1,Моспилан,atsetamiprid,Ацетамиприд,200.0,г/кг
021-03-3288-1,Мохофф,pelargonovaya-kislota,Пеларгоновая кислота,525.0,г/л
699-03-9810-0,Мощь,mtspa,МЦПА,500.0,г/л
021-01-4775-1,Муравьед Био,spinosad,Спиносад,10.0,г/л
046-01-3040-1,Муравьин,diazinon,Диазинон,50.0,г/кг
046-01-5075-1,Муравьин,diazinon,Диазинон,50.0,г/кг
046-01-3439-1,Муравьин Форте,imidakloprid,Имидаклоприд,5.0,г/кг
046-01-5065-1,Муравьин Форте,imidakloprid,Имидаклоприд,5.0,г/кг
742-03-3242-1,Мурал,dikamba,Дикамба,480.0,г/л
021-01-2606-1,Мухоед,diazinon,Диазинон,40.0,г/кг
019-03-3480-1,Мушкет Плюс,2-4-d,"2,4-Д",285.2,г/л
019-03-3480-1,Мушкет Плюс,yodosulfuron-metil-natriya,Йодосульфурон-метил-натрия,5.0,г/л
019-03-3480-1,Мушкет Плюс,mefenpir-dietila,Мефенпир-диэтила,25.0,г/л
126-01-9856-1,Мушкетер,hlorantraniliprol,Хлорантранилипрол,200.0,г/л
010-03-3241-1,Мэр,metribuzin,Метрибузин,480.0,г/л
042-03-4950-0,Навиет,s-metolahlor,С-метолахлор,960.0,г/л
178-01(02)-3957-1,Нагайна,klotianidin,Клотианидин,390.0,г/л
178-01(02)-3957-1,Нагайна,tebukonazol,Тебуконазол,30.0,г/л
178-01(02)-3957-1,Нагайна,tiabendazol,Тиабендазол,40.0,г/л
126-03-2504-1,Наношанс,bentazon,Бентазон,480.0,г/л
126-03-4850-0,Наношанс Супер,bentazon,Бентазон,420.0,г/л
126-03-4850-0,Наношанс Супер,imazamoks,Имазамокс,20.5,г/л
004(549)-03-5018-0,Напалм-480,glifosat,Глифосат,480.0,г/л
549-03-4947-0,Напалм-480,glifosat,Глифосат,480.0,г/л
549-03-4854-0,Напалм-540,glifosat,Глифосат,540.0,г/л
102-03-1547-1,Нарвал,nikosulfuron,Никосульфурон,40.0,г/л
148-02-3379-1,Наутиль,mankotseb,Манкоцеб,680.0,г/кг
148-02-3379-1,Наутиль,tsimoksanil,Цимоксанил,50.0,г/кг
021-03-3459-1,Нексус,fomesafen,Фомесафен,240.0,г/л
825-05-3758-1,Нематофагин-Микопро,shtamm-arthrobotrys-oligospora-f-1303,Штамм arthrobotrys oligospora f-1303,3000000.0,спор/г
178-03-2666-1,Нерта,diflyufenikan,Дифлюфеникан,100.0,г/л
178-03-2666-1,Нерта,izoproturon,Изопротурон,500.0,г/л
085-07-2125-1,Нертус ПлантаПег,guminovye-kisloty,Гуминовые кислоты,4.0,г/л
085-07-2125-1,Нертус ПлантаПег,polietilenglikol-1500,Полиэтиленгликоль-1500,500.0,г/л
085-07-2125-1,Нертус ПлантаПег,polietilenglikol-400,Полиэтиленгликоль-400,300.0,г/л
277-03-488-1,Никобел,nikosulfuron,Никосульфурон,40.0,г/л
607-03-3731-1,Никос,nikosulfuron,Никосульфурон,40.0,г/л
871-03-10000-0,Никос,nikosulfuron,Никосульфурон,40.0,г/л
376-03-3705-1,Никосав,nikosulfuron,Никосульфурон,40.0,г/л
066-03-434-1,Ниссин,nikosulfuron,Никосульфурон,40.0,г/л
066-03-462-1,Ниссин Экстра,nikosulfuron,Никосульфурон,60.0,г/л
094-01-1333-1,Ниссоран,geksitiazoks,Гекситиазокс,250.0,г/л
900-07-4297-1,Новагиб,gibberellinovye-kisloty-a4-a7,"Гиббереллиновые кислоты а4, а7",10.0,г/л
010-01-4039-1,Новацет,atsetamiprid,Ацетамиприд,80.0,г/л
010-01-4039-1,Новацет,novaluron,Новалурон,100.0,г/л
184(026)-01-3935-1,Новинс,diflubenzuron,Дифлубензурон,480.0,г/л
128-07-4761-1,Новосил,triterpenovye-kisloty,Тритерпеновые кислоты,100.0,г/л
192-02-1015-1,Новус-Ф,karbendazim,Карбендазим,250.0,г/л
192-02-10031-0,Новус-Ф,karbendazim,Карбендазим,250.0,г/л
192-02-1015-1,Новус-Ф,flutriafol,Флутриафол,120.0,г/л
192-02-10031-0,Новус-Ф,flutriafol,Флутриафол,120.0,г/л
133-03-843-1,Номини,bispiribak-natriya,Биспирибак натрия,400.0,г/л
603-03-2537-1,Номини Суприм,bispiribak-natriya,Биспирибак натрия,40.0,г/л
603-03-2537-1,Номини Суприм,metamifop,Метамифоп,100.0,г/л
548-02-2737-1,Нопас,efirnye-masla-timyana-i-perechnoy-myaty,Эфирные масла тимьяна и перечной мяты,300.0,г/л
224-03-3827-1,Нопасаран,imazamoks,Имазамокс,25.0,г/л
224-03-3827-1,Нопасаран,metazahlor,Метазахлор,375.0,г/л
224-03-1203-1,Нопасаран Ультра,imazamoks,Имазамокс,35.0,г/л
224-03-1203-1,Нопасаран Ультра,kvinmerak,Квинмерак,250.0,г/л
017-02-637-1,Нор-Би,benomil,Беномил,500.0,г/кг
141-06-3560-1,Норат,bromadiolon,Бромадиолон,0.05,г/кг
063-03-4588-1,Норвел,hizalofop-p-etil,Хизалофоп-п-этил,50.0,г/л
021-03-3059-1,НордСтрим,pikloram,Пиклорам,350.0,г/кг
021-03-3059-1,НордСтрим,tribenuron-metil,Трибенурон-метил,200.0,г/кг
021-03-3059-1,НордСтрим,florasulam,Флорасулам,80.0,г/кг
086-03-2235-1,Норман,tribenuron-metil,Трибенурон-метил,750.0,г/кг
192-02-4840-1,Нортон Про,protiokonazol,Протиоконазол,100.0,г/л
192-02-4840-1,Нортон Про,tebukonazol,Тебуконазол,200.0,г/л
197(023)-01-3482-1,Нунчак,fenitrotion,Фенитротион,500.0,г/л
277-01-556-1,Нурбел,hlorpirifos,Хлорпирифос,500.0,г/л
277-01-4902-0,Нурбел,hlorpirifos,Хлорпирифос,500.0,г/л
277-01-556-1,Нурбел,tsipermetrin,Циперметрин,50.0,г/л
277-01-4902-0,Нурбел,tsipermetrin,Циперметрин,50.0,г/л
063-01-1453-1,Нуримет Экстра,hlorpirifos,Хлорпирифос,500.0,г/л
063-01-1453-1,Нуримет Экстра,tsipermetrin,Циперметрин,50.0,г/л
064-01-4175-1,Ньюстар Экстра,alfa-tsipermetrin,Альфа-ципермeтрин,100.0,г/л
004(549)-03-5012-1,Нэо,nikosulfuron,Никосульфурон,750.0,г/кг
033-07-1377-1,ОбеpeгЪ,arahidonovaya-kislota,Арахидоновая кислота,0.15,г/л
019-01-1233-1,Оберон Рапид,abamektin,Абамектин,11.4,г/л
019-01-1233-1,Оберон Рапид,spiromezifen,Спиромезифен,228.6,г/л
429-07-3627-1,Обстактин,alfa-naftiluksusnaya-kislota,Альфа-нафтилуксусная кислота,75.0,г/л
778-07-3841-1,Обстормон,1-naftiluksusnaya-kislota,1-нафтилуксусная кислота,75.0,г/л
178-03-2955-1,Овен,klodinafop-propargil,Клодинафоп-пропаргил,80.0,г/л
178-03-2955-1,Овен,klokvintoset-meksil,Клоквинтосет-мексил,20.0,г/л
018-03-2965-1,Овсюген Супер,klokvintoset-meksil,Клоквинтосет-мексил,47.0,г/л
018-03-2965-1,Овсюген Супер,fenoksaprop-p-etil,Феноксапроп-п-этил,140.0,г/л
018-03-2964-1,Овсюген Экспресс,klokvintoset-meksil,Клоквинтосет-мексил,35.0,г/л
018-03-2964-1,Овсюген Экспресс,fenoksaprop-p-etil,Феноксапроп-п-этил,140.0,г/л
021-03-3472-1,Одиссей,imazamoks,Имазамокс,30.0,г/л
021-03-3472-1,Одиссей,imazetapir,Имазетапир,40.0,г/л
528-01-4201-1,Ойкос,azadirahtin,Азадирахтин,26.0,г/л
018-03-4851-0,Октава,nikosulfuron,Никосульфурон,60.0,г/л
018-03-645-1,Октава,nikosulfuron,Никосульфурон,60.0,г/л
018-03-4851-0,Октава,florasulam,Флорасулам,3.6,г/л
018-03-645-1,Октава,florasulam,Флорасулам,3.6,г/л
116-03-9681-0,Октапон Экстра,2-4-d,"2,4-Д",500.0,г/л
068(116)-03-605-1,Октапон экстра,2-4-d,"2,4-Д",500.0,г/л
068(116)-03-655-1,Октапон-супер,2-4-d,"2,4-Д",470.0,г/л
116-03-9682-0,Октапон-супер,2-4-d,"2,4-Д",630.0,г/л
116-03-3889-1,Октасулам,2-4-d,"2,4-Д",300.0,г/л
116-03-3889-1,Октасулам,florasulam,Флорасулам,6.25,г/л
068(116)-03-659-1,Октиген,2-4-d,"2,4-Д",419.75,г/л
068(116)-03-659-1,Октиген,hlorsulfuron,Хлорсульфурон,5.25,г/л
347-03-4823-1,"Октимет Д, КЭ",2-4-d,"2,4-Д",564.0,г/л
082-03-1642-1,Олимп,triflusulfuron-metil,Трифлусульфурон-метил,500.0,г/кг
193-01-2264-1,Омайт,propargit,Пропаргит,570.0,г/л
063-01-2413-1,Оперкот,lyambda-tsigalotrin,Лямбда-цигалотрин,50.0,г/л
063-01-1766-1,Оперкот Акро,imidakloprid,Имидаклоприд,300.0,г/л
063-01-10007-0,Оперкот Акро,imidakloprid,Имидаклоприд,300.0,г/л
063-01-1766-1,Оперкот Акро,lyambda-tsigalotrin,Лямбда-цигалотрин,100.0,г/л
063-01-10007-0,Оперкот Акро,lyambda-tsigalotrin,Лямбда-цигалотрин,100.0,г/л
021-02-4754-0,Оплот,difenokonazol,Дифеноконазол,90.0,г/л
021-02-1739-1,Оплот,difenokonazol,Дифеноконазол,90.0,г/л
021-02-4754-0,Оплот,tebukonazol,Тебуконазол,45.0,г/л
021-02-1739-1,Оплот,tebukonazol,Тебуконазол,45.0,г/л
021-02-1801-1,Оплот Трио,azoksistrobin,Азоксистробин,40.0,г/л
021-02-9793-0,Оплот Трио,azoksistrobin,Азоксистробин,40.0,г/л
021-02-1801-1,Оплот Трио,difenokonazol,Дифеноконазол,90.0,г/л
021-02-9793-0,Оплот Трио,difenokonazol,Дифеноконазол,90.0,г/л
021-02-1801-1,Оплот Трио,tebukonazol,Тебуконазол,45.0,г/л
021-02-9793-0,Оплот Трио,tebukonazol,Тебуконазол,45.0,г/л
038-03-4595-1,Опричник,2-4-d,"2,4-Д",300.0,г/л
038-03-444-1,Опричник,2-4-d,"2,4-Д",300.0,г/л
038-03-4595-1,Опричник,florasulam,Флорасулам,6.25,г/л
038-03-444-1,Опричник,florasulam,Флорасулам,6.25,г/л
014-02-3496-1,Оптимо,piraklostrobin,Пираклостробин,200.0,г/л
063-03-2783-1,Оптимум,dikamba,Дикамба,480.0,г/л
010-01-3109-1,Орбита,deltametrin,Дельтаметрин,25.0,г/л
010-01-2905-1,Орбита Люкс,deltametrin,Дельтаметрин,50.0,г/л
010-01-2905-1,Орбита Люкс,fenitrotion,Фенитротион,400.0,г/л
014-02-660-1,Орвего,ametoktradin,Аметоктрадин,300.0,г/л
014-02-660-1,Орвего,dimetomorf,Диметоморф,225.0,г/л
222-02-1425-1,Оргамика С,bacillus-amyloliquefaciens,Bacillus amyloliquefaciens,5000000000.0,КОЕ/Мл
173-02-4900-0,Оргамика С+,bacillus-amyloliquefaciens,Bacillus amyloliquefaciens,5000000000.0,КОЕ/см³
173-02-2477-1,Оргамика Ф,trichoderma-asperellum,Trichoderma asperellum,100000000.0,КОЕ/Мл
192-01-1371-1,Органза,atsetamiprid,Ацетамиприд,100.0,г/л
192-01-1371-1,Органза,lyambda-tsigalotrin,Лямбда-цигалотрин,100.0,г/л
021-02-2610-1,Ордан,medi-hlorokis,Меди хлорокись,689.0,г/кг
021-02-2610-1,Ордан,tsimoksanil,Цимоксанил,42.0,г/кг
021-02-4272-1,Ордан МЦ,mankotseb,Манкоцеб,640.0,г/кг
021-02-4272-1,Ордан МЦ,tsimoksanil,Цимоксанил,80.0,г/кг
971-03-4943-1,Орель,imazamoks,Имазамокс,40.0,г/л
278-03-4102-1,Ореол,galoksifop-p-metil,Галоксифоп-п-метил,104.0,г/л
254(551)-03-2234-1,Оризан,bensulfuron-metil,Бенсульфурон-метил,60.0,г/л
178-03-1399-1,Орикс,klodinafop-propargil,Клодинафоп-пропаргил,60.0,г/л
178-03-1399-1,Орикс,klokvintoset-meksil,Клоквинтосет-мексил,60.0,г/л
178-03-1399-1,Орикс,fenoksaprop-p-etil,Феноксапроп-п-этил,90.0,г/л
046-03-4357-0,Орион,galoksifop-p-metil,Галоксифоп-п-метил,104.0,г/л
046-03-5062-0,Орион,galoksifop-p-metil,Галоксифоп-п-метил,104.0,г/л
178-03-2665-1,Орлан,kvinmerak,Квинмерак,63.0,г/л
178-03-2665-1,Орлан,metazahlor,Метазахлор,250.0,г/л
041-02-4517-0,Орондис Ультра,mandipropamid,Мандипропамид,250.0,г/л
041-02-4517-0,Орондис Ультра,oksatiapiprolin,Оксатиапипролин,30.0,г/л
041-02-10113-0,Орондис Эво,azoksistrobin,Азоксистробин,250.0,г/л
041-02-10113-0,Орондис Эво,oksatiapiprolin,Оксатиапипролин,12.0,г/л
782-01-3960-1,Ортус,fenpiroksimat,Фенпироксимат,50.0,г/л
015-02-4178-0,Осирис,metkonazol,Метконазол,27.5,г/л
015-02-4178-0,Осирис,epoksikonazol,Эпоксиконазол,37.5,г/л
192-02-3551-1,Оскар,piraklostrobin,Пираклостробин,125.0,г/л
192-02-3551-1,Оскар,tebukonazol,Тебуконазол,125.0,г/л
590(297)-01-2509-1,Острог,alfa-tsipermetrin,Альфа-ципермeтрин,100.0,г/л
012-03-4554-1,Отличник,hizalofop-p-etil,Хизалофоп-п-этил,60.0,г/л
769-01-3326-1,Отрава Доктор Харвест,ekstrakt-naturalnyh-piretrinov,Экстракт натуральных пиретринов,50.0,г/л
178-03-4531-1,Оцелот,klokvintoset-meksil,Клоквинтосет-мексил,27.0,г/л
178-03-4531-1,Оцелот,fenoksaprop-p-etil,Феноксапроп-п-этил,100.0,г/л
178-03-613-1,Оцелот Плюс,klokvintoset-meksil,Клоквинтосет-мексил,34.5,г/л
178-03-4843-1,Оцелот Плюс,klokvintoset-meksil,Клоквинтосет-мексил,34.5,г/л
178-03-613-1,Оцелот Плюс,fenoksaprop-p-etil,Феноксапроп-п-этил,69.0,г/л
178-03-4843-1,Оцелот Плюс,fenoksaprop-p-etil,Феноксапроп-п-этил,69.0,г/л
197-05-3517-1,Палица,oksamil,Оксамил,50.0,г/кг
586-07-3312-1,Палко,paklobutrazol,Паклобутразол,250.0,г/л
866-03-4260-1,Паллас КА,klokvintoset-meksil,Клоквинтосет-мексил,90.0,г/л
866-03-4260-1,Паллас КА,piroksulam,Пироксулам,45.0,г/л
653-03-2903-1,Пальмира,2-4-d,"2,4-Д",300.0,г/л
653-03-2903-1,Пальмира,florasulam,Флорасулам,6.25,г/л
002-01-9948-1,Памперо,hlorantraniliprol,Хлорантранилипрол,200.0,г/л
082-03-4770-1,Паноксон,klokvintoset-meksil,Клоквинтосет-мексил,11.25,г/л
082-03-4770-1,Паноксон,pinoksaden,Пиноксаден,22.5,г/л
082-03-4770-1,Паноксон,fenoksaprop-p-etil,Феноксапроп-п-этил,35.0,г/л
869-03-4066-1,Пантера,kvizalofop-p-tefuril,Квизалофоп-п-тефурил,40.0,г/л
278-01-4112-1,Панцирь,tiametoksam,Тиаметоксам,600.0,г/л
021-03-4485-0,Парадокс,imazamoks,Имазамокс,120.0,г/л
699-03-10041-0,Парарег,imazamoks,Имазамокс,33.0,г/л
699-03-10041-0,Парарег,imazapir,Имазапир,15.0,г/л
018-02-10027-1,Парео,kaptan,Каптан,500.0,г/л
184(026)-03-4149-1,Парсек,imazamoks,Имазамокс,40.0,г/л
010-01-2638-1,Патрий,tsipermetrin,Циперметрин,250.0,г/л
010-03-2464-1,Патрон,tifensulfuron-metil,Тифенсульфурон-метил,500.0,г/кг
010-03-2464-1,Патрон,tribenuron-metil,Трибенурон-метил,250.0,г/кг
148-02-2376-1,Пеннкоцеб,mankotseb,Манкоцеб,800.0,г/кг
085-02-4141-1,Пеон,propikonazol,Пропиконазол,250.0,г/л
041-02-1970-1,Пергадо Зокс,zoksamid,Зоксамид,240.0,г/л
041-02-1970-1,Пергадо Зокс,mandipropamid,Мандипропамид,250.0,г/л
528-02-4086-1,Персео,azoksistrobin,Азоксистробин,68.0,г/л
528-02-4086-1,Персео,hlorotalonil,Хлороталонил,233.0,г/л
010-03-9796-0,Перфектус,tifensulfuron-metil,Тифенсульфурон-метил,750.0,г/кг
665-03-2977-1,Пивам,imazetapir,Имазетапир,100.0,г/л
334-03-2414-1,Пивот,imazetapir,Имазетапир,100.0,г/л
041-03-2307-1,Пик,prosulfuron,Просульфурон,750.0,г/кг
966-01-4888-0,Пиклоприд,tiakloprid,Тиаклоприд,480.0,г/л
699-02-3680-1,Пикокарб,propamokarb-gidrohlorid,Пропамокарб гидрохлорид,625.0,г/л
699-02-3680-1,Пикокарб,fluopikolid,Флуопиколид,62.5,г/л
018-03-2321-1,Пиксель,tifensulfuron-metil,Тифенсульфурон-метил,90.0,г/кг
018-03-2321-1,Пиксель,florasulam,Флорасулам,18.0,г/кг
018-03-2321-1,Пиксель,flumetsulam,Флуметсулам,24.0,г/кг
014-02-2870-1,Пиктор,boskalid,Боскалид,200.0,г/л
014-02-2870-1,Пиктор,dimoksistrobin,Димоксистробин,200.0,г/л
014-02-3123-1,Пиктор Актив,boskalid,Боскалид,150.0,г/л
014-02-3123-1,Пиктор Актив,piraklostrobin,Пираклостробин,250.0,г/л
021-03-1692-1,Пилот,metamitron,Метамитрон,700.0,г/л
010-03-3976-1,ПиноКвинто,klokvintoset-meksil,Клоквинтосет-мексил,12.5,г/л
010-03-3976-1,ПиноКвинто,pinoksaden,Пиноксаден,50.0,г/л
866-03-4965-0,Пинофен,g-l-antidot-klokvintoset-meksil,Г/л антидот -клоквинтосет-мексил,70.0,г/л
866-03-4965-0,Пинофен,g-l-pinoksaden,Г/л пиноксаден,50.0,г/л
866-03-4965-0,Пинофен,g-l-fenoksaprop-p-etil,Г/л феноксапроп-п-этил,50.0,г/л
021-01-1899-1,Пиноцид,alfa-tsipermetrin,Альфа-ципермeтрин,125.0,г/л
021-01-1899-1,Пиноцид,imidakloprid,Имидаклоприд,100.0,г/л
021-01-1899-1,Пиноцид,klotianidin,Клотианидин,50.0,г/л
018-03-3535-1,Пинта,florasulam,Флорасулам,36.0,г/л
018-03-3535-1,Пинта,flumetsulam,Флуметсулам,50.0,г/л
014-03-1636-1,Пирамин Турбо,hloridazon,Хлоридазон,520.0,г/л
184(026)-03-2842-1,Пиранья,oksifluorfen,Оксифлуорфен,240.0,г/л
070-02-3399-1,Пирафикс,piraklostrobin,Пираклостробин,250.0,г/л
070-02-9912-0,Пирафикс Про,boskalid,Боскалид,150.0,г/л
070-02-9912-0,Пирафикс Про,piraklostrobin,Пираклостробин,250.0,г/л
018-01-2801-1,Пирелли,bifentrin,Бифентрин,20.0,г/л
018-01-2801-1,Пирелли,hlorpirifos,Хлорпирифос,400.0,г/л
172-01-1121-1,Пиригрэн 50,pirimifos-metil,Пиримифос-метил,50.0,г/л
389-02-3573-1,Пириметан,pirimetanil,Пириметанил,400.0,г/л
156-01-3984-1,Пиринекс Супер,bifentrin,Бифентрин,20.0,г/л
156-01-3984-1,Пиринекс Супер,hlorpirifos,Хлорпирифос,400.0,г/л
201-02-4550-1,Пирус,pirimetanil,Пириметанил,400.0,г/л
322-02-4714-1,Пирус,pirimetanil,Пириметанил,400.0,г/л
050-02-4935-1,Пируэт,piraklostrobina,Пираклостробина,55.0,г/л
050-02-4935-1,Пируэт,hlorotalonil,Хлороталонил,500.0,г/л
010-01-4985-0,Питомец,alfa-tsipermetrin,Альфа-ципермeтрин,150.0,г/л
010-01-2824-1,Питомец,alfa-tsipermetrin-2,Альфа-циперметрин,150.0,г/л
010-01-4985-0,Питомец,tiametoksam,Тиаметоксам,150.0,г/л
010-01-2824-1,Питомец,tiametoksam,Тиаметоксам,150.0,г/л
021-03-3522-1,Питон,propizohlor,Пропизохлор,720.0,г/л
184-02-4859-1,Пифон,g-l-boskalid,Г/л боскалид,150.0,г/л
184-02-4859-1,Пифон,g-l-piraklostrobin,Г/л пираклостробин,250.0,г/л
192-02-10089-1,Плагин,mefenoksam,Мефеноксам,350.0,г/л
734-07-3223-1,Плантарел,kolloidnoe-serebro,Коллоидное серебро,0.5,г/л
734-07-3223-1,Плантарел,poligeksametilenbiguanid-gidrohlorid,Полигексаметиленбигуанид гидрохлорид,0.5,г/л
021-02-4358-1,Плантенол Нео,tsiprodinil,Ципродинил,500.0,г/кг
032-03-4675-1,Пледж,flumioksazin,Флумиоксазин,500.0,г/кг
021-03-2651-1,Плектор,diklosulam,Диклосулам,750.0,г/кг
041-02-4283-0,Пленарис,oksatiapiprolin,Оксатиапипролин,200.0,г/л
041-01-1295-1,Пленум,pimetrozin,Пиметрозин,500.0,г/кг
008-07-443-1,Плодостим,gibberellinovyh-kislot-natrievye-soli,Гиббереллиновых кислот натриевые соли,5.5,г/кг
021-03-3571-1,Плуггер,metsulfuron-metil,Метсульфурон-метил,125.0,г/кг
021-03-3571-1,Плуггер,tribenuron-metil,Трибенурон-метил,625.0,г/кг
126-03-9710-0,Подиумакс,galoksifop-p-metil,Галоксифоп-п-метил,125.0,г/л
126-03-9710-0,Подиумакс,kvizalofop-p-tefuril,Квизалофоп-п-тефурил,60.0,г/л
064-03-2874-1,Подмарин,2-4-d,"2,4-Д",300.0,г/л
064-03-2874-1,Подмарин,florasulam,Флорасулам,6.25,г/л
064-03-714-1,Позитив Плюс,prometrin,Прометрин,500.0,г/л
064-03-4923-1,Позитив Плюс,prometrin,Прометрин,500.0,г/л
231-01-1115-1,Покровитель,imidakloprid,Имидаклоприд,140.0,г/л
231-01-1115-1,Покровитель,pentsikuron,Пенцикурон,150.0,г/л
170-02-3828-1,Полар 50,kompleks-polioksinov,Комплекс полиоксинов,500.0,г/кг
018-02-4082-1,Поларис,imazalil,Имазалил,25.0,г/л
018-02-4082-1,Поларис,prohloraz,Прохлораз,100.0,г/л
018-02-4082-1,Поларис,tebukonazol,Тебуконазол,15.0,г/л
018-01(02)-3768-1,Поларис Кватро,atsetamiprid,Ацетамиприд,150.0,г/л
018-01(02)-3768-1,Поларис Кватро,piraklostrobin,Пираклостробин,15.0,г/л
018-01(02)-3768-1,Поларис Кватро,prohloraz,Прохлораз,100.0,г/л
018-01(02)-3768-1,Поларис Кватро,tebukonazol,Тебуконазол,20.0,г/л
871-03-4224-1,Полгар,mefenpir-dietil,Мефенпир-диэтил,27.0,г/л
871-03-4224-1,Полгар,fenoksaprop-p-etil,Феноксапроп-п-этил,100.0,г/л
017-03-1417-1,Полгар 7.5,mefenpir-dietil,Мефенпир-диэтил,75.0,г/л
017-03-1417-1,Полгар 7.5,fenoksaprop-p-etil,Феноксапроп-п-этил,69.0,г/л
178-03-4525-1,Полиан,tifensulfuron-metil,Тифенсульфурон-метил,76.0,г/л
178-03-4525-1,Полиан,tribenuron-metil,Трибенурон-метил,225.0,г/л
126-02-4189-1,Полидок,metiram,Метирам,700.0,г/кг
014-02-1648-1,Полирам ДФ,metiram,Метирам,700.0,г/кг
010-04-3485-1,Полис,dikvat-dibromida,Дикват дибромида,280.0,г/л
682(854)-03-4632-1,Поллукс,klokvintoset-meksil,Клоквинтосет-мексил,34.5,г/л
682(854)-03-4632-1,Поллукс,fenoksaprop-p-etil,Феноксапроп-п-этил,69.0,г/л
010-02-4932-0,Полпред,fluazinam,Флуазинам,500.0,г/л
586-02-4217-1,Помарикс,pirimetanil,Пириметанил,336.0,г/л
586-02-4217-1,Помарикс,fludioksonil,Флудиоксонил,133.0,г/л
334-01-2791-1,Пончо,klotianidin,Клотианидин,600.0,г/л
1000-01-9962-0,Пончо,klotianidin,Клотианидин,600.0,г/л
019-01-2817-1,Пончо Бета,beta-tsiflutrin,Бета-цифлутрин,53.0,г/л
019-01-2817-1,Пончо Бета,klotianidin,Клотианидин,400.0,г/л
334-01-4344-0,Пончо Вотиво,bacillus-firmus,Bacillus firmus,102.0,г/л
334-01-4344-0,Пончо Вотиво,klotianidin,Клотианидин,508.0,г/л
699-03-4314-1,Поптрин,prometrin,Прометрин,500.0,г/л
018-01-4868-0,Порфир,g-l-hlorantraniliprol,Г/л хлорантранилипрол,200.0,г/л
012-01-2615-1,Почин,diazinon,Диазинон,50.0,г/кг
012-01-4694-1,Почин-М,imidakloprid,Имидаклоприд,20.0,г/кг
005-07-2101-1,Почкорост,6-benzilaminopurin,6-бензиламинопурин,10.0,г/кг
101-02-4986-1,Пралин Экстра,bacillus-subtilis,Bacillus subtilis,2000000000.0,КОЕ/см³
101-02-4366-1,Пралин Экстра,bacillus-subtilis,Bacillus subtilis,10000000000.0,КОЕ/г
019-02-3930-1,Превикур Энерджи,propamokarb,Пропамокарб,530.0,г/л
019-02-3930-1,Превикур Энерджи,fosetil,Фосэтил,310.0,г/л
699-02-4041-1,Прегард,fluazinam,Флуазинам,500.0,г/л
015-02-844-1,Премис Двести,tritikonazol,Тритиконазол,200.0,г/л
192-03-2865-1,Премьер 300,klopiralid,Клопиралид,300.0,г/л
006-03-710-1,Премьера,2-4-d,"2,4-Д",300.0,г/л
006-03-710-1,Премьера,florasulam,Флорасулам,6.25,г/л
089-01-2641-1,Препарат 30 Плюс,vazelinovoe-maslo,Вазелиновое масло,760.0,г/кг
019-01-2400-1,Престиж,imidakloprid,Имидаклоприд,140.0,г/л
019-02-2401-1,Престиж,imidakloprid,Имидаклоприд,140.0,г/л
019-01-2400-1,Престиж,pentsikuron,Пенцикурон,150.0,г/л
019-02-2401-1,Престиж,pentsikuron,Пенцикурон,150.0,г/л
561-01-4296-1,Престиж Топ,imidakloprid,Имидаклоприд,140.0,г/л
561-01-4296-1,Престиж Топ,pentsikuron,Пенцикурон,150.0,г/л
192-03-1016-1,Префект,rimsulfuron,Римсульфурон,500.0,г/кг
014-02-1635-1,Приаксор,piraklostrobin,Пираклостробин,150.0,г/л
014-02-1635-1,Приаксор,fluksapiroksad,Флуксапироксад,75.0,г/л
015-02-4487-0,Приаксор Макс,piraklostrobin,Пираклостробин,200.0,г/л
015-02-4487-0,Приаксор Макс,propikonazola,Пропиконазола,125.0,г/л
015-02-4487-0,Приаксор Макс,fluksapiroksad,Флуксапироксад,30.0,г/л
021-02-3071-1,Приам,tsiprodinil,Ципродинил,250.0,г/л
184(026)-02-2298-1,Привент,triadimefon,Триадимефон,250.0,г/кг
653-03-3763-1,Приклад,klopiralid,Клопиралид,750.0,г/кг
009-03-2154-1,Прима,2-4-d,"2,4-Д",300.0,г/л
009-03-2154-1,Прима,florasulam,Флорасулам,6.25,г/л
866-03-4614-1,Прима КА,2-4-d,"2,4-Д",300.0,г/л
866-03-4614-1,Прима КА,florasulam,Флорасулам,6.25,г/л
009-03-2707-1,Прима Форте 195,2-4-d,"2,4-Д",180.0,г/л
009-03-2707-1,Прима Форте 195,aminopiralid,Аминопиралид,10.0,г/л
009-03-2707-1,Прима Форте 195,florasulam,Флорасулам,5.0,г/л
866-03-4615-0,Прима Форте КА,2-4-d,"2,4-Д",180.0,г/л
866-03-4615-0,Прима Форте КА,aminopiralid,Аминопиралид,10.0,г/л
866-03-4615-0,Прима Форте КА,florasulam,Флорасулам,5.0,г/л
197-03-1383-1,Примавера,2-4-d,"2,4-Д",300.0,г/л
197-03-1383-1,Примавера,florasulam,Флорасулам,6.25,г/л
018-03-4660-0,Примадонна,2-4-d,"2,4-Д",200.0,г/л
018-03-4660-0,Примадонна,florasulam,Флорасулам,3.7,г/л
018-03-4610-1,Примадонна Супер,2-4-d,"2,4-Д",200.0,г/л
018-03-4610-1,Примадонна Супер,florasulam,Флорасулам,5.0,г/л
063-03-2784-1,Приоритет,nikosulfuron,Никосульфурон,40.0,г/л
038(954)-03-4739-1,Прицел,protiokonazol,Протиоконазол,125.0,г/л
038(954)-03-4739-1,Прицел,tsiprokonazol,Ципроконазол,80.0,г/л
126-03-677-1,Пришанс,2-4-d,"2,4-Д",300.0,г/л
126-03-9866-1,Пришанс,2-4-d,"2,4-Д",300.0,г/л
126-03-677-1,Пришанс,florasulam,Флорасулам,6.25,г/л
126-03-9866-1,Пришанс,florasulam,Флорасулам,6.25,г/л
126-03-4658-1,Пришанс Супер,2-4-d,"2,4-Д",285.0,г/л
126-03-4658-1,Пришанс Супер,florasulam,Флорасулам,11.5,г/л
126-03-4658-1,Пришанс Супер,fluroksipir,Флуроксипир,30.5,г/л
971-02-9763-0,ПроТэб,propikonazol,Пропиконазол,300.0,г/л
971-02-9763-0,ПроТэб,tebukonazol,Тебуконазол,200.0,г/л
921-07-4467-1,ПроФреш,1-metiltsiklopropen,1-метилциклопропен,30.0,г/кг
064-03-4622-1,ПроФус,propizohlor,Пропизохлор,720.0,г/л
126-02-9713-0,Проазоксил,azoksistrobin,Азоксистробин,33.0,г/л
126-02-9713-0,Проазоксил,prohloraz,Прохлораз,148.0,г/л
126-02-9713-0,Проазоксил,tebukonazol,Тебуконазол,27.0,г/л
046-02-5073-1,Провизор,azoksistrobin,Азоксистробин,250.0,г/л
021-01-2700-1,Провотокс,diazinon,Диазинон,40.0,г/кг
046-02-3850-1,Прогноз,propikonazol,Пропиконазол,250.0,г/л
046-02-5040-1,Прогноз,propikonazol,Пропиконазол,250.0,г/л
019-02-2441-1,Прозаро,protiokonazol,Протиоконазол,125.0,г/л
019-02-2441-1,Прозаро,tebukonazol,Тебуконазол,125.0,г/л
019-02-880-1,Прозаро Квантум,protiokonazol,Протиоконазол,80.0,г/л
б/н Прозаро Квантум,Прозаро Квантум,protiokonazol,Протиоконазол,80.0,г/л
019-02-880-1,Прозаро Квантум,tebukonazol,Тебуконазол,160.0,г/л
б/н Прозаро Квантум,Прозаро Квантум,tebukonazol,Тебуконазол,160.0,г/л
041-01-4238-1,Проклэйм,emamektin-benzoat,Эмамектин бензоат,50.0,г/л
041-02-3036-1,Проклэйм Фит,lyufenuron,Люфенурон,400.0,г/кг
041-02-3036-1,Проклэйм Фит,emamektin-benzoat,Эмамектин бензоат,50.0,г/кг
699-03-10040-0,Прокор Экстра,diklosulam,Диклосулам,840.0,г/кг
050(360)-01-1067-1,Прокроп,bifentrin,Бифентрин,20.0,г/л
050-01-9767-1,Прокроп,bifentrin,Бифентрин,20.0,г/л
050(360)-01-1067-1,Прокроп,pirimifos-metil,Пиримифос-метил,450.0,г/л
050-01-9767-1,Прокроп,pirimifos-metil,Пиримифос-метил,450.0,г/л
046-02-3111-1,Проксима,azoksistrobin,Азоксистробин,10.0,г/л
046-02-5052-1,Проксима,azoksistrobin,Азоксистробин,10.0,г/л
046-02-3111-1,Проксима,tebukonazol,Тебуконазол,15.0,г/л
046-02-5052-1,Проксима,tebukonazol,Тебуконазол,15.0,г/л
046-02-3111-1,Проксима,fludioksonil,Флудиоксонил,25.0,г/л
046-02-5052-1,Проксима,fludioksonil,Флудиоксонил,25.0,г/л
"197(134,010)-03-2293-1",Прокул,propizohlor,Пропизохлор,720.0,г/л
032-07-4976-1,Пролиант,gibberellinovaya-kislota-a3,Гиббереллиновая кислота а3,400.0,г/кг
278-03-4111-1,Промекс,prometrin,Прометрин,500.0,г/л
010(154)-03-2677-1,Променад,prometrin,Прометрин,500.0,г/л
023-03-1248-1,Промет,prometrin,Прометрин,500.0,г/л
085-03-4801-1,Прометей,tribenuron-metil,Трибенурон-метил,750.0,г/кг
085-03-577-1,Прометей,tribenuron-metil,Трибенурон-метил,750.0,г/кг
184(026)-03-2457-1,Прометрин,prometrin,Прометрин,500.0,г/л
277-03-2139-1,Промобел,prometrin,Прометрин,500.0,г/л
178-01-4524-1,Промэкс,indoksakarb,Индоксакарб,125.0,г/л
178-01-4524-1,Промэкс,lyambda-tsigalotrin,Лямбда-цигалотрин,50.0,г/л
653-02-4162-1,Проназол Про,propikonazol,Пропиконазол,300.0,г/л
653-02-4162-1,Проназол Про,tebukonazol,Тебуконазол,200.0,г/л
017-03-3451-1,Пронто,propizohlor,Пропизохлор,720.0,г/л
192-02-3133-1,Пропи Плюс,propikonazol,Пропиконазол,250.0,г/л
126-02-3999-1,ПропиШанс,propikonazol,Пропиконазол,250.0,г/л
126-02-4544-1,Пропишанс Супер,propikonazol,Пропиконазол,250.0,г/л
126-02-4544-1,Пропишанс Супер,tsiprokonazol,Ципроконазол,80.0,г/л
126-02-2187-1,Пропишанс Универсал,propikonazol,Пропиконазол,300.0,г/л
126-02-2187-1,Пропишанс Универсал,tebukonazol,Тебуконазол,200.0,г/л
201-03-3918-0,Пропонит,propizohlor,Пропизохлор,720.0,г/л
201-03-9786-1,Пропонит,propizohlor,Пропизохлор,720.0,г/л
201-03-1090-1,Пропонит Дуо,klomazon,Кломазон,30.0,г/л
201-03-9757-0,Пропонит Дуо,klomazon,Кломазон,30.0,г/л
201-03-1090-1,Пропонит Дуо,propizohlor,Пропизохлор,720.0,г/л
201-03-9757-0,Пропонит Дуо,propizohlor,Пропизохлор,720.0,г/л
019-02-1543-1,Пропульс,protiokonazol,Протиоконазол,125.0,г/л
019-02-1543-1,Пропульс,fluopiram,Флуопирам,125.0,г/л
570-03-2405-1,Пропус,imazamoks,Имазамокс,40.0,г/л
033-07-1375-1,Проросток,arahidonovaya-kislota,Арахидоновая кислота,0.015,г/л
178-02-3481-1,Протазокс,azoksistrobin,Азоксистробин,200.0,г/л
178-02-3481-1,Протазокс,difenokonazol,Дифеноконазол,60.0,г/л
178-02-3481-1,Протазокс,protiokonazol,Протиоконазол,125.0,г/л
018-02-3008-1,Протего Макс,piraklostrobin,Пираклостробин,25.0,г/л
018-02-3008-1,Протего Макс,protiokonazol,Протиоконазол,75.0,г/л
018-02-3008-1,Протего Макс,tebukonazol,Тебуконазол,25.0,г/л
064-03-4010-1,Протеже,klodinafop-propargil,Клодинафоп-пропаргил,60.0,г/л
064-03-4010-1,Протеже,klokvintoset-meksil,Клоквинтосет-мексил,40.0,г/л
064-03-4010-1,Протеже,fenoksaprop-p-etil,Феноксапроп-п-этил,90.0,г/л
178-02-1365-1,Протект,fludioksonil,Флудиоксонил,25.0,г/л
178-02-4527-1,Протект Комби,piraklostrobin,Пираклостробин,55.0,г/л
178-02-4527-1,Протект Комби,protiokonazol,Протиоконазол,48.0,г/л
178-02-4527-1,Протект Комби,tebukonazol,Тебуконазол,10.0,г/л
178-02-4527-1,Протект Комби,fludioksanil,Флудиоксанил,37.5,г/л
178-02-1387-1,Протект Форте,fludioksonil,Флудиоксонил,30.0,г/л
178-02-1387-1,Протект Форте,flutriafol,Флутриафол,40.0,г/л
586-02-4733-0,Протендо,protiokonazol,Протиоконазол,300.0,г/л
019-01-1589-1,Протеус,deltametrin,Дельтаметрин,10.0,г/л
019-01-1589-1,Протеус,tiakloprid,Тиаклоприд,100.0,г/л
097(002)-02-2635-1,Профи,propikonazol,Пропиконазол,250.0,г/л
097-02-2759-1,Профи Супер,propikonazol,Пропиконазол,250.0,г/л
097-02-2759-1,Профи Супер,tsiprokonazol,Ципроконазол,80.0,г/л
097-02-3484-1,Профи Форте,propikonazol,Пропиконазол,300.0,г/л
097-02-3484-1,Профи Форте,tebukonazol,Тебуконазол,200.0,г/л
050-02-9600-1,Профикс,propikonazol,Пропиконазол,250.0,г/л
021-01-2703-1,Профилактин Био,vazelinovoe-maslo,Вазелиновое масло,658.0,г/л
021-01-2703-1,Профилактин Био,matrin,Матрин,2.2,г/л
021-01-2322-1,Профилактин Лайт,vazelinovoe-maslo,Вазелиновое масло,658.0,г/л
012-02-2111-1,Профит Голд,famoksadon,Фамоксадон,250.0,г/кг
012-02-2111-1,Профит Голд,tsimoksanil,Цимоксанил,250.0,г/кг
184(026)-02-4154-1,Процессор,propamokarb-gidrohlorid,Пропамокарб гидрохлорид,400.0,г/л
184(026)-02-4154-1,Процессор,tsimoksanil,Цимоксанил,50.0,г/л
173-02-4898-0,Псевдобактерин 3+,pseudomonas-aureofaciens,Pseudomonas aureofaciens,2000000000.0,КОЕ/см³
176-01-436-1,Псевдобактерин-2,pseudomonas-aureofaciens,Pseudomonas aureofaciens,2000000000.0,КОЕ/Мл
176-01-437-1,Псевдобактерин-2,pseudomonas-aureofaciens,Pseudomonas aureofaciens,500000000000.0,КОЕ/Мл
222-02-1426-1,Псевдобактерин-3,pseudomonas-aureofaciens,Pseudomonas aureofaciens,2000000000.0,КОЕ/Мл
018-02-4689-1,Пуаро,piraklostrobin,Пираклостробин,40.0,г/л
018-02-4689-1,Пуаро,fludioksonil,Флудиоксонил,40.0,г/л
528-02-3802-1,Пугил 500,hlorotalonil,Хлороталонил,500.0,г/л
699-03-4215-1,Пузат Экстра,imazetapir,Имазетапир,700.0,г/кг
046-03-3693-1,Пульмакс,imazamoks,Имазамокс,120.0,г/л
046-03-5034-1,Пульмакс,imazamoks,Имазамокс,120.0,г/л
063-03-2885-1,Пульс-Стар,imazamoks,Имазамокс,120.0,г/л
334-03-2185-1,Пульсар,imazamoks,Имазамокс,40.0,г/л
224-03-1432-1,Пульсар Плюс,imazamoks,Имазамокс,25.0,г/л
224-03-3043-1,Пульсар Старт,imazamoks,Имазамокс,120.0,г/л
019-03-904-1,Пума Супер 100,mefenpir-dietil,Мефенпир-диэтил,27.0,г/л
019-03-10056-1,Пума Супер 100,mefenpir-dietil,Мефенпир-диэтил,27.0,г/л
019-03-904-1,Пума Супер 100,fenoksaprop-p-etil,Феноксапроп-п-этил,100.0,г/л
019-03-10056-1,Пума Супер 100,fenoksaprop-p-etil,Феноксапроп-п-этил,100.0,г/л
019-03-881-1,Пума Супер 7.5,mefenpir-dietil,Мефенпир-диэтил,75.0,г/л
019-03-9623-1,Пума Супер 7.5,mefenpir-dietila,Мефенпир-диэтила,75.0,г/л
019-03-881-1,Пума Супер 7.5,fenoksaprop-p-etil,Феноксапроп-п-этил,69.0,г/л
019-03-9623-1,Пума Супер 7.5,fenoksaprop-p-etil,Феноксапроп-п-этил,69.0,г/л
062-02-3026-1,Рабона,krezoksim-metil,Крезоксим-метил,50.0,г/л
062-02-3026-1,Рабона,prohloraz,Прохлораз,250.0,г/л
062-02-3026-1,Рабона,tebukonazol,Тебуконазол,50.0,г/л
033-01-2093-1,Разряд,imidakloprid,Имидаклоприд,5.0,г/л
070-01-3798-1,Раймир,hlorpirifos,Хлорпирифос,500.0,г/л
070-01-3798-1,Раймир,tsipermetrin,Циперметрин,50.0,г/л
019-02-2063-1,Раксил Ультра,tebukonazol,Тебуконазол,120.0,г/л
178-02-2176-1,Раксон,tebukonazol,Тебуконазол,60.0,г/л
021-02-4515-0,Ракурс,tsiprokonazol,Ципроконазол,160.0,г/л
021-02-4515-0,Ракурс,epoksikonazol,Эпоксиконазол,240.0,г/л
021-02-9607-0,Ралли,boskalid,Боскалид,200.0,г/л
021-02-9607-0,Ралли,piraklostrobin,Пираклостробин,100.0,г/л
085-02-3839-1,Раназол Ультра,tebukonazol,Тебуконазол,120.0,г/л
134-03-1342-1,Ранголи Галситил,galoksifop-p-metil,Галоксифоп-п-метил,104.0,г/л
134-03-1423-1,Ранголи-Базорон,bentazon,Бентазон,480.0,г/л
134-03-1995-1,Ранголи-Гильотина,metribuzin,Метрибузин,700.0,г/кг
134-03-4088-0,Ранголи-Глифосат 480,glifosat,Глифосат,480.0,г/л
134-03-9975-0,Ранголи-Глифосат 480,glifosat,Глифосат,480.0,г/л
134-03-1768-1,Ранголи-Дон,s-metolahlor,С-метолахлор,960.0,г/л
134-01-1910-1,Ранголи-Дункан,dimetoat,Диметоат,400.0,г/л
134-01-1343-1,Ранголи-Имидоклоприд,imidakloprid,Имидаклоприд,200.0,г/л
134-02-1406-1,Ранголи-Курсор,difenokonazol,Дифеноконазол,250.0,г/л
134-03-1408-1,Ранголи-Метамитрон,metamitron,Метамитрон,700.0,г/л
134-01-1996-1,Ранголи-Норил,hlorpirifos,Хлорпирифос,500.0,г/л
134-01-1996-1,Ранголи-Норил,tsipermetrin,Циперметрин,50.0,г/л
134-03-1866-1,Ранголи-Прадо,imazetapir,Имазетапир,100.0,г/л
134-03-1909-1,Ранголи-Таргон-С,hizalofop-p-etil,Хизалофоп-п-этил,50.0,г/л
134-03-2299-1,Ранголи-Тиран,rimsulfuron,Римсульфурон,250.0,г/кг
134-03-1750-1,Ранголи-Трибенурон,tribenuron-metil,Трибенурон-метил,750.0,г/кг
134-02-1329-1,Ранголи-Ципрос,propikonazol,Пропиконазол,250.0,г/л
134-02-1329-1,Ранголи-Ципрос,tsiprokonazol,Ципроконазол,80.0,г/л
869-02-4089-1,Ранкона 450,ipkonazol,Ипконазол,452.0,г/л
066-02-9725-1,Ранман Топ,tsiazofamid,Циазофамид,160.0,г/л
066-01-868-1,Ранман Топ,tsiazofamid,Циазофамид,160.0,г/л
070-02-10073-0,Рапан,metkonazol,Метконазол,60.0,г/л
184(026)-02-3030-1,Рапид Голд,mankotseb,Манкоцеб,640.0,г/кг
184(026)-02-3030-1,Рапид Голд,tsimoksanil,Цимоксанил,80.0,г/кг
184(026)-02-3880-1,Рапид Голд Плюс,mankotseb,Манкоцеб,120.0,г/кг
184(026)-02-3880-1,Рапид Голд Плюс,medi-hlorokis,Меди хлорокись,290.0,г/кг
184(026)-02-3880-1,Рапид Голд Плюс,tsimoksanil,Цимоксанил,40.0,г/кг
184(026)-02-3945-1,Рапид Дуэт,dimetomorf,Диметоморф,90.0,г/кг
184(026)-02-3945-1,Рапид Дуэт,mankotseb,Манкоцеб,600.0,г/кг
184(026)-02-3928-1,Рапид Микс,mankotseb,Манкоцеб,640.0,г/кг
184(026)-02-3928-1,Рапид Микс,metalaksil,Металаксил,80.0,г/кг
082-03-3604-1,Рапира,2-4-d,"2,4-Д",564.0,г/л
023(197)-03-1904-1,РапсАгро,klopiralid,Клопиралид,267.0,г/л
023(197)-03-1904-1,РапсАгро,pikloram,Пиклорам,67.0,г/л
002-03-3974-1,Рапсан,klopiralid,Клопиралид,267.0,г/л
002-03-3974-1,Рапсан,pikloram,Пиклорам,67.0,г/л
126-03-9956-1,Рапсодия,imazamoks,Имазамокс,35.0,г/л
126-03-9956-1,Рапсодия,kvinmerak,Квинмерак,250.0,г/л
141-06-3542-1,Раттидион,bromadiolon,Бромадиолон,0.05,г/кг
085-03-3949-0,Рауль,glifosat,Глифосат,360.0,г/л
090-03-1299-1,Раундап,glifosat,Глифосат,7.2,г/л
021-02-2611-1,Раёк,difenokonazol,Дифеноконазол,250.0,г/л
014-03-1470-1,Ребелл Т,kvinmerak,Квинмерак,60.0,г/л
014-03-1470-1,Ребелл Т,hloridazon,Хлоридазон,360.0,г/л
038-03-9998-0,Ревизор,glifosat,Глифосат,540.0,г/л
015-02-3896-1,Ревиона,mefentriflukonazol,Мефентрифлуконазол,75.0,г/л
041-02-3558-1,Ревус,mandipropamid,Мандипропамид,250.0,г/л
041-02-503-1,Ревус Топ,difenokonazol,Дифеноконазол,250.0,г/л
041-02-4805-0,Ревус Топ,difenokonazol,Дифеноконазол,250.0,г/л
041-02-503-1,Ревус Топ,mandipropamid,Мандипропамид,250.0,г/л
041-02-4805-0,Ревус Топ,mandipropamid,Мандипропамид,250.0,г/л
014-07-1150-1,Регалис Плюс,progeksadion-kaltsiya,Прогексадион кальция,100.0,г/кг
015-01-1638-1,Регент,fipronil,Фипронил,800.0,г/кг
278-04-4105-1,Регистан,dikvat,Дикват,200.0,г/л
041-04-1019-1,Реглон Форте,dikvat,Дикват,200.0,г/л
041-04-4479-0,Реглон Эйр,dikvat-dibromida,Дикват дибромида,373.5,г/л
427(175)-07-1711-1,Регулар,daminozid,Даминозид,950.0,г/л
097-04-3137-1,Регулят Супер,dikvat-dibromida,Дикват дибромида,280.0,г/л
019-02-2068-1,Редиго М,metalaksil,Металаксил,20.0,г/л
019-02-2068-1,Редиго М,protiokonazol,Протиоконазол,100.0,г/л
019-02-10038-0,Редиго Про,protiokonazol,Протиоконазол,150.0,г/л
019-02-1152-1,Редиго Про,protiokonazol,Протиоконазол,150.0,г/л
019-02-10038-0,Редиго Про,tebukonazol,Тебуконазол,20.0,г/л
019-02-1152-1,Редиго Про,tebukonazol,Тебуконазол,20.0,г/л
043(042)-02-2267-1,Редут,tebukonazol,Тебуконазол,60.0,г/л
446-04-1524-1,Результат Супер,dikvat,Дикват,150.0,г/л
156-03-2789-1,Рейсер,flurohloridona,Флурохлоридона,250.0,г/л
043(042)-02-3086-1,Рекрут,tsiprokonazol,Ципроконазол,400.0,г/л
014-02-3657-1,Рекс Плюс,fenpropimorf,Фенпропиморф,250.0,г/л
014-02-845-1,Рекс Плюс,fenpropimorf,Фенпропиморф,250.0,г/л
014-02-3657-1,Рекс Плюс,epoksikonazol,Эпоксиконазол,84.0,г/л
014-02-845-1,Рекс Плюс,epoksikonazol,Эпоксиконазол,84.0,г/л
014-02-789-1,Рекс С,epoksikonazol,Эпоксиконазол,125.0,г/л
406-01-2014-1,Рембек,imidakloprid,Имидаклоприд,5.0,г/кг
018-03-4553-1,Репер,klopiralid,Клопиралид,100.0,г/л
018-03-4553-1,Репер,fluroksipir,Флуроксипир,15.0,г/л
018-03-3211-1,Репер Трио,aminopiralid,Аминопиралид,17.0,г/л
018-03-3211-1,Репер Трио,klopiralid,Клопиралид,267.0,г/л
018-03-3211-1,Репер Трио,pikloram,Пиклорам,80.0,г/л
283-02-3206-1,Респекта,bacillus-amyloliquefaciens,Bacillus amyloliquefaciens,5.0,млрд/Мл
283-02-3206-1,Респекта,pseudomonas-aureofaciens,Pseudomonas aureofaciens,0.5,млрд/Мл
041-02-3719-1,Рессиви,atsibenzolar-s-metil,Ацибензолар-с-метил,375.0,г/л
252-07-4667-1,Ретацел,hlormekvathlorid,Хлормекватхлорид,750.0,г/л
082-03-3048-1,Рефери,dikamba,Дикамба,351.0,г/л
021-02-9992-0,Реюнион,tiram,Тирам,400.0,г/л
041-02-2078-1,Риас,difenokonazol,Дифеноконазол,150.0,г/л
041-02-2078-1,Риас,propikonazol,Пропиконазол,150.0,г/л
075-07-877-1,Рибав-Экстра,l-alanin,L-аланин,0.00152,г/л
075-07-877-1,Рибав-Экстра,l-glutaminovaya-kislota,L-глутаминовая кислота,0.00196,г/л
1002-03-9980-0,Ривет,bentazon,Бентазон,480.0,г/л
018-02-9715-0,Ривьера,difenokonazol,Дифеноконазол,40.0,г/л
018-02-9715-0,Ривьера,piraklostrobin,Пираклостробин,80.0,г/л
018-02-9715-0,Ривьера,tebukonazol,Тебуконазол,80.0,г/л
041-02-1769-1,Ридомил Голд МЦ,mankotseb,Манкоцеб,640.0,г/кг
041-02-1769-1,Ридомил Голд МЦ,mefenoksam,Мефеноксам,40.0,г/кг
041-02-2980-1,Ридомил Голд Р,med-oksihlorid,Медь оксихлорид,142.0,г/кг
041-02-2980-1,Ридомил Голд Р,mefenoksam,Мефеноксам,20.0,г/кг
010-02-9841-0,Ризет,pikoksistrobin,Пикоксистробин,200.0,г/л
010-02-9841-0,Ризет,tsiprokonazol,Ципроконазол,80.0,г/л
249-02-297-1,Ризоплан,pseudomonas-fluorescens,Pseudomonas fluorescens,1000000000.0,КОЕ/Мл
018-03-4911-1,Ризотто,bispiribak-natriya,Биспирибак натрия,18.0,г/л
018-03-4911-1,Ризотто,tsigalofop-butil,Цигалофоп-бутил,300.0,г/л
085-03-4493-1,Риманол,rimsulfuron,Римсульфурон,250.0,г/кг
446-03-1528-1,Римлин,rimsulfuron,Римсульфурон,250.0,г/кг
004(549)-03-5010-1,Римус,rimsulfuron,Римсульфурон,250.0,г/кг
010(197)-03-3120-1,Римэкс,rimsulfuron,Римсульфурон,250.0,г/кг
062-01-4212-1,Ринг Экстра,alfa-tsipermetrin,Альфа-ципермeтрин,200.0,г/л
050-03-4861-1,Рисовод,bensulfuron-metil,Бенсульфурон-метил,35.0,г/л
050-03-4861-1,Рисовод,penoksulam,Пеноксулам,50.0,г/л
050-03-4861-1,Рисовод,tsigalofop-butil,Цигалофоп-бутил,125.0,г/л
018-03-3284-1,Ристайл,bispiribak-natriya,Биспирибак натрия,50.0,г/л
018-03-3284-1,Ристайл,tsigalofop-butil,Цигалофоп-бутил,190.0,г/л
051-02-1647-1,Ровраль,iprodion,Ипродион,500.0,г/кг
178-01-2216-1,Рогор-С,dimetoat,Диметоат,400.0,г/л
297(042)-03-1240-1,Родимич,imazamoks,Имазамокс,40.0,г/л
023(412)-02-1344-1,Ромбус,azoksistrobin,Азоксистробин,250.0,г/л
б/н Ромул,Ромул,rimsulfuron,Римсульфурон,250.0,г/кг
021-02-9925-0,Рондаш,azoksistrobin,Азоксистробин,40.0,г/л
021-02-9925-0,Рондаш,metalaksil,Металаксил,40.0,г/л
021-02-9925-0,Рондаш,fludioksonil,Флудиоксонил,25.0,г/л
142-03-1873-1,Рондо,kletodim,Клетодим,240.0,г/л
178-02-3686-1,Ронилан,azoksistrobin,Азоксистробин,150.0,г/л
178-02-3686-1,Ронилан,difenokonazol,Дифеноконазол,125.0,г/л
286-01-1641-1,Рофатокс,imidakloprid,Имидаклоприд,5.0,г/кг
008-01-1664-1,Рубеж,imidakloprid,Имидаклоприд,5.0,г/кг
070-03-3878-0,Рузмин,glifosat,Глифосат,360.0,г/л
778-07-3842-1,Рутамон,ammoniy-dimetilfosfornokislyy-dimetildi,Аммоний диметилфосфорнокислый диметилди,500.0,г/л
021-07-4836-1,Рэгги,hlormekvathlorid,Хлормекватхлорид,750.0,г/л
021-07-1688-1,Рэгги,hlormekvathlorid,Хлормекватхлорид,750.0,г/л
699-03-3866-1,Рэйнзон Плюс,atsifluorfen,Ацифлуорфен,160.0,г/л
699-03-3866-1,Рэйнзон Плюс,bentazon,Бентазон,320.0,г/л
286-03-551-1,САНТИ,glifosat,Глифосат,360.0,г/л
197-01-3501-1,Сабля,tiametoksam,Тиаметоксам,350.0,г/л
070-01-3851-1,Сайдор,imidakloprid,Имидаклоприд,200.0,г/л
058-01-4339-1,Сайрен,hlorpirifos,Хлорпирифос,480.0,г/л
018-07-2179-1,Сальдо,6-benziladenin,6-бензиладенин,20.0,г/л
029-03-1198-1,Сальса,etametsulfuron-metil,Этаметсульфурон-метил,750.0,г/кг
489-03-2873-1,Сальса Про,etametsulfuron-metil,Этаметсульфурон-метил,750.0,г/кг
002-01-3083-1,Самум,lyambda-tsigalotrin,Лямбда-цигалотрин,50.0,г/л
699-03-10057-0,Санворд Экстра,izoksaflyutol,Изоксафлютол,750.0,г/кг
699-03-4282-1,Сангейт Экстра,flumioksazin,Флумиоксазин,510.0,г/кг
070-03-9644-1,Санимокс,imazamoks,Имазамокс,33.0,г/л
070-03-9644-1,Санимокс,imazapir,Имазапир,15.0,г/л
126-02-3620-1,Санитар,famoksadon,Фамоксадон,250.0,г/кг
126-02-3620-1,Санитар,tsimoksanil,Цимоксанил,250.0,г/кг
234-01-9827-0,Санмайт,piridaben,Пиридабен,200.0,г/кг
234-01-1993-1,Санмайт,piridaben,Пиридабен,200.0,г/кг
781-02-9860-0,Сансэр,tebukonazol,Тебуконазол,381.0,г/л
781-02-9860-0,Сансэр,flutriafol,Флутриафол,117.0,г/л
781-02-3660-1,Сансэр Ультра,azoksistrobin,Азоксистробин,90.0,г/л
781-02-3660-1,Сансэр Ультра,tebukonazol,Тебуконазол,317.0,г/л
781-02-3660-1,Сансэр Ультра,flutriafol,Флутриафол,93.0,г/л
966-07-4890-0,Сантрейн,trineksapak-etil,Тринексапак-этил,250.0,г/л
018-03-2320-1,Санфло,tribenuron-metil,Трибенурон-метил,750.0,г/кг
178-01-10014-0,Саона,lyambda-tsigalotrin,Лямбда-цигалотрин,50.0,г/л
178-01-10014-0,Саона,hlorantraniliprol,Хлорантранилипрол,100.0,г/л
058-01-583-1,Сапресс,trineksapak-etil,Тринексапак-этил,250.0,г/л
082-03-4769-0,Сапфир,imazetapir,Имазетапир,100.0,г/л
063-03-2398-1,Сарацин,metsulfuron-metil,Метсульфурон-метил,600.0,г/кг
102-01-2019-1,Сарейп,abamektin,Абамектин,18.0,г/л
617-03-9823-0,Саркози,nikosulfuron,Никосульфурон,40.0,г/л
178-03-2202-1,Сармат,prometrin,Прометрин,500.0,г/л
307-02-719-1,Сарфун,karbendazim,Карбендазим,500.0,г/л
082-02-9784-0,Сатурас,protiokonazol,Протиоконазол,45.0,г/л
082-02-9784-0,Сатурас,tebukonazol,Тебуконазол,15.0,г/л
082-02-9784-0,Сатурас,fludioksonil,Флудиоксонил,40.0,г/л
854(038)-03-4630-0,Саунар,tribenuron-metil,Трибенурон-метил,750.0,г/кг
021-03(04)-3998-1,Сахара,karfentrazon-etil,Карфентразон-этил,480.0,г/л
297-03-9698-0,Сварог,2-4-d,"2,4-Д",300.0,г/л
297-03-671-1,Сварог,2-4-d,"2,4-Д",300.0,г/л
297-03-671-1,Сварог,florasulam,Флорасулам,6.25,г/л
297-03-9698-0,Сварог,florasulama,Флорасулама,6.25,г/л
297-03-9698-0,Сварог,florasulama-se,"Флорасулама), сэ",6.25,г/л
642-02-9785-0,Свеклоспас,gimeksazol,Гимексазол,700.0,г/кг
041-02-2642-1,Свитч,fludioksonil,Флудиоксонил,250.0,г/кг
041-02-2642-1,Свитч,tsiprodinil,Ципродинил,375.0,г/кг
021-03-4552-1,Себринг,metamitron,Метамитрон,350.0,г/л
021-03-4552-1,Себринг,etofumezat,Этофумезат,150.0,г/л
489-03-1902-1,Сегмент,azimsulfuron,Азимсульфурон,500.0,г/кг
064-04-4623-1,Сейнер,dikvat-dibromida,Дикват дибромида,374.0,г/л
019-03-2073-1,Секатор Турбо,amidosulfuron,Амидосульфурон,100.0,г/л
019-03-2073-1,Секатор Турбо,yodosulfuron-metil-natriy,Йодосульфурон-метил-натрий,25.0,г/л
019-03-2073-1,Секатор Турбо,mefenpir-dietil,Мефенпир-диэтил,250.0,г/л
010(011)-03-1616-1,Секира Дуэт,desmedifam,Десмедифам,160.0,г/л
010(011)-03-1616-1,Секира Дуэт,fenmedifam,Фенмедифам,160.0,г/л
010-03-3229-1,Секира Элит,desmedifam,Десмедифам,71.0,г/л
010-03-3229-1,Секира Элит,fenmedifam,Фенмедифам,91.0,г/л
010-03-3229-1,Секира Элит,etofumezat,Этофумезат,112.0,г/л
126-01-4495-1,Сектор,hlorpirifos,Хлорпирифос,500.0,г/л
126-01-4495-1,Сектор,tsipermetrin,Циперметрин,50.0,г/л
913-03-4469-1,Секунда,desmedifam,Десмедифам,160.0,г/л
913-03-4469-1,Секунда,fenmedifam,Фенмедифам,160.0,г/л
201-03-4847-1,Селект,kletodim,Клетодим,120.0,г/л
201-03-534-1,Селект,kletodim,Клетодим,120.0,г/л
002-03-2404-1,Селектор,kletodim,Клетодим,240.0,г/л
653-03-3753-1,Селена,s-metolahlor,С-метолахлор,960.0,г/л
041-01(02)-842-1,Селест Макс,tebukonazol,Тебуконазол,15.0,г/л
041-02-9779-0,Селест Макс,tebukonazol,Тебуконазол,15.0,г/л
041-01(02)-842-1,Селест Макс,tiametoksam,Тиаметоксам,125.0,г/л
041-02-9779-0,Селест Макс,tiametoksam,Тиаметоксам,125.0,г/л
041-01(02)-842-1,Селест Макс,fludioksonil,Флудиоксонил,25.0,г/л
041-02-9779-0,Селест Макс,fludioksonil,Флудиоксонил,25.0,г/л
041-01(02)-4007-1,Селест Топ,difenokonazol,Дифеноконазол,25.0,г/л
041-01(02)-4007-1,Селест Топ,tiametoksam,Тиаметоксам,262.5,г/л
041-01(02)-4007-1,Селест Топ,fludioksonil,Флудиоксонил,25.0,г/л
051-01-2151-1,Семафор,bifentrin,Бифентрин,200.0,г/л
010(535)-01-2646-1,Сенсей,lyambda-tsigalotrin,Лямбда-цигалотрин,50.0,г/л
046-01(02)-5059-1,Сера 400,sera,Сера,400.0,г/л
018-01(02)-3725-1,Сера 400,sera,Сера,400.0,г/л
1017-02(01)-10111-1,Сера 900,sera,Сера,900.0,г/л
699-03-4373-0,Серапен,klokvintoset-meksil,Клоквинтосет-мексил,25.0,г/л
699-03-4373-0,Серапен,pinoksaden,Пиноксаден,100.0,г/л
699-03-4396-0,Серапен Плюс,klokvintoset-meksil,Клоквинтосет-мексил,11.5,г/л
699-03-4396-0,Серапен Плюс,pinoksaden,Пиноксаден,45.0,г/л
699-03-4396-0,Серапен Плюс,florasulam,Флорасулам,5.0,г/л
780-02-3408-1,Серенада АСО,bacillus-amyloliquefaciens,Bacillus amyloliquefaciens,1000000000.0,КОЕ/Мл
014-02-1508-1,Серкадис,fluksapiroksad,Флуксапироксад,300.0,г/л
015-02-1468-1,Серкадис Плюс,difenokonazol,Дифеноконазол,50.0,г/л
015-02-1468-1,Серкадис Плюс,fluksapiroksad,Флуксапироксад,75.0,г/л
085-03-4256-1,Серп,imazetapir,Имазетапир,100.0,г/л
008-02-3238-1,Серпень,penkonazol,Пенконазол,42.0,г/л
008-02-3238-1,Серпень,sera,Сера,800.0,г/л
062-01-1837-1,Серф-Экстра,imidakloprid,Имидаклоприд,600.0,г/л
014-02-4529-0,Сигнум,boskalid,Боскалид,267.0,г/кг
014-02-4529-0,Сигнум,piraklostrobin,Пираклостробин,67.0,г/кг
156-01-563-1,Сидоприд,imidakloprid,Имидаклоприд,600.0,г/л
010-03-4389-1,Сиквел,fomesafen,Фомесафен,250.0,г/л
042(099)-03-4130-1,Сикурс,bentazon,Бентазон,480.0,г/л
008-02-3711-1,Силар,polidimetildiallilammoniya-hlorid,Полидиметилдиаллиламмония хлорид,250.0,г/л
871-03-9734-0,Силард,klopiralid,Клопиралид,750.0,г/кг
324-07-2045-1,"Силацин, КРП",hlormetilsilatran,Хлорметилсилатран,950.0,г/кг
085-03-3948-0,Силач,glifosat,Глифосат,540.0,г/л
085-03-9971-0,Силач,glifosat,Глифосат,540.0,г/л
070-03-4620-0,Силимакс,klodinafop-propargil,Клодинафоп-пропаргил,60.0,г/л
070-03-4620-0,Силимакс,klokvintoset-meksil,Клоквинтосет-мексил,40.0,г/л
070-03-4620-0,Силимакс,fenoksaprop-p-etil,Феноксапроп-п-этил,90.0,г/л
322-01-4719-1,Силлит,dodin,Додин,400.0,г/л
322-02-1100-1,Силлит,dodin,Додин,400.0,г/л
021-03-1783-1,Симба,s-metolahlor,С-метолахлор,960.0,г/л
021-03-9876-0,Симба,s-metolahlor,С-метолахлор,960.0,г/л
004(549)-03-2947-1,Синбетан 22,desmedifam,Десмедифам,160.0,г/л
004(549)-03-2947-1,Синбетан 22,fenmedifam,Фенмедифам,160.0,г/л
004(549)-03-4098-1,Синбетан Эксперт ОФ,desmedifam,Десмедифам,71.0,г/л
004(549)-03-4098-1,Синбетан Эксперт ОФ,fenmedifam,Фенмедифам,91.0,г/л
004(549)-03-4098-1,Синбетан Эксперт ОФ,etofumezat,Этофумезат,112.0,г/л
021-02-2593-1,Синклер,fludioksonil,Флудиоксонил,75.0,г/л
178-02-3852-1,Синтрон,piraklostrobin,Пираклостробин,90.0,г/л
178-02-3852-1,Синтрон,protiokonazol,Протиоконазол,120.0,г/л
234-03-4649-1,Сириус,pirazosulfuron-etil,Пиразосульфурон-этил,100.0,г/кг
021-01-3721-1,Сирокко,dimetoat,Диметоат,400.0,г/л
528-03-3700-1,Сиртаки,klomazon,Кломазон,360.0,г/л
173-02-4796-0,Системика М,bacillus-mojavensis,Bacillus mojavensis,1000000000.0,КОЕ/Мл
014-02-562-1,Систива,fluksapiroksad,Флуксапироксад,333.0,г/л
019-02-3830-1,Скайвэй,biksafen,Биксафен,75.0,г/л
019-02-3830-1,Скайвэй,protiokonazol,Протиоконазол,100.0,г/л
019-02-3830-1,Скайвэй,tebukonazol,Тебуконазол,100.0,г/л
699-02-9686-0,Скайстар,azoksistrobin,Азоксистробин,200.0,г/л
699-02-9686-0,Скайстар,tsiprokonazol,Ципроконазол,80.0,г/л
021-01-3397-1,Скарабей,diflubenzuron,Дифлубензурон,300.0,г/л
021-01-3397-1,Скарабей,esfenvalerat,Эсфенвалерат,88.0,г/л
018-02-3007-1,Скарлет,imazalil,Имазалил,100.0,г/л
018-02-3007-1,Скарлет,tebukonazol,Тебуконазол,60.0,г/л
781-03-4405-1,Скаут,klokvintoset-meksil,Клоквинтосет-мексил,30.0,г/л
781-03-4405-1,Скаут,fenoksaprop-p-etil,Феноксапроп-п-этил,140.0,г/л
781-03-3409-1,Скаут Ультра,klodinafop-propargil,Клодинафоп-пропаргил,48.5,г/л
781-03-3409-1,Скаут Ультра,klokvintoset-meksil,Клоквинтосет-мексил,57.0,г/л
781-03-3409-1,Скаут Ультра,fenoksaprop-p-etil,Феноксапроп-п-этил,170.0,г/л
058-03-713-1,Сквош,nikosulfuron,Никосульфурон,240.0,г/л
041-02-4371-0,Скор,difenokonazol,Дифеноконазол,250.0,г/л
126-02-614-1,Скорошанс,difenokonazol,Дифеноконазол,250.0,г/л
126-02-9631-1,Скорошанс,difenokonazol,Дифеноконазол,250.0,г/л
085-04-4222-1,Скорпион,dikvat-dibromida,Дикват дибромида,150.0,г/л
085-04-4223-1,Скорпион Форте,dikvat-dibromida,Дикват дибромида,280.0,г/л
126-02-3456-1,Скорый,difenokonazol,Дифеноконазол,250.0,г/л
178-03-4842-1,Скрин,metamitron,Метамитрон,700.0,г/л
178-03-617-1,Скрин,metamitron,Метамитрон,700.0,г/л
018-01-9916-0,Скутер,lyambda-tsigalotrin,Лямбда-цигалотрин,50.0,г/л
018-01-9916-0,Скутер,emamektin-benzoat,Эмамектин бензоат,50.0,г/л
021-01-3601-1,Скутум,fipronil,Фипронил,250.0,г/л
018-08-4305-1,Слизнегон,metaldegid,Метальдегид,60.0,г/кг
021-08-2660-1,Слизнеед Нео,metaldegid,Метальдегид,30.0,г/кг
141-08-3578-1,Слизнякофф,metaldegid,Метальдегид,60.0,г/кг
070-03-3825-1,Слоузен,rimsulfuron,Римсульфурон,500.0,г/кг
070-03-3825-1,Слоузен,tifensulfuron-metil,Тифенсульфурон-метил,250.0,г/кг
781-03-4924-1,Смарагд Форте,klokvintoset-meksil,Клоквинтосет-мексил,70.0,г/л
781-03-4924-1,Смарагд Форте,fenoksaprop-p-etil,Феноксапроп-п-этил,140.0,г/л
741-07-3240-1,СмартФреш ПроТабс,1-metiltsiklopropen,1-метилциклопропен,20.0,г/кг
050-03-4921-1,Смилодон,klokvintoset-meksil,Клоквинтосет-мексил,15.0,г/л
050-03-4921-1,Смилодон,pinoksaden,Пиноксаден,60.0,г/л
184(026)-01-4422-0,Снейк,atsetamiprid,Ацетамиприд,200.0,г/кг
178-03-1340-1,Сойл,metribuzin,Метрибузин,700.0,г/кг
178-03-2909-1,Сойл Флюид,metribuzin,Метрибузин,600.0,г/л
085-03-2657-1,Сокол,galoksifop-p-metil,Галоксифоп-п-метил,104.0,г/л
699-01-3609-1,Солам,lyambda-tsigalotrin,Лямбда-цигалотрин,106.0,г/л
699-01-3609-1,Солам,tiametoksam,Тиаметоксам,141.0,г/л
178-02-2671-1,Соланум,dimetomorf,Диметоморф,90.0,г/кг
178-02-2671-1,Соланум,mankotseb,Манкоцеб,600.0,г/кг
178-02-9696-0,Соланум Флюид,dimetomorf,Диметоморф,60.0,г/л
178-02-9696-0,Соланум Флюид,mankotseb,Манкоцеб,400.0,г/л
019-02-4277-0,Солигор,protiokonazol,Протиоконазол,53.0,г/л
019-02-4277-0,Солигор,spiroksamin,Спироксамин,224.0,г/л
019-02-4277-0,Солигор,tebukonazol,Тебуконазол,148.0,г/л
046-03-2384-1,Солист,imazetapir,Имазетапир,100.0,г/л
046-03-5037-1,Солист,imazetapir,Имазетапир,100.0,г/л
036-03-3380-1,Соната Супер,galoksifop-p-metil,Галоксифоп-п-метил,104.0,г/л
085-03-3684-1,Сонхус,klopiralid,Клопиралид,750.0,г/кг
"248(042,297)-03-1310-1",Сотейра,imazamoks,Имазамокс,33.0,г/л
"248(042,297)-03-1310-1",Сотейра,imazapir,Имазапир,15.0,г/л
971-03-4951-0,Софт,g-l-hizalofop-p-etil,Г/л хизалофоп-п-этил,125.0,г/л
012-09-3065-1,Сочва,vodorastvorimye-veschestva-poluchaemye-pri-perolize-drevesin,"Водорастворимые вещества, получаемые при перолизе древесины",8.0,г/л
569-07-2387-1,Спад Ник Гранулы,hlorprofam,Хлорпрофам,1000.0,г/кг
569-07-4237-1,Спад-Ник,hlorprofam,Хлорпрофам,500.0,г/л
021-02-9687-0,Спайк,propamokarb-gidrohlorid,Пропамокарб гидрохлорид,400.0,г/л
021-02-9687-0,Спайк,tsimoksanil,Цимоксанил,50.0,г/л
528-01-3552-1,Спарвиэро,lyambda-tsigalotrin,Лямбда-цигалотрин,100.0,г/л
018-01-4315-1,Спарринг,tiametoksam,Тиаметоксам,150.0,г/л
018-01-4315-1,Спарринг,fipronil,Фипронил,90.0,г/л
126-03-9744-1,Спарта,metsulfuron-metil,Метсульфурон-метил,135.0,г/кг
126-03-9744-1,Спарта,tifensulfuron-metil,Тифенсульфурон-метил,375.0,г/кг
586-01-4795-1,Спатаро,spirotetramat,Спиротетрамат,100.0,г/л
699-01-4481-1,Сперамет,spirotetramat,Спиротетрамат,150.0,г/л
941(942)-03-4635-1,Спецназ 750,tribenuron-metil,Трибенурон-метил,750.0,г/кг
682-03-4638-0,Спика,galoksifop-p-metil,Галоксифоп-п-метил,108.0,г/л
192-03-644-1,Спикер,dikamba,Дикамба,422.0,г/л
192-03-644-1,Спикер,florasulam,Флорасулам,18.0,г/л
866-01-4186-1,Спинтор КА,spinosad,Спиносад,240.0,г/л
041-02-9789-1,Спирале,difenokonazol,Дифеноконазол,100.0,г/л
041-02-9789-1,Спирале,fenpropidin,Фенпропидин,375.0,г/л
021-02-4486-0,Спирит,azoksistrobin,Азоксистробин,240.0,г/л
021-02-4486-0,Спирит,epoksikonazol,Эпоксиконазол,160.0,г/л
033-02-447-1,Споробактерин,bacillus-subtilis,Bacillus subtilis,100000000.0,КОЕ/г
033-02-447-1,Споробактерин,trichoderma-viride,Trichoderma viride,1000000.0,КОЕ/г
058-04-2878-1,Спотлайт Плюс,karfentrazon-etil,Карфентразон-этил,60.0,г/л
018-03-3920-0,Спрут,glifosat,Глифосат,360.0,г/л
018-03-9895-0,Спрут,glifosat,Глифосат,360.0,г/л
018-03-4269-0,Спрут Экстра,glifosat,Глифосат,540.0,г/л
024-07-2583-1,Стабилан,hlormekvathlorid,Хлормекватхлорид,460.0,г/л
018-02-10081-1,Стаккато,bacillus-amyloliquefaciens,Bacillus amyloliquefaciens,1000000000.0,КОЕ/Мл
043(042)-03-2119-1,Сталкер,tribenuron-metil,Трибенурон-метил,750.0,г/кг
015-02-3110-1,Стандак Топ,piraklostrobin,Пираклостробин,25.0,г/л
015-02-3110-1,Стандак Топ,tiofanat-metil,Тиофанат - метил,225.0,г/л
015-02-3110-1,Стандак Топ,fipronil,Фипронил,250.0,г/л
192-03-4475-1,Статус Голд,tifensulfuron-metil,Тифенсульфурон-метил,350.0,г/кг
192-03-4475-1,Статус Голд,tribenuron-metil,Трибенурон-метил,300.0,г/кг
192-03-4475-1,Статус Голд,florasulam,Флорасулам,100.0,г/кг
192-03-4474-1,Статус Крос,klokvintoset-meksil,Клоквинтосет-мексил,12.0,г/л
192-03-4474-1,Статус Крос,pinoksaden,Пиноксаден,45.0,г/л
192-03-4474-1,Статус Крос,florasulam,Флорасулам,5.0,г/л
192-03-1086-1,Статус Макс,tifensulfuron-metil,Тифенсульфурон-метил,500.0,г/кг
192-03-1086-1,Статус Макс,tribenuron-metil,Трибенурон-метил,250.0,г/кг
192-03-1086-1,Статус Макс,florasulam,Флорасулам,80.0,г/кг
192-03-3709-1,Статус Фло,2-4-d,"2,4-Д",418.0,г/л
192-03-3709-1,Статус Фло,florasulam,Флорасулам,12.0,г/л
014-03-2686-1,Стеллар Плюс,dikamba,Дикамба,160.0,г/л
014-03-2686-1,Стеллар Плюс,topramezon,Топрамезон,50.0,г/л
021-02-4365-1,Стерлинг,difenokonazol,Дифеноконазол,30.0,г/л
021-02-4365-1,Стерлинг,protiokonazol,Протиоконазол,40.0,г/л
139-02-3162-1,Стернифаг,trichoderma-harzianum,Trichoderma harzianum,10000000000.0,КОЕ/г
021-01-3340-1,Стилет,abamektin,Абамектин,40.0,г/л
021-01-3340-1,Стилет,indoksakarb,Индоксакарб,100.0,г/л
021-02-10006-0,Стилус,ditianon,Дитианон,125.0,г/л
792-07-3533-1,Стиммунол ЕФ,l-arginin,L-аргинин,8.84,г/л
792-07-3533-1,Стиммунол ЕФ,l-leytsin,L-лейцин,0.68,г/л
792-07-3533-1,Стиммунол ЕФ,l-prolin,L-пролин,0.3,г/л
389-07-4829-1,Стиморос,6-benziladenin,6-бензиладенин,100.0,г/л
639-07-3214-1,Стимулэйт,4-maslyanaya-kislota,4 масляная кислота,0.05,г/л
639-07-3214-1,Стимулэйт,6-furfurilaminopurin,6-фурфуриламинопурин,0.09,г/л
639-07-3214-1,Стимулэйт,gibberellinovaya-kislota-a3,Гиббереллиновая кислота а3,0.05,г/л
004-02-5023-1,Стингер,tebukonazol,Тебуконазол,60.0,г/л
004(549)-02-5014-1,Стингер Трио,imazalil,Имазалил,60.0,г/л
004(549)-02-5014-1,Стингер Трио,tebukonazol,Тебуконазол,60.0,г/л
004(549)-02-5014-1,Стингер Трио,tiabendazol,Тиабендазол,80.0,г/л
021-03-4513-1,Стингрей,klokvintoset-meksil,Клоквинтосет-мексил,12.5,г/л
021-03-4513-1,Стингрей,pinoksaden,Пиноксаден,50.0,г/л
008-01-673-1,Стожар,atsetamiprid,Ацетамиприд,20.0,г/кг
192-07-10105-0,Стоик,etefon,Этефон,720.0,г/л
015-03-3290-1,Стомп Профессионал,pendimetalin,Пендиметалин,455.0,г/л
177-08-3524-1,СтопУлит,metaldegid,Метальдегид,30.0,г/кг
178-02-1339-1,Страйк Форте,tebukonazol,Тебуконазол,225.0,г/л
178-02-1339-1,Страйк Форте,flutriafol,Флутриафол,75.0,г/л
042(275)-03-822-1,Стратег,nikosulfuron,Никосульфурон,40.0,г/л
014-03-1337-1,Стратос Ультра,tsikloksidim,Циклоксидим,100.0,г/л
112-02-2356-1,Стрекар,karbendazim,Карбендазим,70.0,г/л
112-02-2356-1,Стрекар,fitobakteriomitsin,Фитобактериомицин,25.0,г/л
012-03-776-1,Стриж,glifosat,Глифосат,687.0,г/кг
148-03-1601-1,Стрим,s-metolahlor,С-метолахлор,960.0,г/л
082-01-1489-1,Стрит,imidakloprid,Имидаклоприд,600.0,г/л
014-02-3566-1,Строби,krezoksim-metil,Крезоксим-метил,500.0,г/кг
064-02-1221-1,Стробитек,krezoksim-metil,Крезоксим-метил,500.0,г/кг
064-02-10063-0,Стробитек,krezoksim-metil,Крезоксим-метил,500.0,г/кг
064-02-2894-1,Стробитек Мульти,krezoksim-metil,Крезоксим-метил,125.0,г/л
064-02-2894-1,Стробитек Мульти,propikonazol,Пропиконазол,150.0,г/л
126-02-2047-1,Стробишанс Про,azoksistrobin,Азоксистробин,200.0,г/л
126-02-2047-1,Стробишанс Про,tsiprokonazol,Ципроконазол,80.0,г/л
869-01-4870-1,Стэйт,g-l-lyambda-tsigalotrin,Г/л лямбда-цигалотрин,250.0,г/л
021-07-4994-0,Стэнли,trineksapak-etil,Тринексапак-этил,250.0,г/л
893-02-9735-1,Сублимза,trichoderma-afroharzianum,Trichoderma afroharzianum,10000000.0,спор/Мл
156-03-3029-1,Султан,metazahlor,Метазахлор,500.0,г/л
032-01-2058-1,Суми-альфа,esfenvalerat,Эсфенвалерат,50.0,г/л
032-01-2057-1,Сумитион,fenitrotion,Фенитротион,500.0,г/л
021-02(01)-10005-0,Супер Макс,tebukonazol,Тебуконазол,15.0,г/л
021-02(01)-10005-0,Супер Макс,tiametoksam,Тиаметоксам,125.0,г/л
021-02(01)-10005-0,Супер Макс,fludioksonil,Флудиоксонил,25.0,г/л
322-01-947-1,Суперкилл,hlorpirifos,Хлорпирифос,500.0,г/л
322-01-4715-1,Суперкилл,hlorpirifos,Хлорпирифос,500.0,г/л
999-01-9982-0,Суперкилл,hlorpirifos,Хлорпирифос,500.0,г/л
322-01-947-1,Суперкилл,tsipermetrin,Циперметрин,50.0,г/л
322-01-4715-1,Суперкилл,tsipermetrin,Циперметрин,50.0,г/л
999-01-9982-0,Суперкилл,tsipermetrin,Циперметрин,50.0,г/л
178-03-2347-1,Суперкорн,mezotrion,Мезотрион,150.0,г/л
178-03-2347-1,Суперкорн,nikosulfuron,Никосульфурон,60.0,г/л
178-03-2347-1,Суперкорн,tifensulfuron-metil,Тифенсульфурон-метил,11.25,г/л
002-03-4856-0,Суперстар,tribenuron-metil,Трибенурон-метил,750.0,г/кг
002-03-2181-1,Суперстар,tribenuron-metil,Трибенурон-метил,750.0,г/кг
002-03-4454-1,Суперстар Голд,tifensulfuron-metil,Тифенсульфурон-метил,375.0,г/кг
002-03-4454-1,Суперстар Голд,tribenuron-metil,Трибенурон-метил,375.0,г/кг
586-02-9946-0,Суррендер,fludioksonil,Флудиоксонил,100.0,г/л
021-03(04)-1700-1,Суховей,dikvat,Дикват,150.0,г/л
021-03(04)-9729-0,Суховей,dikvata-dibromida,Диквата дибромида,280.0,г/л
019-02-819-1,Сфера макс,trifloksistrobin,Трифлоксистробин,375.0,г/л
019-02-9624-0,Сфера макс,trifloksistrobin,Трифлоксистробин,375.0,г/л
019-02-819-1,Сфера макс,tsiprokonazol,Ципроконазол,160.0,г/л
019-02-9624-0,Сфера макс,tsiprokonazol,Ципроконазол,160.0,г/л
023(197)-02-2495-1,Сфинкс,tebukonazol,Тебуконазол,60.0,г/л
019-01(02)-3932-1,Сценик Комби,klotianidin,Клотианидин,250.0,г/л
019-01(02)-3932-1,Сценик Комби,protiokonazol,Протиоконазол,37.5,г/л
019-01(02)-3932-1,Сценик Комби,tebukonazol,Тебуконазол,5.0,г/л
019-01(02)-3932-1,Сценик Комби,fluoksastrobin,Флуоксастробин,37.5,г/л
021-01-2605-1,Сэмпай,esfenvalerat,Эсфенвалерат,50.0,г/л
050-02-2818-1,ТМТД,tiram,Тирам,400.0,г/л
021-02-1694-1,ТМТД,tiram,Тирам,400.0,г/л
095-02-3450-1,ТМТД-плюс,tiram,Тирам,400.0,г/л
560-01-3216-1,ТабаМин,nikotin,Никотин,2.0,г/л
560-01-2332-1,Табазол,nikotin,Никотин,6.0,г/кг
560-01-2328-1,Табачная пыль,nikotin,Никотин,12.0,г/кг
085-03-4227-1,Табезон,bentazon,Бентазон,480.0,г/л
005-01-2072-1,Табу,imidakloprid,Имидаклоприд,500.0,г/л
021-01-4845-0,Табу Нео,imidakloprid,Имидаклоприд,400.0,г/л
021-01-1804-1,Табу Нео,imidakloprid,Имидаклоприд,400.0,г/л
021-01-4845-0,Табу Нео,klotianidin,Клотианидин,100.0,г/л
021-01-1804-1,Табу Нео,klotianidin,Клотианидин,100.0,г/л
021-01-1898-1,Табу Супер,imidakloprid,Имидаклоприд,400.0,г/л
021-01-1898-1,Табу Супер,fipronil,Фипронил,100.0,г/л
018-01-2827-1,Тагор,dimetoat,Диметоат,400.0,г/л
082-03-4323-1,Тайгер,klokvintoset-meksil,Клоквинтосет-мексил,34.5,г/л
082-03-4323-1,Тайгер,fenoksaprop-p-etil,Феноксапроп-п-этил,69.0,г/л
082-03-1069-1,Тайгер 100,klokvintoset-meksil,Клоквинтосет-мексил,27.0,г/л
082-03-10086-1,Тайгер 100,klokvintoset-meksil,Клоквинтосет-мексил,27.0,г/л
082-03-1069-1,Тайгер 100,fenoksaprop-p-etil,Феноксапроп-п-этил,100.0,г/л
082-03-10086-1,Тайгер 100,fenoksaprop-p-etil,Феноксапроп-п-этил,100.0,г/л
042(275)-03-1669-1,Тайпан,klodinafop-propargil,Клодинафоп-пропаргил,90.0,г/л
042(275)-03-1669-1,Тайпан,mefenpir-dietil,Мефенпир-диэтил,40.0,г/л
042(275)-03-1669-1,Тайпан,fenoksaprop-p-etil,Феноксапроп-п-этил,90.0,г/л
021-01-2480-1,Тайра,hlorpirifos,Хлорпирифос,480.0,г/л
178-01-3853-1,Такер,klotianidin,Клотианидин,600.0,г/кг
297(042)-03-1586-1,Талака 100,mefenpir-dietil,Мефенпир-диэтил,27.0,г/л
297(042)-03-1586-1,Талака 100,fenoksaprop-p-etil,Феноксапроп-п-этил,100.0,г/л
021-02-1800-1,Талант,hlorotalonil,Хлороталонил,500.0,г/л
029-02-1036-1,Талендо Экстра,prokvinazid,Проквиназид,160.0,г/л
029-02-1036-1,Талендо Экстра,tetrakonazol,Тетраконазол,80.0,г/л
866-02-4721-0,Талендо Экстра КА,prokvinazid,Проквиназид,160.0,г/л
866-02-4721-0,Талендо Экстра КА,tetrakonazol,Тетраконазол,80.0,г/л
742-03-3337-1,Талисман,nikosulfuron,Никосульфурон,40.0,г/л
029-02-319-1,Талиус,prokvinazid,Проквиназид,200.0,г/л
590(297)-03-3699-1,Таллер,tribenuron-metil,Трибенурон-метил,750.0,г/кг
197-03-4451-1,Тальвар,kletodim,Клетодим,240.0,г/л
389-02-4483-1,Тангер,dodin,Додин,400.0,г/л
058-03-475-1,Тандем,tribenuron-metil,Трибенурон-метил,600.0,г/кг
058-03-475-1,Тандем,florasulam,Флорасулам,200.0,г/кг
590(297)-03-3561-1,Танит,tifensulfuron-metil,Тифенсульфурон-метил,20.0,г/л
866-02-4725-0,Танос КА,famoksadon,Фамоксадон,250.0,г/кг
866-02-4725-0,Танос КА,tsimoksanil,Цимоксанил,250.0,г/кг
126-02-2511-1,Таношанс,famoksadon,Фамоксадон,250.0,г/кг
126-02-2511-1,Таношанс,tsimoksanil,Цимоксанил,250.0,г/кг
021-01-2484-1,Танрек,imidakloprid,Имидаклоприд,200.0,г/л
018-03-2281-1,Танто,atsifluorfen,Ацифлуорфен,320.0,г/л
178-03-2212-1,Тапир,imazetapir,Имазетапир,100.0,г/л
178-03-2597-1,Тапир Гибрид,imazapir,Имазапир,20.0,г/л
178-03-2597-1,Тапир Гибрид,imazetapir,Имазетапир,50.0,г/л
126-03-578-1,Тапирошанс,imazetapir,Имазетапир,100.0,г/л
126-03-9642-0,Тапирошанс,imazetapir,Имазетапир,100.0,г/л
050-01-4975-1,Таран,zeta-tsipermetrin,Зета-циперметрин,100.0,г/л
050-01-992-1,Таран,zeta-tsipermetrin,Зета-циперметрин,100.0,г/л
234-03-2005-1,Тарга Супер,hizalofop-p-etil,Хизалофоп-п-этил,51.6,г/л
178-03-2629-1,Таргет Супер,hizalofop-p-etil,Хизалофоп-п-этил,51.6,г/л
642-03-3936-0,Тачдаун,glifosat,Глифосат,540.0,г/л
853-02-4576-1,Тачигарен,gimeksazol,Гимексазол,700.0,г/кг
853-02-4674-1,Тачигарен,gimeksazol,Гимексазол,440.0,г/л
018-01-1919-1,Твинго,diflubenzuron,Дифлубензурон,180.0,г/л
018-01-1919-1,Твинго,imidakloprid,Имидаклоприд,45.0,г/л
018-01-3283-1,Твинго Евро,atsetamiprid,Ацетамиприд,45.0,г/л
018-01-3283-1,Твинго Евро,diflubenzuron,Дифлубензурон,180.0,г/л
010-07-4584-1,Теафол,hlormekvathlorid,Хлормекватхлорид,750.0,г/л
148-02-2105-1,Тебаз Про,azoksistrobin,Азоксистробин,200.0,г/л
148-02-2105-1,Тебаз Про,tebukonazol,Тебуконазол,250.0,г/л
046-02-4350-0,Тебалин,imazalil,Имазалил,100.0,г/л
046-02-5028-0,Тебалин,imazalil,Имазалил,100.0,г/л
046-02-4350-0,Тебалин,tebukonazol,Тебуконазол,60.0,г/л
046-02-5028-0,Тебалин,tebukonazol,Тебуконазол,60.0,г/л
018-02-1832-1,Тебу 60,tebukonazol,Тебуконазол,60.0,г/л
063-02-2238-1,Тебузан,tebukonazol,Тебуконазол,60.0,г/л
085-02-4327-1,Тебузил,imazalil,Имазалил,100.0,г/л
085-02-4327-1,Тебузил,tebukonazol,Тебуконазол,60.0,г/л
148-02-855-1,Тебузол,tebukonazol,Тебуконазол,250.0,г/л
097-02-2970-1,Тебуконазол,tebukonazol,Тебуконазол,60.0,г/л
050(360)-02-4375-1,Тебумет,difenokonazol,Дифеноконазол,100.0,г/л
050(360)-02-4375-1,Тебумет,metkonazol,Метконазол,50.0,г/л
018-01-2113-1,Тейя,tiakloprid,Тиаклоприд,480.0,г/л
376-03-3707-1,Телус,s-metolahlor,С-метолахлор,960.0,г/л
019-02-3024-1,Тельдор,fengeksamid,Фенгексамид,500.0,г/кг
021-01-4984-0,Тема,abamektin,Абамектин,18.0,г/л
021-01-4984-0,Тема,spirodiklofen,Спиродиклофен,222.0,г/л
010-01(02)-3400-1,Темифлю,mefenoksam,Мефеноксам,32.3,г/л
010-01(02)-3400-1,Темифлю,tiametoksam,Тиаметоксам,280.0,г/л
010-01(02)-3400-1,Темифлю,fludioksonila,Флудиоксонила,8.0,г/л
066-01-1229-1,Теппеки,flonikamid,Флоникамид,500.0,г/кг
192-02-9934-0,Терапевт Про,difenokonazol,Дифеноконазол,80.0,г/л
192-02-1134-1,Терапевт Про,difenokonazol,Дифеноконазол,80.0,г/л
192-02-9934-0,Терапевт Про,krezoksim-metil,Крезоксим-метил,125.0,г/л
192-02-1134-1,Терапевт Про,krezoksim-metil,Крезоксим-метил,125.0,г/л
192-02-9934-0,Терапевт Про,epoksikonazol,Эпоксиконазол,125.0,г/л
192-02-1134-1,Терапевт Про,epoksikonazol,Эпоксиконазол,125.0,г/л
158-03-4465-1,Тердок,klodinafop-propargil,Клодинафоп-пропаргил,80.0,г/л
158-03-4465-1,Тердок,klokvintoset-meksil,Клоквинтосет-мексил,20.0,г/л
184(026)-03-2862-1,Террагард,s-metolahlor,С-метолахлор,312.5,г/л
184(026)-03-2862-1,Террагард,terbutilazin,Тербутилазин,187.5,г/л
192(424)-01-2787-1,Террадим,dimetoat,Диметоат,400.0,г/л
038-03-2396-1,Террамет,metsulfuron-metil,Метсульфурон-метил,600.0,г/кг
424-02-1421-1,Террасил,tebukonazol,Тебуконазол,60.0,г/л
424-02-3588-1,Террасил Форте,tebukonazol,Тебуконазол,80.0,г/л
424-02-3588-1,Террасил Форте,flutriafol,Флутриафол,80.0,г/л
424-03-2510-1,Террастар,tribenuron-metil,Трибенурон-метил,750.0,г/кг
021-02-1802-1,Терция,azoksistrobin,Азоксистробин,10.0,г/л
021-02-1802-1,Терция,prohloraz,Прохлораз,60.0,г/л
021-02-1802-1,Терция,tritikonazol,Тритиконазол,20.0,г/л
184(026)-04-4560-1,Тесло,dikvat-dibromida,Дикват дибромида,280.0,г/л
178-03-4029-1,Теспиан,klokvintoset-meksil,Клоквинтосет-мексил,12.5,г/л
178-03-4029-1,Теспиан,pinoksaden,Пиноксаден,50.0,г/л
018-02-9921-0,Тесса,difenokonazol,Дифеноконазол,45.0,г/л
018-02-9921-0,Тесса,piraklostrobin,Пираклостробин,150.0,г/л
018-02-9921-0,Тесса,propikonazol,Пропиконазол,70.0,г/л
101(008)-02-3940-1,Тетрис,trichoderma-harzianum,Trichoderma harzianum,3000000.0,КОЕ/г
101(008)-02-3940-1,Тетрис,trichoderma-longibrachiatum,Trichoderma longibrachiatum,3000000.0,КОЕ/г
101(008)-02-3940-1,Тетрис,trichoderma-viride,Trichoderma viride,4000000.0,КОЕ/г
018-01-697-1,Тефлутрин,teflutrin,Тефлутрин,200.0,г/л
018-01-9602-1,Тефлутрин,teflutrin,Тефлутрин,200.0,г/л
661-01-4054-1,Тиальф,alfa-tsipermetrin-2,Альфа-циперметрин,100.0,г/л
661-01-4054-1,Тиальф,tiametoksam,Тиаметоксам,200.0,г/л
050(360)-01-2777-1,Тиамакс,tiametoksam,Тиаметоксам,240.0,г/л
004(549)-01-4099-1,Тиара,tiametoksam,Тиаметоксам,350.0,г/л
021-02-4671-1,Тиацин Био,maslo-chaynogo-dereva,Масло чайного дерева,240.0,г/л
021-02-4445-1,Тиацин Био БАУ,maslo-chaynogo-dereva,Масло чайного дерева,2.4,г/л
586-01(02)-10064-0,Тибари,difenokonazol,Дифеноконазол,25.0,г/л
586-01(02)-10064-0,Тибари,imidakloprid,Имидаклоприд,350.0,г/л
586-01(02)-10064-0,Тибари,fludioksonil,Флудиоксонил,25.0,г/л
017-01-715-1,Тибор,beta-tsipermetrin,Бета-циперметрин,40.0,г/л
017-01-715-1,Тибор,dimetoat,Диметоат,300.0,г/л
360-03-3925-1,Тигран Экстра,klodinafop-propargil,Клодинафоп-пропаргил,45.0,г/л
360-03-3925-1,Тигран Экстра,klokvintoset-meksil,Клоквинтосет-мексил,34.0,г/л
360-03-3925-1,Тигран Экстра,fenoksaprop-p-etil,Феноксапроп-п-этил,90.0,г/л
010-03-3625-1,Тигрис,bentazon,Бентазон,480.0,г/л
041-02-912-1,Тилт,propikonazol,Пропиконазол,250.0,г/л
041-02-2669-1,Тилт Турбо,propikonazol,Пропиконазол,125.0,г/л
041-02-2669-1,Тилт Турбо,fenpropidin,Фенпропидин,450.0,г/л
424(042)-01-1845-1,Тиматерр,tiametoksam,Тиаметоксам,350.0,г/л
699-03-4318-1,Тимспрей,2-4-d,"2,4-Д",300.0,г/л
699-03-4318-1,Тимспрей,florasulam,Флорасулам,6.25,г/л
010-02-2424-1,Тимус,propikonazol,Пропиконазол,250.0,г/л
050-02-2833-1,Тир,tebukonazol,Тебуконазол,25.0,г/л
050-02-2833-1,Тир,tiram,Тирам,400.0,г/л
021-02-2626-1,Тирада,difenokonazol,Дифеноконазол,30.0,г/л
021-02-2626-1,Тирада,tiram,Тирам,400.0,г/л
126-02-3698-1,Тирам,tiram,Тирам,400.0,г/л
010-03-3917-1,Тираназор,2-4-d,"2,4-Д",550.0,г/л
010-03-3917-1,Тираназор,florasulam,Флорасулам,7.4,г/л
063-03-1566-1,Тирон,metribuzin,Метрибузин,700.0,г/кг
184(040)-02-1504-1,Титан,propikonazol,Пропиконазол,250.0,г/л
018-02-1864-1,Титул 390,propikonazol,Пропиконазол,390.0,г/л
018-02-2499-1,Титул Дуо,propikonazol,Пропиконазол,200.0,г/л
018-02-2499-1,Титул Дуо,tebukonazol,Тебуконазол,200.0,г/л
018-02-2811-1,Титул Трио,propikonazol,Пропиконазол,80.0,г/л
018-02-2811-1,Титул Трио,tebukonazol,Тебуконазол,160.0,г/л
018-02-2811-1,Титул Трио,tsiprokonazol,Ципроконазол,80.0,г/л
029-03-249-1,Титус,rimsulfuron,Римсульфурон,250.0,г/кг
029-03-1928-1,Титус Плюс,dikamba,Дикамба,699.0,г/кг
029-03-1928-1,Титус Плюс,rimsulfuron,Римсульфурон,32.5,г/кг
002-03-3129-1,Тифенс,tifensulfuron-metil,Тифенсульфурон-метил,750.0,г/кг
097-03-3378-1,Тифенс Классик,tifensulfuron-metil,Тифенсульфурон-метил,187.5,г/кг
097-03-3378-1,Тифенс Классик,hlorimuron-etil,Хлоримурон-этил,187.5,г/кг
004(549)-03-5013-1,Тифи,tifensulfuron-metil,Тифенсульфурон-метил,750.0,г/кг
197-03-1764-1,ТифилАгро,tifensulfuron-metil,Тифенсульфурон-метил,750.0,г/кг
617-03-4138-1,Тифитерр,tifensulfuron-metil,Тифенсульфурон-метил,750.0,г/кг
278-03-4101-1,Толазин,s-metolahlor,С-метолахлор,312.5,г/л
278-03-4101-1,Толазин,terbutilazin,Тербутилазин,187.5,г/л
033-07-961-1,Томатон,4-hlorfenoksiuksusnaya-kislota,4-хлорфеноксиуксусная кислота,2.5,г/л
018-04-778-1,Тонгара,dikvat,Дикват,280.0,г/л
010-02-3212-1,Тонус,famoksadon,Фамоксадон,250.0,г/кг
010-02-3212-1,Тонус,tsimoksanil,Цимоксанил,250.0,г/кг
041-02-3023-1,Топаз,penkonazol,Пенконазол,100.0,г/л
041-03-2532-1,Топик,klodinafop-propargil,Клодинафоп-пропаргил,80.0,г/л
041-03-2532-1,Топик,klokvintoset-meksil,Клоквинтосет-мексил,20.0,г/л
699-03-4322-1,Топкама,metribuzin,Метрибузин,700.0,г/кг
094-02-1622-1,Топсин-М,tiofanat-metil,Тиофанат - метил,500.0,г/л
094-01-469-1,Топсин-М,tiofanat-metil-2,Тиофанат -метил,700.0,г/кг
038-03-2110-1,Топтун,2-4-d,"2,4-Д",550.0,г/л
б/н Топтун 100,Топтун 100,mefenpir-dietil,Мефенпир-диэтил,27.0,г/л
038-03-450-1,Топтун 100,mefenpir-dietil,Мефенпир-диэтил,27.0,г/л
б/н Топтун 100,Топтун 100,fenoksaprop-p-etil,Феноксапроп-п-этил,100.0,г/л
038-03-450-1,Топтун 100,fenoksaprop-p-etil,Феноксапроп-п-этил,100.0,г/л
009-03-2935-1,Топшот 113,penoksulam,Пеноксулам,13.33,г/л
009-03-2935-1,Топшот 113,tsigalofop-butil,Цигалофоп-бутил,100.0,г/л
446-01-1523-1,Тореадор Макси,imidakloprid,Имидаклоприд,600.0,г/л
148-01-2028-1,Торег,lyambda-tsigalotrin,Лямбда-цигалотрин,50.0,г/л
021-03-4287-0,Торнадо,glifosat,Глифосат,360.0,г/л
021-03-4288-0,Торнадо 500,glifosat,Глифосат,500.0,г/л
021-03-3983-0,Торнадо 540,glifosat,Глифосат,540.0,г/л
021-03-9768-0,Торнадо 540,glifosat,Глифосат,540.0,г/л
197-03-9813-0,Торпеда,tifensulfuron-metil,Тифенсульфурон-метил,500.0,г/кг
197-03-9813-0,Торпеда,florasulam,Флорасулам,170.0,г/кг
178-03-3623-0,Тотал,glifosat,Глифосат,360.0,г/л
178-03-3603-0,Тотал 480,glifosat,Глифосат,480.0,г/л
178-03-4827-0,"Тотал 480, ВР",glifosat,Глифосат,480.0,г/л
178-03-4826-0,"Тотал, ВР",glifosat,Глифосат,360.0,г/л
002-01-10037-0,Трамонтана,abamektin,Абамектин,40.0,г/л
002-01-10037-0,Трамонтана,indoksakarb,Индоксакарб,100.0,г/л
021-03-1701-1,Транш Супер,kvinmerak,Квинмерак,83.0,г/л
021-03-1701-1,Транш Супер,metazahlor,Метазахлор,333.0,г/л
021-07-1693-1,Трафик,maleinovyy-gidrazid,Малеиновый гидразид,270.0,г/л
021-03-2895-1,Трейсер,klomazon,Кломазон,480.0,г/л
023-02-1428-1,ТриАгро,azoksistrobin,Азоксистробин,100.0,г/л
023-02-1428-1,ТриАгро,tebukonazol,Тебуконазол,120.0,г/л
023-02-1428-1,ТриАгро,tsiprokonazol,Ципроконазол,40.0,г/л
050-02-4608-1,ТриЗаРа Супер,azoksistrobina,Азоксистробина,83.0,г/л
050-02-4608-1,ТриЗаРа Супер,prohloraz,Прохлораз,267.0,г/л
050-02-4608-1,ТриЗаРа Супер,tebukonazol,Тебуконазол,100.0,г/л
018-02-4460-1,Триада,propikonazol,Пропиконазол,140.0,г/л
018-02-4460-1,Триада,tebukonazol,Тебуконазол,140.0,г/л
018-02-4460-1,Триада,epoksikonazol,Эпоксиконазол,72.0,г/л
002-02-9918-0,Триактив,azoksistrobin,Азоксистробин,100.0,г/л
002-02-891-1,Триактив,azoksistrobin,Азоксистробин,100.0,г/л
002-02-9918-0,Триактив,tebukonazol,Тебуконазол,120.0,г/л
002-02-891-1,Триактив,tebukonazol,Тебуконазол,120.0,г/л
002-02-9918-0,Триактив,tsiprokonazol,Ципроконазол,40.0,г/л
002-02-891-1,Триактив,tsiprokonazol,Ципроконазол,40.0,г/л
097-02-2182-1,Триактив Экстра,azoksistrobin,Азоксистробин,200.0,г/л
097-02-2182-1,Триактив Экстра,tsiprokonazol,Ципроконазол,80.0,г/л
548-02-2735-1,Трианум Г,trichoderma-harzianum,Trichoderma harzianum,150000000.0,КОЕ/г
548-02-2776-1,Трианум П,trichoderma-harzianum,Trichoderma harzianum,150000000.0,КОЕ/г
010-03-3257-1,Триас,triasulfuron,Триасульфурон,750.0,г/кг
277-03-2454-1,Трибел,tribenuron-metil,Трибенурон-метил,750.0,г/кг
046-03-2360-1,Трибинстар,tribenuron-metil,Трибенурон-метил,750.0,г/кг
046-03-4983-0,Трибинстар,tribenuron-metil,Трибенурон-метил,750.0,г/кг
178-03-3668-1,Трибун,tribenuron-metil,Трибенурон-метил,750.0,г/кг
178-03-9684-0,Трибун Флюид,tribenuron-metil,Трибенурон-метил,300.0,г/л
329-03-790-1,Трибунал,tribenuron-metil,Трибенурон-метил,750.0,г/кг
774-03-3352-1,Трибьют,tifensulfuron-metil,Тифенсульфурон-метил,300.0,г/кг
774-03-3352-1,Трибьют,tribenuron-metil,Трибенурон-метил,310.0,г/кг
774-03-3352-1,Трибьют,florasulam,Флорасулам,103.0,г/кг
010-02-3265-1,Тридим,piraklostrobin,Пираклостробин,40.0,г/л
010-02-3265-1,Тридим,tiram,Тирам,250.0,г/л
010-02-3265-1,Тридим,tritikonazol,Тритиконазол,80.0,г/л
085-03-3033-1,Тризлак,tribenuron-metil,Трибенурон-метил,750.0,г/кг
653-03-3757-1,Триметил,tribenuron-metil,Трибенурон-метил,750.0,г/кг
913-03-4470-1,Тринити,desmedifam,Десмедифам,71.0,г/л
913-03-4470-1,Тринити,fenmedifam,Фенмедифам,91.0,г/л
913-03-4470-1,Тринити,etofumezat,Этофумезат,112.0,г/л
184(026)-01(02)-4157-1,Триптих,difenokonazol,Дифеноконазол,30.0,г/л
184(026)-01(02)-4157-1,Триптих,tiametoksam,Тиаметоксам,320.0,г/л
184(026)-01(02)-4157-1,Триптих,fludioksonil,Флудиоксонил,30.0,г/л
062-03-2596-1,Трисил,tifensulfuron-metil,Тифенсульфурон-метил,300.0,г/кг
062-03-2596-1,Трисил,tribenuron-metil,Трибенурон-метил,300.0,г/кг
062-03-2596-1,Трисил,florasulam,Флорасулам,100.0,г/кг
082-03-3306-1,Тристар,prometrin,Прометрин,500.0,г/л
085-02-3727-1,Тритон,imazalil,Имазалил,40.0,г/л
085-02-3727-1,Тритон,tebukonazol,Тебуконазол,60.0,г/л
085-02-3727-1,Тритон,tiabendazol,Тиабендазол,60.0,г/л
607-03-3938-1,Триумф,desmedifam,Десмедифам,71.0,г/л
607-03-3938-1,Триумф,fenmedifam,Фенмедифам,91.0,г/л
607-03-3938-1,Триумф,etofumezat,Этофумезат,112.0,г/л
008-02-1364-1,ТриходермаВериде 471,gribov-trichoderma-veride-shtamm-471,"Грибов trichoderma veride, штамм 471",1000000000.0,спор/г
228-02-2403-1,Трихоплант,trichoderma-longibrachiatum,Trichoderma longibrachiatum,2000000000.0,КОЕ/см³
039-02-2011-1,Трихофит Плюс,trichoderma-veride,Trichoderma veride,5000000000.0,КОЕ/Мл
139-02-4583-1,Трихоцин,trichoderma-harzianum,Trichoderma harzianum,10000000000.0,КОЕ/г
021-03-2625-1,Трицепс,triflusulfuron-metil,Трифлусульфурон-метил,750.0,г/кг
002-03-9951-0,Трувор,tifensulfuron-metil,Тифенсульфурон-метил,187.5,г/л
002-03-9951-0,Трувор,florasulam,Флорасулам,37.5,г/л
002-03-9951-0,Трувор,flumetsulam,Флуметсулам,25.0,г/л
018-01(02)-732-1,Туарег,imazalil,Имазалил,34.0,г/л
018-01(02)-4957-0,Туарег,imazalil,Имазалил,34.0,г/л
018-01(02)-732-1,Туарег,imidakloprid,Имидаклоприд,280.0,г/л
018-01(02)-4957-0,Туарег,imidakloprid,Имидаклоприд,280.0,г/л
018-01(02)-732-1,Туарег,tebukonazol,Тебуконазол,20.0,г/л
018-01(02)-4957-0,Туарег,tebukonazol,Тебуконазол,20.0,г/л
682-03-10102-0,Тугай,tribenuron-metil,Трибенурон-метил,750.0,г/кг
070-02-3890-1,Тузол,propikonazol,Пропиконазол,250.0,г/л
070-02-3890-1,Тузол,tsiprokonazol,Ципроконазол,80.0,г/л
085-02-4199-1,Тумен,azoksistrobin,Азоксистробин,67.0,г/л
085-02-4199-1,Тумен,difenokonazol,Дифеноконазол,167.0,г/л
585-01-9829-1,ТуринБаш,bacillus-thuringiensis,Bacillus thuringiensis,1000000000.0,КОЕ/Мл
042(275)-02-452-1,Турион,imazalil,Имазалил,66.0,г/л
042(275)-02-452-1,Турион,prohloraz,Прохлораз,132.0,г/л
042(275)-02-452-1,Турион,tritikonazol,Тритиконазол,56.0,г/л
866-02-10097-0,Тэмур,pikoksistrobin,Пикоксистробин,50.0,г/л
866-02-10097-0,Тэмур,tebukonazol,Тебуконазол,60.0,г/л
033-07-1287-1,УкоренитЪ,4-maslyanaya-kislota,4 масляная кислота,5.0,г/кг
682(913)-03-4416-1,Укротитель,klokvintoset-meksil,Клоквинтосет-мексил,27.0,г/л
682(913)-03-4416-1,Укротитель,fenoksaprop-p-etil,Феноксапроп-п-этил,100.0,г/л
178-02-2619-1,Улис,famoksadon,Фамоксадон,250.0,г/кг
178-02-2619-1,Улис,tsimoksanil,Цимоксанил,250.0,г/кг
019-01-1950-1,Ультор,spirotetramat,Спиротетрамат,150.0,г/л
063-02-3665-1,Универсал,tebukonazol,Тебуконазол,500.0,г/л
018-03-1842-1,Унико,florasulama,Флорасулама,2.5,г/л
018-03-1842-1,Унико,fluroksipir,Флуроксипир,100.0,г/л
041-03-4284-0,Ураган Форте,glifosat,Глифосат,500.0,г/л
044-02-2291-1,ФАС,sera,Сера,800.0,г/кг
021-03-2624-1,Фабиан,imazetapir,Имазетапир,450.0,г/кг
021-03-2624-1,Фабиан,hlorimuron-etil,Хлоримурон-этил,150.0,г/кг
097-02-838-1,Фаворит Трио,imazalil,Имазалил,40.0,г/л
002-02-9660-0,Фаворит Трио,imazalil,Имазалил,40.0,г/л
097-02-838-1,Фаворит Трио,tebukonazol,Тебуконазол,60.0,г/л
002-02-9660-0,Фаворит Трио,tebukonazol,Тебуконазол,60.0,г/л
097-02-838-1,Фаворит Трио,tiabendazol,Тиабендазол,60.0,г/л
002-02-9660-0,Фаворит Трио,tiabendazol,Тиабендазол,60.0,г/л
063-01-2089-1,Фазис,fenoksikarb,Феноксикарб,250.0,г/кг
724-07-3201-1,Фазор,maleinovyy-gidrazid,Малеиновый гидразид,800.0,г/кг
063-03-3816-0,Факел,glifosat,Глифосат,360.0,г/л
063-03-9605-0,Факел,glifosat,Глифосат,360.0,г/л
064-03-3765-0,Факел Экстра,glifosat,Глифосат,500.0,г/л
064-03-4914-0,Факел Экстра,glifosat,Глифосат,500.0,г/л
050-02-4750-0,Факир,fludioksonil,Флудиоксонил,250.0,г/л
966-02-4889-0,Фактор Супер,tebukonazola,Тебуконазола,225.0,г/л
966-02-4889-0,Фактор Супер,flutriafola,Флутриафола,75.0,г/л
070-01-3653-1,Фактория,lyambda-tsigalotrin,Лямбда-цигалотрин,106.0,г/л
070-01-3653-1,Фактория,tiametoksam,Тиаметоксам,141.0,г/л
019-02-1456-1,Фалькон,spiroksamin,Спироксамин,250.0,г/л
019-02-1456-1,Фалькон,tebukonazol,Тебуконазол,167.0,г/л
019-02-1456-1,Фалькон,triadimenol,Триадименол,43.0,г/л
097-02-2528-1,Фамокс,famoksadon,Фамоксадон,250.0,г/кг
097-02-2528-1,Фамокс,tsimoksanil,Цимоксанил,250.0,г/кг
019-02-1542-1,Фанданго,protiokonazol,Протиоконазол,100.0,г/л
019-02-1542-1,Фанданго,fluoksastrobin,Флуоксастробин,100.0,г/л
050-02-4936-1,Фанфан,tsiprokonazol,Ципроконазол,250.0,г/л
781-02-9850-1,Фарадей,tebukonazol,Тебуконазол,30.0,г/л
781-02-9850-1,Фарадей,flutriafol,Флутриафол,62.5,г/л
023(197)-02-2555-1,Фараон,tebukonazol,Тебуконазол,250.0,г/л
197-02-3316-1,Фараон Супер,tebukonazol,Тебуконазол,250.0,г/л
197-02-3316-1,Фараон Супер,flutriafol,Флутриафол,250.0,г/л
010-02-4417-1,Фарватер,mefenoksam,Мефеноксам,10.0,г/л
010-02-4417-1,Фарватер,fludioksonila,Флудиоксонила,25.0,г/л
178-02-2987-1,Фарго,tebukonazol,Тебуконазол,250.0,г/л
178-02-2987-1,Фарго,tsiprokonazol,Ципроконазол,80.0,г/л
389-02-1219-1,Фарди,difenokonazol,Дифеноконазол,250.0,г/л
045-02-3696-1,Фармайод,yod,Йод,100.0,г/л
866-02-10015-0,Фарнез,tebukonazol,Тебуконазол,220.0,г/л
866-02-10015-0,Фарнез,flutriafol,Флутриафол,80.0,г/л
018-01-1841-1,Фаскорд,alfa-tsipermetrin,Альфа-ципермeтрин,100.0,г/л
015-01-2685-1,Фастак,alfa-tsipermetrin,Альфа-ципермeтрин,100.0,г/л
126-01-4546-1,Фасшанс,alfa-tsipermetrin,Альфа-ципермeтрин,100.0,г/л
085-01-3001-1,Фатрин,alfa-tsipermetrin,Альфа-ципермeтрин,100.0,г/л
297-03-1424-1,Фаэтон,nikosulfuron,Никосульфурон,40.0,г/л
528-02-3432-1,Фезан 250,tebukonazol,Тебуконазол,250.0,г/л
018-03-3943-1,Фемида,2-4-d,"2,4-Д",320.0,г/л
018-03-3943-1,Фемида,hlorsulfurona,Хлорсульфурона,4.2,г/л
010-01-4055-1,Фендрик,atsetamiprid,Ацетамиприд,400.0,г/л
010-01-4055-1,Фендрик,fipronil,Фипронил,100.0,г/л
018-03-1449-1,Фенизан,dikamba,Дикамба,360.0,г/л
018-03-1449-1,Фенизан,hlorsulfuron,Хлорсульфурон,22.2,г/л
126-03-3637-1,Феникс,klodinafop-propargil,Клодинафоп-пропаргил,80.0,г/л
126-03-3637-1,Феникс,klokvintoset-meksil,Клоквинтосет-мексил,20.0,г/л
062-02-1838-1,Феникс Дуо,tiofanat-metil,Тиофанат - метил,310.0,г/л
062-02-1838-1,Феникс Дуо,flutriafola,Флутриафола,187.0,г/л
070-02-4756-1,Фенозол,difenokonazol,Дифеноконазол,25.0,г/л
070-02-4756-1,Фенозол,fludioksonil,Флудиоксонил,25.0,г/л
046-03-4453-1,Феноксоп 100,klokvintoset-meksil,Клоквинтосет-мексил,27.0,г/л
046-03-5063-1,Феноксоп 100,klokvintoset-meksil,Клоквинтосет-мексил,27.0,г/л
046-03-4453-1,Феноксоп 100,fenoksaprop-p-etil,Феноксапроп-п-этил,100.0,г/л
046-03-5063-1,Феноксоп 100,fenoksaprop-p-etil,Феноксапроп-п-этил,100.0,г/л
178-02-2956-1,Феразим,karbendazim,Карбендазим,500.0,г/л
178-02-2857-1,Феразим Грин,karbendazim,Карбендазим,300.0,г/л
178-02-2857-1,Феразим Грин,piraklostrobin,Пираклостробин,100.0,г/л
489-03-2522-1,Ферат,tribenuron-metil,Трибенурон-метил,750.0,г/кг
126-02-3579-1,Фея,protiokonazol,Протиоконазол,125.0,г/л
126-02-3579-1,Фея,tebukonazol,Тебуконазол,125.0,г/л
278-03-4100-1,Фидес,mefenpir-dietil,Мефенпир-диэтил,27.0,г/л
278-03-4100-1,Фидес,fenoksaprop-p-etil,Феноксапроп-п-этил,100.0,г/л
322-02-1418-1,Филдер,dimetomorf,Диметоморф,90.0,г/кг
322-02-1418-1,Филдер,mankotseb,Манкоцеб,600.0,г/кг
322-02-4717-1,Филдер 69,dimetomorf,Диметоморф,90.0,г/кг
322-02-4717-1,Филдер 69,mankotseb,Манкоцеб,600.0,г/кг
192(424)-02-2496-1,Фильтерр,propikonazol,Пропиконазол,250.0,г/л
192(424)-02-2496-1,Фильтерр,tsiprokonazol,Ципроконазол,80.0,г/л
866-01-4166-1,Фипроксам,tiametoksam,Тиаметоксам,350.0,г/л
866-01-4166-1,Фипроксам,fipronil,Фипронил,150.0,г/л
197(549)-03-3135-1,Фирман,fomesafen,Фомесафен,250.0,г/л
197-03-4734-1,Фирман Экстра,galoksifop-p-metil,Галоксифоп-п-метил,70.0,г/л
197-03-4734-1,Фирман Экстра,fomesafen,Фомесафен,180.0,г/л
148-03-861-1,Фист,pendimetalin,Пендиметалин,330.0,г/л
033-02-3523-1,Фитобактерин+,bacillus-subtilis,Bacillus subtilis,1000000000.0,КОЕ/г
930-01-4625-1,Фитоверм,aversektin-s,Аверсектин с,2.0,г/л
112-01-379-1,Фитоверм,aversektin-s,Аверсектин с,50.0,г/л
930-01-4745-1,Фитоверм,aversektin-s,Аверсектин с,10.0,г/л
045-05-194-1,Фитоверм,aversektin-s,Аверсектин с,8.0,г/кг
930-01-4566-1,Фитоверм М,aversektin-s,Аверсектин с,2.0,г/л
012-01-1326-1,Фитоверм Форте,aversektin-s,Аверсектин с,10.0,г/л
930-01-4746-1,Фитоверм Экстра,aversektin-s,Аверсектин с,50.0,г/л
831-02-3795-1,Фитолавин,fitobakteriomitsin,Фитобактериомицин,32.0,г/л
064-02-626-1,Фитолекарь,flutriafol,Флутриафол,250.0,г/л
064-02-4922-1,"Фитолекарь, КС",flutriafol,Флутриафол,250.0,г/л
163-07-4264-1,Фитомаг,1-metiltsiklopropen,1-метилциклопропен,30.0,г/кг
163-07-2834-1,Фитомаг,1-metiltsiklopropen,1-метилциклопропен,15.0,г/кг
163-07-3464-1,Фитомаг-Пак,1-metiltsiklopropen,1-метилциклопропен,0.5,г/кг
112-02-382-1,Фитоплазмин,makrolidnyytilozinovyy-kompleks,Макролидныйтилозиновый комплекс,200.0,г/л
585-02-3649-1,Фитоспорин-АС,bacillus-subtilis,Bacillus subtilis,100000.0,КОЕ/Мл
585-02-3649-1,Фитоспорин-АС,trichoderma-atroviride,Trichoderma atroviride,100000.0,КОЕ/Мл
585-02-3649-1,Фитоспорин-АС,trichoderma-longibrachiatum,Trichoderma longibrachiatum,100000.0,КОЕ/Мл
585-02-3649-1,Фитоспорин-АС,trichoderma-reesei,Trichoderma reesei,1000000.0,КОЕ/Мл
016-02-2491-1,Фитоспорин-М,bacillus-subtilis,Bacillus subtilis,1000000000.0,спор/Мл
1166-02-3926-1,Фитотрикс,trichoderma-asperellum-m18-shtamm-vkpm-f-1395,Trichoderma asperellum м18 штамм вкпм f-1395,1000000000.0,КОЕ/Мл
197-01-2397-1,ФлагАгро,alyuminiya-fosfid,Алюминия фосфид,560.0,г/кг
042(275)-03-1675-1,Флагман,florasulam,Флорасулам,150.0,г/л
050-03-4709-1,Флазер,flumioksazin,Флумиоксазин,250.0,г/л
010(197)-03-2994-1,ФлангАгро,galoksifop-p-metil,Галоксифоп-п-метил,104.0,г/л
590-02-4192-1,Фланобин,azoksistrobin,Азоксистробин,200.0,г/л
590-02-4192-1,Фланобин,fluazinam,Флуазинам,250.0,г/л
041-03-3000-1,Флекс,fomesafen,Фомесафен,250.0,г/л
014-02-610-1,Флексити,metrafenon,Метрафенон,300.0,г/л
178-02-1932-1,Флинт,tsiprokonazol,Ципроконазол,80.0,г/л
178-02-1932-1,Флинт,epoksikonazol,Эпоксиконазол,120.0,г/л
002-02-10099-0,Фло-Ти-Флу,mefenoksam,Мефеноксам,120.0,г/л
002-02-10099-0,Фло-Ти-Флу,fluazinam,Флуазинам,200.0,г/л
278-02-4113-1,Флокс,tsiprodinil,Ципродинил,750.0,г/кг
586-01-9945-1,Флоники,flonikamid,Флоникамид,500.0,г/кг
б/н Флоракс,Флоракс,2-4-d,"2,4-Д",550.0,г/л
б/н Флоракс,Флоракс,florasulam,Флорасулам,7.4,г/л
329-03-791-1,Флорастар,2-4-d,"2,4-Д",300.0,г/л
329-03-791-1,Флорастар,florasulam,Флорасулам,6.25,г/л
197-02-9754-0,Флоризель,fluazinam,Флуазинам,500.0,г/л
570-03-3431-1,Флорин,2-4-d,"2,4-Д",550.0,г/л
570-03-3431-1,Флорин,florasulam,Флорасулам,7.4,г/л
277-03-3962-1,Флоробел,2-4-d,"2,4-Д",300.0,г/л
277-03-3962-1,Флоробел,florasulam,Флорасулам,6.25,г/л
070-03-3541-1,Флортек,2-4-d,"2,4-Д",550.0,г/л
070-03-3541-1,Флортек,florasulam,Флорасулам,7.4,г/л
852-02-4446-1,Флосул,sera,Сера,800.0,г/л
085-02-4289-1,Флуафол,flutriafol,Флутриафол,250.0,г/л
097-03-4879-0,Флудимакс,g-l-fludioksanil,Г/л флудиоксанил,25.0,г/л
097-02-1451-1,Флудимакс,fludioksonil,Флудиоксонил,25.0,г/л
002-02-4966-0,Флудимакс Супер,g-l-piraklostrobin,Г/л пираклостробин,25.0,г/л
002-02-4966-0,Флудимакс Супер,g-l-protiokonazol,Г/л протиоконазол,50.0,г/л
002-02-4966-0,Флудимакс Супер,g-l-tebukonazol,Г/л тебуконазол,10.0,г/л
002-02-4966-0,Флудимакс Супер,g-l-fludioksonil,Г/л флудиоксонил,37.5,г/л
070-02-4792-1,Флузол,azoksistrobin,Азоксистробин,10.0,г/л
070-02-4792-1,Флузол,tebukonazol,Тебуконазол,15.0,г/л
070-02-4792-1,Флузол,fludioksonil,Флудиоксонил,25.0,г/л
197-02-4748-0,Флуназол,protiokonazol,Протиоконазол,125.0,г/л
197-02-4748-0,Флуназол,fluopiram,Флуопирам,125.0,г/л
192(050)-03-3183-1,Флуорон,triflusulfuron-metil,Трифлусульфурон-метил,500.0,г/кг
097-02-3916-1,Флуплант,flutriafol,Флутриафол,250.0,г/л
866-03-4907-0,Флусулам,florasulama,Флорасулама,100.0,г/л
866-03-4907-0,Флусулам,flumetsulam,Флуметсулам,100.0,г/л
156-01-2112-1,Флутеприд,imidakloprid,Имидаклоприд,400.0,г/л
156-02-2138-1,Флутеприд,imidakloprid,Имидаклоприд,400.0,г/л
156-01-2112-1,Флутеприд,tebukonazol,Тебуконазол,30.0,г/л
156-02-2138-1,Флутеприд,tebukonazol,Тебуконазол,30.0,г/л
156-01-2112-1,Флутеприд,fludioksonil,Флудиоксонил,50.0,г/л
156-02-2138-1,Флутеприд,fludioksonil,Флудиоксонил,50.0,г/л
278-02-5030-1,Флутривит,flutriafol,Флутриафол,250.0,г/л
277-02-1776-1,Флутриобел,flutriafol,Флутриафол,250.0,г/л
489-03-3687-1,Флюенс,tribenuron-metil,Трибенурон-метил,750.0,г/кг
197-03-9690-0,Флюпин,klokvintoset-meksil,Клоквинтосет-мексил,12.0,г/л
197-03-9690-0,Флюпин,pinoksaden,Пиноксаден,50.0,г/л
197-03-9690-0,Флюпин,fluroksipir,Флуроксипир,330.0,г/л
058-03-2786-1,Фокстрот,klokvintoset-meksil,Клоквинтосет-мексил,34.5,г/л
058-03-2786-1,Фокстрот,fenoksaprop-p-etil,Феноксапроп-п-этил,69.0,г/л
058-03-4341-1,Фокстрот Турбо,klokvintoset-meksil,Клоквинтосет-мексил,23.0,г/л
058-03-4341-1,Фокстрот Турбо,fenoksaprop-p-etil,Феноксапроп-п-этил,120.0,г/л
019-02-1306-1,Фоликур,tebukonazol,Тебуконазол,250.0,г/л
583-03-3304-1,Фомаз,fomesafen,Фомесафен,250.0,г/л
699-03-4703-1,Фомдос,diflyufenikan,Дифлюфеникан,100.0,г/л
699-03-4703-1,Фомдос,flufenatset,Флуфенацет,400.0,г/л
002-03-4762-1,Фомезафикс,fomesafen,Фомесафен,250.0,г/л
647-03-3448-1,Фомесан,fomesafen,Фомесафен,250.0,г/л
050(360)-03-3055-1,Фомесофт,fomesafen,Фомесафен,250.0,г/л
570-03-4758-1,Фомус,fomesafen,Фомесафен,250.0,г/л
699-03-4236-1,Фомфлаг,fomesafen,Фомесафен,250.0,г/л
029-02-1076-1,Фонтелис,pentiopirad,Пентиопирад,200.0,г/л
018-03-2458-1,Форвард,hizalofop-p-etil,Хизалофоп-п-этил,60.0,г/л
699-03-4057-1,Фориндо Микс,yodosulfuron-metil-natriy,Йодосульфурон-метил-натрий,1.0,г/л
699-03-4057-1,Фориндо Микс,tienkarbazon-metil,Тиенкарбазон-метил,10.0,г/л
699-03-4057-1,Фориндо Микс,foramsulfuron,Форамсульфурон,31.5,г/л
699-03-4057-1,Фориндо Микс,tsiprosulfamid,Ципросульфамид,15.0,г/л
606-02-3743-1,Форис,flutriafol,Флутриафол,250.0,г/л
021-03-4655-0,Форкаст,diflyufenikan,Дифлюфеникан,150.0,г/л
021-03-4655-0,Форкаст,yodosulfuronmetil-natriya,Йодосульфуронметил-натрия,8.0,г/л
021-03-4655-0,Форкаст,mefenpir-dietila,Мефенпир-диэтила,30.0,г/л
082-03-4777-0,Формазон,bentazon,Бентазон,350.0,г/л
082-03-4777-0,Формазон,fomesafen,Фомесафен,150.0,г/л
050(360)-03-4063-1,Формуляр,klokvintoset-meksil,Клоквинтосет-мексил,50.0,г/л
050(360)-03-4063-1,Формуляр,fenoksaprop-p-etil,Феноксапроп-п-этил,100.0,г/л
041-01-2540-1,Форс,teflutrin,Тефлутрин,200.0,г/л
041-01-2667-1,Форс,teflutrin,Тефлутрин,15.0,г/кг
041-01-3370-1,Форс Зеа,teflutrin,Тефлутрин,80.0,г/л
041-01-3370-1,Форс Зеа,tiametoksam,Тиаметоксам,200.0,г/л
042-01-1390-1,Форсер Энто,imidakloprid,Имидаклоприд,600.0,г/л
197-01-4798-0,ФортАгро,klotianidin,Клотианидин,350.0,г/л
197-01-4798-0,ФортАгро,teflutrin,Тефлутрин,80.0,г/л
041-01-3074-1,Фортенза,tsiantraniliprol,Циантранилипрол,600.0,г/л
004-03-5005-1,Фортис,prometrin,Прометрин,500.0,г/л
018-03-4280-1,Фортиссимо,2-4-d,"2,4-Д",200.0,г/л
018-03-4280-1,Фортиссимо,aminopiralid,Аминопиралид,10.0,г/л
018-03-4280-1,Фортиссимо,florasulam,Флорасулам,5.0,г/л
184(026)-02-2992-1,Фортуна Глобал,mankotseb,Манкоцеб,750.0,г/кг
184(026)-02-3050-1,Фортуна Голд,mankotseb,Манкоцеб,400.0,г/кг
184(026)-02-3050-1,Фортуна Голд,tsimoksanil,Цимоксанил,40.0,г/кг
184(026)-02-2843-1,Фортуна Экстра,mankotseb,Манкоцеб,640.0,г/кг
184(026)-02-2843-1,Фортуна Экстра,mefenoksam,Мефеноксам,40.0,г/кг
092-01-2137-1,Фоском,alyuminiya-fosfid,Алюминия фосфид,560.0,г/кг
057-01-1999-1,Фостоксин,alyuminiya-fosfid,Алюминия фосфид,560.0,г/кг
063-01-2850-1,Фостран,dimetoat,Диметоат,400.0,г/л
549-01-4783-1,Фосфин,alyuminiya-fosfid,Алюминия фосфид,560.0,г/кг
004-01-5022-1,Фосфин,alyuminiya-fosfid,Алюминия фосфид,560.0,г/кг
297-02-2996-1,Фразол,tebukonazol,Тебуконазол,60.0,г/л
297-02-2996-1,Фразол,triadimenol,Триадименол,60.0,г/л
297-02-2277-1,Фразол Классик,tebukonazol,Тебуконазол,60.0,г/л
297-03-1455-1,Франкорн,mezotrion,Мезотрион,480.0,г/л
456-07-1623-1,Фреш Форма,1-metiltsiklopropen,1-метилциклопропен,35.0,г/кг
590-02-4930-1,Фрина,piraklostrobin,Пираклостробин,500.0,г/л
334-03-821-1,Фронтьер Оптима,dimetenamid-r,Диметенамид-р,720.0,г/л
197-02-10017-0,Фрументо,protiokonazol,Протиоконазол,40.0,г/л
197-02-10017-0,Фрументо,prohloraz,Прохлораз,100.0,г/л
215-02-2536-1,Фуджи 1,izoprotiolan,Изопротиолан,416.0,г/л
021-03-3061-1,Фултайм,mezotrion,Мезотрион,75.0,г/л
021-03-3061-1,Фултайм,nikosulfuron,Никосульфурон,37.5,г/л
021-03-3061-1,Фултайм,pikloram,Пиклорам,17.5,г/л
178-01-9864-1,Фумифаст,alyuminiya-fosfid,Алюминия фосфид,560.0,г/кг
178-01-1396-1,Фумифаст,alyuminiya-fosfid,Алюминия фосфид,560.0,г/кг
606-01-3747-1,"Фумифос, ТАБ",alyuminiya-fosfid,Алюминия фосфид,560.0,г/кг
064-01-4008-1,Фумихелп,alyuminiya-fosfid,Алюминия фосфид,560.0,г/кг
126-01-1128-1,Фумишанс,alyuminiya-fosfid,Алюминия фосфид,560.0,г/кг
002-01-2959-1,Фумфайтер,alyuminiya-fosfid,Алюминия фосфид,560.0,г/кг
278-02-4108-1,Фунгисил,propikonazol,Пропиконазол,250.0,г/л
278-02-4108-1,Фунгисил,tsiprokonazol,Ципроконазол,80.0,г/л
262-02-633-1,Фундазол,benomil,Беномил,500.0,г/кг
262-02-9610-1,Фундазол,benomil-agro-kemi-kft,Беномил) агро-кеми кфт.,500.0,г/кг
602-07-2530-1,Фуролан,2-furana,2- фурана,988.9,г/л
019-03-1464-1,Фуроре Ультра,fenoksaprop-p-etil,Феноксапроп-п-этил,110.0,г/л
058-01-190-1,Фуфанон,malation,Малатион,570.0,г/л
058-01-1537-1,Фуфанон Эксперт,malation,Малатион,440.0,г/л
051-01-653-1,Фьюри,zeta-tsipermetrin,Зета-циперметрин,100.0,г/л
971-01-9834-0,Фэнс,lyambda-tsigalotrin,Лямбда-цигалотрин,100.0,г/л
971-01-4952-0,ФэнсДи,klotianidin,Клотианидин,140.0,г/л
971-01-4952-0,ФэнсДи,lyambda-tsigalotrin,Лямбда-цигалотрин,100.0,г/л
041-03-1853-1,Фюзилад Супер,fluazifop-p-butil,Флуазифоп-П-бутил,125.0,г/л
041-03-4548-1,Фюзилад Форте,fluazifop-p-butil,Флуазифоп-П-бутил,150.0,г/л
639-07-2810-1,Х-Панд,gibberellinovaya-kislota-a3,Гиббереллиновая кислота а3,135.0,г/л
639-07-3213-1,Х-Сайт,6-furfurilaminopurin,6-фурфуриламинопурин,0.4,г/л
018-07-5000-1,ХЭФК,etefon,Этефон,480.0,г/л
097-01(02)-3884-1,Хайджек,azoksistrobin,Азоксистробин,60.0,г/л
097-01(02)-3884-1,Хайджек,protiokonazol,Протиоконазол,60.0,г/л
097-01(02)-3884-1,Хайджек,tiametoksam,Тиаметоксам,375.0,г/л
178-02-3197-1,Хайп,prohloraz,Прохлораз,60.0,г/л
178-02-3197-1,Хайп,tritikonazol,Тритиконазол,20.0,г/л
699-03-4771-0,Хайфоп,galoksifop-p-metil,Галоксифоп-п-метил,540.0,г/л
021-03-4292-1,Хакер,klopiralid,Клопиралид,750.0,г/кг
021-03-3602-1,Хакер 300,klopiralid,Клопиралид,300.0,г/л
178-03-4657-0,Халк,flumioksazin,Флумиоксазин,350.0,г/л
866-02-9901-0,Халстеди,mefenoksam,Мефеноксам,350.0,г/л
184(026)-03-4156-1,Хантер,hizalofop-p-etil,Хизалофоп-п-этил,51.6,г/л
825-07-3752-1,Харвест Смарт,1-metiltsiklopropen,1-метилциклопропен,33.0,г/кг
374-07-1131-1,Харвест-Макс,hlorprofam,Хлорпрофам,624.0,г/л
374-07-9944-1,Харвест-Макс,hlorprofam,Хлорпрофам,624.0,г/л
018-01-1962-1,Харита,tiametoksam,Тиаметоксам,600.0,г/л
489-03-1903-1,Хармони Про,tifensulfuron-metil,Тифенсульфурон-метил,750.0,г/кг
085-03-4139-1,Хатор,klopiralid,Клопиралид,300.0,г/л
002-02-4406-1,Хауберк,piraklostrobina,Пираклостробина,120.0,г/л
002-02-4406-1,Хауберк,propikonazola,Пропиконазола,180.0,г/л
002-03-4078-1,Хевимет,s-metolahlor,С-метолахлор,960.0,г/л
097-03-1463-1,Хевимет Голд,s-metolahlor,С-метолахлор,312.5,г/л
097-03-1463-1,Хевимет Голд,terbutilazin,Тербутилазин,187.5,г/л
160-01-743-1,Хеликовекс,virus-yadernogo-poliedroza-hlopkovoy-sovki,Вирус ядерного полиэдроза хлопковой совки,7500000000000.0,полиэдров/л
866-01-9995-0,ХеликорГолд,alfa-tsipermetrin-2,Альфа-циперметрин,100.0,г/л
866-01-9995-0,ХеликорГолд,hlorantraniliprol,Хлорантранилипрол,100.0,г/л
021-01(02)-2728-1,Хет-Трик,difenokonazol,Дифеноконазол,67.0,г/л
021-01(02)-2728-1,Хет-Трик,imidakloprid,Имидаклоприд,333.0,г/л
021-01(02)-2728-1,Хет-Трик,tebukonazol,Тебуконазол,17.0,г/л
018-03-4600-1,Хилер,kvizalofop-p-tefuril,Квизалофоп-п-тефурил,40.0,г/л
063-02-3101-1,ХимАгроМаркетинг Тиабен Т,tiabendazol,Тиабендазол,80.0,г/л
063-02-3101-1,ХимАгроМаркетинг Тиабен Т,tritikonazol,Тритиконазол,80.0,г/л
590(297)-03-2507-1,Химера,hizalofop-p-etil,Хизалофоп-п-этил,125.0,г/л
886-03-4235-1,Химстар,tribenuron-metil,Трибенурон-метил,750.0,г/кг
262-02-1385-1,Хинуфур,karbofuran,Карбофуран,436.0,г/л
178-03-2340-1,Хит,metsulfuron-metil,Метсульфурон-метил,600.0,г/кг
177-08-3526-1,Хищник,metaldegid,Метальдегид,30.0,г/кг
126-02-628-1,Хлорошанс,medi-oksihlorid,Меди оксихлорид,670.0,г/кг
126-02-628-1,Хлорошанс,oksadiksil,Оксадиксил,130.0,г/кг
023(197)-01-3114-1,Хлорпирифос,hlorpirifos,Хлорпирифос,480.0,г/л
197-07-4799-1,Хлорпрофам,hlorprofam,Хлорпрофам,500.0,г/л
197-01-4601-1,Хлыст,fipronil,Фипронил,800.0,г/л
046-02-2380-1,Хом,medi-hlorokis,Меди хлорокись,861.0,г/кг
046-02-5033-1,Хом,medi-hlorokis,Меди хлорокись,861.0,г/кг
126-02-3273-1,Хорист,tsiprodinil,Ципродинил,750.0,г/кг
178-03-2910-1,Хорс Д,dikamba,Дикамба,200.0,г/л
178-03-2910-1,Хорс Д,nikosulfuron,Никосульфурон,50.0,г/л
126-02-9900-1,Хорт,pirimetanil,Пириметанил,375.0,г/л
126-02-9900-1,Хорт,fluopiram,Флуопирам,125.0,г/л
008-02-3302-1,Хортон,tsiprodinil,Ципродинил,250.0,г/л
041-02-4412-0,Хорус,tsiprodinil,Ципродинил,750.0,г/кг
164-02-454-1,Хранитель,difenokonazol,Дифеноконазол,250.0,г/л
010-02-4400-1,Хронос,tsiazofamid,Циазофамид,160.0,г/л
070-03-3840-1,Царумин,mtspa,МЦПА,500.0,г/л
286-07-2092-1,Цаца,benziladenina,Бензиладенина,10.0,г/л
012-07-759-1,Цветень,gibberellinovyh-kislot-natrievye-soli,Гиббереллиновых кислот натриевые соли,0.9,г/кг
012-07-9886-1,Цветень,natrievaya-sol-gibberellinovaya-kislota,Натриевая соль гиббереллиновая кислота,0.9,г/кг
021-01-2420-1,Цветолюкс Бау,imidakloprid,Имидаклоприд,0.1,г/л
014-07-2535-1,ЦеЦеЦе 750,hlormekvathlorid,Хлормекватхлорид,750.0,г/л
097-07-567-1,Цегран,hlormekvathlorid,Хлормекватхлорид,750.0,г/л
002-07-10055-1,Цегран,hlormekvathlorid,Хлормекватхлорид,750.0,г/л
023(197)-01-2223-1,Цезарь,alfa-tsipermetrin,Альфа-ципермeтрин,100.0,г/л
175-02-1534-1,Целитель,famoksadon,Фамоксадон,250.0,г/кг
175-02-1534-1,Целитель,tsimoksanil,Цимоксанил,250.0,г/кг
018-03-4404-1,Цензор,kletodim,Клетодим,240.0,г/л
018-03-3147-1,Цензор Макс,kletodim,Клетодим,120.0,г/л
178-07-4502-1,Центрино,hlormekvathlorid,Хлормекватхлорид,750.0,г/л
201-03-1056-1,Центурион,kletodim,Клетодим,240.0,г/л
201-03-2375-1,Центурион Нео,kletodim,Клетодим,240.0,г/л
201-03-2043-1,Центурион Профи,kletodim,Клетодим,360.0,г/л
178-01-2217-1,Цепеллин,alfa-tsipermetrin,Альфа-ципермeтрин,100.0,г/л
178-01-2754-1,Цепеллин Эдванс,lyambda-tsigalotrin,Лямбда-цигалотрин,50.0,г/л
014-02-2100-1,Цериакс Плюс,piraklostrobin,Пираклостробин,66.6,г/л
014-02-2100-1,Цериакс Плюс,fluksapiroksad,Флуксапироксад,41.6,г/л
014-02-2100-1,Цериакс Плюс,epoksikonazol,Эпоксиконазол,41.6,г/л
097-01-2546-1,Ци-Альфа,alfa-tsipermetrin,Альфа-ципермeтрин,100.0,г/л
041-02-1969-1,Цидели Топ,difenokonazol,Дифеноконазол,125.0,г/л
041-02-1969-1,Цидели Топ,tsiflufenamid,Цифлуфенамид,15.0,г/л
097-01-1643-1,Циклон,hlorpirifos,Хлорпирифос,500.0,г/л
097-01-1643-1,Циклон,tsipermetrin,Циперметрин,50.0,г/л
010-02-3371-1,Цимус Прогресс,propikonazol,Пропиконазол,250.0,г/л
010-02-3371-1,Цимус Прогресс,tsiprokonazol,Ципроконазол,80.0,г/л
050-01-4331-1,Циперус,tsipermetrin,Циперметрин,250.0,г/л
184(026)-01-3570-1,Ципи,tsipermetrin,Циперметрин,250.0,г/л
184(040)-01-1482-1,Ципи Плюс,hlorpirifos,Хлорпирифос,480.0,г/л
184(040)-01-1482-1,Ципи Плюс,tsipermetrin,Циперметрин,50.0,г/л
041-02-4478-0,Ципресс,difenokonazol,Дифеноконазол,250.0,г/л
041-02-4478-0,Ципресс,tsiprokonazol,Ципроконазол,150.0,г/л
148-01-853-1,Циракс,tsipermetrin,Циперметрин,250.0,г/л
233-07-1775-1,Циркон,gidroksikorichnaya-kislota,Гидроксикоричная кислота,0.1,г/л
009-03-2763-1,Цитадель 25,penoksulam,Пеноксулам,25.0,г/л
389-03-9893-0,Цитата,penoksulam,Пеноксулам,25.0,г/л
429-07-3433-1,Цитодеф-100,n-n-fenilmocheviny,N--n′-фенилмочевины,100.0,г/кг
046-01-1378-1,Цитокс,tsipermetrin,Циперметрин,250.0,г/л
046-01-5036-1,Цитокс,tsipermetrin,Циперметрин,250.0,г/л
184(026)-02-2444-1,Цихом,medi-hlorokis,Меди хлорокись,370.0,г/кг
184(026)-02-2444-1,Цихом,tsineb,Цинеб,150.0,г/кг
082-03-1308-1,Цицерон,rimsulfuron,Римсульфурон,250.0,г/кг
064-03-4697-1,Цукрон+,klopiralid,Клопиралид,300.0,г/л
064-03-461-1,Цукрон+,klopiralid,Клопиралид,300.0,г/л
"043(042,424)-01-2253-1",Цунами,alfa-tsipermetrin,Альфа-ципермeтрин,100.0,г/л
082-03-4337-1,Челленджер,imazamoks,Имазамокс,33.0,г/л
082-03-4337-1,Челленджер,imazapir,Имазапир,15.0,г/л
024-02-2838-1,Чемп ДП,medi-gidroksid,Меди гидроксид,576.0,г/кг
068(116)-03-726-1,Чисталан,2-4-d,"2,4-Д",376.0,г/л
116-03-9691-0,Чисталан,2-4-d,"2,4-Д",376.0,г/л
068(116)-03-726-1,Чисталан,dikamba,Дикамба,54.0,г/л
116-03-9691-0,Чисталан,dikamba,Дикамба,54.0,г/л
068(116)-03-706-1,Чисталан экстра,2-4-d,"2,4-Д",420.0,г/л
116-03-9692-0,Чисталан экстра,2-4-d,"2,4-Д",420.0,г/л
068(116)-03-706-1,Чисталан экстра,dikamba,Дикамба,60.0,г/л
116-03-9692-0,Чисталан экстра,dikamba,Дикамба,60.0,г/л
068(116)-03-692-1,Чисталан-супер,2-4-d,"2,4-Д",500.0,г/л
068(116)-03-692-1,Чисталан-супер,dikamba,Дикамба,100.0,г/л
126-02-3797-1,Чистосад,medi-sulfat,Меди сульфат,345.0,г/л
164-02-453-1,Чистофлор,propikonazol,Пропиконазол,250.0,г/л
021-02-3506-1,Чистоцвет,difenokonazol,Дифеноконазол,250.0,г/л
021-02-4326-1,Чистоцвет БАУ,propikonazol,Пропиконазол,0.7,г/л
941-03-9619-0,Чёрнополе,glifosat,Глифосат,687.0,г/кг
010-03-4857-1,Чёткий,klokvintoset-meksil,Клоквинтосет-мексил,11.5,г/л
010-03-4857-1,Чёткий,pinoksaden,Пиноксаден,45.0,г/л
010-03-4857-1,Чёткий,florasulam,Флорасулам,5.1,г/л
085-01-4136-0,Шаман,hlorpirifos,Хлорпирифос,500.0,г/л
085-01-4136-0,Шаман,tsipermetrin,Циперметрин,50.0,г/л
126-03-3534-1,Шанс 24,2-4-d,"2,4-Д",564.0,г/л
126-03-2890-1,Шанс Голд,mezotrion,Мезотрион,480.0,г/л
126-03-4015-1,Шанс ДКБ,dikamba,Дикамба,480.0,г/л
126-01-2937-1,Шанс Профи,fipronil,Фипронил,800.0,г/кг
126-03-9712-0,Шансгард,prometrin,Прометрин,500.0,г/л
126-03-587-1,Шансгард,prometrin,Прометрин,500.0,г/л
126-02-4014-1,Шансил,tebukonazol,Тебуконазол,250.0,г/л
126-02-4003-1,Шансил Трио,imazalil,Имазалил,40.0,г/л
126-02-4003-1,Шансил Трио,tebukonazol,Тебуконазол,60.0,г/л
126-02-4003-1,Шансил Трио,tiabendazol,Тиабендазол,60.0,г/л
126-02-4536-1,Шансил Ультра,tebukonazol,Тебуконазол,120.0,г/л
126-01-2612-1,Шансилин,diflubenzuron,Дифлубензурон,800.0,г/кг
126-01-2936-1,Шанситек,abamektin,Абамектин,18.0,г/л
126-01-9728-0,Шанситек Дуо,abamektin,Абамектин,41.5,г/л
126-01-9728-0,Шанситек Дуо,bifentrin,Бифентрин,63.0,г/л
126-01-1954-1,Шансометокс Трио,difenokonazol,Дифеноконазол,25.0,г/л
126-02(01)-9881-1,Шансометокс Трио,difenokonazol,Дифеноконазол,25.0,г/л
126-02-1943-1,Шансометокс Трио,difenokonazol,Дифеноконазол,25.0,г/л
126-01-1954-1,Шансометокс Трио,tiametoksam,Тиаметоксам,262.5,г/л
126-02(01)-9881-1,Шансометокс Трио,tiametoksam,Тиаметоксам,262.5,г/л
126-02-1943-1,Шансометокс Трио,tiametoksam,Тиаметоксам,262.5,г/л
126-01-1954-1,Шансометокс Трио,fludioksonil,Флудиоксонил,25.0,г/л
126-02(01)-9881-1,Шансометокс Трио,fludioksonil,Флудиоксонил,25.0,г/л
126-02-1943-1,Шансометокс Трио,fludioksonil,Флудиоксонил,25.0,г/л
126-03-586-1,Шансомитрон,metamitron,Метамитрон,700.0,г/л
126-03-9618-0,Шансомитрон,metamitron,Метамитрон,700.0,г/л
126-03-4013-1,Шанстар,tribenuron-metil,Трибенурон-метил,750.0,г/кг
126-03-1975-1,Шанстар Плюс,tribenuron-metil,Трибенурон-метил,500.0,г/кг
126-03-1975-1,Шанстар Плюс,florasulam,Флорасулам,104.0,г/кг
126-03-9664-0,Шанстар Трио,tifensulfuron-metil,Тифенсульфурон-метил,388.0,г/кг
126-03-9664-0,Шанстар Трио,tribenuron-metil,Трибенурон-метил,313.0,г/кг
126-03-9664-0,Шанстар Трио,florasulam,Флорасулам,117.0,г/кг
126-03-599-1,Шансти,tifensulfuron-metil,Тифенсульфурон-метил,750.0,г/кг
126-03-9621-1,Шансти,tifensulfuron-metil,Тифенсульфурон-метил,750.0,г/кг
126-03-4012-1,Шанстрел 300,klopiralid,Клопиралид,300.0,г/л
126-03-4069-1,Шансюген,klokvintoset-meksil,Клоквинтосет-мексил,34.5,г/л
126-03-4069-1,Шансюген,fenoksaprop-p-etil,Феноксапроп-п-этил,69.0,г/л
126-03-4047-1,Шантус,rimsulfuron,Римсульфурон,250.0,г/кг
021-01-2589-1,Шарпей,tsipermetrin,Циперметрин,250.0,г/л
869-01-4659-0,Шензи,hlorantraniliprol,Хлорантранилипрол,400.0,г/л
313-23-3639-1,Шин-Етсу МД ВП ТТ,z-8-dodetsenil-atsetat,Z-8-додеценил ацетат,423.0,мг/диспенсер
313-23-3639-1,Шин-Етсу МД ВП ТТ,z-8-dodetsenol,Z-8-додеценол,5.0,мг/диспенсер
313-23-3639-1,Шин-Етсу МД ВП ТТ,e-8-dodetsenil-atsetat,Е-8-додеценил ацетат,27.0,мг/диспенсер
313-23-3610-1,Шин-Етсу МД Дуо ТТ,1-dodekanol,1-додеканол,39.0,мг/диспенсер
313-23-3610-1,Шин-Етсу МД Дуо ТТ,1-tetradekanol,1-тетрадеканол,7.0,мг/диспенсер
313-23-3610-1,Шин-Етсу МД Дуо ТТ,z-8-dodetsenil-atsetat,Z-8-додеценил ацетат,1.0,мг/диспенсер
313-23-3610-1,Шин-Етсу МД Дуо ТТ,z-8-dodetsenol,Z-8-додеценол,1.0,мг/диспенсер
313-23-3610-1,Шин-Етсу МД Дуо ТТ,e-e-8-10-dodekadien-1-ol,"Е,е-8,10-додекадиен-1-ол",240.0,мг/диспенсер
313-23-3610-1,Шин-Етсу МД Дуо ТТ,e-8-dodetsenil-atsetat,Е-8-додеценил ацетат,5.0,мг/диспенсер
313-23-1767-1,Шин-Етсу МД Л,7-9-dodekadien-1-il-atsetat,"7,9-додекадиен-1-ил-ацетат",172.0,мг/диспенсер
313-23-741-1,Шин-Етсу МД СТТ,1-dodekanol,1-додеканол,12000.0,кг/диспенсер
313-23-741-1,Шин-Етсу МД СТТ,1-tetradekanol,1-тетрадеканол,2.76e-05,кг/диспенсер
313-23-741-1,Шин-Етсу МД СТТ,e-e-8-10-dodekadien-1-ol,"Е,е-8,10-додекадиен-1-ол",22000.0,кг/диспенсер
313-23-3872-1,Шин-Етсу ТА,3-8-11-tetradekatrien-1-il-atsetata,"3,8,11-тетрадекатриен-1-ил-ацетата",59.0,мг/диспенсер
313-23-3872-1,Шин-Етсу ТА,6-mg-dispenser-3-8-tetradekadien-1-il-atsetata,"6 мг/диспенсер -3,8-тетрадекадиен –1- ил-ацетата",59.0,мг/диспенсер
041-02-1705-1,Ширлан,fluazinam,Флуазинам,500.0,г/л
018-02-1433-1,Ширма,fluazinam,Флуазинам,500.0,г/л
018-03-2428-1,Шквал,imazapir,Имазапир,250.0,г/л
006-03-709-1,Шкипер,klopiralid,Клопиралид,267.0,г/л
010-03-9611-0,Шкипер,klopiralid,Клопиралид,267.0,г/л
006-03-709-1,Шкипер,pikloram,Пиклорам,67.0,г/л
010-03-9611-0,Шкипер,pikloram,Пиклорам,67.0,г/л
156-03-2823-1,Шогун,propakvizafop,Пропаквизафоп,100.0,г/л
197-02-3831-1,Шпага,tsiazofamid,Циазофамид,160.0,г/л
197-02-9879-0,Шрапнель,ditianon,Дитианон,700.0,г/кг
021-02-4134-1,Шриланк,difenokonazol,Дифеноконазол,150.0,г/л
021-02-4134-1,Шриланк,maslo-chaynogo-dereva,Масло чайного дерева,400.0,г/л
156-03-3346-1,Эвентус,bentazon,Бентазон,480.0,г/л
156-03-3346-1,Эвентус,klomazon,Кломазон,50.0,г/л
201-03-4444-1,Эверест,flukarbazon-natriya,Флукарбазон натрия,700.0,г/кг
201-02-2475-1,Эвито Т,tebukonazol,Тебуконазол,250.0,г/л
201-02-4312-1,Эвито Т,tebukonazol,Тебуконазол,250.0,г/л
201-02-2475-1,Эвито Т,fluoksastrobin,Флуоксастробин,180.0,г/л
201-02-4312-1,Эвито Т,fluoksastrobin,Флуоксастробин,180.0,г/л
021-02-4541-1,Эвклид,azoksistrobin,Азоксистробин,250.0,г/л
021-02-4541-1,Эвклид,boskalid,Боскалид,150.0,г/л
192-03-5047-1,Эвокат,kvizalofop-p-tefuril,Квизалофоп-п-тефурил,50.0,г/л
201-03-1663-1,Эволюшн,kletodim,Клетодим,140.0,г/л
201-03-1663-1,Эволюшн,hizalofop-p-etil,Хизалофоп-п-этил,70.0,г/л
021-03-1811-1,Эгида,mezotrion,Мезотрион,480.0,г/л
018-02-3811-1,Эйс,piraklostrobin,Пираклостробин,80.0,г/л
018-02-3811-1,Эйс,protiokonazol,Протиоконазол,40.0,г/л
018-02-3811-1,Эйс,tebukonazol,Тебуконазол,160.0,г/л
192-02-10021-0,Эквинокс,boskalid,Боскалид,250.0,г/л
192-02-10021-0,Эквинокс,difenokonazol,Дифеноконазол,150.0,г/л
197-04-10100-0,Эквит,dikvata-dibromida,Диквата дибромида,150.0,г/л
869-02-4722-1,Эклипс,ipkonazol,Ипконазол,10.0,г/л
869-02-4722-1,Эклипс,tiram,Тирам,225.0,г/л
253-07-721-1,ЭкоЛарикс,digidrokvertsetin,Дигидрокверцетин,250.0,г/кг
074-07-3127-1,Экогель экстра,lipo-hitooligosaharidy,Липо-хитоолигосахариды,30.0,г/л
941-02-9688-1,Экономикс Колор 120,tebukonazol,Тебуконазол,120.0,г/л
012-07-2246-1,Экопин,kaliy-azotnokislyy,Калий азотнокислый,91.2,г/кг
012-07-2246-1,Экопин,kaliy-fosfornokislyy,Калий фосфорнокислый,91.1,г/кг
012-07-2246-1,Экопин,karbamid,Карбамид,181.5,г/кг
012-07-2246-1,Экопин,magniy-sernokislyy,Магний сернокислый,29.8,г/кг
012-07-2246-1,Экопин,poli-beta-gidroksimaslyanaya-kislota,Поли-бета-гидроксимасляная кислота,6.2,г/кг
661-02-2958-1,Экселент,pikoksistrobin,Пикоксистробин,250.0,г/л
085-03-3499-1,Эксифир,2-4-d,"2,4-Д",564.0,г/л
192-03-2173-1,Эксперт 22,desmedifam,Десмедифам,160.0,г/л
192-03-2173-1,Эксперт 22,fenmedifam,Фенмедифам,160.0,г/л
192-03-4839-1,Эксперт Квадро ОФ,desmedifam,Десмедифам,70.0,г/л
192-03-600-1,Эксперт Квадро ОФ,desmedifam,Десмедифам,70.0,г/л
192-03-4839-1,Эксперт Квадро ОФ,lenatsil,Ленацил,40.0,г/л
192-03-600-1,Эксперт Квадро ОФ,lenatsil,Ленацил,40.0,г/л
192-03-4839-1,Эксперт Квадро ОФ,fenmedifam,Фенмедифам,90.0,г/л
192-03-600-1,Эксперт Квадро ОФ,fenmedifam,Фенмедифам,90.0,г/л
192-03-4839-1,Эксперт Квадро ОФ,etofumezat,Этофумезат,110.0,г/л
192-03-600-1,Эксперт Квадро ОФ,etofumezat,Этофумезат,110.0,г/л
192-03-603-1,Эксперт Некст,desmedifam,Десмедифам,160.0,г/л
192-03-603-1,Эксперт Некст,fenmedifam,Фенмедифам,160.0,г/л
192-03-2174-1,Эксперт Трио ОФ,desmedifam,Десмедифам,71.0,г/л
192-03-2174-1,Эксперт Трио ОФ,fenmedifam,Фенмедифам,91.0,г/л
192-03-2174-1,Эксперт Трио ОФ,etofumezat,Этофумезат,112.0,г/л
489-03-1965-1,Экспресс,tribenuron-metil,Трибенурон-метил,750.0,г/кг
489-03-2030-1,Экспресс Голд,tifensulfuron-metil,Тифенсульфурон-метил,187.5,г/кг
489-03-2030-1,Экспресс Голд,tribenuron-metil,Трибенурон-метил,562.5,г/кг
253-07-2158-1,ЭкстраКор,digidrokvertsetin,Дигидрокверцетин,160.0,г/кг
253-07-2158-1,ЭкстраКор,paraoksibenzoynye-kisloty,Параоксибензойные кислоты,140.0,г/кг
253-07-2158-1,ЭкстраКор,proantotsianidiny,Проантоцианидины,650.0,г/кг
590-03-4193-1,Экстракорн,s-metolahlor,С-метолахлор,312.5,г/л
590-03-4193-1,Экстракорн,terbutilazin,Тербутилазин,187.5,г/л
043(042)-03-3069-1,Элант,2-4-d,"2,4-Д",564.0,г/л
042(847)-03-3887-1,Элант Экстра,2-4-d,"2,4-Д",410.0,г/л
042(847)-03-3887-1,Элант Экстра,florasulam,Флорасулам,7.4,г/л
043(042)-03-2266-1,Элант-Премиум,2-4-d,"2,4-Д",420.0,г/л
043(042)-03-2266-1,Элант-Премиум,dikamba,Дикамба,60.0,г/л
041-02-3688-1,Элатус Плюс,benzovindiflupir,Бензовиндифлупир,100.0,г/л
041-02-2075-1,Элатус Риа,benzovindiflupir,Бензовиндифлупир,83.33,г/л
041-02-2075-1,Элатус Риа,propikonazol,Пропиконазол,208.33,г/л
041-02-2075-1,Элатус Риа,tsiprokonazol,Ципроконазол,66.67,г/л
041-02-3445-1,Элатус Эйс,benzovindiflupir,Бензовиндифлупир,40.0,г/л
041-02-3445-1,Элатус Эйс,propikonazol,Пропиконазол,250.0,г/л
561-02-3651-1,Электис Д,dimetomorf,Диметоморф,180.0,г/л
561-02-3651-1,Электис Д,zoksamid,Зоксамид,180.0,г/л
010(038)-03-3597-1,Элефант,kletodim,Клетодим,240.0,г/л
010-03-4749-1,Элефант Экстра,kletodim,Клетодим,360.0,г/л
126-03-3393-1,Эллада,metsulfuron-metil,Метсульфурон-метил,391.0,г/кг
126-03-3393-1,Эллада,tribenuron-metil,Трибенурон-метил,261.0,г/кг
489-03-2032-1,Эллай Лайт,metsulfuron-metil,Метсульфурон-метил,391.0,г/кг
489-03-2032-1,Эллай Лайт,tribenuron-metil,Трибенурон-метил,261.0,г/кг
041-03-3358-1,Элюмис,mezotrion,Мезотрион,75.0,г/л
041-03-3358-1,Элюмис,nikosulfuron,Никосульфурон,30.0,г/л
389-01-3497-1,Эмаклейм,emamektin-benzoat,Эмамектин бензоат,50.0,г/кг
197-01-4586-0,Эмамектин,emamektin-benzoat,Эмамектин бензоат,100.0,г/л
197-01-9635-0,Эмаферон,lyufenuron,Люфенурон,400.0,г/кг
197-01-9635-0,Эмаферон,emamektin-benzoat,Эмамектин бензоат,50.0,г/кг
021-03-4853-0,Эмбоди Сенс,g-kg-nikosulfuron,Г/кг никосульфурон,260.0,г/кг
021-03-4853-0,Эмбоди Сенс,g-kg-rimsulfuron,Г/кг римсульфурон,150.0,г/кг
021-03-4853-0,Эмбоди Сенс,g-kg-tribenuron-metil,Г/кг трибенурон-метил,235.0,г/кг
021-03-4853-0,Эмбоди Сенс,g-kg-florasulama,Г/кг флорасулама,30.0,г/кг
021-03-10046-0,Эмбоди Сенс,nikosulfuron,Никосульфурон,260.0,г/кг
021-03-10046-0,Эмбоди Сенс,rimsulfuron,Римсульфурон,150.0,г/кг
021-03-10046-0,Эмбоди Сенс,tribenuron-metil,Трибенурон-метил,235.0,г/кг
021-03-10046-0,Эмбоди Сенс,florasulam,Флорасулам,30.0,г/кг
041-02-1447-1,Эмбрелия,difenokonazol,Дифеноконазол,40.0,г/л
041-02-1447-1,Эмбрелия,izopirazam,Изопиразам,100.0,г/л
156-02-2301-1,Эмбрелия Экстра,difenokonazol,Дифеноконазол,40.0,г/л
156-02-2301-1,Эмбрелия Экстра,izopirazam,Изопиразам,100.0,г/л
019-01(02)-4978-1,Эместо Квантум,klotianidin,Клотианидин,207.0,г/л
019-01(02)-670-1,Эместо Квантум,klotianidin,Клотианидин,207.0,г/л
019-01(02)-4978-1,Эместо Квантум,penflufen,Пенфлуфен,66.5,г/л
019-01(02)-670-1,Эместо Квантум,penflufen,Пенфлуфен,66.5,г/л
019-02-2024-1,Эместо Сильвер,penflufen,Пенфлуфен,100.0,г/л
019-02-2024-1,Эместо Сильвер,protiokonazala,Протиоконазала,18.0,г/л
140-02-2389-1,Эминент,tetrakonazol,Тетраконазол,125.0,г/л
392-07-1237-1,Эмистим,acremonium-lichenicola,Acremonium lichenicola,0.01,г/л
178-07-4523-1,Эммер,trineksapak-etil,Тринексапак-этил,50.0,г/л
178-07-4523-1,Эммер,hlormekvathlorid,Хлормекватхлорид,375.0,г/л
050-03-4561-1,Эндимион,2-4-d,"2,4-Д",564.0,г/л
124-07-1881-1,"Энергия-М, КРП",1-hlormetilsilatran,1-хлорметилсилатран,95.0,г/кг
124-07-1881-1,"Энергия-М, КРП",ortokrezoksiuksusnoy-kisloty-trietanolammonievaya-sol,Ортокрезоксиуксусной кислоты триэтаноламмониевая соль,855.0,г/кг
021-01-4251-0,Энлиль,diazinon,Диазинон,600.0,г/л
681-07-3085-1,Эпивио Вигор,28-gomobrassinolid,28-гомобрассинолид,0.025,г/л
681-07-3085-1,Эпивио Вигор,brassinon,Брассинон,0.02,г/л
681-07-3085-1,Эпивио Вигор,doliholid,Долихолид,0.02,г/л
233-07-1771-1,Эпин-Экстра,24-epibrassinolid,24-эпибрассинолид,0.025,г/л
778-07-3946-1,ЭплЛин,6-benzilaminopurin,6-бензиламинопурин,180.0,г/кг
778-07-3946-1,ЭплЛин,f7,F7,180.0,г/кг
778-07-3946-1,ЭплЛин,gibberellinovaya-kislota-a4,Гиббереллиновая кислота а4,180.0,г/кг
082-02-4073-1,Эпоксин,azoksistrobin,Азоксистробин,200.0,г/л
082-02-4073-1,Эпоксин,epoksikonazol,Эпоксиконазол,100.0,г/л
590(297)-02-3605-1,Эпсилон,difenokonazol,Дифеноконазол,250.0,г/л
018-07-3793-1,Эрайз,28-gomobrassinolid,28-гомобрассинолид,0.032,г/л
018-07-3793-1,Эрайз,4-maslyanaya-kislota,4 масляная кислота,0.12,г/л
018-07-3793-1,Эрайз,gibberellinovaya-kislota-a3,Гиббереллиновая кислота а3,0.01,г/л
528-01-3703-1,Эрколе,lyambda-tsigalotrin,Лямбда-цигалотрин,4.0,г/кг
002-03-10032-0,Эрмий,metsulfuron-metil,Метсульфурон-метил,24.0,г/л
002-03-10032-0,Эрмий,tifensulfuron-metil,Тифенсульфурон-метил,100.0,г/л
002-03-10032-0,Эрмий,florasulam,Флорасулам,40.0,г/л
156-03-4532-0,Эрроу,kletodim,Клетодим,120.0,г/л
021-03-3820-1,Эскудо,rimsulfuron,Римсульфурон,500.0,г/кг
018-01-9697-0,Эсперо,alfa-tsipermetrin,Альфа-ципермeтрин,120.0,г/л
018-01-864-1,Эсперо,alfa-tsipermetrin-2,Альфа-циперметрин,120.0,г/л
018-01-9697-0,Эсперо,imidakloprid,Имидаклоприд,200.0,г/л
018-01-864-1,Эсперо,imidakloprid,Имидаклоприд,200.0,г/л
018-01-3296-1,Эсперо Евро,alfa-tsipermetrin-2,Альфа-циперметрин,60.0,г/л
018-01-3296-1,Эсперо Евро,atsetamiprid,Ацетамиприд,100.0,г/л
018-03-2180-1,Эстамп,pendimetalin,Пендиметалин,330.0,г/л
024-03-2488-1,Эстет,2-4-d,"2,4-Д",600.0,г/л
021-03-2543-1,"Эсток, ВДГ",etametsulfuron-metil,Этаметсульфурон-метил,750.0,г/кг
778-07-3446-1,Эсфон,2-hloretilfosfonovaya-kislota,2-хлорэтилфосфоновая кислота,650.0,г/л
002-03-1681-1,Этамастер,etametsulfuron-metil,Этаметсульфурон-метил,750.0,г/кг
002-03-1259-1,Этамастер Супер,pikloram,Пиклорам,450.0,г/кг
002-03-1259-1,Этамастер Супер,etametsulfuron-metil,Этаметсульфурон-метил,150.0,г/кг
197-03-1680-1,Этамет,etametsulfuron-metil,Этаметсульфурон-метил,750.0,г/кг
178-02-666-1,Этамон,ammoniy-dimetilfosfornokislyy-dimetildi,Аммоний диметилфосфорнокислый диметилди,500.0,г/л
427-07-2227-1,Этамон Био,ammoniy-dimetilfosfornokislyy-dimetildi,Аммоний диметилфосфорнокислый диметилди,10.0,г/кг
803-03-3606-1,ЭтилФло,2-4-d,"2,4-Д",300.0,г/л
803-03-3606-1,ЭтилФло,florasulam,Флорасулам,6.25,г/л
021-03-4631-1,Эурон,sulfometuron-metil,Сульфометурон-метил,750.0,г/кг
063-02-2164-1,Эфатол,alyuminiya-fosetil,Алюминия фосэтил,800.0,г/кг
042-03-552-1,Эфес,kletodim,Клетодим,240.0,г/л
197(116)-03-4439-1,Эфилон,klopiralid,Клопиралид,450.0,г/л
130-03-2991-1,Эфирам,2-4-d,"2,4-Д",550.0,г/л
041-01-2607-1,Эфория,lyambda-tsigalotrin,Лямбда-цигалотрин,106.0,г/л
041-01-2607-1,Эфория,tiametoksam,Тиаметоксам,141.0,г/л
041-01-3488-1,Эфория Топ,lyufenuron,Люфенурон,75.0,г/л
041-01-3488-1,Эфория Топ,lyambda-tsigalotrin,Лямбда-цигалотрин,100.0,г/л
041-01-3488-1,Эфория Топ,tiametoksam,Тиаметоксам,150.0,г/л
277-01-2727-1,Эфробел,lyambda-tsigalotrin,Лямбда-цигалотрин,106.0,г/л
277-01-2727-1,Эфробел,tiametoksam,Тиаметоксам,141.0,г/л
046-03-4668-0,Эффект,2-4-d,"2,4-Д",550.0,г/л
046-03-5064-0,Эффект,2-4-d,"2,4-Д",550.0,г/л
070-03-3794-1,Юзмар,imazamoks,Имазамокс,40.0,г/л
148-03-1602-1,Юнимарк,metribuzin,Метрибузин,700.0,г/кг
041-02-4800-1,Юниформ,azoksistrobin,Азоксистробин,322.0,г/л
041-02-499-1,Юниформ,azoksistrobin,Азоксистробин,322.0,г/л
041-02-4800-1,Юниформ,mefenoksam,Мефеноксам,124.0,г/л
041-02-499-1,Юниформ,mefenoksam,Мефеноксам,124.0,г/л
085-03-4491-1,Юнкер,imazamoks,Имазамокс,40.0,г/л
018-01-2946-1,Юнона,emamektin-benzoat,Эмамектин бензоат,50.0,г/л
021-07-1823-1,Янтарин,yantarnaya-kislota,Янтарная кислота,5.0,г/л
021-07-9747-1,Янтарин,yantarnaya-kislota,Янтарная кислота,5.0,г/л
021-07-3869-1,Янтарин БАУ,yantarnaya-kislota,Янтарная кислота,0.05,г/л
033-07-2821-1,Янтарная кислота,yantarnaya-kislota,Янтарная кислота,50.0,г/кг
398-03-1261-1,Янтарь,nikosulfuron,Никосульфурон,40.0,г/л
